{
    "plddts": {
        "model_1_pred_0": 93.33026239742223,
        "model_2_pred_0": 93.31399093845613,
        "model_3_pred_0": 93.76822493271357,
        "model_4_pred_0": 93.92756216867842,
        "model_5_pred_0": 93.15766560337748
    },
    "order": [
        "model_4_pred_0",
        "model_3_pred_0",
        "model_1_pred_0",
        "model_2_pred_0",
        "model_5_pred_0"
    ]
}