{
    "features": 3713.3619594573975,
    "process_features_model_1_pred_0": 11.132946252822876,
    "predict_and_compile_model_1_pred_0": 348.20938515663147,
    "process_features_model_2_pred_0": 14.632765293121338,
    "predict_and_compile_model_2_pred_0": 321.5660810470581,
    "process_features_model_3_pred_0": 11.149001598358154,
    "predict_and_compile_model_3_pred_0": 296.2247109413147,
    "process_features_model_4_pred_0": 11.027422428131104,
    "predict_and_compile_model_4_pred_0": 290.7465319633484,
    "process_features_model_5_pred_0": 10.75270700454712,
    "predict_and_compile_model_5_pred_0": 268.0960159301758,
    "relax_model_4_pred_0": 61.646419286727905
}