{
    "confidence_score": 0.7608653903007507,
    "ptm": 0.9073744416236877,
    "iptm": 0.0,
    "ligand_iptm": 0.0,
    "protein_iptm": 0.0,
    "complex_plddt": 0.9510817527770996,
    "complex_iplddt": 0.0,
    "complex_pde": 0.31007298827171326,
    "complex_ipde": 0.0,
    "chains_ptm": {
        "0": 0.9073744416236877
    },
    "pair_chains_iptm": {
        "0": {
            "0": 0.9073744416236877
        }
    }
}