{
    "confidence_score": 0.7466828227043152,
    "ptm": 0.9400786757469177,
    "iptm": 0.0,
    "ligand_iptm": 0.0,
    "protein_iptm": 0.0,
    "complex_plddt": 0.9333535432815552,
    "complex_iplddt": 0.0,
    "complex_pde": 0.34510233998298645,
    "complex_ipde": 0.0,
    "chains_ptm": {
        "0": 0.9400786757469177
    },
    "pair_chains_iptm": {
        "0": {
            "0": 0.9400786757469177
        }
    }
}