{
    "confidence_score": 0.7003512978553772,
    "ptm": 0.9032713174819946,
    "iptm": 0.0,
    "ligand_iptm": 0.0,
    "protein_iptm": 0.0,
    "complex_plddt": 0.8754391074180603,
    "complex_iplddt": 0.0,
    "complex_pde": 0.6775913834571838,
    "complex_ipde": 0.0,
    "chains_ptm": {
        "0": 0.9032713174819946
    },
    "pair_chains_iptm": {
        "0": {
            "0": 0.9032713174819946
        }
    }
}