{
    "confidence_score": 0.620124876499176,
    "ptm": 0.540729820728302,
    "iptm": 0.0,
    "ligand_iptm": 0.0,
    "protein_iptm": 0.0,
    "complex_plddt": 0.7751560807228088,
    "complex_iplddt": 0.0,
    "complex_pde": 1.127333402633667,
    "complex_ipde": 0.0,
    "chains_ptm": {
        "0": 0.540729820728302
    },
    "pair_chains_iptm": {
        "0": {
            "0": 0.540729820728302
        }
    }
}