{
    "confidence_score": 0.7102193832397461,
    "ptm": 0.8862777352333069,
    "iptm": 0.0,
    "ligand_iptm": 0.0,
    "protein_iptm": 0.0,
    "complex_plddt": 0.8877742290496826,
    "complex_iplddt": 0.0,
    "complex_pde": 0.4541984498500824,
    "complex_ipde": 0.0,
    "chains_ptm": {
        "0": 0.8862777352333069
    },
    "pair_chains_iptm": {
        "0": {
            "0": 0.8862777352333069
        }
    }
}