{
    "confidence_score": 0.6625704765319824,
    "ptm": 0.8582322597503662,
    "iptm": 0.0,
    "ligand_iptm": 0.0,
    "protein_iptm": 0.0,
    "complex_plddt": 0.828213095664978,
    "complex_iplddt": 0.0,
    "complex_pde": 0.5662946105003357,
    "complex_ipde": 0.0,
    "chains_ptm": {
        "0": 0.8582322597503662
    },
    "pair_chains_iptm": {
        "0": {
            "0": 0.8582322597503662
        }
    }
}