{
    "confidence_score": 0.554589569568634,
    "ptm": 0.46065571904182434,
    "iptm": 0.0,
    "ligand_iptm": 0.0,
    "protein_iptm": 0.0,
    "complex_plddt": 0.6932369470596313,
    "complex_iplddt": 0.0,
    "complex_pde": 1.889322280883789,
    "complex_ipde": 0.0,
    "chains_ptm": {
        "0": 0.46065571904182434
    },
    "pair_chains_iptm": {
        "0": {
            "0": 0.46065571904182434
        }
    }
}