{
    "confidence_score": 0.6864230036735535,
    "ptm": 0.5366405844688416,
    "iptm": 0.0,
    "ligand_iptm": 0.0,
    "protein_iptm": 0.0,
    "complex_plddt": 0.858028769493103,
    "complex_iplddt": 0.0,
    "complex_pde": 0.5178688168525696,
    "complex_ipde": 0.0,
    "chains_ptm": {
        "0": 0.5366405844688416
    },
    "pair_chains_iptm": {
        "0": {
            "0": 0.5366405844688416
        }
    }
}