{
    "confidence_score": 0.40780049562454224,
    "ptm": 0.29181569814682007,
    "iptm": 0.0,
    "ligand_iptm": 0.0,
    "protein_iptm": 0.0,
    "complex_plddt": 0.5097506046295166,
    "complex_iplddt": 0.0,
    "complex_pde": 2.530494451522827,
    "complex_ipde": 0.0,
    "chains_ptm": {
        "0": 0.29181569814682007
    },
    "pair_chains_iptm": {
        "0": {
            "0": 0.29181569814682007
        }
    }
}