{
    "confidence_score": 0.7356753349304199,
    "ptm": 0.8968038558959961,
    "iptm": 0.0,
    "ligand_iptm": 0.0,
    "protein_iptm": 0.0,
    "complex_plddt": 0.9195941686630249,
    "complex_iplddt": 0.0,
    "complex_pde": 0.34696200489997864,
    "complex_ipde": 0.0,
    "chains_ptm": {
        "0": 0.8968038558959961
    },
    "pair_chains_iptm": {
        "0": {
            "0": 0.8968038558959961
        }
    }
}