{
    "confidence_score": 0.7180972695350647,
    "ptm": 0.8954558968544006,
    "iptm": 0.0,
    "ligand_iptm": 0.0,
    "protein_iptm": 0.0,
    "complex_plddt": 0.8976215720176697,
    "complex_iplddt": 0.0,
    "complex_pde": 0.610246479511261,
    "complex_ipde": 0.0,
    "chains_ptm": {
        "0": 0.8954558968544006
    },
    "pair_chains_iptm": {
        "0": {
            "0": 0.8954558968544006
        }
    }
}