{
    "confidence_score": 0.666056215763092,
    "ptm": 0.8246873021125793,
    "iptm": 0.0,
    "ligand_iptm": 0.0,
    "protein_iptm": 0.0,
    "complex_plddt": 0.8325702548027039,
    "complex_iplddt": 0.0,
    "complex_pde": 1.2163169384002686,
    "complex_ipde": 0.0,
    "chains_ptm": {
        "0": 0.8246873021125793
    },
    "pair_chains_iptm": {
        "0": {
            "0": 0.8246873021125793
        }
    }
}