{
    "confidence_score": 0.7011045217514038,
    "ptm": 0.7801076173782349,
    "iptm": 0.0,
    "ligand_iptm": 0.0,
    "protein_iptm": 0.0,
    "complex_plddt": 0.8763806223869324,
    "complex_iplddt": 0.0,
    "complex_pde": 0.6260097026824951,
    "complex_ipde": 0.0,
    "chains_ptm": {
        "0": 0.7801076173782349
    },
    "pair_chains_iptm": {
        "0": {
            "0": 0.7801076173782349
        }
    }
}