{
    "confidence_score": 0.4103338420391083,
    "ptm": 0.2182096242904663,
    "iptm": 0.0,
    "ligand_iptm": 0.0,
    "protein_iptm": 0.0,
    "complex_plddt": 0.5129172801971436,
    "complex_iplddt": 0.0,
    "complex_pde": 2.31561017036438,
    "complex_ipde": 0.0,
    "chains_ptm": {
        "0": 0.2182096242904663
    },
    "pair_chains_iptm": {
        "0": {
            "0": 0.2182096242904663
        }
    }
}