{
    "confidence_score": 0.5405299067497253,
    "ptm": 0.562602162361145,
    "iptm": 0.0,
    "ligand_iptm": 0.0,
    "protein_iptm": 0.0,
    "complex_plddt": 0.6756623387336731,
    "complex_iplddt": 0.0,
    "complex_pde": 1.1433908939361572,
    "complex_ipde": 0.0,
    "chains_ptm": {
        "0": 0.562602162361145
    },
    "pair_chains_iptm": {
        "0": {
            "0": 0.562602162361145
        }
    }
}