{
    "confidence_score": 0.6942643523216248,
    "ptm": 0.8989903926849365,
    "iptm": 0.0,
    "ligand_iptm": 0.0,
    "protein_iptm": 0.0,
    "complex_plddt": 0.8678303956985474,
    "complex_iplddt": 0.0,
    "complex_pde": 0.6496365666389465,
    "complex_ipde": 0.0,
    "chains_ptm": {
        "0": 0.8989903926849365
    },
    "pair_chains_iptm": {
        "0": {
            "0": 0.8989903926849365
        }
    }
}