{
    "confidence_score": 0.4921230971813202,
    "ptm": 0.3598848283290863,
    "iptm": 0.0,
    "ligand_iptm": 0.0,
    "protein_iptm": 0.0,
    "complex_plddt": 0.6151538491249084,
    "complex_iplddt": 0.0,
    "complex_pde": 1.6490795612335205,
    "complex_ipde": 0.0,
    "chains_ptm": {
        "0": 0.3598848283290863
    },
    "pair_chains_iptm": {
        "0": {
            "0": 0.3598848283290863
        }
    }
}