{
    "confidence_score": 0.690308153629303,
    "ptm": 0.6987890601158142,
    "iptm": 0.0,
    "ligand_iptm": 0.0,
    "protein_iptm": 0.0,
    "complex_plddt": 0.8628851771354675,
    "complex_iplddt": 0.0,
    "complex_pde": 0.8398808836936951,
    "complex_ipde": 0.0,
    "chains_ptm": {
        "0": 0.6987890601158142
    },
    "pair_chains_iptm": {
        "0": {
            "0": 0.6987890601158142
        }
    }
}