{
    "confidence_score": 0.6999821066856384,
    "ptm": 0.8091161251068115,
    "iptm": 0.0,
    "ligand_iptm": 0.0,
    "protein_iptm": 0.0,
    "complex_plddt": 0.8749776482582092,
    "complex_iplddt": 0.0,
    "complex_pde": 0.48924463987350464,
    "complex_ipde": 0.0,
    "chains_ptm": {
        "0": 0.8091161251068115
    },
    "pair_chains_iptm": {
        "0": {
            "0": 0.8091161251068115
        }
    }
}