{
    "confidence_score": 0.6138392686843872,
    "ptm": 0.7593181133270264,
    "iptm": 0.0,
    "ligand_iptm": 0.0,
    "protein_iptm": 0.0,
    "complex_plddt": 0.7672990560531616,
    "complex_iplddt": 0.0,
    "complex_pde": 0.9303991198539734,
    "complex_ipde": 0.0,
    "chains_ptm": {
        "0": 0.7593181133270264
    },
    "pair_chains_iptm": {
        "0": {
            "0": 0.7593181133270264
        }
    }
}