{
    "confidence_score": 0.6312195062637329,
    "ptm": 0.709787905216217,
    "iptm": 0.0,
    "ligand_iptm": 0.0,
    "protein_iptm": 0.0,
    "complex_plddt": 0.7890243530273438,
    "complex_iplddt": 0.0,
    "complex_pde": 1.5443153381347656,
    "complex_ipde": 0.0,
    "chains_ptm": {
        "0": 0.709787905216217
    },
    "pair_chains_iptm": {
        "0": {
            "0": 0.709787905216217
        }
    }
}