{
    "confidence_score": 0.7243334650993347,
    "ptm": 0.7684817910194397,
    "iptm": 0.0,
    "ligand_iptm": 0.0,
    "protein_iptm": 0.0,
    "complex_plddt": 0.9054168462753296,
    "complex_iplddt": 0.0,
    "complex_pde": 0.35947346687316895,
    "complex_ipde": 0.0,
    "chains_ptm": {
        "0": 0.7684817910194397
    },
    "pair_chains_iptm": {
        "0": {
            "0": 0.7684817910194397
        }
    }
}