{
    "confidence_score": 0.6927186846733093,
    "ptm": 0.8160852193832397,
    "iptm": 0.0,
    "ligand_iptm": 0.0,
    "protein_iptm": 0.0,
    "complex_plddt": 0.8658983111381531,
    "complex_iplddt": 0.0,
    "complex_pde": 0.5195774435997009,
    "complex_ipde": 0.0,
    "chains_ptm": {
        "0": 0.8160852193832397
    },
    "pair_chains_iptm": {
        "0": {
            "0": 0.8160852193832397
        }
    }
}