{
    "confidence_score": 0.7103739380836487,
    "ptm": 0.9231632947921753,
    "iptm": 0.0,
    "ligand_iptm": 0.0,
    "protein_iptm": 0.0,
    "complex_plddt": 0.8879674077033997,
    "complex_iplddt": 0.0,
    "complex_pde": 0.4964621067047119,
    "complex_ipde": 0.0,
    "chains_ptm": {
        "0": 0.9231632947921753
    },
    "pair_chains_iptm": {
        "0": {
            "0": 0.9231632947921753
        }
    }
}