{
    "confidence_score": 0.7302998900413513,
    "ptm": 0.955210268497467,
    "iptm": 0.0,
    "ligand_iptm": 0.0,
    "protein_iptm": 0.0,
    "complex_plddt": 0.9128748178482056,
    "complex_iplddt": 0.0,
    "complex_pde": 0.38442263007164,
    "complex_ipde": 0.0,
    "chains_ptm": {
        "0": 0.955210268497467
    },
    "pair_chains_iptm": {
        "0": {
            "0": 0.955210268497467
        }
    }
}