{
    "confidence_score": 0.534481406211853,
    "ptm": 0.28870880603790283,
    "iptm": 0.0,
    "ligand_iptm": 0.0,
    "protein_iptm": 0.0,
    "complex_plddt": 0.6681017279624939,
    "complex_iplddt": 0.0,
    "complex_pde": 3.2266721725463867,
    "complex_ipde": 0.0,
    "chains_ptm": {
        "0": 0.28870880603790283
    },
    "pair_chains_iptm": {
        "0": {
            "0": 0.28870880603790283
        }
    }
}