{
    "confidence_score": 0.6546202301979065,
    "ptm": 0.8267242312431335,
    "iptm": 0.0,
    "ligand_iptm": 0.0,
    "protein_iptm": 0.0,
    "complex_plddt": 0.8182752728462219,
    "complex_iplddt": 0.0,
    "complex_pde": 0.6482704281806946,
    "complex_ipde": 0.0,
    "chains_ptm": {
        "0": 0.8267242312431335
    },
    "pair_chains_iptm": {
        "0": {
            "0": 0.8267242312431335
        }
    }
}