{
    "confidence_score": 0.6525928378105164,
    "ptm": 0.6463350653648376,
    "iptm": 0.0,
    "ligand_iptm": 0.0,
    "protein_iptm": 0.0,
    "complex_plddt": 0.8157410621643066,
    "complex_iplddt": 0.0,
    "complex_pde": 0.5844016671180725,
    "complex_ipde": 0.0,
    "chains_ptm": {
        "0": 0.6463350653648376
    },
    "pair_chains_iptm": {
        "0": {
            "0": 0.6463350653648376
        }
    }
}