{
    "plddts": {
        "model_1_pred_0": 86.9614042056989,
        "model_2_pred_0": 86.52904488463989,
        "model_3_pred_0": 87.3002932204266,
        "model_4_pred_0": 87.18441173895755,
        "model_5_pred_0": 87.65410034303636
    },
    "order": [
        "model_5_pred_0",
        "model_3_pred_0",
        "model_4_pred_0",
        "model_1_pred_0",
        "model_2_pred_0"
    ]
}