{
    "features": 7149.716566085815,
    "process_features_model_1_pred_0": 13.36218810081482,
    "predict_and_compile_model_1_pred_0": 359.4865128993988,
    "process_features_model_2_pred_0": 13.490779876708984,
    "predict_and_compile_model_2_pred_0": 323.5640769004822,
    "process_features_model_3_pred_0": 12.42394232749939,
    "predict_and_compile_model_3_pred_0": 296.08007764816284,
    "process_features_model_4_pred_0": 12.393323421478271,
    "predict_and_compile_model_4_pred_0": 292.9707417488098,
    "process_features_model_5_pred_0": 12.329200029373169,
    "predict_and_compile_model_5_pred_0": 271.2034738063812,
    "relax_model_5_pred_0": 122.38200378417969
}