{
    "confidence_score": 0.7690495848655701,
    "ptm": 0.9556029438972473,
    "iptm": 0.0,
    "ligand_iptm": 0.0,
    "protein_iptm": 0.0,
    "complex_plddt": 0.961311936378479,
    "complex_iplddt": 0.0,
    "complex_pde": 0.2903576195240021,
    "complex_ipde": 0.0,
    "chains_ptm": {
        "0": 0.9556029438972473
    },
    "pair_chains_iptm": {
        "0": {
            "0": 0.9556029438972473
        }
    }
}