{
    "confidence_score": 0.4741033613681793,
    "ptm": 0.326676607131958,
    "iptm": 0.0,
    "ligand_iptm": 0.0,
    "protein_iptm": 0.0,
    "complex_plddt": 0.5926291942596436,
    "complex_iplddt": 0.0,
    "complex_pde": 2.495906114578247,
    "complex_ipde": 0.0,
    "chains_ptm": {
        "0": 0.326676607131958
    },
    "pair_chains_iptm": {
        "0": {
            "0": 0.326676607131958
        }
    }
}