{
    "confidence_score": 0.6367368102073669,
    "ptm": 0.7199235558509827,
    "iptm": 0.0,
    "ligand_iptm": 0.0,
    "protein_iptm": 0.0,
    "complex_plddt": 0.7959209680557251,
    "complex_iplddt": 0.0,
    "complex_pde": 0.69693922996521,
    "complex_ipde": 0.0,
    "chains_ptm": {
        "0": 0.7199235558509827
    },
    "pair_chains_iptm": {
        "0": {
            "0": 0.7199235558509827
        }
    }
}