{
    "plddts": {
        "model_1_pred_0": 35.41880223873174,
        "model_2_pred_0": 32.13592504670076,
        "model_3_pred_0": 29.726757482859473,
        "model_4_pred_0": 28.440916246599425,
        "model_5_pred_0": 25.553935075849164
    },
    "order": [
        "model_1_pred_0",
        "model_2_pred_0",
        "model_3_pred_0",
        "model_4_pred_0",
        "model_5_pred_0"
    ]
}