{
    "confidence_score": 0.5961763858795166,
    "ptm": 0.7065700888633728,
    "iptm": 0.0,
    "ligand_iptm": 0.0,
    "protein_iptm": 0.0,
    "complex_plddt": 0.7452204823493958,
    "complex_iplddt": 0.0,
    "complex_pde": 1.0407377481460571,
    "complex_ipde": 0.0,
    "chains_ptm": {
        "0": 0.7065700888633728
    },
    "pair_chains_iptm": {
        "0": {
            "0": 0.7065700888633728
        }
    }
}