{
    "confidence_score": 0.5579355359077454,
    "ptm": 0.7585195899009705,
    "iptm": 0.0,
    "ligand_iptm": 0.0,
    "protein_iptm": 0.0,
    "complex_plddt": 0.6974194049835205,
    "complex_iplddt": 0.0,
    "complex_pde": 1.1627126932144165,
    "complex_ipde": 0.0,
    "chains_ptm": {
        "0": 0.7585195899009705
    },
    "pair_chains_iptm": {
        "0": {
            "0": 0.7585195899009705
        }
    }
}