{
    "confidence_score": 0.6159986257553101,
    "ptm": 0.6195381283760071,
    "iptm": 0.0,
    "ligand_iptm": 0.0,
    "protein_iptm": 0.0,
    "complex_plddt": 0.7699982523918152,
    "complex_iplddt": 0.0,
    "complex_pde": 0.9412370920181274,
    "complex_ipde": 0.0,
    "chains_ptm": {
        "0": 0.6195381283760071
    },
    "pair_chains_iptm": {
        "0": {
            "0": 0.6195381283760071
        }
    }
}