{
    "confidence_score": 0.7018632292747498,
    "ptm": 0.6274176239967346,
    "iptm": 0.0,
    "ligand_iptm": 0.0,
    "protein_iptm": 0.0,
    "complex_plddt": 0.8773289918899536,
    "complex_iplddt": 0.0,
    "complex_pde": 0.3880588710308075,
    "complex_ipde": 0.0,
    "chains_ptm": {
        "0": 0.6274176239967346
    },
    "pair_chains_iptm": {
        "0": {
            "0": 0.6274176239967346
        }
    }
}