{
    "confidence_score": 0.5110284090042114,
    "ptm": 0.4007328152656555,
    "iptm": 0.0,
    "ligand_iptm": 0.0,
    "protein_iptm": 0.0,
    "complex_plddt": 0.6387854814529419,
    "complex_iplddt": 0.0,
    "complex_pde": 2.687701463699341,
    "complex_ipde": 0.0,
    "chains_ptm": {
        "0": 0.4007328152656555
    },
    "pair_chains_iptm": {
        "0": {
            "0": 0.4007328152656555
        }
    }
}