{
    "confidence_score": 0.7101352214813232,
    "ptm": 0.7992514371871948,
    "iptm": 0.0,
    "ligand_iptm": 0.0,
    "protein_iptm": 0.0,
    "complex_plddt": 0.887669026851654,
    "complex_iplddt": 0.0,
    "complex_pde": 0.7643167972564697,
    "complex_ipde": 0.0,
    "chains_ptm": {
        "0": 0.7992514371871948
    },
    "pair_chains_iptm": {
        "0": {
            "0": 0.7992514371871948
        }
    }
}