{
    "confidence_score": 0.5520293712615967,
    "ptm": 0.4161567986011505,
    "iptm": 0.0,
    "ligand_iptm": 0.0,
    "protein_iptm": 0.0,
    "complex_plddt": 0.6900367140769958,
    "complex_iplddt": 0.0,
    "complex_pde": 1.9668160676956177,
    "complex_ipde": 0.0,
    "chains_ptm": {
        "0": 0.4161567986011505
    },
    "pair_chains_iptm": {
        "0": {
            "0": 0.4161567986011505
        }
    }
}