{
    "confidence_score": 0.5912298560142517,
    "ptm": 0.6455090641975403,
    "iptm": 0.0,
    "ligand_iptm": 0.0,
    "protein_iptm": 0.0,
    "complex_plddt": 0.7390373349189758,
    "complex_iplddt": 0.0,
    "complex_pde": 1.1108096837997437,
    "complex_ipde": 0.0,
    "chains_ptm": {
        "0": 0.6455090641975403
    },
    "pair_chains_iptm": {
        "0": {
            "0": 0.6455090641975403
        }
    }
}