{
    "confidence_score": 0.39987635612487793,
    "ptm": 0.34215185046195984,
    "iptm": 0.0,
    "ligand_iptm": 0.0,
    "protein_iptm": 0.0,
    "complex_plddt": 0.4998454451560974,
    "complex_iplddt": 0.0,
    "complex_pde": 4.100545406341553,
    "complex_ipde": 0.0,
    "chains_ptm": {
        "0": 0.34215185046195984
    },
    "pair_chains_iptm": {
        "0": {
            "0": 0.34215185046195984
        }
    }
}