{
    "confidence_score": 0.7359948754310608,
    "ptm": 0.8027054071426392,
    "iptm": 0.0,
    "ligand_iptm": 0.0,
    "protein_iptm": 0.0,
    "complex_plddt": 0.9199935793876648,
    "complex_iplddt": 0.0,
    "complex_pde": 0.4173647463321686,
    "complex_ipde": 0.0,
    "chains_ptm": {
        "0": 0.8027054071426392
    },
    "pair_chains_iptm": {
        "0": {
            "0": 0.8027054071426392
        }
    }
}