{
    "confidence_score": 0.6785117387771606,
    "ptm": 0.9123135805130005,
    "iptm": 0.0,
    "ligand_iptm": 0.0,
    "protein_iptm": 0.0,
    "complex_plddt": 0.8481396436691284,
    "complex_iplddt": 0.0,
    "complex_pde": 0.6224520206451416,
    "complex_ipde": 0.0,
    "chains_ptm": {
        "0": 0.9123135805130005
    },
    "pair_chains_iptm": {
        "0": {
            "0": 0.9123135805130005
        }
    }
}