{
    "confidence_score": 0.7625501155853271,
    "ptm": 0.9378961324691772,
    "iptm": 0.0,
    "ligand_iptm": 0.0,
    "protein_iptm": 0.0,
    "complex_plddt": 0.9531876444816589,
    "complex_iplddt": 0.0,
    "complex_pde": 0.31556522846221924,
    "complex_ipde": 0.0,
    "chains_ptm": {
        "0": 0.9378961324691772
    },
    "pair_chains_iptm": {
        "0": {
            "0": 0.9378961324691772
        }
    }
}