{
    "features": 3009.511042356491,
    "process_features_model_1_pred_0": 1.5183908939361572,
    "predict_and_compile_model_1_pred_0": 313.07616448402405,
    "process_features_model_2_pred_0": 1.6433930397033691,
    "predict_and_compile_model_2_pred_0": 278.68789553642273,
    "process_features_model_3_pred_0": 1.3042099475860596,
    "predict_and_compile_model_3_pred_0": 252.508535861969,
    "process_features_model_4_pred_0": 1.257155418395996,
    "predict_and_compile_model_4_pred_0": 250.39093685150146,
    "process_features_model_5_pred_0": 1.303750991821289,
    "predict_and_compile_model_5_pred_0": 233.36601758003235,
    "relax_model_3_pred_0": 42.81809115409851
}