{
    "confidence_score": 0.4851887822151184,
    "ptm": 0.27528148889541626,
    "iptm": 0.0,
    "ligand_iptm": 0.0,
    "protein_iptm": 0.0,
    "complex_plddt": 0.6064859628677368,
    "complex_iplddt": 0.0,
    "complex_pde": 2.0420477390289307,
    "complex_ipde": 0.0,
    "chains_ptm": {
        "0": 0.27528148889541626
    },
    "pair_chains_iptm": {
        "0": {
            "0": 0.27528148889541626
        }
    }
}