{
    "confidence_score": 0.6770045757293701,
    "ptm": 0.8797961473464966,
    "iptm": 0.0,
    "ligand_iptm": 0.0,
    "protein_iptm": 0.0,
    "complex_plddt": 0.8462557196617126,
    "complex_iplddt": 0.0,
    "complex_pde": 0.43643659353256226,
    "complex_ipde": 0.0,
    "chains_ptm": {
        "0": 0.8797961473464966
    },
    "pair_chains_iptm": {
        "0": {
            "0": 0.8797961473464966
        }
    }
}