{
    "confidence_score": 0.6909627914428711,
    "ptm": 0.9161055088043213,
    "iptm": 0.0,
    "ligand_iptm": 0.0,
    "protein_iptm": 0.0,
    "complex_plddt": 0.8637034893035889,
    "complex_iplddt": 0.0,
    "complex_pde": 0.5747957229614258,
    "complex_ipde": 0.0,
    "chains_ptm": {
        "0": 0.9161055088043213
    },
    "pair_chains_iptm": {
        "0": {
            "0": 0.9161055088043213
        }
    }
}