{
    "confidence_score": 0.7368772029876709,
    "ptm": 0.919394314289093,
    "iptm": 0.0,
    "ligand_iptm": 0.0,
    "protein_iptm": 0.0,
    "complex_plddt": 0.9210965037345886,
    "complex_iplddt": 0.0,
    "complex_pde": 0.3876172602176666,
    "complex_ipde": 0.0,
    "chains_ptm": {
        "0": 0.919394314289093
    },
    "pair_chains_iptm": {
        "0": {
            "0": 0.919394314289093
        }
    }
}