{
    "confidence_score": 0.6265091896057129,
    "ptm": 0.8112279772758484,
    "iptm": 0.0,
    "ligand_iptm": 0.0,
    "protein_iptm": 0.0,
    "complex_plddt": 0.7831364870071411,
    "complex_iplddt": 0.0,
    "complex_pde": 0.6633321046829224,
    "complex_ipde": 0.0,
    "chains_ptm": {
        "0": 0.8112279772758484
    },
    "pair_chains_iptm": {
        "0": {
            "0": 0.8112279772758484
        }
    }
}