{
    "confidence_score": 0.6665911674499512,
    "ptm": 0.7415100932121277,
    "iptm": 0.0,
    "ligand_iptm": 0.0,
    "protein_iptm": 0.0,
    "complex_plddt": 0.833238959312439,
    "complex_iplddt": 0.0,
    "complex_pde": 0.7075047492980957,
    "complex_ipde": 0.0,
    "chains_ptm": {
        "0": 0.7415100932121277
    },
    "pair_chains_iptm": {
        "0": {
            "0": 0.7415100932121277
        }
    }
}