{
    "confidence_score": 0.39036092162132263,
    "ptm": 0.14474564790725708,
    "iptm": 0.0,
    "ligand_iptm": 0.0,
    "protein_iptm": 0.0,
    "complex_plddt": 0.4879511296749115,
    "complex_iplddt": 0.0,
    "complex_pde": 4.3026204109191895,
    "complex_ipde": 0.0,
    "chains_ptm": {
        "0": 0.14474564790725708
    },
    "pair_chains_iptm": {
        "0": {
            "0": 0.14474564790725708
        }
    }
}