{
    "confidence_score": 0.7636902332305908,
    "ptm": 0.963049590587616,
    "iptm": 0.0,
    "ligand_iptm": 0.0,
    "protein_iptm": 0.0,
    "complex_plddt": 0.9546127915382385,
    "complex_iplddt": 0.0,
    "complex_pde": 0.31366100907325745,
    "complex_ipde": 0.0,
    "chains_ptm": {
        "0": 0.963049590587616
    },
    "pair_chains_iptm": {
        "0": {
            "0": 0.963049590587616
        }
    }
}