{
    "features": 7559.768530130386,
    "process_features_model_1_pred_0": 4.75668478012085,
    "predict_and_compile_model_1_pred_0": 389.8799307346344,
    "process_features_model_2_pred_0": 5.25958251953125,
    "predict_and_compile_model_2_pred_0": 368.9314103126526,
    "process_features_model_3_pred_0": 4.5556066036224365,
    "predict_and_compile_model_3_pred_0": 337.4776928424835,
    "process_features_model_4_pred_0": 4.277631521224976,
    "predict_and_compile_model_4_pred_0": 334.45535826683044,
    "process_features_model_5_pred_0": 3.8081741333007812,
    "predict_and_compile_model_5_pred_0": 308.9531693458557,
    "relax_model_4_pred_0": 65.87368869781494
}