{
    "confidence_score": 0.7333437204360962,
    "ptm": 0.9386671781539917,
    "iptm": 0.0,
    "ligand_iptm": 0.0,
    "protein_iptm": 0.0,
    "complex_plddt": 0.9166796207427979,
    "complex_iplddt": 0.0,
    "complex_pde": 0.38052448630332947,
    "complex_ipde": 0.0,
    "chains_ptm": {
        "0": 0.9386671781539917
    },
    "pair_chains_iptm": {
        "0": {
            "0": 0.9386671781539917
        }
    }
}