{
    "confidence_score": 0.7623513340950012,
    "ptm": 0.8747521042823792,
    "iptm": 0.0,
    "ligand_iptm": 0.0,
    "protein_iptm": 0.0,
    "complex_plddt": 0.9529391527175903,
    "complex_iplddt": 0.0,
    "complex_pde": 0.310108482837677,
    "complex_ipde": 0.0,
    "chains_ptm": {
        "0": 0.8747521042823792
    },
    "pair_chains_iptm": {
        "0": {
            "0": 0.8747521042823792
        }
    }
}