{
    "confidence_score": 0.7359906435012817,
    "ptm": 0.9430481791496277,
    "iptm": 0.0,
    "ligand_iptm": 0.0,
    "protein_iptm": 0.0,
    "complex_plddt": 0.9199882745742798,
    "complex_iplddt": 0.0,
    "complex_pde": 0.38173943758010864,
    "complex_ipde": 0.0,
    "chains_ptm": {
        "0": 0.9430481791496277
    },
    "pair_chains_iptm": {
        "0": {
            "0": 0.9430481791496277
        }
    }
}