{
    "confidence_score": 0.7186132669448853,
    "ptm": 0.8626409769058228,
    "iptm": 0.0,
    "ligand_iptm": 0.0,
    "protein_iptm": 0.0,
    "complex_plddt": 0.8982665538787842,
    "complex_iplddt": 0.0,
    "complex_pde": 0.5158161520957947,
    "complex_ipde": 0.0,
    "chains_ptm": {
        "0": 0.8626409769058228
    },
    "pair_chains_iptm": {
        "0": {
            "0": 0.8626409769058228
        }
    }
}