{
    "confidence_score": 0.5338947176933289,
    "ptm": 0.28974658250808716,
    "iptm": 0.0,
    "ligand_iptm": 0.0,
    "protein_iptm": 0.0,
    "complex_plddt": 0.6673684120178223,
    "complex_iplddt": 0.0,
    "complex_pde": 1.5903326272964478,
    "complex_ipde": 0.0,
    "chains_ptm": {
        "0": 0.28974658250808716
    },
    "pair_chains_iptm": {
        "0": {
            "0": 0.28974658250808716
        }
    }
}