{
    "confidence_score": 0.7346776723861694,
    "ptm": 0.940153956413269,
    "iptm": 0.0,
    "ligand_iptm": 0.0,
    "protein_iptm": 0.0,
    "complex_plddt": 0.9183470606803894,
    "complex_iplddt": 0.0,
    "complex_pde": 0.39422807097435,
    "complex_ipde": 0.0,
    "chains_ptm": {
        "0": 0.940153956413269
    },
    "pair_chains_iptm": {
        "0": {
            "0": 0.940153956413269
        }
    }
}