{
    "confidence_score": 0.7422167658805847,
    "ptm": 0.8333421945571899,
    "iptm": 0.0,
    "ligand_iptm": 0.0,
    "protein_iptm": 0.0,
    "complex_plddt": 0.9277709722518921,
    "complex_iplddt": 0.0,
    "complex_pde": 0.5795254707336426,
    "complex_ipde": 0.0,
    "chains_ptm": {
        "0": 0.8333421945571899
    },
    "pair_chains_iptm": {
        "0": {
            "0": 0.8333421945571899
        }
    }
}