{
    "confidence_score": 0.7001953125,
    "ptm": 0.8540322184562683,
    "iptm": 0.0,
    "ligand_iptm": 0.0,
    "protein_iptm": 0.0,
    "complex_plddt": 0.875244140625,
    "complex_iplddt": 0.0,
    "complex_pde": 0.45282334089279175,
    "complex_ipde": 0.0,
    "chains_ptm": {
        "0": 0.8540322184562683
    },
    "pair_chains_iptm": {
        "0": {
            "0": 0.8540322184562683
        }
    }
}