{
    "confidence_score": 0.7142702341079712,
    "ptm": 0.8547828793525696,
    "iptm": 0.0,
    "ligand_iptm": 0.0,
    "protein_iptm": 0.0,
    "complex_plddt": 0.8928377628326416,
    "complex_iplddt": 0.0,
    "complex_pde": 0.5230202078819275,
    "complex_ipde": 0.0,
    "chains_ptm": {
        "0": 0.8547828793525696
    },
    "pair_chains_iptm": {
        "0": {
            "0": 0.8547828793525696
        }
    }
}