{
    "confidence_score": 0.424667090177536,
    "ptm": 0.3200390934944153,
    "iptm": 0.0,
    "ligand_iptm": 0.0,
    "protein_iptm": 0.0,
    "complex_plddt": 0.5308338403701782,
    "complex_iplddt": 0.0,
    "complex_pde": 2.0730135440826416,
    "complex_ipde": 0.0,
    "chains_ptm": {
        "0": 0.3200390934944153
    },
    "pair_chains_iptm": {
        "0": {
            "0": 0.3200390934944153
        }
    }
}