{
    "confidence_score": 0.49078837037086487,
    "ptm": 0.4251805245876312,
    "iptm": 0.0,
    "ligand_iptm": 0.0,
    "protein_iptm": 0.0,
    "complex_plddt": 0.6134854555130005,
    "complex_iplddt": 0.0,
    "complex_pde": 1.0732088088989258,
    "complex_ipde": 0.0,
    "chains_ptm": {
        "0": 0.4251805245876312
    },
    "pair_chains_iptm": {
        "0": {
            "0": 0.4251805245876312
        }
    }
}