{
    "confidence_score": 0.41510334610939026,
    "ptm": 0.38004744052886963,
    "iptm": 0.0,
    "ligand_iptm": 0.0,
    "protein_iptm": 0.0,
    "complex_plddt": 0.5188791751861572,
    "complex_iplddt": 0.0,
    "complex_pde": 2.698025941848755,
    "complex_ipde": 0.0,
    "chains_ptm": {
        "0": 0.38004744052886963
    },
    "pair_chains_iptm": {
        "0": {
            "0": 0.38004744052886963
        }
    }
}