{
    "confidence_score": 0.7057335376739502,
    "ptm": 0.8767224550247192,
    "iptm": 0.0,
    "ligand_iptm": 0.0,
    "protein_iptm": 0.0,
    "complex_plddt": 0.8821669220924377,
    "complex_iplddt": 0.0,
    "complex_pde": 0.4389258325099945,
    "complex_ipde": 0.0,
    "chains_ptm": {
        "0": 0.8767224550247192
    },
    "pair_chains_iptm": {
        "0": {
            "0": 0.8767224550247192
        }
    }
}