{
    "confidence_score": 0.7278516888618469,
    "ptm": 0.9374629259109497,
    "iptm": 0.0,
    "ligand_iptm": 0.0,
    "protein_iptm": 0.0,
    "complex_plddt": 0.9098145961761475,
    "complex_iplddt": 0.0,
    "complex_pde": 0.40128079056739807,
    "complex_ipde": 0.0,
    "chains_ptm": {
        "0": 0.9374629259109497
    },
    "pair_chains_iptm": {
        "0": {
            "0": 0.9374629259109497
        }
    }
}