{
    "confidence_score": 0.7071418166160583,
    "ptm": 0.8280109167098999,
    "iptm": 0.0,
    "ligand_iptm": 0.0,
    "protein_iptm": 0.0,
    "complex_plddt": 0.8839272260665894,
    "complex_iplddt": 0.0,
    "complex_pde": 0.994106113910675,
    "complex_ipde": 0.0,
    "chains_ptm": {
        "0": 0.8280109167098999
    },
    "pair_chains_iptm": {
        "0": {
            "0": 0.8280109167098999
        }
    }
}