{
    "confidence_score": 0.597507894039154,
    "ptm": 0.3906627297401428,
    "iptm": 0.0,
    "ligand_iptm": 0.0,
    "protein_iptm": 0.0,
    "complex_plddt": 0.7468848824501038,
    "complex_iplddt": 0.0,
    "complex_pde": 0.7031038403511047,
    "complex_ipde": 0.0,
    "chains_ptm": {
        "0": 0.3906627297401428
    },
    "pair_chains_iptm": {
        "0": {
            "0": 0.3906627297401428
        }
    }
}