{
    "confidence_score": 0.7368826270103455,
    "ptm": 0.8923524022102356,
    "iptm": 0.0,
    "ligand_iptm": 0.0,
    "protein_iptm": 0.0,
    "complex_plddt": 0.9211032390594482,
    "complex_iplddt": 0.0,
    "complex_pde": 0.38151732087135315,
    "complex_ipde": 0.0,
    "chains_ptm": {
        "0": 0.8923524022102356
    },
    "pair_chains_iptm": {
        "0": {
            "0": 0.8923524022102356
        }
    }
}