{
    "confidence_score": 0.7530669569969177,
    "ptm": 0.9324383735656738,
    "iptm": 0.0,
    "ligand_iptm": 0.0,
    "protein_iptm": 0.0,
    "complex_plddt": 0.9413336515426636,
    "complex_iplddt": 0.0,
    "complex_pde": 0.3307529389858246,
    "complex_ipde": 0.0,
    "chains_ptm": {
        "0": 0.9324383735656738
    },
    "pair_chains_iptm": {
        "0": {
            "0": 0.9324383735656738
        }
    }
}