{
    "confidence_score": 0.7366042137145996,
    "ptm": 0.937210202217102,
    "iptm": 0.0,
    "ligand_iptm": 0.0,
    "protein_iptm": 0.0,
    "complex_plddt": 0.9207552671432495,
    "complex_iplddt": 0.0,
    "complex_pde": 0.33663612604141235,
    "complex_ipde": 0.0,
    "chains_ptm": {
        "0": 0.937210202217102
    },
    "pair_chains_iptm": {
        "0": {
            "0": 0.937210202217102
        }
    }
}