{
    "confidence_score": 0.566283643245697,
    "ptm": 0.652816653251648,
    "iptm": 0.0,
    "ligand_iptm": 0.0,
    "protein_iptm": 0.0,
    "complex_plddt": 0.7078545093536377,
    "complex_iplddt": 0.0,
    "complex_pde": 0.8366358876228333,
    "complex_ipde": 0.0,
    "chains_ptm": {
        "0": 0.652816653251648
    },
    "pair_chains_iptm": {
        "0": {
            "0": 0.652816653251648
        }
    }
}