{
    "confidence_score": 0.7474870085716248,
    "ptm": 0.8185631632804871,
    "iptm": 0.0,
    "ligand_iptm": 0.0,
    "protein_iptm": 0.0,
    "complex_plddt": 0.9343587756156921,
    "complex_iplddt": 0.0,
    "complex_pde": 0.3313438296318054,
    "complex_ipde": 0.0,
    "chains_ptm": {
        "0": 0.8185631632804871
    },
    "pair_chains_iptm": {
        "0": {
            "0": 0.8185631632804871
        }
    }
}