{
    "confidence_score": 0.5296253561973572,
    "ptm": 0.3976718485355377,
    "iptm": 0.0,
    "ligand_iptm": 0.0,
    "protein_iptm": 0.0,
    "complex_plddt": 0.6620316505432129,
    "complex_iplddt": 0.0,
    "complex_pde": 1.789258599281311,
    "complex_ipde": 0.0,
    "chains_ptm": {
        "0": 0.3976718485355377
    },
    "pair_chains_iptm": {
        "0": {
            "0": 0.3976718485355377
        }
    }
}