{
    "confidence_score": 0.7369455695152283,
    "ptm": 0.8372848033905029,
    "iptm": 0.0,
    "ligand_iptm": 0.0,
    "protein_iptm": 0.0,
    "complex_plddt": 0.9211819767951965,
    "complex_iplddt": 0.0,
    "complex_pde": 0.37518054246902466,
    "complex_ipde": 0.0,
    "chains_ptm": {
        "0": 0.8372848033905029
    },
    "pair_chains_iptm": {
        "0": {
            "0": 0.8372848033905029
        }
    }
}