{
    "confidence_score": 0.6853637099266052,
    "ptm": 0.772753894329071,
    "iptm": 0.0,
    "ligand_iptm": 0.0,
    "protein_iptm": 0.0,
    "complex_plddt": 0.8567046523094177,
    "complex_iplddt": 0.0,
    "complex_pde": 0.8613935112953186,
    "complex_ipde": 0.0,
    "chains_ptm": {
        "0": 0.772753894329071
    },
    "pair_chains_iptm": {
        "0": {
            "0": 0.772753894329071
        }
    }
}