{
    "confidence_score": 0.739034116268158,
    "ptm": 0.7973901033401489,
    "iptm": 0.0,
    "ligand_iptm": 0.0,
    "protein_iptm": 0.0,
    "complex_plddt": 0.9237926602363586,
    "complex_iplddt": 0.0,
    "complex_pde": 0.44881224632263184,
    "complex_ipde": 0.0,
    "chains_ptm": {
        "0": 0.7973901033401489
    },
    "pair_chains_iptm": {
        "0": {
            "0": 0.7973901033401489
        }
    }
}