{
    "confidence_score": 0.4970511496067047,
    "ptm": 0.4542502462863922,
    "iptm": 0.0,
    "ligand_iptm": 0.0,
    "protein_iptm": 0.0,
    "complex_plddt": 0.6213139295578003,
    "complex_iplddt": 0.0,
    "complex_pde": 1.0437707901000977,
    "complex_ipde": 0.0,
    "chains_ptm": {
        "0": 0.4542502462863922
    },
    "pair_chains_iptm": {
        "0": {
            "0": 0.4542502462863922
        }
    }
}