{
    "confidence_score": 0.7047030925750732,
    "ptm": 0.9207358956336975,
    "iptm": 0.0,
    "ligand_iptm": 0.0,
    "protein_iptm": 0.0,
    "complex_plddt": 0.8808788657188416,
    "complex_iplddt": 0.0,
    "complex_pde": 0.39601829648017883,
    "complex_ipde": 0.0,
    "chains_ptm": {
        "0": 0.9207358956336975
    },
    "pair_chains_iptm": {
        "0": {
            "0": 0.9207358956336975
        }
    }
}