{
    "confidence_score": 0.5661519765853882,
    "ptm": 0.7489987015724182,
    "iptm": 0.0,
    "ligand_iptm": 0.0,
    "protein_iptm": 0.0,
    "complex_plddt": 0.7076899409294128,
    "complex_iplddt": 0.0,
    "complex_pde": 0.9132376313209534,
    "complex_ipde": 0.0,
    "chains_ptm": {
        "0": 0.7489987015724182
    },
    "pair_chains_iptm": {
        "0": {
            "0": 0.7489987015724182
        }
    }
}