{
    "confidence_score": 0.7144154906272888,
    "ptm": 0.9068308472633362,
    "iptm": 0.0,
    "ligand_iptm": 0.0,
    "protein_iptm": 0.0,
    "complex_plddt": 0.8930193185806274,
    "complex_iplddt": 0.0,
    "complex_pde": 0.531768262386322,
    "complex_ipde": 0.0,
    "chains_ptm": {
        "0": 0.9068308472633362
    },
    "pair_chains_iptm": {
        "0": {
            "0": 0.9068308472633362
        }
    }
}