{
    "confidence_score": 0.3669635057449341,
    "ptm": 0.3507537543773651,
    "iptm": 0.0,
    "ligand_iptm": 0.0,
    "protein_iptm": 0.0,
    "complex_plddt": 0.4587043821811676,
    "complex_iplddt": 0.0,
    "complex_pde": 3.599839210510254,
    "complex_ipde": 0.0,
    "chains_ptm": {
        "0": 0.3507537543773651
    },
    "pair_chains_iptm": {
        "0": {
            "0": 0.3507537543773651
        }
    }
}