{
    "features": 3456.6547491550446,
    "process_features_model_1_pred_0": 9.747748374938965,
    "predict_and_compile_model_1_pred_0": 257.196656703949,
    "process_features_model_2_pred_0": 9.448291063308716,
    "predict_and_compile_model_2_pred_0": 236.7085144519806,
    "process_features_model_3_pred_0": 9.048099756240845,
    "predict_and_compile_model_3_pred_0": 213.7068009376526,
    "process_features_model_4_pred_0": 8.791281461715698,
    "predict_and_compile_model_4_pred_0": 211.5589988231659,
    "process_features_model_5_pred_0": 10.411731243133545,
    "predict_and_compile_model_5_pred_0": 194.30799221992493,
    "relax_model_3_pred_0": 42.525585412979126
}