{
    "confidence_score": 0.6718152165412903,
    "ptm": 0.9145918488502502,
    "iptm": 0.0,
    "ligand_iptm": 0.0,
    "protein_iptm": 0.0,
    "complex_plddt": 0.8397690057754517,
    "complex_iplddt": 0.0,
    "complex_pde": 0.5304199457168579,
    "complex_ipde": 0.0,
    "chains_ptm": {
        "0": 0.9145918488502502
    },
    "pair_chains_iptm": {
        "0": {
            "0": 0.9145918488502502
        }
    }
}