{
    "confidence_score": 0.5445674657821655,
    "ptm": 0.38832810521125793,
    "iptm": 0.0,
    "ligand_iptm": 0.0,
    "protein_iptm": 0.0,
    "complex_plddt": 0.6807093024253845,
    "complex_iplddt": 0.0,
    "complex_pde": 1.0275336503982544,
    "complex_ipde": 0.0,
    "chains_ptm": {
        "0": 0.38832810521125793
    },
    "pair_chains_iptm": {
        "0": {
            "0": 0.38832810521125793
        }
    }
}