{
    "confidence_score": 0.6905413269996643,
    "ptm": 0.905795156955719,
    "iptm": 0.0,
    "ligand_iptm": 0.0,
    "protein_iptm": 0.0,
    "complex_plddt": 0.8631766438484192,
    "complex_iplddt": 0.0,
    "complex_pde": 0.6319465041160583,
    "complex_ipde": 0.0,
    "chains_ptm": {
        "0": 0.905795156955719
    },
    "pair_chains_iptm": {
        "0": {
            "0": 0.905795156955719
        }
    }
}