{
    "confidence_score": 0.7416846752166748,
    "ptm": 0.9434260725975037,
    "iptm": 0.0,
    "ligand_iptm": 0.0,
    "protein_iptm": 0.0,
    "complex_plddt": 0.9271058440208435,
    "complex_iplddt": 0.0,
    "complex_pde": 0.38156959414482117,
    "complex_ipde": 0.0,
    "chains_ptm": {
        "0": 0.9434260725975037
    },
    "pair_chains_iptm": {
        "0": {
            "0": 0.9434260725975037
        }
    }
}