{
    "confidence_score": 0.5921621918678284,
    "ptm": 0.7473993301391602,
    "iptm": 0.0,
    "ligand_iptm": 0.0,
    "protein_iptm": 0.0,
    "complex_plddt": 0.7402027249336243,
    "complex_iplddt": 0.0,
    "complex_pde": 0.5508811473846436,
    "complex_ipde": 0.0,
    "chains_ptm": {
        "0": 0.7473993301391602
    },
    "pair_chains_iptm": {
        "0": {
            "0": 0.7473993301391602
        }
    }
}