{
    "plddts": {
        "model_1_pred_0": 83.45887559520465,
        "model_2_pred_0": 84.41208136075204,
        "model_3_pred_0": 84.68352884872515,
        "model_4_pred_0": 84.86419907008727,
        "model_5_pred_0": 83.29786707092089
    },
    "order": [
        "model_4_pred_0",
        "model_3_pred_0",
        "model_2_pred_0",
        "model_1_pred_0",
        "model_5_pred_0"
    ]
}