{
    "confidence_score": 0.5856879949569702,
    "ptm": 0.9053106904029846,
    "iptm": 0.0,
    "ligand_iptm": 0.0,
    "protein_iptm": 0.0,
    "complex_plddt": 0.7321099638938904,
    "complex_iplddt": 0.0,
    "complex_pde": 0.5219718217849731,
    "complex_ipde": 0.0,
    "chains_ptm": {
        "0": 0.9053106904029846
    },
    "pair_chains_iptm": {
        "0": {
            "0": 0.9053106904029846
        }
    }
}