{
    "confidence_score": 0.6176693439483643,
    "ptm": 0.7174456119537354,
    "iptm": 0.0,
    "ligand_iptm": 0.0,
    "protein_iptm": 0.0,
    "complex_plddt": 0.7720866799354553,
    "complex_iplddt": 0.0,
    "complex_pde": 1.534005045890808,
    "complex_ipde": 0.0,
    "chains_ptm": {
        "0": 0.7174456119537354
    },
    "pair_chains_iptm": {
        "0": {
            "0": 0.7174456119537354
        }
    }
}