{
    "confidence_score": 0.6311864852905273,
    "ptm": 0.7842991352081299,
    "iptm": 0.0,
    "ligand_iptm": 0.0,
    "protein_iptm": 0.0,
    "complex_plddt": 0.7889831066131592,
    "complex_iplddt": 0.0,
    "complex_pde": 0.680816113948822,
    "complex_ipde": 0.0,
    "chains_ptm": {
        "0": 0.7842991352081299
    },
    "pair_chains_iptm": {
        "0": {
            "0": 0.7842991352081299
        }
    }
}