{
    "confidence_score": 0.6979975700378418,
    "ptm": 0.8878917694091797,
    "iptm": 0.0,
    "ligand_iptm": 0.0,
    "protein_iptm": 0.0,
    "complex_plddt": 0.8724969625473022,
    "complex_iplddt": 0.0,
    "complex_pde": 0.46337926387786865,
    "complex_ipde": 0.0,
    "chains_ptm": {
        "0": 0.8878917694091797
    },
    "pair_chains_iptm": {
        "0": {
            "0": 0.8878917694091797
        }
    }
}