{
    "confidence_score": 0.5613840818405151,
    "ptm": 0.2602923512458801,
    "iptm": 0.0,
    "ligand_iptm": 0.0,
    "protein_iptm": 0.0,
    "complex_plddt": 0.7017300724983215,
    "complex_iplddt": 0.0,
    "complex_pde": 1.8779610395431519,
    "complex_ipde": 0.0,
    "chains_ptm": {
        "0": 0.2602923512458801
    },
    "pair_chains_iptm": {
        "0": {
            "0": 0.2602923512458801
        }
    }
}