{
    "confidence_score": 0.7401201128959656,
    "ptm": 0.9303773641586304,
    "iptm": 0.0,
    "ligand_iptm": 0.0,
    "protein_iptm": 0.0,
    "complex_plddt": 0.9251501560211182,
    "complex_iplddt": 0.0,
    "complex_pde": 0.33334165811538696,
    "complex_ipde": 0.0,
    "chains_ptm": {
        "0": 0.9303773641586304
    },
    "pair_chains_iptm": {
        "0": {
            "0": 0.9303773641586304
        }
    }
}