{
    "confidence_score": 0.712482213973999,
    "ptm": 0.8985645174980164,
    "iptm": 0.0,
    "ligand_iptm": 0.0,
    "protein_iptm": 0.0,
    "complex_plddt": 0.8906027674674988,
    "complex_iplddt": 0.0,
    "complex_pde": 0.5696611404418945,
    "complex_ipde": 0.0,
    "chains_ptm": {
        "0": 0.8985645174980164
    },
    "pair_chains_iptm": {
        "0": {
            "0": 0.8985645174980164
        }
    }
}