{
    "confidence_score": 0.604526937007904,
    "ptm": 0.7796215415000916,
    "iptm": 0.0,
    "ligand_iptm": 0.0,
    "protein_iptm": 0.0,
    "complex_plddt": 0.7556586265563965,
    "complex_iplddt": 0.0,
    "complex_pde": 0.9319385290145874,
    "complex_ipde": 0.0,
    "chains_ptm": {
        "0": 0.7796215415000916
    },
    "pair_chains_iptm": {
        "0": {
            "0": 0.7796215415000916
        }
    }
}