{
    "plddts": {
        "model_1_pred_0": 71.95020989968178,
        "model_2_pred_0": 71.86394612823881,
        "model_3_pred_0": 74.17146647435213,
        "model_4_pred_0": 66.71579312480638,
        "model_5_pred_0": 70.43716203352874
    },
    "order": [
        "model_3_pred_0",
        "model_1_pred_0",
        "model_2_pred_0",
        "model_5_pred_0",
        "model_4_pred_0"
    ]
}