{
    "features": 5076.832168340683,
    "process_features_model_1_pred_0": 5.017381906509399,
    "predict_and_compile_model_1_pred_0": 730.930469751358,
    "process_features_model_2_pred_0": 4.6930952072143555,
    "predict_and_compile_model_2_pred_0": 657.1992671489716,
    "process_features_model_3_pred_0": 4.31283164024353,
    "predict_and_compile_model_3_pred_0": 625.6370077133179,
    "process_features_model_4_pred_0": 4.181256532669067,
    "predict_and_compile_model_4_pred_0": 622.6517753601074,
    "process_features_model_5_pred_0": 4.391201019287109,
    "predict_and_compile_model_5_pred_0": 584.1000261306763,
    "relax_model_3_pred_0": 413.84764289855957
}