{
    "confidence_score": 0.5902412533760071,
    "ptm": 0.7451573610305786,
    "iptm": 0.0,
    "ligand_iptm": 0.0,
    "protein_iptm": 0.0,
    "complex_plddt": 0.7378015518188477,
    "complex_iplddt": 0.0,
    "complex_pde": 0.6195299029350281,
    "complex_ipde": 0.0,
    "chains_ptm": {
        "0": 0.7451573610305786
    },
    "pair_chains_iptm": {
        "0": {
            "0": 0.7451573610305786
        }
    }
}