{
    "confidence_score": 0.5667535662651062,
    "ptm": 0.3924393653869629,
    "iptm": 0.0,
    "ligand_iptm": 0.0,
    "protein_iptm": 0.0,
    "complex_plddt": 0.708441972732544,
    "complex_iplddt": 0.0,
    "complex_pde": 2.595649480819702,
    "complex_ipde": 0.0,
    "chains_ptm": {
        "0": 0.3924393653869629
    },
    "pair_chains_iptm": {
        "0": {
            "0": 0.3924393653869629
        }
    }
}