{
    "confidence_score": 0.7020907998085022,
    "ptm": 0.8873578310012817,
    "iptm": 0.0,
    "ligand_iptm": 0.0,
    "protein_iptm": 0.0,
    "complex_plddt": 0.8776134848594666,
    "complex_iplddt": 0.0,
    "complex_pde": 0.6763339042663574,
    "complex_ipde": 0.0,
    "chains_ptm": {
        "0": 0.8873578310012817
    },
    "pair_chains_iptm": {
        "0": {
            "0": 0.8873578310012817
        }
    }
}