{
    "confidence_score": 0.7224346995353699,
    "ptm": 0.8094496130943298,
    "iptm": 0.0,
    "ligand_iptm": 0.0,
    "protein_iptm": 0.0,
    "complex_plddt": 0.9030433893203735,
    "complex_iplddt": 0.0,
    "complex_pde": 0.3691190183162689,
    "complex_ipde": 0.0,
    "chains_ptm": {
        "0": 0.8094496130943298
    },
    "pair_chains_iptm": {
        "0": {
            "0": 0.8094496130943298
        }
    }
}