{
    "confidence_score": 0.4475761353969574,
    "ptm": 0.31523334980010986,
    "iptm": 0.0,
    "ligand_iptm": 0.0,
    "protein_iptm": 0.0,
    "complex_plddt": 0.5594701766967773,
    "complex_iplddt": 0.0,
    "complex_pde": 2.221599817276001,
    "complex_ipde": 0.0,
    "chains_ptm": {
        "0": 0.31523334980010986
    },
    "pair_chains_iptm": {
        "0": {
            "0": 0.31523334980010986
        }
    }
}