{
    "plddts": {
        "model_1_pred_0": 47.044573986330654,
        "model_2_pred_0": 44.15311015365574,
        "model_3_pred_0": 40.586018191851345,
        "model_4_pred_0": 40.01125146723973,
        "model_5_pred_0": 40.46899490144034
    },
    "order": [
        "model_1_pred_0",
        "model_2_pred_0",
        "model_3_pred_0",
        "model_5_pred_0",
        "model_4_pred_0"
    ]
}