{
    "features": 5932.515210151672,
    "process_features_model_1_pred_0": 4.358707666397095,
    "predict_and_compile_model_1_pred_0": 342.59285712242126,
    "process_features_model_2_pred_0": 3.6461915969848633,
    "predict_and_compile_model_2_pred_0": 314.72905826568604,
    "process_features_model_3_pred_0": 3.125469446182251,
    "predict_and_compile_model_3_pred_0": 290.6173722743988,
    "process_features_model_4_pred_0": 3.090569019317627,
    "predict_and_compile_model_4_pred_0": 288.3219258785248,
    "process_features_model_5_pred_0": 3.1104910373687744,
    "predict_and_compile_model_5_pred_0": 268.5396933555603,
    "relax_model_1_pred_0": 54.29393720626831
}