{
    "confidence_score": 0.6452730894088745,
    "ptm": 0.6211296319961548,
    "iptm": 0.0,
    "ligand_iptm": 0.0,
    "protein_iptm": 0.0,
    "complex_plddt": 0.8065913319587708,
    "complex_iplddt": 0.0,
    "complex_pde": 1.3560763597488403,
    "complex_ipde": 0.0,
    "chains_ptm": {
        "0": 0.6211296319961548
    },
    "pair_chains_iptm": {
        "0": {
            "0": 0.6211296319961548
        }
    }
}