{
    "confidence_score": 0.5516777038574219,
    "ptm": 0.6728240847587585,
    "iptm": 0.0,
    "ligand_iptm": 0.0,
    "protein_iptm": 0.0,
    "complex_plddt": 0.6895971298217773,
    "complex_iplddt": 0.0,
    "complex_pde": 1.285666823387146,
    "complex_ipde": 0.0,
    "chains_ptm": {
        "0": 0.6728240847587585
    },
    "pair_chains_iptm": {
        "0": {
            "0": 0.6728240847587585
        }
    }
}