{
    "confidence_score": 0.7016976475715637,
    "ptm": 0.7708489894866943,
    "iptm": 0.0,
    "ligand_iptm": 0.0,
    "protein_iptm": 0.0,
    "complex_plddt": 0.8771220445632935,
    "complex_iplddt": 0.0,
    "complex_pde": 0.5902439951896667,
    "complex_ipde": 0.0,
    "chains_ptm": {
        "0": 0.7708489894866943
    },
    "pair_chains_iptm": {
        "0": {
            "0": 0.7708489894866943
        }
    }
}