{
    "confidence_score": 0.504762589931488,
    "ptm": 0.6104119420051575,
    "iptm": 0.0,
    "ligand_iptm": 0.0,
    "protein_iptm": 0.0,
    "complex_plddt": 0.6309531927108765,
    "complex_iplddt": 0.0,
    "complex_pde": 1.8727567195892334,
    "complex_ipde": 0.0,
    "chains_ptm": {
        "0": 0.6104119420051575
    },
    "pair_chains_iptm": {
        "0": {
            "0": 0.6104119420051575
        }
    }
}