{
    "confidence_score": 0.6205059885978699,
    "ptm": 0.8722369074821472,
    "iptm": 0.0,
    "ligand_iptm": 0.0,
    "protein_iptm": 0.0,
    "complex_plddt": 0.7756324410438538,
    "complex_iplddt": 0.0,
    "complex_pde": 0.6313998103141785,
    "complex_ipde": 0.0,
    "chains_ptm": {
        "0": 0.8722369074821472
    },
    "pair_chains_iptm": {
        "0": {
            "0": 0.8722369074821472
        }
    }
}