{
    "confidence_score": 0.7138099074363708,
    "ptm": 0.6130533218383789,
    "iptm": 0.0,
    "ligand_iptm": 0.0,
    "protein_iptm": 0.0,
    "complex_plddt": 0.8922623991966248,
    "complex_iplddt": 0.0,
    "complex_pde": 0.5097832679748535,
    "complex_ipde": 0.0,
    "chains_ptm": {
        "0": 0.6130533218383789
    },
    "pair_chains_iptm": {
        "0": {
            "0": 0.6130533218383789
        }
    }
}