{
    "confidence_score": 0.518645703792572,
    "ptm": 0.5991102457046509,
    "iptm": 0.0,
    "ligand_iptm": 0.0,
    "protein_iptm": 0.0,
    "complex_plddt": 0.6483071446418762,
    "complex_iplddt": 0.0,
    "complex_pde": 1.8449463844299316,
    "complex_ipde": 0.0,
    "chains_ptm": {
        "0": 0.5991102457046509
    },
    "pair_chains_iptm": {
        "0": {
            "0": 0.5991102457046509
        }
    }
}