{
    "confidence_score": 0.6731114387512207,
    "ptm": 0.571824312210083,
    "iptm": 0.0,
    "ligand_iptm": 0.0,
    "protein_iptm": 0.0,
    "complex_plddt": 0.8413892984390259,
    "complex_iplddt": 0.0,
    "complex_pde": 0.6522349715232849,
    "complex_ipde": 0.0,
    "chains_ptm": {
        "0": 0.571824312210083
    },
    "pair_chains_iptm": {
        "0": {
            "0": 0.571824312210083
        }
    }
}