{
    "confidence_score": 0.4121261239051819,
    "ptm": 0.17926084995269775,
    "iptm": 0.0,
    "ligand_iptm": 0.0,
    "protein_iptm": 0.0,
    "complex_plddt": 0.5151576399803162,
    "complex_iplddt": 0.0,
    "complex_pde": 2.904547691345215,
    "complex_ipde": 0.0,
    "chains_ptm": {
        "0": 0.17926084995269775
    },
    "pair_chains_iptm": {
        "0": {
            "0": 0.17926084995269775
        }
    }
}