{
    "confidence_score": 0.7331948280334473,
    "ptm": 0.9028893709182739,
    "iptm": 0.0,
    "ligand_iptm": 0.0,
    "protein_iptm": 0.0,
    "complex_plddt": 0.9164935350418091,
    "complex_iplddt": 0.0,
    "complex_pde": 0.4067966639995575,
    "complex_ipde": 0.0,
    "chains_ptm": {
        "0": 0.9028893709182739
    },
    "pair_chains_iptm": {
        "0": {
            "0": 0.9028893709182739
        }
    }
}