{
    "confidence_score": 0.7015232443809509,
    "ptm": 0.9111374020576477,
    "iptm": 0.0,
    "ligand_iptm": 0.0,
    "protein_iptm": 0.0,
    "complex_plddt": 0.8769040107727051,
    "complex_iplddt": 0.0,
    "complex_pde": 0.5524775385856628,
    "complex_ipde": 0.0,
    "chains_ptm": {
        "0": 0.9111374020576477
    },
    "pair_chains_iptm": {
        "0": {
            "0": 0.9111374020576477
        }
    }
}