{
    "confidence_score": 0.6762723922729492,
    "ptm": 0.7430530786514282,
    "iptm": 0.0,
    "ligand_iptm": 0.0,
    "protein_iptm": 0.0,
    "complex_plddt": 0.8453404903411865,
    "complex_iplddt": 0.0,
    "complex_pde": 0.6099836230278015,
    "complex_ipde": 0.0,
    "chains_ptm": {
        "0": 0.7430530786514282
    },
    "pair_chains_iptm": {
        "0": {
            "0": 0.7430530786514282
        }
    }
}