{
    "confidence_score": 0.703625500202179,
    "ptm": 0.7813379168510437,
    "iptm": 0.0,
    "ligand_iptm": 0.0,
    "protein_iptm": 0.0,
    "complex_plddt": 0.8795318603515625,
    "complex_iplddt": 0.0,
    "complex_pde": 0.578871488571167,
    "complex_ipde": 0.0,
    "chains_ptm": {
        "0": 0.7813379168510437
    },
    "pair_chains_iptm": {
        "0": {
            "0": 0.7813379168510437
        }
    }
}