{
    "confidence_score": 0.7301191687583923,
    "ptm": 0.9197123646736145,
    "iptm": 0.0,
    "ligand_iptm": 0.0,
    "protein_iptm": 0.0,
    "complex_plddt": 0.9126489758491516,
    "complex_iplddt": 0.0,
    "complex_pde": 0.41603797674179077,
    "complex_ipde": 0.0,
    "chains_ptm": {
        "0": 0.9197123646736145
    },
    "pair_chains_iptm": {
        "0": {
            "0": 0.9197123646736145
        }
    }
}