{
    "confidence_score": 0.6973921656608582,
    "ptm": 0.902313768863678,
    "iptm": 0.0,
    "ligand_iptm": 0.0,
    "protein_iptm": 0.0,
    "complex_plddt": 0.8717401623725891,
    "complex_iplddt": 0.0,
    "complex_pde": 0.531603991985321,
    "complex_ipde": 0.0,
    "chains_ptm": {
        "0": 0.902313768863678
    },
    "pair_chains_iptm": {
        "0": {
            "0": 0.902313768863678
        }
    }
}