{
    "confidence_score": 0.6440038084983826,
    "ptm": 0.6248800158500671,
    "iptm": 0.0,
    "ligand_iptm": 0.0,
    "protein_iptm": 0.0,
    "complex_plddt": 0.8050047159194946,
    "complex_iplddt": 0.0,
    "complex_pde": 1.2593331336975098,
    "complex_ipde": 0.0,
    "chains_ptm": {
        "0": 0.6248800158500671
    },
    "pair_chains_iptm": {
        "0": {
            "0": 0.6248800158500671
        }
    }
}