{
    "features": 6115.092623710632,
    "process_features_model_1_pred_0": 8.695822954177856,
    "predict_and_compile_model_1_pred_0": 406.27812790870667,
    "process_features_model_2_pred_0": 8.022760391235352,
    "predict_and_compile_model_2_pred_0": 372.9048421382904,
    "process_features_model_3_pred_0": 8.169540882110596,
    "predict_and_compile_model_3_pred_0": 348.56135082244873,
    "process_features_model_4_pred_0": 7.535814523696899,
    "predict_and_compile_model_4_pred_0": 345.07528495788574,
    "process_features_model_5_pred_0": 7.432233095169067,
    "predict_and_compile_model_5_pred_0": 320.5268576145172,
    "relax_model_5_pred_0": 64.52132320404053
}