{
    "confidence_score": 0.7226949334144592,
    "ptm": 0.9328318238258362,
    "iptm": 0.0,
    "ligand_iptm": 0.0,
    "protein_iptm": 0.0,
    "complex_plddt": 0.9033686518669128,
    "complex_iplddt": 0.0,
    "complex_pde": 0.43657371401786804,
    "complex_ipde": 0.0,
    "chains_ptm": {
        "0": 0.9328318238258362
    },
    "pair_chains_iptm": {
        "0": {
            "0": 0.9328318238258362
        }
    }
}