{
    "confidence_score": 0.6410362720489502,
    "ptm": 0.6269919872283936,
    "iptm": 0.0,
    "ligand_iptm": 0.0,
    "protein_iptm": 0.0,
    "complex_plddt": 0.8012953400611877,
    "complex_iplddt": 0.0,
    "complex_pde": 0.8116022348403931,
    "complex_ipde": 0.0,
    "chains_ptm": {
        "0": 0.6269919872283936
    },
    "pair_chains_iptm": {
        "0": {
            "0": 0.6269919872283936
        }
    }
}