{
    "confidence_score": 0.5564815402030945,
    "ptm": 0.7713543176651001,
    "iptm": 0.0,
    "ligand_iptm": 0.0,
    "protein_iptm": 0.0,
    "complex_plddt": 0.6956019401550293,
    "complex_iplddt": 0.0,
    "complex_pde": 0.8540894985198975,
    "complex_ipde": 0.0,
    "chains_ptm": {
        "0": 0.7713543176651001
    },
    "pair_chains_iptm": {
        "0": {
            "0": 0.7713543176651001
        }
    }
}