{
    "confidence_score": 0.698708176612854,
    "ptm": 0.812924861907959,
    "iptm": 0.0,
    "ligand_iptm": 0.0,
    "protein_iptm": 0.0,
    "complex_plddt": 0.8733851909637451,
    "complex_iplddt": 0.0,
    "complex_pde": 0.7929205298423767,
    "complex_ipde": 0.0,
    "chains_ptm": {
        "0": 0.812924861907959
    },
    "pair_chains_iptm": {
        "0": {
            "0": 0.812924861907959
        }
    }
}