{
    "confidence_score": 0.729594886302948,
    "ptm": 0.8926998376846313,
    "iptm": 0.0,
    "ligand_iptm": 0.0,
    "protein_iptm": 0.0,
    "complex_plddt": 0.9119935631752014,
    "complex_iplddt": 0.0,
    "complex_pde": 0.39279308915138245,
    "complex_ipde": 0.0,
    "chains_ptm": {
        "0": 0.8926998376846313
    },
    "pair_chains_iptm": {
        "0": {
            "0": 0.8926998376846313
        }
    }
}