{
    "confidence_score": 0.7368895411491394,
    "ptm": 0.900662899017334,
    "iptm": 0.0,
    "ligand_iptm": 0.0,
    "protein_iptm": 0.0,
    "complex_plddt": 0.9211118817329407,
    "complex_iplddt": 0.0,
    "complex_pde": 0.40078964829444885,
    "complex_ipde": 0.0,
    "chains_ptm": {
        "0": 0.900662899017334
    },
    "pair_chains_iptm": {
        "0": {
            "0": 0.900662899017334
        }
    }
}