{
    "confidence_score": 0.44356513023376465,
    "ptm": 0.2485247105360031,
    "iptm": 0.0,
    "ligand_iptm": 0.0,
    "protein_iptm": 0.0,
    "complex_plddt": 0.5544564127922058,
    "complex_iplddt": 0.0,
    "complex_pde": 3.6669976711273193,
    "complex_ipde": 0.0,
    "chains_ptm": {
        "0": 0.2485247105360031
    },
    "pair_chains_iptm": {
        "0": {
            "0": 0.2485247105360031
        }
    }
}