{
    "confidence_score": 0.6038946509361267,
    "ptm": 0.5501986742019653,
    "iptm": 0.0,
    "ligand_iptm": 0.0,
    "protein_iptm": 0.0,
    "complex_plddt": 0.7548682689666748,
    "complex_iplddt": 0.0,
    "complex_pde": 1.436031699180603,
    "complex_ipde": 0.0,
    "chains_ptm": {
        "0": 0.5501986742019653
    },
    "pair_chains_iptm": {
        "0": {
            "0": 0.5501986742019653
        }
    }
}