{
    "confidence_score": 0.7107552886009216,
    "ptm": 0.8646203279495239,
    "iptm": 0.0,
    "ligand_iptm": 0.0,
    "protein_iptm": 0.0,
    "complex_plddt": 0.8884440660476685,
    "complex_iplddt": 0.0,
    "complex_pde": 0.47056084871292114,
    "complex_ipde": 0.0,
    "chains_ptm": {
        "0": 0.8646203279495239
    },
    "pair_chains_iptm": {
        "0": {
            "0": 0.8646203279495239
        }
    }
}