{
    "confidence_score": 0.5642907023429871,
    "ptm": 0.4985935688018799,
    "iptm": 0.0,
    "ligand_iptm": 0.0,
    "protein_iptm": 0.0,
    "complex_plddt": 0.705363392829895,
    "complex_iplddt": 0.0,
    "complex_pde": 2.0694479942321777,
    "complex_ipde": 0.0,
    "chains_ptm": {
        "0": 0.4985935688018799
    },
    "pair_chains_iptm": {
        "0": {
            "0": 0.4985935688018799
        }
    }
}