{
    "confidence_score": 0.6094402074813843,
    "ptm": 0.42044490575790405,
    "iptm": 0.0,
    "ligand_iptm": 0.0,
    "protein_iptm": 0.0,
    "complex_plddt": 0.761800229549408,
    "complex_iplddt": 0.0,
    "complex_pde": 1.7923210859298706,
    "complex_ipde": 0.0,
    "chains_ptm": {
        "0": 0.42044490575790405
    },
    "pair_chains_iptm": {
        "0": {
            "0": 0.42044490575790405
        }
    }
}