{
    "confidence_score": 0.5033416152000427,
    "ptm": 0.32909727096557617,
    "iptm": 0.0,
    "ligand_iptm": 0.0,
    "protein_iptm": 0.0,
    "complex_plddt": 0.6291770339012146,
    "complex_iplddt": 0.0,
    "complex_pde": 2.053750514984131,
    "complex_ipde": 0.0,
    "chains_ptm": {
        "0": 0.32909727096557617
    },
    "pair_chains_iptm": {
        "0": {
            "0": 0.32909727096557617
        }
    }
}