{
    "confidence_score": 0.7521588802337646,
    "ptm": 0.9570714235305786,
    "iptm": 0.0,
    "ligand_iptm": 0.0,
    "protein_iptm": 0.0,
    "complex_plddt": 0.9401986002922058,
    "complex_iplddt": 0.0,
    "complex_pde": 0.34399375319480896,
    "complex_ipde": 0.0,
    "chains_ptm": {
        "0": 0.9570714235305786
    },
    "pair_chains_iptm": {
        "0": {
            "0": 0.9570714235305786
        }
    }
}