{
    "confidence_score": 0.5090025663375854,
    "ptm": 0.5772541761398315,
    "iptm": 0.0,
    "ligand_iptm": 0.0,
    "protein_iptm": 0.0,
    "complex_plddt": 0.6362531781196594,
    "complex_iplddt": 0.0,
    "complex_pde": 2.2576534748077393,
    "complex_ipde": 0.0,
    "chains_ptm": {
        "0": 0.5772541761398315
    },
    "pair_chains_iptm": {
        "0": {
            "0": 0.5772541761398315
        }
    }
}