{
    "confidence_score": 0.689046323299408,
    "ptm": 0.8422988653182983,
    "iptm": 0.0,
    "ligand_iptm": 0.0,
    "protein_iptm": 0.0,
    "complex_plddt": 0.8613078594207764,
    "complex_iplddt": 0.0,
    "complex_pde": 0.4719049334526062,
    "complex_ipde": 0.0,
    "chains_ptm": {
        "0": 0.8422988653182983
    },
    "pair_chains_iptm": {
        "0": {
            "0": 0.8422988653182983
        }
    }
}