{
    "confidence_score": 0.7041173577308655,
    "ptm": 0.8106128573417664,
    "iptm": 0.0,
    "ligand_iptm": 0.0,
    "protein_iptm": 0.0,
    "complex_plddt": 0.8801466822624207,
    "complex_iplddt": 0.0,
    "complex_pde": 0.4819923937320709,
    "complex_ipde": 0.0,
    "chains_ptm": {
        "0": 0.8106128573417664
    },
    "pair_chains_iptm": {
        "0": {
            "0": 0.8106128573417664
        }
    }
}