{
    "confidence_score": 0.6311740279197693,
    "ptm": 0.6255984902381897,
    "iptm": 0.0,
    "ligand_iptm": 0.0,
    "protein_iptm": 0.0,
    "complex_plddt": 0.7889675498008728,
    "complex_iplddt": 0.0,
    "complex_pde": 0.8195815086364746,
    "complex_ipde": 0.0,
    "chains_ptm": {
        "0": 0.6255984902381897
    },
    "pair_chains_iptm": {
        "0": {
            "0": 0.6255984902381897
        }
    }
}