{
    "confidence_score": 0.486455500125885,
    "ptm": 0.3333932161331177,
    "iptm": 0.0,
    "ligand_iptm": 0.0,
    "protein_iptm": 0.0,
    "complex_plddt": 0.6080693602561951,
    "complex_iplddt": 0.0,
    "complex_pde": 2.181425094604492,
    "complex_ipde": 0.0,
    "chains_ptm": {
        "0": 0.3333932161331177
    },
    "pair_chains_iptm": {
        "0": {
            "0": 0.3333932161331177
        }
    }
}