{
    "confidence_score": 0.7650737166404724,
    "ptm": 0.9451788663864136,
    "iptm": 0.0,
    "ligand_iptm": 0.0,
    "protein_iptm": 0.0,
    "complex_plddt": 0.9563421010971069,
    "complex_iplddt": 0.0,
    "complex_pde": 0.29971325397491455,
    "complex_ipde": 0.0,
    "chains_ptm": {
        "0": 0.9451788663864136
    },
    "pair_chains_iptm": {
        "0": {
            "0": 0.9451788663864136
        }
    }
}