{
    "confidence_score": 0.6018359661102295,
    "ptm": 0.555074155330658,
    "iptm": 0.0,
    "ligand_iptm": 0.0,
    "protein_iptm": 0.0,
    "complex_plddt": 0.7522949576377869,
    "complex_iplddt": 0.0,
    "complex_pde": 1.567746877670288,
    "complex_ipde": 0.0,
    "chains_ptm": {
        "0": 0.555074155330658
    },
    "pair_chains_iptm": {
        "0": {
            "0": 0.555074155330658
        }
    }
}