{
    "confidence_score": 0.6457424759864807,
    "ptm": 0.842084527015686,
    "iptm": 0.0,
    "ligand_iptm": 0.0,
    "protein_iptm": 0.0,
    "complex_plddt": 0.8071780800819397,
    "complex_iplddt": 0.0,
    "complex_pde": 0.5804629325866699,
    "complex_ipde": 0.0,
    "chains_ptm": {
        "0": 0.842084527015686
    },
    "pair_chains_iptm": {
        "0": {
            "0": 0.842084527015686
        }
    }
}