{
    "confidence_score": 0.6342328190803528,
    "ptm": 0.8239371180534363,
    "iptm": 0.0,
    "ligand_iptm": 0.0,
    "protein_iptm": 0.0,
    "complex_plddt": 0.7927910089492798,
    "complex_iplddt": 0.0,
    "complex_pde": 0.9281816482543945,
    "complex_ipde": 0.0,
    "chains_ptm": {
        "0": 0.8239371180534363
    },
    "pair_chains_iptm": {
        "0": {
            "0": 0.8239371180534363
        }
    }
}