{
    "confidence_score": 0.388060599565506,
    "ptm": 0.1959000676870346,
    "iptm": 0.0,
    "ligand_iptm": 0.0,
    "protein_iptm": 0.0,
    "complex_plddt": 0.4850757420063019,
    "complex_iplddt": 0.0,
    "complex_pde": 3.491399049758911,
    "complex_ipde": 0.0,
    "chains_ptm": {
        "0": 0.1959000676870346
    },
    "pair_chains_iptm": {
        "0": {
            "0": 0.1959000676870346
        }
    }
}