{
    "confidence_score": 0.5489020943641663,
    "ptm": 0.49007901549339294,
    "iptm": 0.0,
    "ligand_iptm": 0.0,
    "protein_iptm": 0.0,
    "complex_plddt": 0.6861276030540466,
    "complex_iplddt": 0.0,
    "complex_pde": 2.2111494541168213,
    "complex_ipde": 0.0,
    "chains_ptm": {
        "0": 0.49007901549339294
    },
    "pair_chains_iptm": {
        "0": {
            "0": 0.49007901549339294
        }
    }
}