{
    "confidence_score": 0.7413507699966431,
    "ptm": 0.9501084089279175,
    "iptm": 0.0,
    "ligand_iptm": 0.0,
    "protein_iptm": 0.0,
    "complex_plddt": 0.9266884326934814,
    "complex_iplddt": 0.0,
    "complex_pde": 0.35329508781433105,
    "complex_ipde": 0.0,
    "chains_ptm": {
        "0": 0.9501084089279175
    },
    "pair_chains_iptm": {
        "0": {
            "0": 0.9501084089279175
        }
    }
}