{
    "confidence_score": 0.6728466749191284,
    "ptm": 0.9045476913452148,
    "iptm": 0.0,
    "ligand_iptm": 0.0,
    "protein_iptm": 0.0,
    "complex_plddt": 0.8410583138465881,
    "complex_iplddt": 0.0,
    "complex_pde": 0.49608373641967773,
    "complex_ipde": 0.0,
    "chains_ptm": {
        "0": 0.9045476913452148
    },
    "pair_chains_iptm": {
        "0": {
            "0": 0.9045476913452148
        }
    }
}