{
    "confidence_score": 0.5992159843444824,
    "ptm": 0.7934445738792419,
    "iptm": 0.0,
    "ligand_iptm": 0.0,
    "protein_iptm": 0.0,
    "complex_plddt": 0.749019980430603,
    "complex_iplddt": 0.0,
    "complex_pde": 0.5528584122657776,
    "complex_ipde": 0.0,
    "chains_ptm": {
        "0": 0.7934445738792419
    },
    "pair_chains_iptm": {
        "0": {
            "0": 0.7934445738792419
        }
    }
}