{
    "confidence_score": 0.5077877640724182,
    "ptm": 0.7282116413116455,
    "iptm": 0.0,
    "ligand_iptm": 0.0,
    "protein_iptm": 0.0,
    "complex_plddt": 0.6347346901893616,
    "complex_iplddt": 0.0,
    "complex_pde": 1.5891783237457275,
    "complex_ipde": 0.0,
    "chains_ptm": {
        "0": 0.7282116413116455
    },
    "pair_chains_iptm": {
        "0": {
            "0": 0.7282116413116455
        }
    }
}