{
    "confidence_score": 0.7407200932502747,
    "ptm": 0.8458225131034851,
    "iptm": 0.0,
    "ligand_iptm": 0.0,
    "protein_iptm": 0.0,
    "complex_plddt": 0.9259001016616821,
    "complex_iplddt": 0.0,
    "complex_pde": 0.38162362575531006,
    "complex_ipde": 0.0,
    "chains_ptm": {
        "0": 0.8458225131034851
    },
    "pair_chains_iptm": {
        "0": {
            "0": 0.8458225131034851
        }
    }
}