{
    "confidence_score": 0.5400165915489197,
    "ptm": 0.5217360258102417,
    "iptm": 0.0,
    "ligand_iptm": 0.0,
    "protein_iptm": 0.0,
    "complex_plddt": 0.6750207543373108,
    "complex_iplddt": 0.0,
    "complex_pde": 0.7730613350868225,
    "complex_ipde": 0.0,
    "chains_ptm": {
        "0": 0.5217360258102417
    },
    "pair_chains_iptm": {
        "0": {
            "0": 0.5217360258102417
        }
    }
}