{
    "confidence_score": 0.618971586227417,
    "ptm": 0.551261842250824,
    "iptm": 0.0,
    "ligand_iptm": 0.0,
    "protein_iptm": 0.0,
    "complex_plddt": 0.7737144827842712,
    "complex_iplddt": 0.0,
    "complex_pde": 0.9869546294212341,
    "complex_ipde": 0.0,
    "chains_ptm": {
        "0": 0.551261842250824
    },
    "pair_chains_iptm": {
        "0": {
            "0": 0.551261842250824
        }
    }
}