{
    "confidence_score": 0.7557467818260193,
    "ptm": 0.9333582520484924,
    "iptm": 0.0,
    "ligand_iptm": 0.0,
    "protein_iptm": 0.0,
    "complex_plddt": 0.9446834325790405,
    "complex_iplddt": 0.0,
    "complex_pde": 0.3527272641658783,
    "complex_ipde": 0.0,
    "chains_ptm": {
        "0": 0.9333582520484924
    },
    "pair_chains_iptm": {
        "0": {
            "0": 0.9333582520484924
        }
    }
}