{
    "confidence_score": 0.6867694854736328,
    "ptm": 0.847548246383667,
    "iptm": 0.0,
    "ligand_iptm": 0.0,
    "protein_iptm": 0.0,
    "complex_plddt": 0.858461856842041,
    "complex_iplddt": 0.0,
    "complex_pde": 0.707768440246582,
    "complex_ipde": 0.0,
    "chains_ptm": {
        "0": 0.847548246383667
    },
    "pair_chains_iptm": {
        "0": {
            "0": 0.847548246383667
        }
    }
}