{
    "confidence_score": 0.6862968802452087,
    "ptm": 0.7401583790779114,
    "iptm": 0.0,
    "ligand_iptm": 0.0,
    "protein_iptm": 0.0,
    "complex_plddt": 0.8578710556030273,
    "complex_iplddt": 0.0,
    "complex_pde": 0.5105105638504028,
    "complex_ipde": 0.0,
    "chains_ptm": {
        "0": 0.7401583790779114
    },
    "pair_chains_iptm": {
        "0": {
            "0": 0.7401583790779114
        }
    }
}