{
    "confidence_score": 0.6963257789611816,
    "ptm": 0.9126251339912415,
    "iptm": 0.0,
    "ligand_iptm": 0.0,
    "protein_iptm": 0.0,
    "complex_plddt": 0.870407223701477,
    "complex_iplddt": 0.0,
    "complex_pde": 0.4978056252002716,
    "complex_ipde": 0.0,
    "chains_ptm": {
        "0": 0.9126251339912415
    },
    "pair_chains_iptm": {
        "0": {
            "0": 0.9126251339912415
        }
    }
}