{
    "confidence_score": 0.7002268433570862,
    "ptm": 0.7738268971443176,
    "iptm": 0.0,
    "ligand_iptm": 0.0,
    "protein_iptm": 0.0,
    "complex_plddt": 0.8752835392951965,
    "complex_iplddt": 0.0,
    "complex_pde": 0.5918089151382446,
    "complex_ipde": 0.0,
    "chains_ptm": {
        "0": 0.7738268971443176
    },
    "pair_chains_iptm": {
        "0": {
            "0": 0.7738268971443176
        }
    }
}