{
    "confidence_score": 0.7469679713249207,
    "ptm": 0.8805924654006958,
    "iptm": 0.0,
    "ligand_iptm": 0.0,
    "protein_iptm": 0.0,
    "complex_plddt": 0.933709979057312,
    "complex_iplddt": 0.0,
    "complex_pde": 0.3508172929286957,
    "complex_ipde": 0.0,
    "chains_ptm": {
        "0": 0.8805924654006958
    },
    "pair_chains_iptm": {
        "0": {
            "0": 0.8805924654006958
        }
    }
}