{
    "confidence_score": 0.749218761920929,
    "ptm": 0.9529730677604675,
    "iptm": 0.0,
    "ligand_iptm": 0.0,
    "protein_iptm": 0.0,
    "complex_plddt": 0.9365234375,
    "complex_iplddt": 0.0,
    "complex_pde": 0.36575695872306824,
    "complex_ipde": 0.0,
    "chains_ptm": {
        "0": 0.9529730677604675
    },
    "pair_chains_iptm": {
        "0": {
            "0": 0.9529730677604675
        }
    }
}