{
    "plddts": {
        "model_1_pred_0": 77.21335782964364,
        "model_2_pred_0": 78.0739873511075,
        "model_3_pred_0": 75.83911533208548,
        "model_4_pred_0": 80.41203119061781,
        "model_5_pred_0": 79.33602286823918
    },
    "order": [
        "model_4_pred_0",
        "model_5_pred_0",
        "model_2_pred_0",
        "model_1_pred_0",
        "model_3_pred_0"
    ]
}