{
    "features": 5320.793493270874,
    "process_features_model_1_pred_0": 12.441281080245972,
    "predict_and_compile_model_1_pred_0": 365.08378624916077,
    "process_features_model_2_pred_0": 17.2683424949646,
    "predict_and_compile_model_2_pred_0": 319.2214982509613,
    "process_features_model_3_pred_0": 12.363460302352905,
    "predict_and_compile_model_3_pred_0": 297.8315255641937,
    "process_features_model_4_pred_0": 12.445005416870117,
    "predict_and_compile_model_4_pred_0": 296.40497398376465,
    "process_features_model_5_pred_0": 12.173252820968628,
    "predict_and_compile_model_5_pred_0": 271.2578980922699,
    "relax_model_4_pred_0": 62.22211527824402
}