{
    "plddts": {
        "model_1_pred_0": 85.19736413032534,
        "model_2_pred_0": 84.80889440743842,
        "model_3_pred_0": 86.70856015683643,
        "model_4_pred_0": 85.15071683132248,
        "model_5_pred_0": 85.64301070430989
    },
    "order": [
        "model_3_pred_0",
        "model_5_pred_0",
        "model_1_pred_0",
        "model_4_pred_0",
        "model_2_pred_0"
    ]
}