{
    "features": 4860.6755928993225,
    "process_features_model_1_pred_0": 13.807082414627075,
    "predict_and_compile_model_1_pred_0": 387.37187480926514,
    "process_features_model_2_pred_0": 13.79234528541565,
    "predict_and_compile_model_2_pred_0": 353.4297151565552,
    "process_features_model_3_pred_0": 14.811232089996338,
    "predict_and_compile_model_3_pred_0": 328.4625155925751,
    "process_features_model_4_pred_0": 13.155874252319336,
    "predict_and_compile_model_4_pred_0": 327.79620122909546,
    "process_features_model_5_pred_0": 14.129987478256226,
    "predict_and_compile_model_5_pred_0": 305.3128869533539,
    "relax_model_3_pred_0": 68.6542866230011
}