{
    "confidence_score": 0.7115932703018188,
    "ptm": 0.893500566482544,
    "iptm": 0.0,
    "ligand_iptm": 0.0,
    "protein_iptm": 0.0,
    "complex_plddt": 0.8894915580749512,
    "complex_iplddt": 0.0,
    "complex_pde": 0.6724453568458557,
    "complex_ipde": 0.0,
    "chains_ptm": {
        "0": 0.893500566482544
    },
    "pair_chains_iptm": {
        "0": {
            "0": 0.893500566482544
        }
    }
}