{
    "confidence_score": 0.5914000272750854,
    "ptm": 0.5746453404426575,
    "iptm": 0.0,
    "ligand_iptm": 0.0,
    "protein_iptm": 0.0,
    "complex_plddt": 0.7392500042915344,
    "complex_iplddt": 0.0,
    "complex_pde": 1.1794898509979248,
    "complex_ipde": 0.0,
    "chains_ptm": {
        "0": 0.5746453404426575
    },
    "pair_chains_iptm": {
        "0": {
            "0": 0.5746453404426575
        }
    }
}