{
    "confidence_score": 0.4450070559978485,
    "ptm": 0.47054168581962585,
    "iptm": 0.0,
    "ligand_iptm": 0.0,
    "protein_iptm": 0.0,
    "complex_plddt": 0.5562587976455688,
    "complex_iplddt": 0.0,
    "complex_pde": 1.7854355573654175,
    "complex_ipde": 0.0,
    "chains_ptm": {
        "0": 0.47054168581962585
    },
    "pair_chains_iptm": {
        "0": {
            "0": 0.47054168581962585
        }
    }
}