{
    "confidence_score": 0.6513409614562988,
    "ptm": 0.6621376276016235,
    "iptm": 0.0,
    "ligand_iptm": 0.0,
    "protein_iptm": 0.0,
    "complex_plddt": 0.8141762018203735,
    "complex_iplddt": 0.0,
    "complex_pde": 1.339975357055664,
    "complex_ipde": 0.0,
    "chains_ptm": {
        "0": 0.6621376276016235
    },
    "pair_chains_iptm": {
        "0": {
            "0": 0.6621376276016235
        }
    }
}