{
    "confidence_score": 0.5916624069213867,
    "ptm": 0.5585289597511292,
    "iptm": 0.0,
    "ligand_iptm": 0.0,
    "protein_iptm": 0.0,
    "complex_plddt": 0.7395780086517334,
    "complex_iplddt": 0.0,
    "complex_pde": 1.2638771533966064,
    "complex_ipde": 0.0,
    "chains_ptm": {
        "0": 0.5585289597511292
    },
    "pair_chains_iptm": {
        "0": {
            "0": 0.5585289597511292
        }
    }
}