{
    "confidence_score": 0.654930055141449,
    "ptm": 0.8940207958221436,
    "iptm": 0.0,
    "ligand_iptm": 0.0,
    "protein_iptm": 0.0,
    "complex_plddt": 0.8186625242233276,
    "complex_iplddt": 0.0,
    "complex_pde": 0.634762704372406,
    "complex_ipde": 0.0,
    "chains_ptm": {
        "0": 0.8940207958221436
    },
    "pair_chains_iptm": {
        "0": {
            "0": 0.8940207958221436
        }
    }
}