{
    "confidence_score": 0.7371195554733276,
    "ptm": 0.9371041655540466,
    "iptm": 0.0,
    "ligand_iptm": 0.0,
    "protein_iptm": 0.0,
    "complex_plddt": 0.9213994145393372,
    "complex_iplddt": 0.0,
    "complex_pde": 0.34564557671546936,
    "complex_ipde": 0.0,
    "chains_ptm": {
        "0": 0.9371041655540466
    },
    "pair_chains_iptm": {
        "0": {
            "0": 0.9371041655540466
        }
    }
}