{
    "confidence_score": 0.31116482615470886,
    "ptm": 0.26802363991737366,
    "iptm": 0.0,
    "ligand_iptm": 0.0,
    "protein_iptm": 0.0,
    "complex_plddt": 0.3889560103416443,
    "complex_iplddt": 0.0,
    "complex_pde": 4.561872959136963,
    "complex_ipde": 0.0,
    "chains_ptm": {
        "0": 0.26802363991737366
    },
    "pair_chains_iptm": {
        "0": {
            "0": 0.26802363991737366
        }
    }
}