{
    "confidence_score": 0.5549460053443909,
    "ptm": 0.8043448328971863,
    "iptm": 0.0,
    "ligand_iptm": 0.0,
    "protein_iptm": 0.0,
    "complex_plddt": 0.6936824917793274,
    "complex_iplddt": 0.0,
    "complex_pde": 0.9123237729072571,
    "complex_ipde": 0.0,
    "chains_ptm": {
        "0": 0.8043448328971863
    },
    "pair_chains_iptm": {
        "0": {
            "0": 0.8043448328971863
        }
    }
}