{
    "confidence_score": 0.7212176322937012,
    "ptm": 0.9446998834609985,
    "iptm": 0.0,
    "ligand_iptm": 0.0,
    "protein_iptm": 0.0,
    "complex_plddt": 0.9015220403671265,
    "complex_iplddt": 0.0,
    "complex_pde": 0.3924691677093506,
    "complex_ipde": 0.0,
    "chains_ptm": {
        "0": 0.9446998834609985
    },
    "pair_chains_iptm": {
        "0": {
            "0": 0.9446998834609985
        }
    }
}