{
    "confidence_score": 0.7243196368217468,
    "ptm": 0.9208527207374573,
    "iptm": 0.0,
    "ligand_iptm": 0.0,
    "protein_iptm": 0.0,
    "complex_plddt": 0.9053995013237,
    "complex_iplddt": 0.0,
    "complex_pde": 0.4833472669124603,
    "complex_ipde": 0.0,
    "chains_ptm": {
        "0": 0.9208527207374573
    },
    "pair_chains_iptm": {
        "0": {
            "0": 0.9208527207374573
        }
    }
}