{
    "confidence_score": 0.5851647257804871,
    "ptm": 0.5713868141174316,
    "iptm": 0.0,
    "ligand_iptm": 0.0,
    "protein_iptm": 0.0,
    "complex_plddt": 0.73145592212677,
    "complex_iplddt": 0.0,
    "complex_pde": 0.8323352932929993,
    "complex_ipde": 0.0,
    "chains_ptm": {
        "0": 0.5713868141174316
    },
    "pair_chains_iptm": {
        "0": {
            "0": 0.5713868141174316
        }
    }
}