{
    "confidence_score": 0.7248620390892029,
    "ptm": 0.9161339402198792,
    "iptm": 0.0,
    "ligand_iptm": 0.0,
    "protein_iptm": 0.0,
    "complex_plddt": 0.90607750415802,
    "complex_iplddt": 0.0,
    "complex_pde": 0.3769170045852661,
    "complex_ipde": 0.0,
    "chains_ptm": {
        "0": 0.9161339402198792
    },
    "pair_chains_iptm": {
        "0": {
            "0": 0.9161339402198792
        }
    }
}