{
    "confidence_score": 0.5244559049606323,
    "ptm": 0.551448404788971,
    "iptm": 0.0,
    "ligand_iptm": 0.0,
    "protein_iptm": 0.0,
    "complex_plddt": 0.655569851398468,
    "complex_iplddt": 0.0,
    "complex_pde": 2.368283987045288,
    "complex_ipde": 0.0,
    "chains_ptm": {
        "0": 0.551448404788971
    },
    "pair_chains_iptm": {
        "0": {
            "0": 0.551448404788971
        }
    }
}