{
    "plddts": {
        "model_1_pred_0": 66.62453269293272,
        "model_2_pred_0": 64.35352596179922,
        "model_3_pred_0": 69.16326407227535,
        "model_4_pred_0": 71.84829589565648,
        "model_5_pred_0": 72.1062580943837
    },
    "order": [
        "model_5_pred_0",
        "model_4_pred_0",
        "model_3_pred_0",
        "model_1_pred_0",
        "model_2_pred_0"
    ]
}