{
    "features": 3545.5471527576447,
    "process_features_model_1_pred_0": 3.238002300262451,
    "predict_and_compile_model_1_pred_0": 330.86661028862,
    "process_features_model_2_pred_0": 3.45485782623291,
    "predict_and_compile_model_2_pred_0": 301.8118176460266,
    "process_features_model_3_pred_0": 2.791069507598877,
    "predict_and_compile_model_3_pred_0": 275.5676052570343,
    "process_features_model_4_pred_0": 2.721912145614624,
    "predict_and_compile_model_4_pred_0": 269.3457705974579,
    "process_features_model_5_pred_0": 2.652304172515869,
    "predict_and_compile_model_5_pred_0": 251.32637214660645,
    "relax_model_5_pred_0": 57.89384651184082
}