{
    "confidence_score": 0.34174200892448425,
    "ptm": 0.258028507232666,
    "iptm": 0.0,
    "ligand_iptm": 0.0,
    "protein_iptm": 0.0,
    "complex_plddt": 0.4271775186061859,
    "complex_iplddt": 0.0,
    "complex_pde": 3.388197422027588,
    "complex_ipde": 0.0,
    "chains_ptm": {
        "0": 0.258028507232666
    },
    "pair_chains_iptm": {
        "0": {
            "0": 0.258028507232666
        }
    }
}