{
    "confidence_score": 0.3520636558532715,
    "ptm": 0.3878712058067322,
    "iptm": 0.0,
    "ligand_iptm": 0.0,
    "protein_iptm": 0.0,
    "complex_plddt": 0.44007956981658936,
    "complex_iplddt": 0.0,
    "complex_pde": 2.343627452850342,
    "complex_ipde": 0.0,
    "chains_ptm": {
        "0": 0.3878712058067322
    },
    "pair_chains_iptm": {
        "0": {
            "0": 0.3878712058067322
        }
    }
}