{
    "plddts": {
        "model_1_pred_0": 86.71314470598294,
        "model_2_pred_0": 86.26847990776773,
        "model_3_pred_0": 88.62426411589507,
        "model_4_pred_0": 87.13200787940093,
        "model_5_pred_0": 85.39816385255072
    },
    "order": [
        "model_3_pred_0",
        "model_4_pred_0",
        "model_1_pred_0",
        "model_2_pred_0",
        "model_5_pred_0"
    ]
}