{
    "plddts": {
        "model_1_pred_0": 84.80983500258112,
        "model_2_pred_0": 83.48095075719705,
        "model_3_pred_0": 84.61880836022921,
        "model_4_pred_0": 84.10046389481731,
        "model_5_pred_0": 82.79040710714986
    },
    "order": [
        "model_1_pred_0",
        "model_3_pred_0",
        "model_4_pred_0",
        "model_2_pred_0",
        "model_5_pred_0"
    ]
}