{
    "confidence_score": 0.5522370934486389,
    "ptm": 0.31635069847106934,
    "iptm": 0.0,
    "ligand_iptm": 0.0,
    "protein_iptm": 0.0,
    "complex_plddt": 0.6902963519096375,
    "complex_iplddt": 0.0,
    "complex_pde": 1.2054778337478638,
    "complex_ipde": 0.0,
    "chains_ptm": {
        "0": 0.31635069847106934
    },
    "pair_chains_iptm": {
        "0": {
            "0": 0.31635069847106934
        }
    }
}