{
    "confidence_score": 0.6989080905914307,
    "ptm": 0.8958967328071594,
    "iptm": 0.0,
    "ligand_iptm": 0.0,
    "protein_iptm": 0.0,
    "complex_plddt": 0.8736351132392883,
    "complex_iplddt": 0.0,
    "complex_pde": 0.5188257098197937,
    "complex_ipde": 0.0,
    "chains_ptm": {
        "0": 0.8958967328071594
    },
    "pair_chains_iptm": {
        "0": {
            "0": 0.8958967328071594
        }
    }
}