{
    "features": 7795.276851415634,
    "process_features_model_1_pred_0": 19.802043199539185,
    "predict_and_compile_model_1_pred_0": 575.9708530902863,
    "process_features_model_2_pred_0": 20.461769104003906,
    "predict_and_compile_model_2_pred_0": 526.9343333244324,
    "process_features_model_3_pred_0": 27.29797625541687,
    "predict_and_compile_model_3_pred_0": 493.45081615448,
    "process_features_model_4_pred_0": 20.96309232711792,
    "predict_and_compile_model_4_pred_0": 494.5672433376312,
    "process_features_model_5_pred_0": 20.274625301361084,
    "predict_and_compile_model_5_pred_0": 450.33454513549805,
    "relax_model_4_pred_0": 106.86001777648926
}