{
    "confidence_score": 0.7364477515220642,
    "ptm": 0.9072792530059814,
    "iptm": 0.0,
    "ligand_iptm": 0.0,
    "protein_iptm": 0.0,
    "complex_plddt": 0.9205596446990967,
    "complex_iplddt": 0.0,
    "complex_pde": 0.4418894648551941,
    "complex_ipde": 0.0,
    "chains_ptm": {
        "0": 0.9072792530059814
    },
    "pair_chains_iptm": {
        "0": {
            "0": 0.9072792530059814
        }
    }
}