{
    "confidence_score": 0.6469689607620239,
    "ptm": 0.7949293851852417,
    "iptm": 0.0,
    "ligand_iptm": 0.0,
    "protein_iptm": 0.0,
    "complex_plddt": 0.8087111711502075,
    "complex_iplddt": 0.0,
    "complex_pde": 0.7384921908378601,
    "complex_ipde": 0.0,
    "chains_ptm": {
        "0": 0.7949293851852417
    },
    "pair_chains_iptm": {
        "0": {
            "0": 0.7949293851852417
        }
    }
}