{
    "confidence_score": 0.7323737144470215,
    "ptm": 0.9400038719177246,
    "iptm": 0.0,
    "ligand_iptm": 0.0,
    "protein_iptm": 0.0,
    "complex_plddt": 0.9154671430587769,
    "complex_iplddt": 0.0,
    "complex_pde": 0.37151622772216797,
    "complex_ipde": 0.0,
    "chains_ptm": {
        "0": 0.9400038719177246
    },
    "pair_chains_iptm": {
        "0": {
            "0": 0.9400038719177246
        }
    }
}