{
    "confidence_score": 0.7255731821060181,
    "ptm": 0.9192637205123901,
    "iptm": 0.0,
    "ligand_iptm": 0.0,
    "protein_iptm": 0.0,
    "complex_plddt": 0.9069664478302002,
    "complex_iplddt": 0.0,
    "complex_pde": 0.4981299936771393,
    "complex_ipde": 0.0,
    "chains_ptm": {
        "0": 0.9192637205123901
    },
    "pair_chains_iptm": {
        "0": {
            "0": 0.9192637205123901
        }
    }
}