{
    "confidence_score": 0.606805145740509,
    "ptm": 0.751945436000824,
    "iptm": 0.0,
    "ligand_iptm": 0.0,
    "protein_iptm": 0.0,
    "complex_plddt": 0.7585064172744751,
    "complex_iplddt": 0.0,
    "complex_pde": 1.7018946409225464,
    "complex_ipde": 0.0,
    "chains_ptm": {
        "0": 0.751945436000824
    },
    "pair_chains_iptm": {
        "0": {
            "0": 0.751945436000824
        }
    }
}