{
    "confidence_score": 0.5439803004264832,
    "ptm": 0.6765861511230469,
    "iptm": 0.0,
    "ligand_iptm": 0.0,
    "protein_iptm": 0.0,
    "complex_plddt": 0.6799753308296204,
    "complex_iplddt": 0.0,
    "complex_pde": 1.0360490083694458,
    "complex_ipde": 0.0,
    "chains_ptm": {
        "0": 0.6765861511230469
    },
    "pair_chains_iptm": {
        "0": {
            "0": 0.6765861511230469
        }
    }
}