{
    "confidence_score": 0.6905717253684998,
    "ptm": 0.9311710000038147,
    "iptm": 0.0,
    "ligand_iptm": 0.0,
    "protein_iptm": 0.0,
    "complex_plddt": 0.8632146120071411,
    "complex_iplddt": 0.0,
    "complex_pde": 0.5375829935073853,
    "complex_ipde": 0.0,
    "chains_ptm": {
        "0": 0.9311710000038147
    },
    "pair_chains_iptm": {
        "0": {
            "0": 0.9311710000038147
        }
    }
}