{
    "confidence_score": 0.7521204352378845,
    "ptm": 0.9445512890815735,
    "iptm": 0.0,
    "ligand_iptm": 0.0,
    "protein_iptm": 0.0,
    "complex_plddt": 0.9401505589485168,
    "complex_iplddt": 0.0,
    "complex_pde": 0.3265446722507477,
    "complex_ipde": 0.0,
    "chains_ptm": {
        "0": 0.9445512890815735
    },
    "pair_chains_iptm": {
        "0": {
            "0": 0.9445512890815735
        }
    }
}