{
    "confidence_score": 0.7424272298812866,
    "ptm": 0.9511114358901978,
    "iptm": 0.0,
    "ligand_iptm": 0.0,
    "protein_iptm": 0.0,
    "complex_plddt": 0.9280340075492859,
    "complex_iplddt": 0.0,
    "complex_pde": 0.3443250060081482,
    "complex_ipde": 0.0,
    "chains_ptm": {
        "0": 0.9511114358901978
    },
    "pair_chains_iptm": {
        "0": {
            "0": 0.9511114358901978
        }
    }
}