{
    "confidence_score": 0.54207843542099,
    "ptm": 0.5170895457267761,
    "iptm": 0.0,
    "ligand_iptm": 0.0,
    "protein_iptm": 0.0,
    "complex_plddt": 0.6775980591773987,
    "complex_iplddt": 0.0,
    "complex_pde": 1.7621431350708008,
    "complex_ipde": 0.0,
    "chains_ptm": {
        "0": 0.5170895457267761
    },
    "pair_chains_iptm": {
        "0": {
            "0": 0.5170895457267761
        }
    }
}