{
    "confidence_score": 0.5984296202659607,
    "ptm": 0.7092739343643188,
    "iptm": 0.0,
    "ligand_iptm": 0.0,
    "protein_iptm": 0.0,
    "complex_plddt": 0.7480370402336121,
    "complex_iplddt": 0.0,
    "complex_pde": 0.6139429211616516,
    "complex_ipde": 0.0,
    "chains_ptm": {
        "0": 0.7092739343643188
    },
    "pair_chains_iptm": {
        "0": {
            "0": 0.7092739343643188
        }
    }
}