{
    "confidence_score": 0.7223485708236694,
    "ptm": 0.8333554863929749,
    "iptm": 0.0,
    "ligand_iptm": 0.0,
    "protein_iptm": 0.0,
    "complex_plddt": 0.9029356837272644,
    "complex_iplddt": 0.0,
    "complex_pde": 0.6266160607337952,
    "complex_ipde": 0.0,
    "chains_ptm": {
        "0": 0.8333554863929749
    },
    "pair_chains_iptm": {
        "0": {
            "0": 0.8333554863929749
        }
    }
}