{
    "confidence_score": 0.7207948565483093,
    "ptm": 0.8988596200942993,
    "iptm": 0.0,
    "ligand_iptm": 0.0,
    "protein_iptm": 0.0,
    "complex_plddt": 0.9009935855865479,
    "complex_iplddt": 0.0,
    "complex_pde": 0.5408763885498047,
    "complex_ipde": 0.0,
    "chains_ptm": {
        "0": 0.8988596200942993
    },
    "pair_chains_iptm": {
        "0": {
            "0": 0.8988596200942993
        }
    }
}