{
    "confidence_score": 0.6421791911125183,
    "ptm": 0.8480790257453918,
    "iptm": 0.0,
    "ligand_iptm": 0.0,
    "protein_iptm": 0.0,
    "complex_plddt": 0.8027239441871643,
    "complex_iplddt": 0.0,
    "complex_pde": 0.666792631149292,
    "complex_ipde": 0.0,
    "chains_ptm": {
        "0": 0.8480790257453918
    },
    "pair_chains_iptm": {
        "0": {
            "0": 0.8480790257453918
        }
    }
}