{
    "confidence_score": 0.7436407208442688,
    "ptm": 0.9540271162986755,
    "iptm": 0.0,
    "ligand_iptm": 0.0,
    "protein_iptm": 0.0,
    "complex_plddt": 0.9295508861541748,
    "complex_iplddt": 0.0,
    "complex_pde": 0.31271126866340637,
    "complex_ipde": 0.0,
    "chains_ptm": {
        "0": 0.9540271162986755
    },
    "pair_chains_iptm": {
        "0": {
            "0": 0.9540271162986755
        }
    }
}