{
    "confidence_score": 0.6912238001823425,
    "ptm": 0.8831757307052612,
    "iptm": 0.0,
    "ligand_iptm": 0.0,
    "protein_iptm": 0.0,
    "complex_plddt": 0.8640297651290894,
    "complex_iplddt": 0.0,
    "complex_pde": 0.539775013923645,
    "complex_ipde": 0.0,
    "chains_ptm": {
        "0": 0.8831757307052612
    },
    "pair_chains_iptm": {
        "0": {
            "0": 0.8831757307052612
        }
    }
}