{
    "confidence_score": 0.4822964668273926,
    "ptm": 0.3272789716720581,
    "iptm": 0.0,
    "ligand_iptm": 0.0,
    "protein_iptm": 0.0,
    "complex_plddt": 0.6028705835342407,
    "complex_iplddt": 0.0,
    "complex_pde": 1.5842750072479248,
    "complex_ipde": 0.0,
    "chains_ptm": {
        "0": 0.3272789716720581
    },
    "pair_chains_iptm": {
        "0": {
            "0": 0.3272789716720581
        }
    }
}