{
    "confidence_score": 0.7341839671134949,
    "ptm": 0.8108876347541809,
    "iptm": 0.0,
    "ligand_iptm": 0.0,
    "protein_iptm": 0.0,
    "complex_plddt": 0.917729914188385,
    "complex_iplddt": 0.0,
    "complex_pde": 0.5129145979881287,
    "complex_ipde": 0.0,
    "chains_ptm": {
        "0": 0.8108876347541809
    },
    "pair_chains_iptm": {
        "0": {
            "0": 0.8108876347541809
        }
    }
}