{
    "confidence_score": 0.5462871789932251,
    "ptm": 0.38889873027801514,
    "iptm": 0.0,
    "ligand_iptm": 0.0,
    "protein_iptm": 0.0,
    "complex_plddt": 0.682858943939209,
    "complex_iplddt": 0.0,
    "complex_pde": 1.130625605583191,
    "complex_ipde": 0.0,
    "chains_ptm": {
        "0": 0.38889873027801514
    },
    "pair_chains_iptm": {
        "0": {
            "0": 0.38889873027801514
        }
    }
}