{
    "confidence_score": 0.5951467752456665,
    "ptm": 0.6582956910133362,
    "iptm": 0.0,
    "ligand_iptm": 0.0,
    "protein_iptm": 0.0,
    "complex_plddt": 0.7439334392547607,
    "complex_iplddt": 0.0,
    "complex_pde": 0.945208728313446,
    "complex_ipde": 0.0,
    "chains_ptm": {
        "0": 0.6582956910133362
    },
    "pair_chains_iptm": {
        "0": {
            "0": 0.6582956910133362
        }
    }
}