{
    "confidence_score": 0.3915484845638275,
    "ptm": 0.26900798082351685,
    "iptm": 0.0,
    "ligand_iptm": 0.0,
    "protein_iptm": 0.0,
    "complex_plddt": 0.4894355833530426,
    "complex_iplddt": 0.0,
    "complex_pde": 2.345392942428589,
    "complex_ipde": 0.0,
    "chains_ptm": {
        "0": 0.26900798082351685
    },
    "pair_chains_iptm": {
        "0": {
            "0": 0.26900798082351685
        }
    }
}