{
    "confidence_score": 0.6843715906143188,
    "ptm": 0.8408430814743042,
    "iptm": 0.0,
    "ligand_iptm": 0.0,
    "protein_iptm": 0.0,
    "complex_plddt": 0.8554644584655762,
    "complex_iplddt": 0.0,
    "complex_pde": 0.6870815753936768,
    "complex_ipde": 0.0,
    "chains_ptm": {
        "0": 0.8408430814743042
    },
    "pair_chains_iptm": {
        "0": {
            "0": 0.8408430814743042
        }
    }
}