{
    "confidence_score": 0.6291055083274841,
    "ptm": 0.4089905023574829,
    "iptm": 0.0,
    "ligand_iptm": 0.0,
    "protein_iptm": 0.0,
    "complex_plddt": 0.7863819003105164,
    "complex_iplddt": 0.0,
    "complex_pde": 1.55396568775177,
    "complex_ipde": 0.0,
    "chains_ptm": {
        "0": 0.4089905023574829
    },
    "pair_chains_iptm": {
        "0": {
            "0": 0.4089905023574829
        }
    }
}