{
    "confidence_score": 0.7477795481681824,
    "ptm": 0.9452542662620544,
    "iptm": 0.0,
    "ligand_iptm": 0.0,
    "protein_iptm": 0.0,
    "complex_plddt": 0.9347243905067444,
    "complex_iplddt": 0.0,
    "complex_pde": 0.3419507145881653,
    "complex_ipde": 0.0,
    "chains_ptm": {
        "0": 0.9452542662620544
    },
    "pair_chains_iptm": {
        "0": {
            "0": 0.9452542662620544
        }
    }
}