{
    "confidence_score": 0.6001291871070862,
    "ptm": 0.6511648297309875,
    "iptm": 0.0,
    "ligand_iptm": 0.0,
    "protein_iptm": 0.0,
    "complex_plddt": 0.7501614689826965,
    "complex_iplddt": 0.0,
    "complex_pde": 0.8461315631866455,
    "complex_ipde": 0.0,
    "chains_ptm": {
        "0": 0.6511648297309875
    },
    "pair_chains_iptm": {
        "0": {
            "0": 0.6511648297309875
        }
    }
}