{
    "confidence_score": 0.6808778643608093,
    "ptm": 0.838241457939148,
    "iptm": 0.0,
    "ligand_iptm": 0.0,
    "protein_iptm": 0.0,
    "complex_plddt": 0.8510973453521729,
    "complex_iplddt": 0.0,
    "complex_pde": 0.5620771646499634,
    "complex_ipde": 0.0,
    "chains_ptm": {
        "0": 0.838241457939148
    },
    "pair_chains_iptm": {
        "0": {
            "0": 0.838241457939148
        }
    }
}