{
    "confidence_score": 0.3408677577972412,
    "ptm": 0.3152081072330475,
    "iptm": 0.0,
    "ligand_iptm": 0.0,
    "protein_iptm": 0.0,
    "complex_plddt": 0.4260846972465515,
    "complex_iplddt": 0.0,
    "complex_pde": 2.665107488632202,
    "complex_ipde": 0.0,
    "chains_ptm": {
        "0": 0.3152081072330475
    },
    "pair_chains_iptm": {
        "0": {
            "0": 0.3152081072330475
        }
    }
}