{
    "confidence_score": 0.6354541182518005,
    "ptm": 0.6471449136734009,
    "iptm": 0.0,
    "ligand_iptm": 0.0,
    "protein_iptm": 0.0,
    "complex_plddt": 0.7943176031112671,
    "complex_iplddt": 0.0,
    "complex_pde": 1.0340038537979126,
    "complex_ipde": 0.0,
    "chains_ptm": {
        "0": 0.6471449136734009
    },
    "pair_chains_iptm": {
        "0": {
            "0": 0.6471449136734009
        }
    }
}