{
    "confidence_score": 0.7357246279716492,
    "ptm": 0.8346614837646484,
    "iptm": 0.0,
    "ligand_iptm": 0.0,
    "protein_iptm": 0.0,
    "complex_plddt": 0.9196557998657227,
    "complex_iplddt": 0.0,
    "complex_pde": 0.4265710711479187,
    "complex_ipde": 0.0,
    "chains_ptm": {
        "0": 0.8346614837646484
    },
    "pair_chains_iptm": {
        "0": {
            "0": 0.8346614837646484
        }
    }
}