{
    "confidence_score": 0.6903302669525146,
    "ptm": 0.7681618332862854,
    "iptm": 0.0,
    "ligand_iptm": 0.0,
    "protein_iptm": 0.0,
    "complex_plddt": 0.8629128336906433,
    "complex_iplddt": 0.0,
    "complex_pde": 0.4887138307094574,
    "complex_ipde": 0.0,
    "chains_ptm": {
        "0": 0.7681618332862854
    },
    "pair_chains_iptm": {
        "0": {
            "0": 0.7681618332862854
        }
    }
}