{
    "confidence_score": 0.7425351142883301,
    "ptm": 0.9441083073616028,
    "iptm": 0.0,
    "ligand_iptm": 0.0,
    "protein_iptm": 0.0,
    "complex_plddt": 0.9281688928604126,
    "complex_iplddt": 0.0,
    "complex_pde": 0.35238680243492126,
    "complex_ipde": 0.0,
    "chains_ptm": {
        "0": 0.9441083073616028
    },
    "pair_chains_iptm": {
        "0": {
            "0": 0.9441083073616028
        }
    }
}