{
    "confidence_score": 0.5559114813804626,
    "ptm": 0.7444732189178467,
    "iptm": 0.0,
    "ligand_iptm": 0.0,
    "protein_iptm": 0.0,
    "complex_plddt": 0.6948893070220947,
    "complex_iplddt": 0.0,
    "complex_pde": 0.4946496784687042,
    "complex_ipde": 0.0,
    "chains_ptm": {
        "0": 0.7444732189178467
    },
    "pair_chains_iptm": {
        "0": {
            "0": 0.7444732189178467
        }
    }
}