{
    "confidence_score": 0.6951791644096375,
    "ptm": 0.8666844367980957,
    "iptm": 0.0,
    "ligand_iptm": 0.0,
    "protein_iptm": 0.0,
    "complex_plddt": 0.8689739108085632,
    "complex_iplddt": 0.0,
    "complex_pde": 0.4990285634994507,
    "complex_ipde": 0.0,
    "chains_ptm": {
        "0": 0.8666844367980957
    },
    "pair_chains_iptm": {
        "0": {
            "0": 0.8666844367980957
        }
    }
}