{
    "confidence_score": 0.6817783117294312,
    "ptm": 0.9120427966117859,
    "iptm": 0.0,
    "ligand_iptm": 0.0,
    "protein_iptm": 0.0,
    "complex_plddt": 0.8522228598594666,
    "complex_iplddt": 0.0,
    "complex_pde": 0.4118095636367798,
    "complex_ipde": 0.0,
    "chains_ptm": {
        "0": 0.9120427966117859
    },
    "pair_chains_iptm": {
        "0": {
            "0": 0.9120427966117859
        }
    }
}