{
    "confidence_score": 0.7191092371940613,
    "ptm": 0.8941080570220947,
    "iptm": 0.0,
    "ligand_iptm": 0.0,
    "protein_iptm": 0.0,
    "complex_plddt": 0.8988865613937378,
    "complex_iplddt": 0.0,
    "complex_pde": 0.4111104905605316,
    "complex_ipde": 0.0,
    "chains_ptm": {
        "0": 0.8941080570220947
    },
    "pair_chains_iptm": {
        "0": {
            "0": 0.8941080570220947
        }
    }
}