{
    "confidence_score": 0.6423026919364929,
    "ptm": 0.7765666842460632,
    "iptm": 0.0,
    "ligand_iptm": 0.0,
    "protein_iptm": 0.0,
    "complex_plddt": 0.8028783202171326,
    "complex_iplddt": 0.0,
    "complex_pde": 0.5901600122451782,
    "complex_ipde": 0.0,
    "chains_ptm": {
        "0": 0.7765666842460632
    },
    "pair_chains_iptm": {
        "0": {
            "0": 0.7765666842460632
        }
    }
}