{
    "confidence_score": 0.660564124584198,
    "ptm": 0.8563572764396667,
    "iptm": 0.0,
    "ligand_iptm": 0.0,
    "protein_iptm": 0.0,
    "complex_plddt": 0.8257051706314087,
    "complex_iplddt": 0.0,
    "complex_pde": 0.5684366226196289,
    "complex_ipde": 0.0,
    "chains_ptm": {
        "0": 0.8563572764396667
    },
    "pair_chains_iptm": {
        "0": {
            "0": 0.8563572764396667
        }
    }
}