{
    "confidence_score": 0.6958193182945251,
    "ptm": 0.8620659112930298,
    "iptm": 0.0,
    "ligand_iptm": 0.0,
    "protein_iptm": 0.0,
    "complex_plddt": 0.8697741627693176,
    "complex_iplddt": 0.0,
    "complex_pde": 0.49606287479400635,
    "complex_ipde": 0.0,
    "chains_ptm": {
        "0": 0.8620659112930298
    },
    "pair_chains_iptm": {
        "0": {
            "0": 0.8620659112930298
        }
    }
}