{
    "confidence_score": 0.6133207082748413,
    "ptm": 0.732559084892273,
    "iptm": 0.0,
    "ligand_iptm": 0.0,
    "protein_iptm": 0.0,
    "complex_plddt": 0.7666508555412292,
    "complex_iplddt": 0.0,
    "complex_pde": 0.9990631937980652,
    "complex_ipde": 0.0,
    "chains_ptm": {
        "0": 0.732559084892273
    },
    "pair_chains_iptm": {
        "0": {
            "0": 0.732559084892273
        }
    }
}