{
    "confidence_score": 0.7365972399711609,
    "ptm": 0.9237297177314758,
    "iptm": 0.0,
    "ligand_iptm": 0.0,
    "protein_iptm": 0.0,
    "complex_plddt": 0.9207465648651123,
    "complex_iplddt": 0.0,
    "complex_pde": 0.3534667491912842,
    "complex_ipde": 0.0,
    "chains_ptm": {
        "0": 0.9237297177314758
    },
    "pair_chains_iptm": {
        "0": {
            "0": 0.9237297177314758
        }
    }
}