{
    "confidence_score": 0.6609639525413513,
    "ptm": 0.8639742732048035,
    "iptm": 0.0,
    "ligand_iptm": 0.0,
    "protein_iptm": 0.0,
    "complex_plddt": 0.8262048959732056,
    "complex_iplddt": 0.0,
    "complex_pde": 0.45064884424209595,
    "complex_ipde": 0.0,
    "chains_ptm": {
        "0": 0.8639742732048035
    },
    "pair_chains_iptm": {
        "0": {
            "0": 0.8639742732048035
        }
    }
}