{
    "confidence_score": 0.5574997663497925,
    "ptm": 0.4797127842903137,
    "iptm": 0.0,
    "ligand_iptm": 0.0,
    "protein_iptm": 0.0,
    "complex_plddt": 0.6968746781349182,
    "complex_iplddt": 0.0,
    "complex_pde": 2.65268874168396,
    "complex_ipde": 0.0,
    "chains_ptm": {
        "0": 0.4797127842903137
    },
    "pair_chains_iptm": {
        "0": {
            "0": 0.4797127842903137
        }
    }
}