{
    "confidence_score": 0.7284020781517029,
    "ptm": 0.9324404001235962,
    "iptm": 0.0,
    "ligand_iptm": 0.0,
    "protein_iptm": 0.0,
    "complex_plddt": 0.910502552986145,
    "complex_iplddt": 0.0,
    "complex_pde": 0.40983957052230835,
    "complex_ipde": 0.0,
    "chains_ptm": {
        "0": 0.9324404001235962
    },
    "pair_chains_iptm": {
        "0": {
            "0": 0.9324404001235962
        }
    }
}