{
    "confidence_score": 0.745559573173523,
    "ptm": 0.8221865892410278,
    "iptm": 0.0,
    "ligand_iptm": 0.0,
    "protein_iptm": 0.0,
    "complex_plddt": 0.9319494366645813,
    "complex_iplddt": 0.0,
    "complex_pde": 0.3497072756290436,
    "complex_ipde": 0.0,
    "chains_ptm": {
        "0": 0.8221865892410278
    },
    "pair_chains_iptm": {
        "0": {
            "0": 0.8221865892410278
        }
    }
}