{
    "confidence_score": 0.6030964851379395,
    "ptm": 0.5645619630813599,
    "iptm": 0.0,
    "ligand_iptm": 0.0,
    "protein_iptm": 0.0,
    "complex_plddt": 0.7538706064224243,
    "complex_iplddt": 0.0,
    "complex_pde": 1.1048312187194824,
    "complex_ipde": 0.0,
    "chains_ptm": {
        "0": 0.5645619630813599
    },
    "pair_chains_iptm": {
        "0": {
            "0": 0.5645619630813599
        }
    }
}