{
    "confidence_score": 0.7302807569503784,
    "ptm": 0.8970209360122681,
    "iptm": 0.0,
    "ligand_iptm": 0.0,
    "protein_iptm": 0.0,
    "complex_plddt": 0.9128509163856506,
    "complex_iplddt": 0.0,
    "complex_pde": 0.4332047998905182,
    "complex_ipde": 0.0,
    "chains_ptm": {
        "0": 0.8970209360122681
    },
    "pair_chains_iptm": {
        "0": {
            "0": 0.8970209360122681
        }
    }
}