{
    "confidence_score": 0.7365449666976929,
    "ptm": 0.8260000944137573,
    "iptm": 0.0,
    "ligand_iptm": 0.0,
    "protein_iptm": 0.0,
    "complex_plddt": 0.9206811785697937,
    "complex_iplddt": 0.0,
    "complex_pde": 0.36012548208236694,
    "complex_ipde": 0.0,
    "chains_ptm": {
        "0": 0.8260000944137573
    },
    "pair_chains_iptm": {
        "0": {
            "0": 0.8260000944137573
        }
    }
}