{
    "confidence_score": 0.7515131831169128,
    "ptm": 0.9162998199462891,
    "iptm": 0.0,
    "ligand_iptm": 0.0,
    "protein_iptm": 0.0,
    "complex_plddt": 0.9393914937973022,
    "complex_iplddt": 0.0,
    "complex_pde": 0.3826793134212494,
    "complex_ipde": 0.0,
    "chains_ptm": {
        "0": 0.9162998199462891
    },
    "pair_chains_iptm": {
        "0": {
            "0": 0.9162998199462891
        }
    }
}