{
    "confidence_score": 0.6010406613349915,
    "ptm": 0.2408261001110077,
    "iptm": 0.0,
    "ligand_iptm": 0.0,
    "protein_iptm": 0.0,
    "complex_plddt": 0.7513008117675781,
    "complex_iplddt": 0.0,
    "complex_pde": 4.8505940437316895,
    "complex_ipde": 0.0,
    "chains_ptm": {
        "0": 0.2408261001110077
    },
    "pair_chains_iptm": {
        "0": {
            "0": 0.2408261001110077
        }
    }
}