{
    "confidence_score": 0.6760520339012146,
    "ptm": 0.7772945761680603,
    "iptm": 0.0,
    "ligand_iptm": 0.0,
    "protein_iptm": 0.0,
    "complex_plddt": 0.8450650572776794,
    "complex_iplddt": 0.0,
    "complex_pde": 0.6645788550376892,
    "complex_ipde": 0.0,
    "chains_ptm": {
        "0": 0.7772945761680603
    },
    "pair_chains_iptm": {
        "0": {
            "0": 0.7772945761680603
        }
    }
}