{
    "confidence_score": 0.764840841293335,
    "ptm": 0.9618189930915833,
    "iptm": 0.0,
    "ligand_iptm": 0.0,
    "protein_iptm": 0.0,
    "complex_plddt": 0.9560510516166687,
    "complex_iplddt": 0.0,
    "complex_pde": 0.3069995939731598,
    "complex_ipde": 0.0,
    "chains_ptm": {
        "0": 0.9618189930915833
    },
    "pair_chains_iptm": {
        "0": {
            "0": 0.9618189930915833
        }
    }
}