{
    "confidence_score": 0.7328759431838989,
    "ptm": 0.9335145950317383,
    "iptm": 0.0,
    "ligand_iptm": 0.0,
    "protein_iptm": 0.0,
    "complex_plddt": 0.9160948991775513,
    "complex_iplddt": 0.0,
    "complex_pde": 0.395519495010376,
    "complex_ipde": 0.0,
    "chains_ptm": {
        "0": 0.9335145950317383
    },
    "pair_chains_iptm": {
        "0": {
            "0": 0.9335145950317383
        }
    }
}