{
    "confidence_score": 0.6186648011207581,
    "ptm": 0.7673630714416504,
    "iptm": 0.0,
    "ligand_iptm": 0.0,
    "protein_iptm": 0.0,
    "complex_plddt": 0.7733309864997864,
    "complex_iplddt": 0.0,
    "complex_pde": 0.6361178159713745,
    "complex_ipde": 0.0,
    "chains_ptm": {
        "0": 0.7673630714416504
    },
    "pair_chains_iptm": {
        "0": {
            "0": 0.7673630714416504
        }
    }
}