{
    "confidence_score": 0.5692886710166931,
    "ptm": 0.7289520502090454,
    "iptm": 0.0,
    "ligand_iptm": 0.0,
    "protein_iptm": 0.0,
    "complex_plddt": 0.7116107940673828,
    "complex_iplddt": 0.0,
    "complex_pde": 1.0158708095550537,
    "complex_ipde": 0.0,
    "chains_ptm": {
        "0": 0.7289520502090454
    },
    "pair_chains_iptm": {
        "0": {
            "0": 0.7289520502090454
        }
    }
}