{
    "confidence_score": 0.7230414152145386,
    "ptm": 0.9108361005783081,
    "iptm": 0.0,
    "ligand_iptm": 0.0,
    "protein_iptm": 0.0,
    "complex_plddt": 0.9038017392158508,
    "complex_iplddt": 0.0,
    "complex_pde": 0.4080464839935303,
    "complex_ipde": 0.0,
    "chains_ptm": {
        "0": 0.9108361005783081
    },
    "pair_chains_iptm": {
        "0": {
            "0": 0.9108361005783081
        }
    }
}