{
    "confidence_score": 0.6138072609901428,
    "ptm": 0.8805496692657471,
    "iptm": 0.0,
    "ligand_iptm": 0.0,
    "protein_iptm": 0.0,
    "complex_plddt": 0.7672590613365173,
    "complex_iplddt": 0.0,
    "complex_pde": 0.46219950914382935,
    "complex_ipde": 0.0,
    "chains_ptm": {
        "0": 0.8805496692657471
    },
    "pair_chains_iptm": {
        "0": {
            "0": 0.8805496692657471
        }
    }
}