{
    "confidence_score": 0.6903207898139954,
    "ptm": 0.8713213205337524,
    "iptm": 0.0,
    "ligand_iptm": 0.0,
    "protein_iptm": 0.0,
    "complex_plddt": 0.862900972366333,
    "complex_iplddt": 0.0,
    "complex_pde": 0.4413589835166931,
    "complex_ipde": 0.0,
    "chains_ptm": {
        "0": 0.8713213205337524
    },
    "pair_chains_iptm": {
        "0": {
            "0": 0.8713213205337524
        }
    }
}