{
    "confidence_score": 0.5861419439315796,
    "ptm": 0.42892664670944214,
    "iptm": 0.0,
    "ligand_iptm": 0.0,
    "protein_iptm": 0.0,
    "complex_plddt": 0.7326774001121521,
    "complex_iplddt": 0.0,
    "complex_pde": 0.6269780397415161,
    "complex_ipde": 0.0,
    "chains_ptm": {
        "0": 0.42892664670944214
    },
    "pair_chains_iptm": {
        "0": {
            "0": 0.42892664670944214
        }
    }
}