{
    "confidence_score": 0.44144096970558167,
    "ptm": 0.32456400990486145,
    "iptm": 0.0,
    "ligand_iptm": 0.0,
    "protein_iptm": 0.0,
    "complex_plddt": 0.5518012046813965,
    "complex_iplddt": 0.0,
    "complex_pde": 2.274096727371216,
    "complex_ipde": 0.0,
    "chains_ptm": {
        "0": 0.32456400990486145
    },
    "pair_chains_iptm": {
        "0": {
            "0": 0.32456400990486145
        }
    }
}