{
    "confidence_score": 0.7657986283302307,
    "ptm": 0.9462978839874268,
    "iptm": 0.0,
    "ligand_iptm": 0.0,
    "protein_iptm": 0.0,
    "complex_plddt": 0.9572482705116272,
    "complex_iplddt": 0.0,
    "complex_pde": 0.3110100030899048,
    "complex_ipde": 0.0,
    "chains_ptm": {
        "0": 0.9462978839874268
    },
    "pair_chains_iptm": {
        "0": {
            "0": 0.9462978839874268
        }
    }
}