{
    "confidence_score": 0.30166396498680115,
    "ptm": 0.262664258480072,
    "iptm": 0.0,
    "ligand_iptm": 0.0,
    "protein_iptm": 0.0,
    "complex_plddt": 0.37707993388175964,
    "complex_iplddt": 0.0,
    "complex_pde": 3.490290641784668,
    "complex_ipde": 0.0,
    "chains_ptm": {
        "0": 0.262664258480072
    },
    "pair_chains_iptm": {
        "0": {
            "0": 0.262664258480072
        }
    }
}