{
    "confidence_score": 0.530067503452301,
    "ptm": 0.3594840466976166,
    "iptm": 0.0,
    "ligand_iptm": 0.0,
    "protein_iptm": 0.0,
    "complex_plddt": 0.6625843644142151,
    "complex_iplddt": 0.0,
    "complex_pde": 1.9843112230300903,
    "complex_ipde": 0.0,
    "chains_ptm": {
        "0": 0.3594840466976166
    },
    "pair_chains_iptm": {
        "0": {
            "0": 0.3594840466976166
        }
    }
}