{
    "confidence_score": 0.70125412940979,
    "ptm": 0.7939675450325012,
    "iptm": 0.0,
    "ligand_iptm": 0.0,
    "protein_iptm": 0.0,
    "complex_plddt": 0.8765676617622375,
    "complex_iplddt": 0.0,
    "complex_pde": 0.5763278007507324,
    "complex_ipde": 0.0,
    "chains_ptm": {
        "0": 0.7939675450325012
    },
    "pair_chains_iptm": {
        "0": {
            "0": 0.7939675450325012
        }
    }
}