{
    "confidence_score": 0.5545318126678467,
    "ptm": 0.6864451766014099,
    "iptm": 0.0,
    "ligand_iptm": 0.0,
    "protein_iptm": 0.0,
    "complex_plddt": 0.6931647658348083,
    "complex_iplddt": 0.0,
    "complex_pde": 1.4771990776062012,
    "complex_ipde": 0.0,
    "chains_ptm": {
        "0": 0.6864451766014099
    },
    "pair_chains_iptm": {
        "0": {
            "0": 0.6864451766014099
        }
    }
}