{
    "confidence_score": 0.7442182898521423,
    "ptm": 0.9293175935745239,
    "iptm": 0.0,
    "ligand_iptm": 0.0,
    "protein_iptm": 0.0,
    "complex_plddt": 0.9302728772163391,
    "complex_iplddt": 0.0,
    "complex_pde": 0.35713309049606323,
    "complex_ipde": 0.0,
    "chains_ptm": {
        "0": 0.9293175935745239
    },
    "pair_chains_iptm": {
        "0": {
            "0": 0.9293175935745239
        }
    }
}