{
    "confidence_score": 0.6967472434043884,
    "ptm": 0.8467161655426025,
    "iptm": 0.0,
    "ligand_iptm": 0.0,
    "protein_iptm": 0.0,
    "complex_plddt": 0.8709340691566467,
    "complex_iplddt": 0.0,
    "complex_pde": 0.5794451236724854,
    "complex_ipde": 0.0,
    "chains_ptm": {
        "0": 0.8467161655426025
    },
    "pair_chains_iptm": {
        "0": {
            "0": 0.8467161655426025
        }
    }
}