{
    "confidence_score": 0.7218746542930603,
    "ptm": 0.939041256904602,
    "iptm": 0.0,
    "ligand_iptm": 0.0,
    "protein_iptm": 0.0,
    "complex_plddt": 0.9023432731628418,
    "complex_iplddt": 0.0,
    "complex_pde": 0.41119322180747986,
    "complex_ipde": 0.0,
    "chains_ptm": {
        "0": 0.939041256904602
    },
    "pair_chains_iptm": {
        "0": {
            "0": 0.939041256904602
        }
    }
}