{
    "confidence_score": 0.7001738548278809,
    "ptm": 0.88472580909729,
    "iptm": 0.0,
    "ligand_iptm": 0.0,
    "protein_iptm": 0.0,
    "complex_plddt": 0.8752173185348511,
    "complex_iplddt": 0.0,
    "complex_pde": 0.43079033493995667,
    "complex_ipde": 0.0,
    "chains_ptm": {
        "0": 0.88472580909729
    },
    "pair_chains_iptm": {
        "0": {
            "0": 0.88472580909729
        }
    }
}