{
    "confidence_score": 0.6512320041656494,
    "ptm": 0.8945204615592957,
    "iptm": 0.0,
    "ligand_iptm": 0.0,
    "protein_iptm": 0.0,
    "complex_plddt": 0.8140400052070618,
    "complex_iplddt": 0.0,
    "complex_pde": 0.7318013906478882,
    "complex_ipde": 0.0,
    "chains_ptm": {
        "0": 0.8945204615592957
    },
    "pair_chains_iptm": {
        "0": {
            "0": 0.8945204615592957
        }
    }
}