{
    "confidence_score": 0.5933274626731873,
    "ptm": 0.49439892172813416,
    "iptm": 0.0,
    "ligand_iptm": 0.0,
    "protein_iptm": 0.0,
    "complex_plddt": 0.7416593432426453,
    "complex_iplddt": 0.0,
    "complex_pde": 1.0984052419662476,
    "complex_ipde": 0.0,
    "chains_ptm": {
        "0": 0.49439892172813416
    },
    "pair_chains_iptm": {
        "0": {
            "0": 0.49439892172813416
        }
    }
}