{
    "confidence_score": 0.33959126472473145,
    "ptm": 0.3508116900920868,
    "iptm": 0.0,
    "ligand_iptm": 0.0,
    "protein_iptm": 0.0,
    "complex_plddt": 0.4244890809059143,
    "complex_iplddt": 0.0,
    "complex_pde": 3.2831623554229736,
    "complex_ipde": 0.0,
    "chains_ptm": {
        "0": 0.3508116900920868
    },
    "pair_chains_iptm": {
        "0": {
            "0": 0.3508116900920868
        }
    }
}