{
    "confidence_score": 0.6274288892745972,
    "ptm": 0.7101061940193176,
    "iptm": 0.0,
    "ligand_iptm": 0.0,
    "protein_iptm": 0.0,
    "complex_plddt": 0.7842860817909241,
    "complex_iplddt": 0.0,
    "complex_pde": 0.6781308650970459,
    "complex_ipde": 0.0,
    "chains_ptm": {
        "0": 0.7101061940193176
    },
    "pair_chains_iptm": {
        "0": {
            "0": 0.7101061940193176
        }
    }
}