{
    "confidence_score": 0.5469731092453003,
    "ptm": 0.5795907378196716,
    "iptm": 0.0,
    "ligand_iptm": 0.0,
    "protein_iptm": 0.0,
    "complex_plddt": 0.683716356754303,
    "complex_iplddt": 0.0,
    "complex_pde": 1.6452689170837402,
    "complex_ipde": 0.0,
    "chains_ptm": {
        "0": 0.5795907378196716
    },
    "pair_chains_iptm": {
        "0": {
            "0": 0.5795907378196716
        }
    }
}