{
    "plddts": {
        "model_1_pred_0": 68.28745040151094,
        "model_2_pred_0": 67.17399259834188,
        "model_3_pred_0": 70.89110976990838,
        "model_4_pred_0": 69.09184805477008,
        "model_5_pred_0": 68.58960321723019
    },
    "order": [
        "model_3_pred_0",
        "model_4_pred_0",
        "model_5_pred_0",
        "model_1_pred_0",
        "model_2_pred_0"
    ]
}