{
    "features": 7366.970805644989,
    "process_features_model_1_pred_0": 9.109607934951782,
    "predict_and_compile_model_1_pred_0": 389.4452397823334,
    "process_features_model_2_pred_0": 8.278380155563354,
    "predict_and_compile_model_2_pred_0": 343.95884704589844,
    "process_features_model_3_pred_0": 7.726099014282227,
    "predict_and_compile_model_3_pred_0": 318.07530903816223,
    "process_features_model_4_pred_0": 8.338309526443481,
    "predict_and_compile_model_4_pred_0": 325.25012016296387,
    "process_features_model_5_pred_0": 7.877217769622803,
    "predict_and_compile_model_5_pred_0": 292.94663977622986,
    "relax_model_3_pred_0": 82.62083435058594
}