{
    "confidence_score": 0.5369764566421509,
    "ptm": 0.3777213990688324,
    "iptm": 0.0,
    "ligand_iptm": 0.0,
    "protein_iptm": 0.0,
    "complex_plddt": 0.6712205410003662,
    "complex_iplddt": 0.0,
    "complex_pde": 1.3017066717147827,
    "complex_ipde": 0.0,
    "chains_ptm": {
        "0": 0.3777213990688324
    },
    "pair_chains_iptm": {
        "0": {
            "0": 0.3777213990688324
        }
    }
}