{
    "confidence_score": 0.7610864639282227,
    "ptm": 0.9502291083335876,
    "iptm": 0.0,
    "ligand_iptm": 0.0,
    "protein_iptm": 0.0,
    "complex_plddt": 0.9513580799102783,
    "complex_iplddt": 0.0,
    "complex_pde": 0.3069201111793518,
    "complex_ipde": 0.0,
    "chains_ptm": {
        "0": 0.9502291083335876
    },
    "pair_chains_iptm": {
        "0": {
            "0": 0.9502291083335876
        }
    }
}