{
    "confidence_score": 0.5418282151222229,
    "ptm": 0.30855873227119446,
    "iptm": 0.0,
    "ligand_iptm": 0.0,
    "protein_iptm": 0.0,
    "complex_plddt": 0.6772852540016174,
    "complex_iplddt": 0.0,
    "complex_pde": 1.4887338876724243,
    "complex_ipde": 0.0,
    "chains_ptm": {
        "0": 0.30855873227119446
    },
    "pair_chains_iptm": {
        "0": {
            "0": 0.30855873227119446
        }
    }
}