{
    "features": 4375.80682349205,
    "process_features_model_1_pred_0": 9.522189855575562,
    "predict_and_compile_model_1_pred_0": 398.38459730148315,
    "process_features_model_2_pred_0": 9.645280838012695,
    "predict_and_compile_model_2_pred_0": 361.05786633491516,
    "process_features_model_3_pred_0": 9.202290773391724,
    "predict_and_compile_model_3_pred_0": 330.24536323547363,
    "process_features_model_4_pred_0": 9.262209177017212,
    "predict_and_compile_model_4_pred_0": 328.58409905433655,
    "process_features_model_5_pred_0": 9.12015700340271,
    "predict_and_compile_model_5_pred_0": 303.11638259887695,
    "relax_model_5_pred_0": 61.12005805969238
}