{
    "confidence_score": 0.7147732377052307,
    "ptm": 0.8889155387878418,
    "iptm": 0.0,
    "ligand_iptm": 0.0,
    "protein_iptm": 0.0,
    "complex_plddt": 0.8934665322303772,
    "complex_iplddt": 0.0,
    "complex_pde": 0.4616788327693939,
    "complex_ipde": 0.0,
    "chains_ptm": {
        "0": 0.8889155387878418
    },
    "pair_chains_iptm": {
        "0": {
            "0": 0.8889155387878418
        }
    }
}