{
    "confidence_score": 0.7307385206222534,
    "ptm": 0.9165990948677063,
    "iptm": 0.0,
    "ligand_iptm": 0.0,
    "protein_iptm": 0.0,
    "complex_plddt": 0.9134231209754944,
    "complex_iplddt": 0.0,
    "complex_pde": 0.6286414861679077,
    "complex_ipde": 0.0,
    "chains_ptm": {
        "0": 0.9165990948677063
    },
    "pair_chains_iptm": {
        "0": {
            "0": 0.9165990948677063
        }
    }
}