{
    "confidence_score": 0.685390293598175,
    "ptm": 0.8002631068229675,
    "iptm": 0.0,
    "ligand_iptm": 0.0,
    "protein_iptm": 0.0,
    "complex_plddt": 0.8567378520965576,
    "complex_iplddt": 0.0,
    "complex_pde": 0.5266907215118408,
    "complex_ipde": 0.0,
    "chains_ptm": {
        "0": 0.8002631068229675
    },
    "pair_chains_iptm": {
        "0": {
            "0": 0.8002631068229675
        }
    }
}