{
    "confidence_score": 0.5454911589622498,
    "ptm": 0.4488794505596161,
    "iptm": 0.0,
    "ligand_iptm": 0.0,
    "protein_iptm": 0.0,
    "complex_plddt": 0.6818639636039734,
    "complex_iplddt": 0.0,
    "complex_pde": 1.7148442268371582,
    "complex_ipde": 0.0,
    "chains_ptm": {
        "0": 0.4488794505596161
    },
    "pair_chains_iptm": {
        "0": {
            "0": 0.4488794505596161
        }
    }
}