{
    "confidence_score": 0.7581683993339539,
    "ptm": 0.9690961241722107,
    "iptm": 0.0,
    "ligand_iptm": 0.0,
    "protein_iptm": 0.0,
    "complex_plddt": 0.9477105140686035,
    "complex_iplddt": 0.0,
    "complex_pde": 0.2947327494621277,
    "complex_ipde": 0.0,
    "chains_ptm": {
        "0": 0.9690961241722107
    },
    "pair_chains_iptm": {
        "0": {
            "0": 0.9690961241722107
        }
    }
}