{
    "confidence_score": 0.6254556775093079,
    "ptm": 0.5301849246025085,
    "iptm": 0.0,
    "ligand_iptm": 0.0,
    "protein_iptm": 0.0,
    "complex_plddt": 0.7818195819854736,
    "complex_iplddt": 0.0,
    "complex_pde": 0.8580435514450073,
    "complex_ipde": 0.0,
    "chains_ptm": {
        "0": 0.5301849246025085
    },
    "pair_chains_iptm": {
        "0": {
            "0": 0.5301849246025085
        }
    }
}