{
    "confidence_score": 0.7187265753746033,
    "ptm": 0.7327679395675659,
    "iptm": 0.0,
    "ligand_iptm": 0.0,
    "protein_iptm": 0.0,
    "complex_plddt": 0.8984082341194153,
    "complex_iplddt": 0.0,
    "complex_pde": 0.4303891360759735,
    "complex_ipde": 0.0,
    "chains_ptm": {
        "0": 0.7327679395675659
    },
    "pair_chains_iptm": {
        "0": {
            "0": 0.7327679395675659
        }
    }
}