{
    "features": 46592.17591047287,
    "process_features_model_1_pred_0": 16.561299562454224,
    "predict_and_compile_model_1_pred_0": 2307.9129626750946,
    "process_features_model_2_pred_0": 9.494283437728882,
    "predict_and_compile_model_2_pred_0": 1077.3428437709808,
    "process_features_model_3_pred_0": 9.059848308563232,
    "predict_and_compile_model_3_pred_0": 1078.2443118095398,
    "process_features_model_4_pred_0": 9.05016803741455,
    "predict_and_compile_model_4_pred_0": 1002.14630651474,
    "process_features_model_5_pred_0": 8.896181344985962,
    "predict_and_compile_model_5_pred_0": 889.697740316391,
    "relax_model_2_pred_0": 92.20167398452759
}