{
    "confidence_score": 0.7280934453010559,
    "ptm": 0.9306708574295044,
    "iptm": 0.0,
    "ligand_iptm": 0.0,
    "protein_iptm": 0.0,
    "complex_plddt": 0.9101167917251587,
    "complex_iplddt": 0.0,
    "complex_pde": 0.4235283434391022,
    "complex_ipde": 0.0,
    "chains_ptm": {
        "0": 0.9306708574295044
    },
    "pair_chains_iptm": {
        "0": {
            "0": 0.9306708574295044
        }
    }
}