{
    "confidence_score": 0.7042064070701599,
    "ptm": 0.9199500679969788,
    "iptm": 0.0,
    "ligand_iptm": 0.0,
    "protein_iptm": 0.0,
    "complex_plddt": 0.8802579641342163,
    "complex_iplddt": 0.0,
    "complex_pde": 0.3846704065799713,
    "complex_ipde": 0.0,
    "chains_ptm": {
        "0": 0.9199500679969788
    },
    "pair_chains_iptm": {
        "0": {
            "0": 0.9199500679969788
        }
    }
}