{
    "confidence_score": 0.580534040927887,
    "ptm": 0.8049313426017761,
    "iptm": 0.0,
    "ligand_iptm": 0.0,
    "protein_iptm": 0.0,
    "complex_plddt": 0.7256675362586975,
    "complex_iplddt": 0.0,
    "complex_pde": 1.0556907653808594,
    "complex_ipde": 0.0,
    "chains_ptm": {
        "0": 0.8049313426017761
    },
    "pair_chains_iptm": {
        "0": {
            "0": 0.8049313426017761
        }
    }
}