{
    "confidence_score": 0.6813114881515503,
    "ptm": 0.8385833501815796,
    "iptm": 0.0,
    "ligand_iptm": 0.0,
    "protein_iptm": 0.0,
    "complex_plddt": 0.8516393303871155,
    "complex_iplddt": 0.0,
    "complex_pde": 0.6389384865760803,
    "complex_ipde": 0.0,
    "chains_ptm": {
        "0": 0.8385833501815796
    },
    "pair_chains_iptm": {
        "0": {
            "0": 0.8385833501815796
        }
    }
}