{
    "confidence_score": 0.7413864731788635,
    "ptm": 0.9236279726028442,
    "iptm": 0.0,
    "ligand_iptm": 0.0,
    "protein_iptm": 0.0,
    "complex_plddt": 0.9267330765724182,
    "complex_iplddt": 0.0,
    "complex_pde": 0.33960020542144775,
    "complex_ipde": 0.0,
    "chains_ptm": {
        "0": 0.9236279726028442
    },
    "pair_chains_iptm": {
        "0": {
            "0": 0.9236279726028442
        }
    }
}