{
    "confidence_score": 0.7371470332145691,
    "ptm": 0.9261360764503479,
    "iptm": 0.0,
    "ligand_iptm": 0.0,
    "protein_iptm": 0.0,
    "complex_plddt": 0.9214338064193726,
    "complex_iplddt": 0.0,
    "complex_pde": 0.3848058581352234,
    "complex_ipde": 0.0,
    "chains_ptm": {
        "0": 0.9261360764503479
    },
    "pair_chains_iptm": {
        "0": {
            "0": 0.9261360764503479
        }
    }
}