{
    "confidence_score": 0.5560390949249268,
    "ptm": 0.47034916281700134,
    "iptm": 0.0,
    "ligand_iptm": 0.0,
    "protein_iptm": 0.0,
    "complex_plddt": 0.6950488686561584,
    "complex_iplddt": 0.0,
    "complex_pde": 1.4483368396759033,
    "complex_ipde": 0.0,
    "chains_ptm": {
        "0": 0.47034916281700134
    },
    "pair_chains_iptm": {
        "0": {
            "0": 0.47034916281700134
        }
    }
}