{
    "confidence_score": 0.7421917915344238,
    "ptm": 0.9534969329833984,
    "iptm": 0.0,
    "ligand_iptm": 0.0,
    "protein_iptm": 0.0,
    "complex_plddt": 0.9277397394180298,
    "complex_iplddt": 0.0,
    "complex_pde": 0.4350346624851227,
    "complex_ipde": 0.0,
    "chains_ptm": {
        "0": 0.9534969329833984
    },
    "pair_chains_iptm": {
        "0": {
            "0": 0.9534969329833984
        }
    }
}