{
    "confidence_score": 0.7256156206130981,
    "ptm": 0.9290981292724609,
    "iptm": 0.0,
    "ligand_iptm": 0.0,
    "protein_iptm": 0.0,
    "complex_plddt": 0.9070194959640503,
    "complex_iplddt": 0.0,
    "complex_pde": 0.41746118664741516,
    "complex_ipde": 0.0,
    "chains_ptm": {
        "0": 0.9290981292724609
    },
    "pair_chains_iptm": {
        "0": {
            "0": 0.9290981292724609
        }
    }
}