{
    "confidence_score": 0.4808112680912018,
    "ptm": 0.41719910502433777,
    "iptm": 0.0,
    "ligand_iptm": 0.0,
    "protein_iptm": 0.0,
    "complex_plddt": 0.6010140776634216,
    "complex_iplddt": 0.0,
    "complex_pde": 1.3183798789978027,
    "complex_ipde": 0.0,
    "chains_ptm": {
        "0": 0.41719910502433777
    },
    "pair_chains_iptm": {
        "0": {
            "0": 0.41719910502433777
        }
    }
}