{
    "confidence_score": 0.660432755947113,
    "ptm": 0.7719883918762207,
    "iptm": 0.0,
    "ligand_iptm": 0.0,
    "protein_iptm": 0.0,
    "complex_plddt": 0.8255409002304077,
    "complex_iplddt": 0.0,
    "complex_pde": 0.8944417834281921,
    "complex_ipde": 0.0,
    "chains_ptm": {
        "0": 0.7719883918762207
    },
    "pair_chains_iptm": {
        "0": {
            "0": 0.7719883918762207
        }
    }
}