{
    "confidence_score": 0.5340477824211121,
    "ptm": 0.5036109685897827,
    "iptm": 0.0,
    "ligand_iptm": 0.0,
    "protein_iptm": 0.0,
    "complex_plddt": 0.6675596833229065,
    "complex_iplddt": 0.0,
    "complex_pde": 1.013187289237976,
    "complex_ipde": 0.0,
    "chains_ptm": {
        "0": 0.5036109685897827
    },
    "pair_chains_iptm": {
        "0": {
            "0": 0.5036109685897827
        }
    }
}