{
    "plddts": {
        "model_1_pred_0": 78.47702944746051,
        "model_2_pred_0": 76.71746907337668,
        "model_3_pred_0": 78.18898962056089,
        "model_4_pred_0": 78.73991698508186,
        "model_5_pred_0": 75.92941166884992
    },
    "order": [
        "model_4_pred_0",
        "model_1_pred_0",
        "model_3_pred_0",
        "model_2_pred_0",
        "model_5_pred_0"
    ]
}