{
    "features": 4319.418898105621,
    "process_features_model_1_pred_0": 1.8917582035064697,
    "predict_and_compile_model_1_pred_0": 458.59311413764954,
    "process_features_model_2_pred_0": 2.0286495685577393,
    "predict_and_compile_model_2_pred_0": 418.9930987358093,
    "process_features_model_3_pred_0": 1.3765556812286377,
    "predict_and_compile_model_3_pred_0": 393.4146785736084,
    "process_features_model_4_pred_0": 1.3670549392700195,
    "predict_and_compile_model_4_pred_0": 391.7961664199829,
    "process_features_model_5_pred_0": 1.394444227218628,
    "predict_and_compile_model_5_pred_0": 359.98931527137756,
    "relax_model_4_pred_0": 81.6760528087616
}