{
    "confidence_score": 0.7552461624145508,
    "ptm": 0.9606367945671082,
    "iptm": 0.0,
    "ligand_iptm": 0.0,
    "protein_iptm": 0.0,
    "complex_plddt": 0.9440577030181885,
    "complex_iplddt": 0.0,
    "complex_pde": 0.3326292335987091,
    "complex_ipde": 0.0,
    "chains_ptm": {
        "0": 0.9606367945671082
    },
    "pair_chains_iptm": {
        "0": {
            "0": 0.9606367945671082
        }
    }
}