{
    "confidence_score": 0.4447806477546692,
    "ptm": 0.49511000514030457,
    "iptm": 0.0,
    "ligand_iptm": 0.0,
    "protein_iptm": 0.0,
    "complex_plddt": 0.5559757947921753,
    "complex_iplddt": 0.0,
    "complex_pde": 1.0920958518981934,
    "complex_ipde": 0.0,
    "chains_ptm": {
        "0": 0.49511000514030457
    },
    "pair_chains_iptm": {
        "0": {
            "0": 0.49511000514030457
        }
    }
}