{
    "confidence_score": 0.6425394415855408,
    "ptm": 0.4559684693813324,
    "iptm": 0.0,
    "ligand_iptm": 0.0,
    "protein_iptm": 0.0,
    "complex_plddt": 0.8031743168830872,
    "complex_iplddt": 0.0,
    "complex_pde": 1.5056947469711304,
    "complex_ipde": 0.0,
    "chains_ptm": {
        "0": 0.4559684693813324
    },
    "pair_chains_iptm": {
        "0": {
            "0": 0.4559684693813324
        }
    }
}