{
    "confidence_score": 0.7539007663726807,
    "ptm": 0.9188267588615417,
    "iptm": 0.0,
    "ligand_iptm": 0.0,
    "protein_iptm": 0.0,
    "complex_plddt": 0.9423759579658508,
    "complex_iplddt": 0.0,
    "complex_pde": 0.3727545142173767,
    "complex_ipde": 0.0,
    "chains_ptm": {
        "0": 0.9188267588615417
    },
    "pair_chains_iptm": {
        "0": {
            "0": 0.9188267588615417
        }
    }
}