{
    "confidence_score": 0.7369466423988342,
    "ptm": 0.9253036975860596,
    "iptm": 0.0,
    "ligand_iptm": 0.0,
    "protein_iptm": 0.0,
    "complex_plddt": 0.9211832880973816,
    "complex_iplddt": 0.0,
    "complex_pde": 0.32826361060142517,
    "complex_ipde": 0.0,
    "chains_ptm": {
        "0": 0.9253036975860596
    },
    "pair_chains_iptm": {
        "0": {
            "0": 0.9253036975860596
        }
    }
}