{
    "plddts": {
        "model_1_pred_0": 82.42737933287904,
        "model_2_pred_0": 81.01511422975008,
        "model_3_pred_0": 81.2377125859408,
        "model_4_pred_0": 80.56002223901152,
        "model_5_pred_0": 80.64027491226983
    },
    "order": [
        "model_1_pred_0",
        "model_3_pred_0",
        "model_2_pred_0",
        "model_5_pred_0",
        "model_4_pred_0"
    ]
}