{
    "features": 7462.6663455963135,
    "process_features_model_1_pred_0": 13.503986835479736,
    "predict_and_compile_model_1_pred_0": 416.9591279029846,
    "process_features_model_2_pred_0": 12.21263837814331,
    "predict_and_compile_model_2_pred_0": 382.92964601516724,
    "process_features_model_3_pred_0": 11.714327096939087,
    "predict_and_compile_model_3_pred_0": 352.2072970867157,
    "process_features_model_4_pred_0": 13.472457647323608,
    "predict_and_compile_model_4_pred_0": 350.1091933250427,
    "process_features_model_5_pred_0": 11.772208452224731,
    "predict_and_compile_model_5_pred_0": 325.43149280548096,
    "relax_model_1_pred_0": 93.72681474685669
}