{
    "confidence_score": 0.6901914477348328,
    "ptm": 0.8529325127601624,
    "iptm": 0.0,
    "ligand_iptm": 0.0,
    "protein_iptm": 0.0,
    "complex_plddt": 0.8627392649650574,
    "complex_iplddt": 0.0,
    "complex_pde": 0.5619235038757324,
    "complex_ipde": 0.0,
    "chains_ptm": {
        "0": 0.8529325127601624
    },
    "pair_chains_iptm": {
        "0": {
            "0": 0.8529325127601624
        }
    }
}