{
    "confidence_score": 0.6410138010978699,
    "ptm": 0.7611965537071228,
    "iptm": 0.0,
    "ligand_iptm": 0.0,
    "protein_iptm": 0.0,
    "complex_plddt": 0.8012672662734985,
    "complex_iplddt": 0.0,
    "complex_pde": 0.5706526041030884,
    "complex_ipde": 0.0,
    "chains_ptm": {
        "0": 0.7611965537071228
    },
    "pair_chains_iptm": {
        "0": {
            "0": 0.7611965537071228
        }
    }
}