{
    "confidence_score": 0.4713272750377655,
    "ptm": 0.46890386939048767,
    "iptm": 0.0,
    "ligand_iptm": 0.0,
    "protein_iptm": 0.0,
    "complex_plddt": 0.5891590714454651,
    "complex_iplddt": 0.0,
    "complex_pde": 2.8361504077911377,
    "complex_ipde": 0.0,
    "chains_ptm": {
        "0": 0.46890386939048767
    },
    "pair_chains_iptm": {
        "0": {
            "0": 0.46890386939048767
        }
    }
}