{
    "confidence_score": 0.543081521987915,
    "ptm": 0.6211907863616943,
    "iptm": 0.0,
    "ligand_iptm": 0.0,
    "protein_iptm": 0.0,
    "complex_plddt": 0.6788519024848938,
    "complex_iplddt": 0.0,
    "complex_pde": 1.5412282943725586,
    "complex_ipde": 0.0,
    "chains_ptm": {
        "0": 0.6211907863616943
    },
    "pair_chains_iptm": {
        "0": {
            "0": 0.6211907863616943
        }
    }
}