{
    "confidence_score": 0.7054169178009033,
    "ptm": 0.7962638735771179,
    "iptm": 0.0,
    "ligand_iptm": 0.0,
    "protein_iptm": 0.0,
    "complex_plddt": 0.8817711472511292,
    "complex_iplddt": 0.0,
    "complex_pde": 0.5805048942565918,
    "complex_ipde": 0.0,
    "chains_ptm": {
        "0": 0.7962638735771179
    },
    "pair_chains_iptm": {
        "0": {
            "0": 0.7962638735771179
        }
    }
}