{
    "confidence_score": 0.47217607498168945,
    "ptm": 0.23487907648086548,
    "iptm": 0.0,
    "ligand_iptm": 0.0,
    "protein_iptm": 0.0,
    "complex_plddt": 0.5902200937271118,
    "complex_iplddt": 0.0,
    "complex_pde": 3.393483877182007,
    "complex_ipde": 0.0,
    "chains_ptm": {
        "0": 0.23487907648086548
    },
    "pair_chains_iptm": {
        "0": {
            "0": 0.23487907648086548
        }
    }
}