{
    "confidence_score": 0.7227907776832581,
    "ptm": 0.9099774360656738,
    "iptm": 0.0,
    "ligand_iptm": 0.0,
    "protein_iptm": 0.0,
    "complex_plddt": 0.9034884572029114,
    "complex_iplddt": 0.0,
    "complex_pde": 0.45880842208862305,
    "complex_ipde": 0.0,
    "chains_ptm": {
        "0": 0.9099774360656738
    },
    "pair_chains_iptm": {
        "0": {
            "0": 0.9099774360656738
        }
    }
}