{
    "confidence_score": 0.7054041028022766,
    "ptm": 0.8908681869506836,
    "iptm": 0.0,
    "ligand_iptm": 0.0,
    "protein_iptm": 0.0,
    "complex_plddt": 0.8817551136016846,
    "complex_iplddt": 0.0,
    "complex_pde": 0.41707345843315125,
    "complex_ipde": 0.0,
    "chains_ptm": {
        "0": 0.8908681869506836
    },
    "pair_chains_iptm": {
        "0": {
            "0": 0.8908681869506836
        }
    }
}