{
    "confidence_score": 0.7495062947273254,
    "ptm": 0.8530590534210205,
    "iptm": 0.0,
    "ligand_iptm": 0.0,
    "protein_iptm": 0.0,
    "complex_plddt": 0.9368828535079956,
    "complex_iplddt": 0.0,
    "complex_pde": 0.34268051385879517,
    "complex_ipde": 0.0,
    "chains_ptm": {
        "0": 0.8530590534210205
    },
    "pair_chains_iptm": {
        "0": {
            "0": 0.8530590534210205
        }
    }
}