{
    "confidence_score": 0.765335738658905,
    "ptm": 0.9487376809120178,
    "iptm": 0.0,
    "ligand_iptm": 0.0,
    "protein_iptm": 0.0,
    "complex_plddt": 0.9566696286201477,
    "complex_iplddt": 0.0,
    "complex_pde": 0.3012945353984833,
    "complex_ipde": 0.0,
    "chains_ptm": {
        "0": 0.9487376809120178
    },
    "pair_chains_iptm": {
        "0": {
            "0": 0.9487376809120178
        }
    }
}