{
    "confidence_score": 0.7438686490058899,
    "ptm": 0.9222359657287598,
    "iptm": 0.0,
    "ligand_iptm": 0.0,
    "protein_iptm": 0.0,
    "complex_plddt": 0.9298357963562012,
    "complex_iplddt": 0.0,
    "complex_pde": 0.357664555311203,
    "complex_ipde": 0.0,
    "chains_ptm": {
        "0": 0.9222359657287598
    },
    "pair_chains_iptm": {
        "0": {
            "0": 0.9222359657287598
        }
    }
}