{
    "confidence_score": 0.5291575789451599,
    "ptm": 0.4794692099094391,
    "iptm": 0.0,
    "ligand_iptm": 0.0,
    "protein_iptm": 0.0,
    "complex_plddt": 0.6614469289779663,
    "complex_iplddt": 0.0,
    "complex_pde": 1.0275543928146362,
    "complex_ipde": 0.0,
    "chains_ptm": {
        "0": 0.4794692099094391
    },
    "pair_chains_iptm": {
        "0": {
            "0": 0.4794692099094391
        }
    }
}