{
    "confidence_score": 0.5500380992889404,
    "ptm": 0.596666693687439,
    "iptm": 0.0,
    "ligand_iptm": 0.0,
    "protein_iptm": 0.0,
    "complex_plddt": 0.6875476241111755,
    "complex_iplddt": 0.0,
    "complex_pde": 1.6374447345733643,
    "complex_ipde": 0.0,
    "chains_ptm": {
        "0": 0.596666693687439
    },
    "pair_chains_iptm": {
        "0": {
            "0": 0.596666693687439
        }
    }
}