{
    "features": 4173.599736690521,
    "process_features_model_1_pred_0": 14.173935174942017,
    "predict_and_compile_model_1_pred_0": 405.2840678691864,
    "process_features_model_2_pred_0": 14.563879251480103,
    "predict_and_compile_model_2_pred_0": 364.81034421920776,
    "process_features_model_3_pred_0": 12.740169763565063,
    "predict_and_compile_model_3_pred_0": 335.43017578125,
    "process_features_model_4_pred_0": 13.546870231628418,
    "predict_and_compile_model_4_pred_0": 330.39297556877136,
    "process_features_model_5_pred_0": 13.406137943267822,
    "predict_and_compile_model_5_pred_0": 310.17314887046814,
    "relax_model_5_pred_0": 65.77235078811646
}