{
    "confidence_score": 0.35374686121940613,
    "ptm": 0.3127202093601227,
    "iptm": 0.0,
    "ligand_iptm": 0.0,
    "protein_iptm": 0.0,
    "complex_plddt": 0.44218355417251587,
    "complex_iplddt": 0.0,
    "complex_pde": 3.9984169006347656,
    "complex_ipde": 0.0,
    "chains_ptm": {
        "0": 0.3127202093601227
    },
    "pair_chains_iptm": {
        "0": {
            "0": 0.3127202093601227
        }
    }
}