{
    "confidence_score": 0.7499353885650635,
    "ptm": 0.9039291739463806,
    "iptm": 0.0,
    "ligand_iptm": 0.0,
    "protein_iptm": 0.0,
    "complex_plddt": 0.9374192357063293,
    "complex_iplddt": 0.0,
    "complex_pde": 0.33066442608833313,
    "complex_ipde": 0.0,
    "chains_ptm": {
        "0": 0.9039291739463806
    },
    "pair_chains_iptm": {
        "0": {
            "0": 0.9039291739463806
        }
    }
}