{
    "confidence_score": 0.5919477343559265,
    "ptm": 0.5132139325141907,
    "iptm": 0.0,
    "ligand_iptm": 0.0,
    "protein_iptm": 0.0,
    "complex_plddt": 0.7399346828460693,
    "complex_iplddt": 0.0,
    "complex_pde": 1.0180704593658447,
    "complex_ipde": 0.0,
    "chains_ptm": {
        "0": 0.5132139325141907
    },
    "pair_chains_iptm": {
        "0": {
            "0": 0.5132139325141907
        }
    }
}