{
    "confidence_score": 0.43832722306251526,
    "ptm": 0.3008570373058319,
    "iptm": 0.0,
    "ligand_iptm": 0.0,
    "protein_iptm": 0.0,
    "complex_plddt": 0.5479090213775635,
    "complex_iplddt": 0.0,
    "complex_pde": 1.7113395929336548,
    "complex_ipde": 0.0,
    "chains_ptm": {
        "0": 0.3008570373058319
    },
    "pair_chains_iptm": {
        "0": {
            "0": 0.3008570373058319
        }
    }
}