{
    "confidence_score": 0.5548571944236755,
    "ptm": 0.3739885091781616,
    "iptm": 0.0,
    "ligand_iptm": 0.0,
    "protein_iptm": 0.0,
    "complex_plddt": 0.6935715079307556,
    "complex_iplddt": 0.0,
    "complex_pde": 0.8483501672744751,
    "complex_ipde": 0.0,
    "chains_ptm": {
        "0": 0.3739885091781616
    },
    "pair_chains_iptm": {
        "0": {
            "0": 0.3739885091781616
        }
    }
}