{
    "features": 2212.608049631119,
    "process_features_model_1_pred_0": 1.662442684173584,
    "predict_and_compile_model_1_pred_0": 522.6973090171814,
    "process_features_model_2_pred_0": 1.6315999031066895,
    "predict_and_compile_model_2_pred_0": 474.17621898651123,
    "process_features_model_3_pred_0": 1.266510248184204,
    "predict_and_compile_model_3_pred_0": 445.08789348602295,
    "process_features_model_4_pred_0": 1.3039631843566895,
    "predict_and_compile_model_4_pred_0": 443.45333647727966,
    "process_features_model_5_pred_0": 1.3456101417541504,
    "predict_and_compile_model_5_pred_0": 413.81283140182495,
    "relax_model_4_pred_0": 133.18116426467896
}