{
    "confidence_score": 0.729673445224762,
    "ptm": 0.944939374923706,
    "iptm": 0.0,
    "ligand_iptm": 0.0,
    "protein_iptm": 0.0,
    "complex_plddt": 0.9120917916297913,
    "complex_iplddt": 0.0,
    "complex_pde": 0.3796667158603668,
    "complex_ipde": 0.0,
    "chains_ptm": {
        "0": 0.944939374923706
    },
    "pair_chains_iptm": {
        "0": {
            "0": 0.944939374923706
        }
    }
}