{
    "confidence_score": 0.48445582389831543,
    "ptm": 0.49284854531288147,
    "iptm": 0.0,
    "ligand_iptm": 0.0,
    "protein_iptm": 0.0,
    "complex_plddt": 0.6055697798728943,
    "complex_iplddt": 0.0,
    "complex_pde": 3.075472354888916,
    "complex_ipde": 0.0,
    "chains_ptm": {
        "0": 0.49284854531288147
    },
    "pair_chains_iptm": {
        "0": {
            "0": 0.49284854531288147
        }
    }
}