{
    "confidence_score": 0.4481974244117737,
    "ptm": 0.19347640872001648,
    "iptm": 0.0,
    "ligand_iptm": 0.0,
    "protein_iptm": 0.0,
    "complex_plddt": 0.5602467656135559,
    "complex_iplddt": 0.0,
    "complex_pde": 2.4238898754119873,
    "complex_ipde": 0.0,
    "chains_ptm": {
        "0": 0.19347640872001648
    },
    "pair_chains_iptm": {
        "0": {
            "0": 0.19347640872001648
        }
    }
}