{
    "confidence_score": 0.7117258906364441,
    "ptm": 0.8723955154418945,
    "iptm": 0.0,
    "ligand_iptm": 0.0,
    "protein_iptm": 0.0,
    "complex_plddt": 0.8896573781967163,
    "complex_iplddt": 0.0,
    "complex_pde": 0.48012271523475647,
    "complex_ipde": 0.0,
    "chains_ptm": {
        "0": 0.8723955154418945
    },
    "pair_chains_iptm": {
        "0": {
            "0": 0.8723955154418945
        }
    }
}