{
    "confidence_score": 0.624357283115387,
    "ptm": 0.3831958770751953,
    "iptm": 0.0,
    "ligand_iptm": 0.0,
    "protein_iptm": 0.0,
    "complex_plddt": 0.7804465889930725,
    "complex_iplddt": 0.0,
    "complex_pde": 1.2702751159667969,
    "complex_ipde": 0.0,
    "chains_ptm": {
        "0": 0.3831958770751953
    },
    "pair_chains_iptm": {
        "0": {
            "0": 0.3831958770751953
        }
    }
}