{
    "confidence_score": 0.6072506308555603,
    "ptm": 0.7673978209495544,
    "iptm": 0.0,
    "ligand_iptm": 0.0,
    "protein_iptm": 0.0,
    "complex_plddt": 0.7590633034706116,
    "complex_iplddt": 0.0,
    "complex_pde": 0.638090968132019,
    "complex_ipde": 0.0,
    "chains_ptm": {
        "0": 0.7673978209495544
    },
    "pair_chains_iptm": {
        "0": {
            "0": 0.7673978209495544
        }
    }
}