{
    "confidence_score": 0.754165530204773,
    "ptm": 0.950782299041748,
    "iptm": 0.0,
    "ligand_iptm": 0.0,
    "protein_iptm": 0.0,
    "complex_plddt": 0.9427068829536438,
    "complex_iplddt": 0.0,
    "complex_pde": 0.31467148661613464,
    "complex_ipde": 0.0,
    "chains_ptm": {
        "0": 0.950782299041748
    },
    "pair_chains_iptm": {
        "0": {
            "0": 0.950782299041748
        }
    }
}