{
    "confidence_score": 0.7632285952568054,
    "ptm": 0.9551005363464355,
    "iptm": 0.0,
    "ligand_iptm": 0.0,
    "protein_iptm": 0.0,
    "complex_plddt": 0.9540356993675232,
    "complex_iplddt": 0.0,
    "complex_pde": 0.3134559988975525,
    "complex_ipde": 0.0,
    "chains_ptm": {
        "0": 0.9551005363464355
    },
    "pair_chains_iptm": {
        "0": {
            "0": 0.9551005363464355
        }
    }
}