{
    "confidence_score": 0.5731989145278931,
    "ptm": 0.6850943565368652,
    "iptm": 0.0,
    "ligand_iptm": 0.0,
    "protein_iptm": 0.0,
    "complex_plddt": 0.716498613357544,
    "complex_iplddt": 0.0,
    "complex_pde": 1.8499921560287476,
    "complex_ipde": 0.0,
    "chains_ptm": {
        "0": 0.6850943565368652
    },
    "pair_chains_iptm": {
        "0": {
            "0": 0.6850943565368652
        }
    }
}