{
    "confidence_score": 0.6443306803703308,
    "ptm": 0.7149361968040466,
    "iptm": 0.0,
    "ligand_iptm": 0.0,
    "protein_iptm": 0.0,
    "complex_plddt": 0.8054133653640747,
    "complex_iplddt": 0.0,
    "complex_pde": 1.355048656463623,
    "complex_ipde": 0.0,
    "chains_ptm": {
        "0": 0.7149361968040466
    },
    "pair_chains_iptm": {
        "0": {
            "0": 0.7149361968040466
        }
    }
}