{
    "confidence_score": 0.5785171389579773,
    "ptm": 0.6208640933036804,
    "iptm": 0.0,
    "ligand_iptm": 0.0,
    "protein_iptm": 0.0,
    "complex_plddt": 0.7231464385986328,
    "complex_iplddt": 0.0,
    "complex_pde": 1.5555086135864258,
    "complex_ipde": 0.0,
    "chains_ptm": {
        "0": 0.6208640933036804
    },
    "pair_chains_iptm": {
        "0": {
            "0": 0.6208640933036804
        }
    }
}