{
    "confidence_score": 0.46428853273391724,
    "ptm": 0.2506333291530609,
    "iptm": 0.0,
    "ligand_iptm": 0.0,
    "protein_iptm": 0.0,
    "complex_plddt": 0.5803606510162354,
    "complex_iplddt": 0.0,
    "complex_pde": 2.4269518852233887,
    "complex_ipde": 0.0,
    "chains_ptm": {
        "0": 0.2506333291530609
    },
    "pair_chains_iptm": {
        "0": {
            "0": 0.2506333291530609
        }
    }
}