{
    "confidence_score": 0.5368266105651855,
    "ptm": 0.39509403705596924,
    "iptm": 0.0,
    "ligand_iptm": 0.0,
    "protein_iptm": 0.0,
    "complex_plddt": 0.6710332632064819,
    "complex_iplddt": 0.0,
    "complex_pde": 1.9189850091934204,
    "complex_ipde": 0.0,
    "chains_ptm": {
        "0": 0.39509403705596924
    },
    "pair_chains_iptm": {
        "0": {
            "0": 0.39509403705596924
        }
    }
}