{
    "confidence_score": 0.6519263982772827,
    "ptm": 0.4381870925426483,
    "iptm": 0.0,
    "ligand_iptm": 0.0,
    "protein_iptm": 0.0,
    "complex_plddt": 0.814907968044281,
    "complex_iplddt": 0.0,
    "complex_pde": 1.2328561544418335,
    "complex_ipde": 0.0,
    "chains_ptm": {
        "0": 0.4381870925426483
    },
    "pair_chains_iptm": {
        "0": {
            "0": 0.4381870925426483
        }
    }
}