{
    "confidence_score": 0.5756303071975708,
    "ptm": 0.7688309550285339,
    "iptm": 0.0,
    "ligand_iptm": 0.0,
    "protein_iptm": 0.0,
    "complex_plddt": 0.7195378541946411,
    "complex_iplddt": 0.0,
    "complex_pde": 0.7896310091018677,
    "complex_ipde": 0.0,
    "chains_ptm": {
        "0": 0.7688309550285339
    },
    "pair_chains_iptm": {
        "0": {
            "0": 0.7688309550285339
        }
    }
}