{
    "confidence_score": 0.6171709895133972,
    "ptm": 0.643069863319397,
    "iptm": 0.0,
    "ligand_iptm": 0.0,
    "protein_iptm": 0.0,
    "complex_plddt": 0.7714636921882629,
    "complex_iplddt": 0.0,
    "complex_pde": 0.8811290264129639,
    "complex_ipde": 0.0,
    "chains_ptm": {
        "0": 0.643069863319397
    },
    "pair_chains_iptm": {
        "0": {
            "0": 0.643069863319397
        }
    }
}