{
    "confidence_score": 0.7147457599639893,
    "ptm": 0.9255391359329224,
    "iptm": 0.0,
    "ligand_iptm": 0.0,
    "protein_iptm": 0.0,
    "complex_plddt": 0.8934321999549866,
    "complex_iplddt": 0.0,
    "complex_pde": 0.587653398513794,
    "complex_ipde": 0.0,
    "chains_ptm": {
        "0": 0.9255391359329224
    },
    "pair_chains_iptm": {
        "0": {
            "0": 0.9255391359329224
        }
    }
}