{
    "confidence_score": 0.589785635471344,
    "ptm": 0.6554445624351501,
    "iptm": 0.0,
    "ligand_iptm": 0.0,
    "protein_iptm": 0.0,
    "complex_plddt": 0.7372320294380188,
    "complex_iplddt": 0.0,
    "complex_pde": 1.0590418577194214,
    "complex_ipde": 0.0,
    "chains_ptm": {
        "0": 0.6554445624351501
    },
    "pair_chains_iptm": {
        "0": {
            "0": 0.6554445624351501
        }
    }
}