{
    "confidence_score": 0.48642197251319885,
    "ptm": 0.4808831810951233,
    "iptm": 0.0,
    "ligand_iptm": 0.0,
    "protein_iptm": 0.0,
    "complex_plddt": 0.608027458190918,
    "complex_iplddt": 0.0,
    "complex_pde": 1.5255019664764404,
    "complex_ipde": 0.0,
    "chains_ptm": {
        "0": 0.4808831810951233
    },
    "pair_chains_iptm": {
        "0": {
            "0": 0.4808831810951233
        }
    }
}