{
    "confidence_score": 0.7055428624153137,
    "ptm": 0.8979631066322327,
    "iptm": 0.0,
    "ligand_iptm": 0.0,
    "protein_iptm": 0.0,
    "complex_plddt": 0.881928563117981,
    "complex_iplddt": 0.0,
    "complex_pde": 0.525322437286377,
    "complex_ipde": 0.0,
    "chains_ptm": {
        "0": 0.8979631066322327
    },
    "pair_chains_iptm": {
        "0": {
            "0": 0.8979631066322327
        }
    }
}