{
    "confidence_score": 0.4569828510284424,
    "ptm": 0.4690176844596863,
    "iptm": 0.0,
    "ligand_iptm": 0.0,
    "protein_iptm": 0.0,
    "complex_plddt": 0.571228563785553,
    "complex_iplddt": 0.0,
    "complex_pde": 2.752366781234741,
    "complex_ipde": 0.0,
    "chains_ptm": {
        "0": 0.4690176844596863
    },
    "pair_chains_iptm": {
        "0": {
            "0": 0.4690176844596863
        }
    }
}