{
    "confidence_score": 0.6901912093162537,
    "ptm": 0.8396332263946533,
    "iptm": 0.0,
    "ligand_iptm": 0.0,
    "protein_iptm": 0.0,
    "complex_plddt": 0.8627390265464783,
    "complex_iplddt": 0.0,
    "complex_pde": 0.6051234602928162,
    "complex_ipde": 0.0,
    "chains_ptm": {
        "0": 0.8396332263946533
    },
    "pair_chains_iptm": {
        "0": {
            "0": 0.8396332263946533
        }
    }
}