{
    "confidence_score": 0.7447903156280518,
    "ptm": 0.9417818188667297,
    "iptm": 0.0,
    "ligand_iptm": 0.0,
    "protein_iptm": 0.0,
    "complex_plddt": 0.9309878945350647,
    "complex_iplddt": 0.0,
    "complex_pde": 0.3307076692581177,
    "complex_ipde": 0.0,
    "chains_ptm": {
        "0": 0.9417818188667297
    },
    "pair_chains_iptm": {
        "0": {
            "0": 0.9417818188667297
        }
    }
}