{
    "confidence_score": 0.6115432977676392,
    "ptm": 0.6909958720207214,
    "iptm": 0.0,
    "ligand_iptm": 0.0,
    "protein_iptm": 0.0,
    "complex_plddt": 0.7644290924072266,
    "complex_iplddt": 0.0,
    "complex_pde": 0.9253225326538086,
    "complex_ipde": 0.0,
    "chains_ptm": {
        "0": 0.6909958720207214
    },
    "pair_chains_iptm": {
        "0": {
            "0": 0.6909958720207214
        }
    }
}