{
    "confidence_score": 0.6827841997146606,
    "ptm": 0.8434992432594299,
    "iptm": 0.0,
    "ligand_iptm": 0.0,
    "protein_iptm": 0.0,
    "complex_plddt": 0.8534802198410034,
    "complex_iplddt": 0.0,
    "complex_pde": 0.7667629718780518,
    "complex_ipde": 0.0,
    "chains_ptm": {
        "0": 0.8434992432594299
    },
    "pair_chains_iptm": {
        "0": {
            "0": 0.8434992432594299
        }
    }
}