{
    "confidence_score": 0.7048083543777466,
    "ptm": 0.8768854737281799,
    "iptm": 0.0,
    "ligand_iptm": 0.0,
    "protein_iptm": 0.0,
    "complex_plddt": 0.8810104131698608,
    "complex_iplddt": 0.0,
    "complex_pde": 0.6478898525238037,
    "complex_ipde": 0.0,
    "chains_ptm": {
        "0": 0.8768854737281799
    },
    "pair_chains_iptm": {
        "0": {
            "0": 0.8768854737281799
        }
    }
}