{
    "confidence_score": 0.7205651998519897,
    "ptm": 0.8878215551376343,
    "iptm": 0.0,
    "ligand_iptm": 0.0,
    "protein_iptm": 0.0,
    "complex_plddt": 0.9007064700126648,
    "complex_iplddt": 0.0,
    "complex_pde": 0.4631253480911255,
    "complex_ipde": 0.0,
    "chains_ptm": {
        "0": 0.8878215551376343
    },
    "pair_chains_iptm": {
        "0": {
            "0": 0.8878215551376343
        }
    }
}