{
    "confidence_score": 0.6112355589866638,
    "ptm": 0.7488141059875488,
    "iptm": 0.0,
    "ligand_iptm": 0.0,
    "protein_iptm": 0.0,
    "complex_plddt": 0.7640444040298462,
    "complex_iplddt": 0.0,
    "complex_pde": 0.9774835109710693,
    "complex_ipde": 0.0,
    "chains_ptm": {
        "0": 0.7488141059875488
    },
    "pair_chains_iptm": {
        "0": {
            "0": 0.7488141059875488
        }
    }
}