{
    "confidence_score": 0.7364442348480225,
    "ptm": 0.7920235395431519,
    "iptm": 0.0,
    "ligand_iptm": 0.0,
    "protein_iptm": 0.0,
    "complex_plddt": 0.9205552935600281,
    "complex_iplddt": 0.0,
    "complex_pde": 0.4130302667617798,
    "complex_ipde": 0.0,
    "chains_ptm": {
        "0": 0.7920235395431519
    },
    "pair_chains_iptm": {
        "0": {
            "0": 0.7920235395431519
        }
    }
}