{
    "confidence_score": 0.7212030291557312,
    "ptm": 0.8696148991584778,
    "iptm": 0.0,
    "ligand_iptm": 0.0,
    "protein_iptm": 0.0,
    "complex_plddt": 0.9015038013458252,
    "complex_iplddt": 0.0,
    "complex_pde": 0.43222302198410034,
    "complex_ipde": 0.0,
    "chains_ptm": {
        "0": 0.8696148991584778
    },
    "pair_chains_iptm": {
        "0": {
            "0": 0.8696148991584778
        }
    }
}