{
    "confidence_score": 0.7102268934249878,
    "ptm": 0.8863658905029297,
    "iptm": 0.0,
    "ligand_iptm": 0.0,
    "protein_iptm": 0.0,
    "complex_plddt": 0.8877835869789124,
    "complex_iplddt": 0.0,
    "complex_pde": 0.5112077593803406,
    "complex_ipde": 0.0,
    "chains_ptm": {
        "0": 0.8863658905029297
    },
    "pair_chains_iptm": {
        "0": {
            "0": 0.8863658905029297
        }
    }
}