{
    "confidence_score": 0.41373392939567566,
    "ptm": 0.4490422010421753,
    "iptm": 0.0,
    "ligand_iptm": 0.0,
    "protein_iptm": 0.0,
    "complex_plddt": 0.5171673893928528,
    "complex_iplddt": 0.0,
    "complex_pde": 2.8100571632385254,
    "complex_ipde": 0.0,
    "chains_ptm": {
        "0": 0.4490422010421753
    },
    "pair_chains_iptm": {
        "0": {
            "0": 0.4490422010421753
        }
    }
}