{
    "confidence_score": 0.6593357920646667,
    "ptm": 0.7742111682891846,
    "iptm": 0.0,
    "ligand_iptm": 0.0,
    "protein_iptm": 0.0,
    "complex_plddt": 0.8241697549819946,
    "complex_iplddt": 0.0,
    "complex_pde": 0.6958792805671692,
    "complex_ipde": 0.0,
    "chains_ptm": {
        "0": 0.7742111682891846
    },
    "pair_chains_iptm": {
        "0": {
            "0": 0.7742111682891846
        }
    }
}