{
    "confidence_score": 0.7213903069496155,
    "ptm": 0.9227860569953918,
    "iptm": 0.0,
    "ligand_iptm": 0.0,
    "protein_iptm": 0.0,
    "complex_plddt": 0.9017378687858582,
    "complex_iplddt": 0.0,
    "complex_pde": 0.45884793996810913,
    "complex_ipde": 0.0,
    "chains_ptm": {
        "0": 0.9227860569953918
    },
    "pair_chains_iptm": {
        "0": {
            "0": 0.9227860569953918
        }
    }
}