{
    "confidence_score": 0.5663676857948303,
    "ptm": 0.47478216886520386,
    "iptm": 0.0,
    "ligand_iptm": 0.0,
    "protein_iptm": 0.0,
    "complex_plddt": 0.7079595923423767,
    "complex_iplddt": 0.0,
    "complex_pde": 2.7644083499908447,
    "complex_ipde": 0.0,
    "chains_ptm": {
        "0": 0.47478216886520386
    },
    "pair_chains_iptm": {
        "0": {
            "0": 0.47478216886520386
        }
    }
}