{
    "confidence_score": 0.7188221216201782,
    "ptm": 0.9245408177375793,
    "iptm": 0.0,
    "ligand_iptm": 0.0,
    "protein_iptm": 0.0,
    "complex_plddt": 0.8985276222229004,
    "complex_iplddt": 0.0,
    "complex_pde": 0.4769640862941742,
    "complex_ipde": 0.0,
    "chains_ptm": {
        "0": 0.9245408177375793
    },
    "pair_chains_iptm": {
        "0": {
            "0": 0.9245408177375793
        }
    }
}