{
    "confidence_score": 0.6946296095848083,
    "ptm": 0.8588904142379761,
    "iptm": 0.0,
    "ligand_iptm": 0.0,
    "protein_iptm": 0.0,
    "complex_plddt": 0.8682870268821716,
    "complex_iplddt": 0.0,
    "complex_pde": 0.6433320641517639,
    "complex_ipde": 0.0,
    "chains_ptm": {
        "0": 0.8588904142379761
    },
    "pair_chains_iptm": {
        "0": {
            "0": 0.8588904142379761
        }
    }
}