{
    "confidence_score": 0.5460125803947449,
    "ptm": 0.6207405924797058,
    "iptm": 0.0,
    "ligand_iptm": 0.0,
    "protein_iptm": 0.0,
    "complex_plddt": 0.6825157403945923,
    "complex_iplddt": 0.0,
    "complex_pde": 1.2271268367767334,
    "complex_ipde": 0.0,
    "chains_ptm": {
        "0": 0.6207405924797058
    },
    "pair_chains_iptm": {
        "0": {
            "0": 0.6207405924797058
        }
    }
}