{
    "confidence_score": 0.6884292960166931,
    "ptm": 0.8752713203430176,
    "iptm": 0.0,
    "ligand_iptm": 0.0,
    "protein_iptm": 0.0,
    "complex_plddt": 0.8605365753173828,
    "complex_iplddt": 0.0,
    "complex_pde": 0.5562580823898315,
    "complex_ipde": 0.0,
    "chains_ptm": {
        "0": 0.8752713203430176
    },
    "pair_chains_iptm": {
        "0": {
            "0": 0.8752713203430176
        }
    }
}