{
    "confidence_score": 0.7180061340332031,
    "ptm": 0.9229843616485596,
    "iptm": 0.0,
    "ligand_iptm": 0.0,
    "protein_iptm": 0.0,
    "complex_plddt": 0.8975076675415039,
    "complex_iplddt": 0.0,
    "complex_pde": 0.3594496548175812,
    "complex_ipde": 0.0,
    "chains_ptm": {
        "0": 0.9229843616485596
    },
    "pair_chains_iptm": {
        "0": {
            "0": 0.9229843616485596
        }
    }
}