{
    "confidence_score": 0.6885829567909241,
    "ptm": 0.901543140411377,
    "iptm": 0.0,
    "ligand_iptm": 0.0,
    "protein_iptm": 0.0,
    "complex_plddt": 0.8607286810874939,
    "complex_iplddt": 0.0,
    "complex_pde": 0.4018370807170868,
    "complex_ipde": 0.0,
    "chains_ptm": {
        "0": 0.901543140411377
    },
    "pair_chains_iptm": {
        "0": {
            "0": 0.901543140411377
        }
    }
}