{
    "confidence_score": 0.5507150292396545,
    "ptm": 0.717734694480896,
    "iptm": 0.0,
    "ligand_iptm": 0.0,
    "protein_iptm": 0.0,
    "complex_plddt": 0.688393771648407,
    "complex_iplddt": 0.0,
    "complex_pde": 1.342495083808899,
    "complex_ipde": 0.0,
    "chains_ptm": {
        "0": 0.717734694480896
    },
    "pair_chains_iptm": {
        "0": {
            "0": 0.717734694480896
        }
    }
}