{
    "confidence_score": 0.5126858353614807,
    "ptm": 0.27562159299850464,
    "iptm": 0.0,
    "ligand_iptm": 0.0,
    "protein_iptm": 0.0,
    "complex_plddt": 0.6408572793006897,
    "complex_iplddt": 0.0,
    "complex_pde": 1.4443670511245728,
    "complex_ipde": 0.0,
    "chains_ptm": {
        "0": 0.27562159299850464
    },
    "pair_chains_iptm": {
        "0": {
            "0": 0.27562159299850464
        }
    }
}