{
    "confidence_score": 0.7142263650894165,
    "ptm": 0.9083245396614075,
    "iptm": 0.0,
    "ligand_iptm": 0.0,
    "protein_iptm": 0.0,
    "complex_plddt": 0.8927829265594482,
    "complex_iplddt": 0.0,
    "complex_pde": 0.4510486125946045,
    "complex_ipde": 0.0,
    "chains_ptm": {
        "0": 0.9083245396614075
    },
    "pair_chains_iptm": {
        "0": {
            "0": 0.9083245396614075
        }
    }
}