{
    "confidence_score": 0.5659248232841492,
    "ptm": 0.3419521450996399,
    "iptm": 0.0,
    "ligand_iptm": 0.0,
    "protein_iptm": 0.0,
    "complex_plddt": 0.7074060440063477,
    "complex_iplddt": 0.0,
    "complex_pde": 0.8275837302207947,
    "complex_ipde": 0.0,
    "chains_ptm": {
        "0": 0.3419521450996399
    },
    "pair_chains_iptm": {
        "0": {
            "0": 0.3419521450996399
        }
    }
}