{
    "confidence_score": 0.575941264629364,
    "ptm": 0.6565651893615723,
    "iptm": 0.0,
    "ligand_iptm": 0.0,
    "protein_iptm": 0.0,
    "complex_plddt": 0.7199265360832214,
    "complex_iplddt": 0.0,
    "complex_pde": 1.246511459350586,
    "complex_ipde": 0.0,
    "chains_ptm": {
        "0": 0.6565651893615723
    },
    "pair_chains_iptm": {
        "0": {
            "0": 0.6565651893615723
        }
    }
}