{
    "confidence_score": 0.42717114090919495,
    "ptm": 0.3521549105644226,
    "iptm": 0.0,
    "ligand_iptm": 0.0,
    "protein_iptm": 0.0,
    "complex_plddt": 0.5339639186859131,
    "complex_iplddt": 0.0,
    "complex_pde": 2.336988925933838,
    "complex_ipde": 0.0,
    "chains_ptm": {
        "0": 0.3521549105644226
    },
    "pair_chains_iptm": {
        "0": {
            "0": 0.3521549105644226
        }
    }
}