{
    "confidence_score": 0.7342984080314636,
    "ptm": 0.9326050281524658,
    "iptm": 0.0,
    "ligand_iptm": 0.0,
    "protein_iptm": 0.0,
    "complex_plddt": 0.9178730249404907,
    "complex_iplddt": 0.0,
    "complex_pde": 0.4389491081237793,
    "complex_ipde": 0.0,
    "chains_ptm": {
        "0": 0.9326050281524658
    },
    "pair_chains_iptm": {
        "0": {
            "0": 0.9326050281524658
        }
    }
}