{
    "confidence_score": 0.488311767578125,
    "ptm": 0.521999180316925,
    "iptm": 0.0,
    "ligand_iptm": 0.0,
    "protein_iptm": 0.0,
    "complex_plddt": 0.6103897094726562,
    "complex_iplddt": 0.0,
    "complex_pde": 1.763767957687378,
    "complex_ipde": 0.0,
    "chains_ptm": {
        "0": 0.521999180316925
    },
    "pair_chains_iptm": {
        "0": {
            "0": 0.521999180316925
        }
    }
}