{
    "confidence_score": 0.6807431578636169,
    "ptm": 0.8746049404144287,
    "iptm": 0.0,
    "ligand_iptm": 0.0,
    "protein_iptm": 0.0,
    "complex_plddt": 0.8509289622306824,
    "complex_iplddt": 0.0,
    "complex_pde": 0.4490281939506531,
    "complex_ipde": 0.0,
    "chains_ptm": {
        "0": 0.8746049404144287
    },
    "pair_chains_iptm": {
        "0": {
            "0": 0.8746049404144287
        }
    }
}