{
    "confidence_score": 0.6725975275039673,
    "ptm": 0.8917098045349121,
    "iptm": 0.0,
    "ligand_iptm": 0.0,
    "protein_iptm": 0.0,
    "complex_plddt": 0.8407468795776367,
    "complex_iplddt": 0.0,
    "complex_pde": 0.6207751035690308,
    "complex_ipde": 0.0,
    "chains_ptm": {
        "0": 0.8917098045349121
    },
    "pair_chains_iptm": {
        "0": {
            "0": 0.8917098045349121
        }
    }
}