{
    "confidence_score": 0.7404316067695618,
    "ptm": 0.9097967147827148,
    "iptm": 0.0,
    "ligand_iptm": 0.0,
    "protein_iptm": 0.0,
    "complex_plddt": 0.925539493560791,
    "complex_iplddt": 0.0,
    "complex_pde": 0.359344482421875,
    "complex_ipde": 0.0,
    "chains_ptm": {
        "0": 0.9097967147827148
    },
    "pair_chains_iptm": {
        "0": {
            "0": 0.9097967147827148
        }
    }
}