{
    "confidence_score": 0.515978991985321,
    "ptm": 0.5001248121261597,
    "iptm": 0.0,
    "ligand_iptm": 0.0,
    "protein_iptm": 0.0,
    "complex_plddt": 0.6449736952781677,
    "complex_iplddt": 0.0,
    "complex_pde": 1.3123663663864136,
    "complex_ipde": 0.0,
    "chains_ptm": {
        "0": 0.5001248121261597
    },
    "pair_chains_iptm": {
        "0": {
            "0": 0.5001248121261597
        }
    }
}