{
    "confidence_score": 0.6098886728286743,
    "ptm": 0.6799166798591614,
    "iptm": 0.0,
    "ligand_iptm": 0.0,
    "protein_iptm": 0.0,
    "complex_plddt": 0.7623608112335205,
    "complex_iplddt": 0.0,
    "complex_pde": 0.8028074502944946,
    "complex_ipde": 0.0,
    "chains_ptm": {
        "0": 0.6799166798591614
    },
    "pair_chains_iptm": {
        "0": {
            "0": 0.6799166798591614
        }
    }
}