{
    "confidence_score": 0.756144106388092,
    "ptm": 0.9433048367500305,
    "iptm": 0.0,
    "ligand_iptm": 0.0,
    "protein_iptm": 0.0,
    "complex_plddt": 0.9451801180839539,
    "complex_iplddt": 0.0,
    "complex_pde": 0.34863466024398804,
    "complex_ipde": 0.0,
    "chains_ptm": {
        "0": 0.9433048367500305
    },
    "pair_chains_iptm": {
        "0": {
            "0": 0.9433048367500305
        }
    }
}