{
    "confidence_score": 0.5100659728050232,
    "ptm": 0.6340541243553162,
    "iptm": 0.0,
    "ligand_iptm": 0.0,
    "protein_iptm": 0.0,
    "complex_plddt": 0.6375824213027954,
    "complex_iplddt": 0.0,
    "complex_pde": 1.2114973068237305,
    "complex_ipde": 0.0,
    "chains_ptm": {
        "0": 0.6340541243553162
    },
    "pair_chains_iptm": {
        "0": {
            "0": 0.6340541243553162
        }
    }
}