{
    "confidence_score": 0.7293494939804077,
    "ptm": 0.9115363955497742,
    "iptm": 0.0,
    "ligand_iptm": 0.0,
    "protein_iptm": 0.0,
    "complex_plddt": 0.9116868376731873,
    "complex_iplddt": 0.0,
    "complex_pde": 0.46427908539772034,
    "complex_ipde": 0.0,
    "chains_ptm": {
        "0": 0.9115363955497742
    },
    "pair_chains_iptm": {
        "0": {
            "0": 0.9115363955497742
        }
    }
}