{
    "confidence_score": 0.4602240025997162,
    "ptm": 0.3739391565322876,
    "iptm": 0.0,
    "ligand_iptm": 0.0,
    "protein_iptm": 0.0,
    "complex_plddt": 0.5752800107002258,
    "complex_iplddt": 0.0,
    "complex_pde": 2.674791097640991,
    "complex_ipde": 0.0,
    "chains_ptm": {
        "0": 0.3739391565322876
    },
    "pair_chains_iptm": {
        "0": {
            "0": 0.3739391565322876
        }
    }
}