{
    "confidence_score": 0.7659146189689636,
    "ptm": 0.9538586735725403,
    "iptm": 0.0,
    "ligand_iptm": 0.0,
    "protein_iptm": 0.0,
    "complex_plddt": 0.957393229007721,
    "complex_iplddt": 0.0,
    "complex_pde": 0.3202134966850281,
    "complex_ipde": 0.0,
    "chains_ptm": {
        "0": 0.9538586735725403
    },
    "pair_chains_iptm": {
        "0": {
            "0": 0.9538586735725403
        }
    }
}