{
    "confidence_score": 0.6538575887680054,
    "ptm": 0.81087327003479,
    "iptm": 0.0,
    "ligand_iptm": 0.0,
    "protein_iptm": 0.0,
    "complex_plddt": 0.8173219561576843,
    "complex_iplddt": 0.0,
    "complex_pde": 1.2154009342193604,
    "complex_ipde": 0.0,
    "chains_ptm": {
        "0": 0.81087327003479
    },
    "pair_chains_iptm": {
        "0": {
            "0": 0.81087327003479
        }
    }
}