{
    "confidence_score": 0.7641015648841858,
    "ptm": 0.9472326636314392,
    "iptm": 0.0,
    "ligand_iptm": 0.0,
    "protein_iptm": 0.0,
    "complex_plddt": 0.955126941204071,
    "complex_iplddt": 0.0,
    "complex_pde": 0.3142462372779846,
    "complex_ipde": 0.0,
    "chains_ptm": {
        "0": 0.9472326636314392
    },
    "pair_chains_iptm": {
        "0": {
            "0": 0.9472326636314392
        }
    }
}