{
    "confidence_score": 0.73444002866745,
    "ptm": 0.9452332258224487,
    "iptm": 0.0,
    "ligand_iptm": 0.0,
    "protein_iptm": 0.0,
    "complex_plddt": 0.9180499911308289,
    "complex_iplddt": 0.0,
    "complex_pde": 0.4449131190776825,
    "complex_ipde": 0.0,
    "chains_ptm": {
        "0": 0.9452332258224487
    },
    "pair_chains_iptm": {
        "0": {
            "0": 0.9452332258224487
        }
    }
}