{
    "confidence_score": 0.6867691874504089,
    "ptm": 0.8670048117637634,
    "iptm": 0.0,
    "ligand_iptm": 0.0,
    "protein_iptm": 0.0,
    "complex_plddt": 0.8584614992141724,
    "complex_iplddt": 0.0,
    "complex_pde": 0.44034311175346375,
    "complex_ipde": 0.0,
    "chains_ptm": {
        "0": 0.8670048117637634
    },
    "pair_chains_iptm": {
        "0": {
            "0": 0.8670048117637634
        }
    }
}