{
    "confidence_score": 0.6835126876831055,
    "ptm": 0.8886350393295288,
    "iptm": 0.0,
    "ligand_iptm": 0.0,
    "protein_iptm": 0.0,
    "complex_plddt": 0.8543908596038818,
    "complex_iplddt": 0.0,
    "complex_pde": 0.6135491728782654,
    "complex_ipde": 0.0,
    "chains_ptm": {
        "0": 0.8886350393295288
    },
    "pair_chains_iptm": {
        "0": {
            "0": 0.8886350393295288
        }
    }
}