{
    "confidence_score": 0.48598095774650574,
    "ptm": 0.5481122732162476,
    "iptm": 0.0,
    "ligand_iptm": 0.0,
    "protein_iptm": 0.0,
    "complex_plddt": 0.6074761748313904,
    "complex_iplddt": 0.0,
    "complex_pde": 1.7891916036605835,
    "complex_ipde": 0.0,
    "chains_ptm": {
        "0": 0.5481122732162476
    },
    "pair_chains_iptm": {
        "0": {
            "0": 0.5481122732162476
        }
    }
}