{
    "confidence_score": 0.5735873579978943,
    "ptm": 0.6966906189918518,
    "iptm": 0.0,
    "ligand_iptm": 0.0,
    "protein_iptm": 0.0,
    "complex_plddt": 0.7169841527938843,
    "complex_iplddt": 0.0,
    "complex_pde": 1.453554391860962,
    "complex_ipde": 0.0,
    "chains_ptm": {
        "0": 0.6966906189918518
    },
    "pair_chains_iptm": {
        "0": {
            "0": 0.6966906189918518
        }
    }
}