{
    "confidence_score": 0.63798588514328,
    "ptm": 0.6546052098274231,
    "iptm": 0.0,
    "ligand_iptm": 0.0,
    "protein_iptm": 0.0,
    "complex_plddt": 0.7974823117256165,
    "complex_iplddt": 0.0,
    "complex_pde": 0.9218524694442749,
    "complex_ipde": 0.0,
    "chains_ptm": {
        "0": 0.6546052098274231
    },
    "pair_chains_iptm": {
        "0": {
            "0": 0.6546052098274231
        }
    }
}