{
    "confidence_score": 0.6859384775161743,
    "ptm": 0.8661364912986755,
    "iptm": 0.0,
    "ligand_iptm": 0.0,
    "protein_iptm": 0.0,
    "complex_plddt": 0.8574230670928955,
    "complex_iplddt": 0.0,
    "complex_pde": 0.65572589635849,
    "complex_ipde": 0.0,
    "chains_ptm": {
        "0": 0.8661364912986755
    },
    "pair_chains_iptm": {
        "0": {
            "0": 0.8661364912986755
        }
    }
}