{
    "confidence_score": 0.6236660480499268,
    "ptm": 0.5718135833740234,
    "iptm": 0.0,
    "ligand_iptm": 0.0,
    "protein_iptm": 0.0,
    "complex_plddt": 0.7795825600624084,
    "complex_iplddt": 0.0,
    "complex_pde": 0.7612650990486145,
    "complex_ipde": 0.0,
    "chains_ptm": {
        "0": 0.5718135833740234
    },
    "pair_chains_iptm": {
        "0": {
            "0": 0.5718135833740234
        }
    }
}