{
    "confidence_score": 0.6539893746376038,
    "ptm": 0.8045129179954529,
    "iptm": 0.0,
    "ligand_iptm": 0.0,
    "protein_iptm": 0.0,
    "complex_plddt": 0.8174867033958435,
    "complex_iplddt": 0.0,
    "complex_pde": 0.7945094704627991,
    "complex_ipde": 0.0,
    "chains_ptm": {
        "0": 0.8045129179954529
    },
    "pair_chains_iptm": {
        "0": {
            "0": 0.8045129179954529
        }
    }
}