{
    "confidence_score": 0.707571268081665,
    "ptm": 0.8605806827545166,
    "iptm": 0.0,
    "ligand_iptm": 0.0,
    "protein_iptm": 0.0,
    "complex_plddt": 0.8844640851020813,
    "complex_iplddt": 0.0,
    "complex_pde": 0.47713005542755127,
    "complex_ipde": 0.0,
    "chains_ptm": {
        "0": 0.8605806827545166
    },
    "pair_chains_iptm": {
        "0": {
            "0": 0.8605806827545166
        }
    }
}