{
    "confidence_score": 0.7478794455528259,
    "ptm": 0.9217931032180786,
    "iptm": 0.0,
    "ligand_iptm": 0.0,
    "protein_iptm": 0.0,
    "complex_plddt": 0.9348492622375488,
    "complex_iplddt": 0.0,
    "complex_pde": 0.3404567241668701,
    "complex_ipde": 0.0,
    "chains_ptm": {
        "0": 0.9217931032180786
    },
    "pair_chains_iptm": {
        "0": {
            "0": 0.9217931032180786
        }
    }
}