{
    "confidence_score": 0.6232451796531677,
    "ptm": 0.7131969928741455,
    "iptm": 0.0,
    "ligand_iptm": 0.0,
    "protein_iptm": 0.0,
    "complex_plddt": 0.7790564298629761,
    "complex_iplddt": 0.0,
    "complex_pde": 1.2124698162078857,
    "complex_ipde": 0.0,
    "chains_ptm": {
        "0": 0.7131969928741455
    },
    "pair_chains_iptm": {
        "0": {
            "0": 0.7131969928741455
        }
    }
}