{
    "confidence_score": 0.7642679810523987,
    "ptm": 0.9617992639541626,
    "iptm": 0.0,
    "ligand_iptm": 0.0,
    "protein_iptm": 0.0,
    "complex_plddt": 0.9553349614143372,
    "complex_iplddt": 0.0,
    "complex_pde": 0.3109726905822754,
    "complex_ipde": 0.0,
    "chains_ptm": {
        "0": 0.9617992639541626
    },
    "pair_chains_iptm": {
        "0": {
            "0": 0.9617992639541626
        }
    }
}