{
    "confidence_score": 0.4518871307373047,
    "ptm": 0.4447808563709259,
    "iptm": 0.0,
    "ligand_iptm": 0.0,
    "protein_iptm": 0.0,
    "complex_plddt": 0.5648589134216309,
    "complex_iplddt": 0.0,
    "complex_pde": 2.298839569091797,
    "complex_ipde": 0.0,
    "chains_ptm": {
        "0": 0.4447808563709259
    },
    "pair_chains_iptm": {
        "0": {
            "0": 0.4447808563709259
        }
    }
}