{
    "confidence_score": 0.6281785368919373,
    "ptm": 0.7428557872772217,
    "iptm": 0.0,
    "ligand_iptm": 0.0,
    "protein_iptm": 0.0,
    "complex_plddt": 0.7852231860160828,
    "complex_iplddt": 0.0,
    "complex_pde": 0.6989894509315491,
    "complex_ipde": 0.0,
    "chains_ptm": {
        "0": 0.7428557872772217
    },
    "pair_chains_iptm": {
        "0": {
            "0": 0.7428557872772217
        }
    }
}