{
    "confidence_score": 0.6269446015357971,
    "ptm": 0.8457634449005127,
    "iptm": 0.0,
    "ligand_iptm": 0.0,
    "protein_iptm": 0.0,
    "complex_plddt": 0.7836807370185852,
    "complex_iplddt": 0.0,
    "complex_pde": 0.7405737638473511,
    "complex_ipde": 0.0,
    "chains_ptm": {
        "0": 0.8457634449005127
    },
    "pair_chains_iptm": {
        "0": {
            "0": 0.8457634449005127
        }
    }
}