{
    "confidence_score": 0.5520645976066589,
    "ptm": 0.35218915343284607,
    "iptm": 0.0,
    "ligand_iptm": 0.0,
    "protein_iptm": 0.0,
    "complex_plddt": 0.6900807023048401,
    "complex_iplddt": 0.0,
    "complex_pde": 1.127284049987793,
    "complex_ipde": 0.0,
    "chains_ptm": {
        "0": 0.35218915343284607
    },
    "pair_chains_iptm": {
        "0": {
            "0": 0.35218915343284607
        }
    }
}