{
    "confidence_score": 0.41309452056884766,
    "ptm": 0.1441607028245926,
    "iptm": 0.0,
    "ligand_iptm": 0.0,
    "protein_iptm": 0.0,
    "complex_plddt": 0.5163681507110596,
    "complex_iplddt": 0.0,
    "complex_pde": 5.197805404663086,
    "complex_ipde": 0.0,
    "chains_ptm": {
        "0": 0.1441607028245926
    },
    "pair_chains_iptm": {
        "0": {
            "0": 0.1441607028245926
        }
    }
}