{
    "confidence_score": 0.6904181838035583,
    "ptm": 0.7568235993385315,
    "iptm": 0.0,
    "ligand_iptm": 0.0,
    "protein_iptm": 0.0,
    "complex_plddt": 0.8630227446556091,
    "complex_iplddt": 0.0,
    "complex_pde": 0.668479323387146,
    "complex_ipde": 0.0,
    "chains_ptm": {
        "0": 0.7568235993385315
    },
    "pair_chains_iptm": {
        "0": {
            "0": 0.7568235993385315
        }
    }
}