{
    "confidence_score": 0.6254639029502869,
    "ptm": 0.7720611095428467,
    "iptm": 0.0,
    "ligand_iptm": 0.0,
    "protein_iptm": 0.0,
    "complex_plddt": 0.781829833984375,
    "complex_iplddt": 0.0,
    "complex_pde": 0.9556213617324829,
    "complex_ipde": 0.0,
    "chains_ptm": {
        "0": 0.7720611095428467
    },
    "pair_chains_iptm": {
        "0": {
            "0": 0.7720611095428467
        }
    }
}