{
    "confidence_score": 0.5629185438156128,
    "ptm": 0.6607065200805664,
    "iptm": 0.0,
    "ligand_iptm": 0.0,
    "protein_iptm": 0.0,
    "complex_plddt": 0.7036481499671936,
    "complex_iplddt": 0.0,
    "complex_pde": 1.2468502521514893,
    "complex_ipde": 0.0,
    "chains_ptm": {
        "0": 0.6607065200805664
    },
    "pair_chains_iptm": {
        "0": {
            "0": 0.6607065200805664
        }
    }
}