{
    "confidence_score": 0.47420722246170044,
    "ptm": 0.27089571952819824,
    "iptm": 0.0,
    "ligand_iptm": 0.0,
    "protein_iptm": 0.0,
    "complex_plddt": 0.5927590131759644,
    "complex_iplddt": 0.0,
    "complex_pde": 2.9567313194274902,
    "complex_ipde": 0.0,
    "chains_ptm": {
        "0": 0.27089571952819824
    },
    "pair_chains_iptm": {
        "0": {
            "0": 0.27089571952819824
        }
    }
}