{
    "confidence_score": 0.6020211577415466,
    "ptm": 0.8624042868614197,
    "iptm": 0.0,
    "ligand_iptm": 0.0,
    "protein_iptm": 0.0,
    "complex_plddt": 0.7525264024734497,
    "complex_iplddt": 0.0,
    "complex_pde": 0.8683916330337524,
    "complex_ipde": 0.0,
    "chains_ptm": {
        "0": 0.8624042868614197
    },
    "pair_chains_iptm": {
        "0": {
            "0": 0.8624042868614197
        }
    }
}