{
    "confidence_score": 0.6680539846420288,
    "ptm": 0.7810380458831787,
    "iptm": 0.0,
    "ligand_iptm": 0.0,
    "protein_iptm": 0.0,
    "complex_plddt": 0.8350674510002136,
    "complex_iplddt": 0.0,
    "complex_pde": 0.6514843106269836,
    "complex_ipde": 0.0,
    "chains_ptm": {
        "0": 0.7810380458831787
    },
    "pair_chains_iptm": {
        "0": {
            "0": 0.7810380458831787
        }
    }
}