{
    "confidence_score": 0.5790669322013855,
    "ptm": 0.7850684523582458,
    "iptm": 0.0,
    "ligand_iptm": 0.0,
    "protein_iptm": 0.0,
    "complex_plddt": 0.7238336801528931,
    "complex_iplddt": 0.0,
    "complex_pde": 0.6192717552185059,
    "complex_ipde": 0.0,
    "chains_ptm": {
        "0": 0.7850684523582458
    },
    "pair_chains_iptm": {
        "0": {
            "0": 0.7850684523582458
        }
    }
}