{
    "confidence_score": 0.6177639365196228,
    "ptm": 0.7259767651557922,
    "iptm": 0.0,
    "ligand_iptm": 0.0,
    "protein_iptm": 0.0,
    "complex_plddt": 0.7722049355506897,
    "complex_iplddt": 0.0,
    "complex_pde": 0.7213674187660217,
    "complex_ipde": 0.0,
    "chains_ptm": {
        "0": 0.7259767651557922
    },
    "pair_chains_iptm": {
        "0": {
            "0": 0.7259767651557922
        }
    }
}