{
    "confidence_score": 0.651416003704071,
    "ptm": 0.6579718589782715,
    "iptm": 0.0,
    "ligand_iptm": 0.0,
    "protein_iptm": 0.0,
    "complex_plddt": 0.81427001953125,
    "complex_iplddt": 0.0,
    "complex_pde": 1.0548427104949951,
    "complex_ipde": 0.0,
    "chains_ptm": {
        "0": 0.6579718589782715
    },
    "pair_chains_iptm": {
        "0": {
            "0": 0.6579718589782715
        }
    }
}