{
    "confidence_score": 0.5051804780960083,
    "ptm": 0.599358320236206,
    "iptm": 0.0,
    "ligand_iptm": 0.0,
    "protein_iptm": 0.0,
    "complex_plddt": 0.631475567817688,
    "complex_iplddt": 0.0,
    "complex_pde": 1.2262613773345947,
    "complex_ipde": 0.0,
    "chains_ptm": {
        "0": 0.599358320236206
    },
    "pair_chains_iptm": {
        "0": {
            "0": 0.599358320236206
        }
    }
}