{
    "confidence_score": 0.459479421377182,
    "ptm": 0.2981797754764557,
    "iptm": 0.0,
    "ligand_iptm": 0.0,
    "protein_iptm": 0.0,
    "complex_plddt": 0.5743492841720581,
    "complex_iplddt": 0.0,
    "complex_pde": 3.834134101867676,
    "complex_ipde": 0.0,
    "chains_ptm": {
        "0": 0.2981797754764557
    },
    "pair_chains_iptm": {
        "0": {
            "0": 0.2981797754764557
        }
    }
}