{
    "confidence_score": 0.7371570467948914,
    "ptm": 0.9245098233222961,
    "iptm": 0.0,
    "ligand_iptm": 0.0,
    "protein_iptm": 0.0,
    "complex_plddt": 0.9214462637901306,
    "complex_iplddt": 0.0,
    "complex_pde": 0.3515888452529907,
    "complex_ipde": 0.0,
    "chains_ptm": {
        "0": 0.9245098233222961
    },
    "pair_chains_iptm": {
        "0": {
            "0": 0.9245098233222961
        }
    }
}