{
    "confidence_score": 0.7210660576820374,
    "ptm": 0.8926595449447632,
    "iptm": 0.0,
    "ligand_iptm": 0.0,
    "protein_iptm": 0.0,
    "complex_plddt": 0.9013325572013855,
    "complex_iplddt": 0.0,
    "complex_pde": 0.3448529839515686,
    "complex_ipde": 0.0,
    "chains_ptm": {
        "0": 0.8926595449447632
    },
    "pair_chains_iptm": {
        "0": {
            "0": 0.8926595449447632
        }
    }
}