{
    "confidence_score": 0.5956549048423767,
    "ptm": 0.595736026763916,
    "iptm": 0.0,
    "ligand_iptm": 0.0,
    "protein_iptm": 0.0,
    "complex_plddt": 0.7445685863494873,
    "complex_iplddt": 0.0,
    "complex_pde": 0.6430017948150635,
    "complex_ipde": 0.0,
    "chains_ptm": {
        "0": 0.595736026763916
    },
    "pair_chains_iptm": {
        "0": {
            "0": 0.595736026763916
        }
    }
}