{
    "confidence_score": 0.6399821639060974,
    "ptm": 0.7812785506248474,
    "iptm": 0.0,
    "ligand_iptm": 0.0,
    "protein_iptm": 0.0,
    "complex_plddt": 0.7999776601791382,
    "complex_iplddt": 0.0,
    "complex_pde": 0.8817657828330994,
    "complex_ipde": 0.0,
    "chains_ptm": {
        "0": 0.7812785506248474
    },
    "pair_chains_iptm": {
        "0": {
            "0": 0.7812785506248474
        }
    }
}