{
    "confidence_score": 0.5473169088363647,
    "ptm": 0.2835589051246643,
    "iptm": 0.0,
    "ligand_iptm": 0.0,
    "protein_iptm": 0.0,
    "complex_plddt": 0.6841461062431335,
    "complex_iplddt": 0.0,
    "complex_pde": 1.3018079996109009,
    "complex_ipde": 0.0,
    "chains_ptm": {
        "0": 0.2835589051246643
    },
    "pair_chains_iptm": {
        "0": {
            "0": 0.2835589051246643
        }
    }
}