{
    "confidence_score": 0.6214081645011902,
    "ptm": 0.3577933609485626,
    "iptm": 0.0,
    "ligand_iptm": 0.0,
    "protein_iptm": 0.0,
    "complex_plddt": 0.7767602205276489,
    "complex_iplddt": 0.0,
    "complex_pde": 2.111487627029419,
    "complex_ipde": 0.0,
    "chains_ptm": {
        "0": 0.3577933609485626
    },
    "pair_chains_iptm": {
        "0": {
            "0": 0.3577933609485626
        }
    }
}