{
    "confidence_score": 0.7434183955192566,
    "ptm": 0.9299222230911255,
    "iptm": 0.0,
    "ligand_iptm": 0.0,
    "protein_iptm": 0.0,
    "complex_plddt": 0.9292730093002319,
    "complex_iplddt": 0.0,
    "complex_pde": 0.3639809489250183,
    "complex_ipde": 0.0,
    "chains_ptm": {
        "0": 0.9299222230911255
    },
    "pair_chains_iptm": {
        "0": {
            "0": 0.9299222230911255
        }
    }
}