{
    "confidence_score": 0.545556902885437,
    "ptm": 0.6266237497329712,
    "iptm": 0.0,
    "ligand_iptm": 0.0,
    "protein_iptm": 0.0,
    "complex_plddt": 0.6819460988044739,
    "complex_iplddt": 0.0,
    "complex_pde": 1.0583078861236572,
    "complex_ipde": 0.0,
    "chains_ptm": {
        "0": 0.6266237497329712
    },
    "pair_chains_iptm": {
        "0": {
            "0": 0.6266237497329712
        }
    }
}