{
    "confidence_score": 0.7395192980766296,
    "ptm": 0.7497421503067017,
    "iptm": 0.0,
    "ligand_iptm": 0.0,
    "protein_iptm": 0.0,
    "complex_plddt": 0.9243990778923035,
    "complex_iplddt": 0.0,
    "complex_pde": 0.44927406311035156,
    "complex_ipde": 0.0,
    "chains_ptm": {
        "0": 0.7497421503067017
    },
    "pair_chains_iptm": {
        "0": {
            "0": 0.7497421503067017
        }
    }
}