{
    "confidence_score": 0.6703963279724121,
    "ptm": 0.8295357823371887,
    "iptm": 0.0,
    "ligand_iptm": 0.0,
    "protein_iptm": 0.0,
    "complex_plddt": 0.8379954099655151,
    "complex_iplddt": 0.0,
    "complex_pde": 0.8418630957603455,
    "complex_ipde": 0.0,
    "chains_ptm": {
        "0": 0.8295357823371887
    },
    "pair_chains_iptm": {
        "0": {
            "0": 0.8295357823371887
        }
    }
}