{
    "confidence_score": 0.7141949534416199,
    "ptm": 0.9476481676101685,
    "iptm": 0.0,
    "ligand_iptm": 0.0,
    "protein_iptm": 0.0,
    "complex_plddt": 0.8927436470985413,
    "complex_iplddt": 0.0,
    "complex_pde": 0.33042827248573303,
    "complex_ipde": 0.0,
    "chains_ptm": {
        "0": 0.9476481676101685
    },
    "pair_chains_iptm": {
        "0": {
            "0": 0.9476481676101685
        }
    }
}