{
    "confidence_score": 0.5975837111473083,
    "ptm": 0.7682399749755859,
    "iptm": 0.0,
    "ligand_iptm": 0.0,
    "protein_iptm": 0.0,
    "complex_plddt": 0.7469795942306519,
    "complex_iplddt": 0.0,
    "complex_pde": 1.0270136594772339,
    "complex_ipde": 0.0,
    "chains_ptm": {
        "0": 0.7682399749755859
    },
    "pair_chains_iptm": {
        "0": {
            "0": 0.7682399749755859
        }
    }
}