{
    "confidence_score": 0.6153746247291565,
    "ptm": 0.7497034668922424,
    "iptm": 0.0,
    "ligand_iptm": 0.0,
    "protein_iptm": 0.0,
    "complex_plddt": 0.7692182660102844,
    "complex_iplddt": 0.0,
    "complex_pde": 1.6471545696258545,
    "complex_ipde": 0.0,
    "chains_ptm": {
        "0": 0.7497034668922424
    },
    "pair_chains_iptm": {
        "0": {
            "0": 0.7497034668922424
        }
    }
}