{
    "confidence_score": 0.6738075613975525,
    "ptm": 0.8522806763648987,
    "iptm": 0.0,
    "ligand_iptm": 0.0,
    "protein_iptm": 0.0,
    "complex_plddt": 0.8422594666481018,
    "complex_iplddt": 0.0,
    "complex_pde": 0.8370731472969055,
    "complex_ipde": 0.0,
    "chains_ptm": {
        "0": 0.8522806763648987
    },
    "pair_chains_iptm": {
        "0": {
            "0": 0.8522806763648987
        }
    }
}