{
    "confidence_score": 0.6491746306419373,
    "ptm": 0.8043048977851868,
    "iptm": 0.0,
    "ligand_iptm": 0.0,
    "protein_iptm": 0.0,
    "complex_plddt": 0.8114683032035828,
    "complex_iplddt": 0.0,
    "complex_pde": 0.6233192086219788,
    "complex_ipde": 0.0,
    "chains_ptm": {
        "0": 0.8043048977851868
    },
    "pair_chains_iptm": {
        "0": {
            "0": 0.8043048977851868
        }
    }
}