{
    "confidence_score": 0.725606381893158,
    "ptm": 0.7858698964118958,
    "iptm": 0.0,
    "ligand_iptm": 0.0,
    "protein_iptm": 0.0,
    "complex_plddt": 0.9070079922676086,
    "complex_iplddt": 0.0,
    "complex_pde": 0.37509578466415405,
    "complex_ipde": 0.0,
    "chains_ptm": {
        "0": 0.7858698964118958
    },
    "pair_chains_iptm": {
        "0": {
            "0": 0.7858698964118958
        }
    }
}