{
    "confidence_score": 0.5601884722709656,
    "ptm": 0.6356677412986755,
    "iptm": 0.0,
    "ligand_iptm": 0.0,
    "protein_iptm": 0.0,
    "complex_plddt": 0.7002355456352234,
    "complex_iplddt": 0.0,
    "complex_pde": 1.5199445486068726,
    "complex_ipde": 0.0,
    "chains_ptm": {
        "0": 0.6356677412986755
    },
    "pair_chains_iptm": {
        "0": {
            "0": 0.6356677412986755
        }
    }
}