{
    "confidence_score": 0.7709953188896179,
    "ptm": 0.9637619853019714,
    "iptm": 0.0,
    "ligand_iptm": 0.0,
    "protein_iptm": 0.0,
    "complex_plddt": 0.9637441635131836,
    "complex_iplddt": 0.0,
    "complex_pde": 0.2864977717399597,
    "complex_ipde": 0.0,
    "chains_ptm": {
        "0": 0.9637619853019714
    },
    "pair_chains_iptm": {
        "0": {
            "0": 0.9637619853019714
        }
    }
}