{
    "confidence_score": 0.752055823802948,
    "ptm": 0.9576576352119446,
    "iptm": 0.0,
    "ligand_iptm": 0.0,
    "protein_iptm": 0.0,
    "complex_plddt": 0.9400697350502014,
    "complex_iplddt": 0.0,
    "complex_pde": 0.3470469117164612,
    "complex_ipde": 0.0,
    "chains_ptm": {
        "0": 0.9576576352119446
    },
    "pair_chains_iptm": {
        "0": {
            "0": 0.9576576352119446
        }
    }
}