{
    "confidence_score": 0.7151278257369995,
    "ptm": 0.9225102066993713,
    "iptm": 0.0,
    "ligand_iptm": 0.0,
    "protein_iptm": 0.0,
    "complex_plddt": 0.893909752368927,
    "complex_iplddt": 0.0,
    "complex_pde": 0.41122785210609436,
    "complex_ipde": 0.0,
    "chains_ptm": {
        "0": 0.9225102066993713
    },
    "pair_chains_iptm": {
        "0": {
            "0": 0.9225102066993713
        }
    }
}