{
    "features": 4313.111757040024,
    "process_features_model_1_pred_0": 7.670875549316406,
    "predict_and_compile_model_1_pred_0": 2266.789288043976,
    "process_features_model_2_pred_0": 7.331624507904053,
    "predict_and_compile_model_2_pred_0": 1056.3058931827545,
    "process_features_model_3_pred_0": 7.006316184997559,
    "predict_and_compile_model_3_pred_0": 970.7736277580261,
    "process_features_model_4_pred_0": 6.768144130706787,
    "predict_and_compile_model_4_pred_0": 973.2539026737213,
    "process_features_model_5_pred_0": 6.758283615112305,
    "predict_and_compile_model_5_pred_0": 892.2020039558411,
    "relax_model_1_pred_0": 59.73984694480896
}