{
    "confidence_score": 0.7145738005638123,
    "ptm": 0.9249752163887024,
    "iptm": 0.0,
    "ligand_iptm": 0.0,
    "protein_iptm": 0.0,
    "complex_plddt": 0.8932172656059265,
    "complex_iplddt": 0.0,
    "complex_pde": 0.47758948802948,
    "complex_ipde": 0.0,
    "chains_ptm": {
        "0": 0.9249752163887024
    },
    "pair_chains_iptm": {
        "0": {
            "0": 0.9249752163887024
        }
    }
}