{
    "confidence_score": 0.6109441518783569,
    "ptm": 0.6881076097488403,
    "iptm": 0.0,
    "ligand_iptm": 0.0,
    "protein_iptm": 0.0,
    "complex_plddt": 0.7636801600456238,
    "complex_iplddt": 0.0,
    "complex_pde": 1.0190216302871704,
    "complex_ipde": 0.0,
    "chains_ptm": {
        "0": 0.6881076097488403
    },
    "pair_chains_iptm": {
        "0": {
            "0": 0.6881076097488403
        }
    }
}