{
    "confidence_score": 0.7277618646621704,
    "ptm": 0.9065704345703125,
    "iptm": 0.0,
    "ligand_iptm": 0.0,
    "protein_iptm": 0.0,
    "complex_plddt": 0.9097023010253906,
    "complex_iplddt": 0.0,
    "complex_pde": 0.4355838894844055,
    "complex_ipde": 0.0,
    "chains_ptm": {
        "0": 0.9065704345703125
    },
    "pair_chains_iptm": {
        "0": {
            "0": 0.9065704345703125
        }
    }
}