{
    "confidence_score": 0.7498469948768616,
    "ptm": 0.9409164786338806,
    "iptm": 0.0,
    "ligand_iptm": 0.0,
    "protein_iptm": 0.0,
    "complex_plddt": 0.9373087286949158,
    "complex_iplddt": 0.0,
    "complex_pde": 0.3351602554321289,
    "complex_ipde": 0.0,
    "chains_ptm": {
        "0": 0.9409164786338806
    },
    "pair_chains_iptm": {
        "0": {
            "0": 0.9409164786338806
        }
    }
}