{
    "confidence_score": 0.6999140977859497,
    "ptm": 0.7602053284645081,
    "iptm": 0.0,
    "ligand_iptm": 0.0,
    "protein_iptm": 0.0,
    "complex_plddt": 0.8748925924301147,
    "complex_iplddt": 0.0,
    "complex_pde": 0.44851696491241455,
    "complex_ipde": 0.0,
    "chains_ptm": {
        "0": 0.7602053284645081
    },
    "pair_chains_iptm": {
        "0": {
            "0": 0.7602053284645081
        }
    }
}