{
    "confidence_score": 0.5600594878196716,
    "ptm": 0.55414217710495,
    "iptm": 0.0,
    "ligand_iptm": 0.0,
    "protein_iptm": 0.0,
    "complex_plddt": 0.7000743746757507,
    "complex_iplddt": 0.0,
    "complex_pde": 1.51210355758667,
    "complex_ipde": 0.0,
    "chains_ptm": {
        "0": 0.55414217710495
    },
    "pair_chains_iptm": {
        "0": {
            "0": 0.55414217710495
        }
    }
}