{
    "confidence_score": 0.7507850527763367,
    "ptm": 0.8945192098617554,
    "iptm": 0.0,
    "ligand_iptm": 0.0,
    "protein_iptm": 0.0,
    "complex_plddt": 0.9384812712669373,
    "complex_iplddt": 0.0,
    "complex_pde": 0.33854547142982483,
    "complex_ipde": 0.0,
    "chains_ptm": {
        "0": 0.8945192098617554
    },
    "pair_chains_iptm": {
        "0": {
            "0": 0.8945192098617554
        }
    }
}