{
    "confidence_score": 0.4807162880897522,
    "ptm": 0.3733069896697998,
    "iptm": 0.0,
    "ligand_iptm": 0.0,
    "protein_iptm": 0.0,
    "complex_plddt": 0.600895345211029,
    "complex_iplddt": 0.0,
    "complex_pde": 1.1017801761627197,
    "complex_ipde": 0.0,
    "chains_ptm": {
        "0": 0.3733069896697998
    },
    "pair_chains_iptm": {
        "0": {
            "0": 0.3733069896697998
        }
    }
}