{
    "confidence_score": 0.7059884071350098,
    "ptm": 0.9294949769973755,
    "iptm": 0.0,
    "ligand_iptm": 0.0,
    "protein_iptm": 0.0,
    "complex_plddt": 0.8824855089187622,
    "complex_iplddt": 0.0,
    "complex_pde": 0.4141955077648163,
    "complex_ipde": 0.0,
    "chains_ptm": {
        "0": 0.9294949769973755
    },
    "pair_chains_iptm": {
        "0": {
            "0": 0.9294949769973755
        }
    }
}