{
    "confidence_score": 0.6501526832580566,
    "ptm": 0.8104813098907471,
    "iptm": 0.0,
    "ligand_iptm": 0.0,
    "protein_iptm": 0.0,
    "complex_plddt": 0.8126908540725708,
    "complex_iplddt": 0.0,
    "complex_pde": 0.7241543531417847,
    "complex_ipde": 0.0,
    "chains_ptm": {
        "0": 0.8104813098907471
    },
    "pair_chains_iptm": {
        "0": {
            "0": 0.8104813098907471
        }
    }
}