{
    "confidence_score": 0.37364712357521057,
    "ptm": 0.4190724492073059,
    "iptm": 0.0,
    "ligand_iptm": 0.0,
    "protein_iptm": 0.0,
    "complex_plddt": 0.4670588970184326,
    "complex_iplddt": 0.0,
    "complex_pde": 2.7696051597595215,
    "complex_ipde": 0.0,
    "chains_ptm": {
        "0": 0.4190724492073059
    },
    "pair_chains_iptm": {
        "0": {
            "0": 0.4190724492073059
        }
    }
}