{
    "confidence_score": 0.5131511092185974,
    "ptm": 0.5064418315887451,
    "iptm": 0.0,
    "ligand_iptm": 0.0,
    "protein_iptm": 0.0,
    "complex_plddt": 0.641438901424408,
    "complex_iplddt": 0.0,
    "complex_pde": 1.3061573505401611,
    "complex_ipde": 0.0,
    "chains_ptm": {
        "0": 0.5064418315887451
    },
    "pair_chains_iptm": {
        "0": {
            "0": 0.5064418315887451
        }
    }
}