{
    "confidence_score": 0.7430548667907715,
    "ptm": 0.93525630235672,
    "iptm": 0.0,
    "ligand_iptm": 0.0,
    "protein_iptm": 0.0,
    "complex_plddt": 0.9288185834884644,
    "complex_iplddt": 0.0,
    "complex_pde": 0.3373360335826874,
    "complex_ipde": 0.0,
    "chains_ptm": {
        "0": 0.93525630235672
    },
    "pair_chains_iptm": {
        "0": {
            "0": 0.93525630235672
        }
    }
}