{
    "confidence_score": 0.6890431046485901,
    "ptm": 0.8798314332962036,
    "iptm": 0.0,
    "ligand_iptm": 0.0,
    "protein_iptm": 0.0,
    "complex_plddt": 0.8613038659095764,
    "complex_iplddt": 0.0,
    "complex_pde": 0.6431102752685547,
    "complex_ipde": 0.0,
    "chains_ptm": {
        "0": 0.8798314332962036
    },
    "pair_chains_iptm": {
        "0": {
            "0": 0.8798314332962036
        }
    }
}