{
    "confidence_score": 0.4838697612285614,
    "ptm": 0.45435062050819397,
    "iptm": 0.0,
    "ligand_iptm": 0.0,
    "protein_iptm": 0.0,
    "complex_plddt": 0.60483717918396,
    "complex_iplddt": 0.0,
    "complex_pde": 1.9113627672195435,
    "complex_ipde": 0.0,
    "chains_ptm": {
        "0": 0.45435062050819397
    },
    "pair_chains_iptm": {
        "0": {
            "0": 0.45435062050819397
        }
    }
}