{
    "confidence_score": 0.5036004781723022,
    "ptm": 0.44416940212249756,
    "iptm": 0.0,
    "ligand_iptm": 0.0,
    "protein_iptm": 0.0,
    "complex_plddt": 0.6295005679130554,
    "complex_iplddt": 0.0,
    "complex_pde": 1.7351323366165161,
    "complex_ipde": 0.0,
    "chains_ptm": {
        "0": 0.44416940212249756
    },
    "pair_chains_iptm": {
        "0": {
            "0": 0.44416940212249756
        }
    }
}