{
    "plddts": {
        "model_1_pred_0": 88.21208965977144,
        "model_2_pred_0": 87.99243803974936,
        "model_3_pred_0": 89.15792608595636,
        "model_4_pred_0": 87.83194784329314,
        "model_5_pred_0": 88.06450756257378
    },
    "order": [
        "model_3_pred_0",
        "model_1_pred_0",
        "model_5_pred_0",
        "model_2_pred_0",
        "model_4_pred_0"
    ]
}