{
    "confidence_score": 0.71040278673172,
    "ptm": 0.9060078859329224,
    "iptm": 0.0,
    "ligand_iptm": 0.0,
    "protein_iptm": 0.0,
    "complex_plddt": 0.8880034685134888,
    "complex_iplddt": 0.0,
    "complex_pde": 0.4760923683643341,
    "complex_ipde": 0.0,
    "chains_ptm": {
        "0": 0.9060078859329224
    },
    "pair_chains_iptm": {
        "0": {
            "0": 0.9060078859329224
        }
    }
}