{
    "confidence_score": 0.7331817746162415,
    "ptm": 0.939081609249115,
    "iptm": 0.0,
    "ligand_iptm": 0.0,
    "protein_iptm": 0.0,
    "complex_plddt": 0.9164772033691406,
    "complex_iplddt": 0.0,
    "complex_pde": 0.44861897826194763,
    "complex_ipde": 0.0,
    "chains_ptm": {
        "0": 0.939081609249115
    },
    "pair_chains_iptm": {
        "0": {
            "0": 0.939081609249115
        }
    }
}