{
    "confidence_score": 0.41785502433776855,
    "ptm": 0.3635605573654175,
    "iptm": 0.0,
    "ligand_iptm": 0.0,
    "protein_iptm": 0.0,
    "complex_plddt": 0.5223187804222107,
    "complex_iplddt": 0.0,
    "complex_pde": 2.0272951126098633,
    "complex_ipde": 0.0,
    "chains_ptm": {
        "0": 0.3635605573654175
    },
    "pair_chains_iptm": {
        "0": {
            "0": 0.3635605573654175
        }
    }
}