{
    "confidence_score": 0.5460573434829712,
    "ptm": 0.5428515672683716,
    "iptm": 0.0,
    "ligand_iptm": 0.0,
    "protein_iptm": 0.0,
    "complex_plddt": 0.6825716495513916,
    "complex_iplddt": 0.0,
    "complex_pde": 0.9683430194854736,
    "complex_ipde": 0.0,
    "chains_ptm": {
        "0": 0.5428515672683716
    },
    "pair_chains_iptm": {
        "0": {
            "0": 0.5428515672683716
        }
    }
}