{
    "confidence_score": 0.5457150340080261,
    "ptm": 0.5876902341842651,
    "iptm": 0.0,
    "ligand_iptm": 0.0,
    "protein_iptm": 0.0,
    "complex_plddt": 0.6821437478065491,
    "complex_iplddt": 0.0,
    "complex_pde": 2.621601104736328,
    "complex_ipde": 0.0,
    "chains_ptm": {
        "0": 0.5876902341842651
    },
    "pair_chains_iptm": {
        "0": {
            "0": 0.5876902341842651
        }
    }
}