{
    "confidence_score": 0.6697691679000854,
    "ptm": 0.8269139528274536,
    "iptm": 0.0,
    "ligand_iptm": 0.0,
    "protein_iptm": 0.0,
    "complex_plddt": 0.8372114300727844,
    "complex_iplddt": 0.0,
    "complex_pde": 0.6001147031784058,
    "complex_ipde": 0.0,
    "chains_ptm": {
        "0": 0.8269139528274536
    },
    "pair_chains_iptm": {
        "0": {
            "0": 0.8269139528274536
        }
    }
}