{
    "confidence_score": 0.6426572203636169,
    "ptm": 0.3853210210800171,
    "iptm": 0.0,
    "ligand_iptm": 0.0,
    "protein_iptm": 0.0,
    "complex_plddt": 0.8033214807510376,
    "complex_iplddt": 0.0,
    "complex_pde": 1.430465817451477,
    "complex_ipde": 0.0,
    "chains_ptm": {
        "0": 0.3853210210800171
    },
    "pair_chains_iptm": {
        "0": {
            "0": 0.3853210210800171
        }
    }
}