{
    "confidence_score": 0.7484819889068604,
    "ptm": 0.9156632423400879,
    "iptm": 0.0,
    "ligand_iptm": 0.0,
    "protein_iptm": 0.0,
    "complex_plddt": 0.9356024861335754,
    "complex_iplddt": 0.0,
    "complex_pde": 0.46421727538108826,
    "complex_ipde": 0.0,
    "chains_ptm": {
        "0": 0.9156632423400879
    },
    "pair_chains_iptm": {
        "0": {
            "0": 0.9156632423400879
        }
    }
}