{
    "confidence_score": 0.5145421028137207,
    "ptm": 0.44852447509765625,
    "iptm": 0.0,
    "ligand_iptm": 0.0,
    "protein_iptm": 0.0,
    "complex_plddt": 0.6431776285171509,
    "complex_iplddt": 0.0,
    "complex_pde": 1.7006192207336426,
    "complex_ipde": 0.0,
    "chains_ptm": {
        "0": 0.44852447509765625
    },
    "pair_chains_iptm": {
        "0": {
            "0": 0.44852447509765625
        }
    }
}