{
    "confidence_score": 0.5812814235687256,
    "ptm": 0.46874570846557617,
    "iptm": 0.0,
    "ligand_iptm": 0.0,
    "protein_iptm": 0.0,
    "complex_plddt": 0.726601779460907,
    "complex_iplddt": 0.0,
    "complex_pde": 1.1127671003341675,
    "complex_ipde": 0.0,
    "chains_ptm": {
        "0": 0.46874570846557617
    },
    "pair_chains_iptm": {
        "0": {
            "0": 0.46874570846557617
        }
    }
}