{
    "confidence_score": 0.5957586765289307,
    "ptm": 0.6638981103897095,
    "iptm": 0.0,
    "ligand_iptm": 0.0,
    "protein_iptm": 0.0,
    "complex_plddt": 0.7446983456611633,
    "complex_iplddt": 0.0,
    "complex_pde": 1.3616783618927002,
    "complex_ipde": 0.0,
    "chains_ptm": {
        "0": 0.6638981103897095
    },
    "pair_chains_iptm": {
        "0": {
            "0": 0.6638981103897095
        }
    }
}