{
    "confidence_score": 0.5042663216590881,
    "ptm": 0.5626458525657654,
    "iptm": 0.0,
    "ligand_iptm": 0.0,
    "protein_iptm": 0.0,
    "complex_plddt": 0.630332887172699,
    "complex_iplddt": 0.0,
    "complex_pde": 1.4536354541778564,
    "complex_ipde": 0.0,
    "chains_ptm": {
        "0": 0.5626458525657654
    },
    "pair_chains_iptm": {
        "0": {
            "0": 0.5626458525657654
        }
    }
}