{
    "confidence_score": 0.7012826204299927,
    "ptm": 0.9032117128372192,
    "iptm": 0.0,
    "ligand_iptm": 0.0,
    "protein_iptm": 0.0,
    "complex_plddt": 0.8766032457351685,
    "complex_iplddt": 0.0,
    "complex_pde": 0.5361653566360474,
    "complex_ipde": 0.0,
    "chains_ptm": {
        "0": 0.9032117128372192
    },
    "pair_chains_iptm": {
        "0": {
            "0": 0.9032117128372192
        }
    }
}