{
    "confidence_score": 0.6678352952003479,
    "ptm": 0.5774258375167847,
    "iptm": 0.0,
    "ligand_iptm": 0.0,
    "protein_iptm": 0.0,
    "complex_plddt": 0.8347941040992737,
    "complex_iplddt": 0.0,
    "complex_pde": 0.9031118750572205,
    "complex_ipde": 0.0,
    "chains_ptm": {
        "0": 0.5774258375167847
    },
    "pair_chains_iptm": {
        "0": {
            "0": 0.5774258375167847
        }
    }
}