{
    "confidence_score": 0.4217524230480194,
    "ptm": 0.5878458023071289,
    "iptm": 0.0,
    "ligand_iptm": 0.0,
    "protein_iptm": 0.0,
    "complex_plddt": 0.5271905064582825,
    "complex_iplddt": 0.0,
    "complex_pde": 2.1532363891601562,
    "complex_ipde": 0.0,
    "chains_ptm": {
        "0": 0.5878458023071289
    },
    "pair_chains_iptm": {
        "0": {
            "0": 0.5878458023071289
        }
    }
}