{
    "plddts": {
        "model_1_pred_0": 79.92646585497545,
        "model_2_pred_0": 80.56306669239504,
        "model_3_pred_0": 79.47975630984278,
        "model_4_pred_0": 79.58599447854378,
        "model_5_pred_0": 81.35576755004212
    },
    "order": [
        "model_5_pred_0",
        "model_2_pred_0",
        "model_1_pred_0",
        "model_4_pred_0",
        "model_3_pred_0"
    ]
}