{
    "confidence_score": 0.7465562224388123,
    "ptm": 0.9473928809165955,
    "iptm": 0.0,
    "ligand_iptm": 0.0,
    "protein_iptm": 0.0,
    "complex_plddt": 0.9331952333450317,
    "complex_iplddt": 0.0,
    "complex_pde": 0.3509174883365631,
    "complex_ipde": 0.0,
    "chains_ptm": {
        "0": 0.9473928809165955
    },
    "pair_chains_iptm": {
        "0": {
            "0": 0.9473928809165955
        }
    }
}