{
    "confidence_score": 0.7341225743293762,
    "ptm": 0.9351757764816284,
    "iptm": 0.0,
    "ligand_iptm": 0.0,
    "protein_iptm": 0.0,
    "complex_plddt": 0.9176532030105591,
    "complex_iplddt": 0.0,
    "complex_pde": 0.4134257435798645,
    "complex_ipde": 0.0,
    "chains_ptm": {
        "0": 0.9351757764816284
    },
    "pair_chains_iptm": {
        "0": {
            "0": 0.9351757764816284
        }
    }
}