{
    "confidence_score": 0.6005045175552368,
    "ptm": 0.8159326910972595,
    "iptm": 0.0,
    "ligand_iptm": 0.0,
    "protein_iptm": 0.0,
    "complex_plddt": 0.7506306171417236,
    "complex_iplddt": 0.0,
    "complex_pde": 0.663750946521759,
    "complex_ipde": 0.0,
    "chains_ptm": {
        "0": 0.8159326910972595
    },
    "pair_chains_iptm": {
        "0": {
            "0": 0.8159326910972595
        }
    }
}