{
    "confidence_score": 0.6421577334403992,
    "ptm": 0.6545202136039734,
    "iptm": 0.0,
    "ligand_iptm": 0.0,
    "protein_iptm": 0.0,
    "complex_plddt": 0.8026971817016602,
    "complex_iplddt": 0.0,
    "complex_pde": 0.6912361979484558,
    "complex_ipde": 0.0,
    "chains_ptm": {
        "0": 0.6545202136039734
    },
    "pair_chains_iptm": {
        "0": {
            "0": 0.6545202136039734
        }
    }
}