{
    "confidence_score": 0.7427383065223694,
    "ptm": 0.9179016351699829,
    "iptm": 0.0,
    "ligand_iptm": 0.0,
    "protein_iptm": 0.0,
    "complex_plddt": 0.9284228682518005,
    "complex_iplddt": 0.0,
    "complex_pde": 0.35407859086990356,
    "complex_ipde": 0.0,
    "chains_ptm": {
        "0": 0.9179016351699829
    },
    "pair_chains_iptm": {
        "0": {
            "0": 0.9179016351699829
        }
    }
}