{
    "confidence_score": 0.6399445533752441,
    "ptm": 0.7266204953193665,
    "iptm": 0.0,
    "ligand_iptm": 0.0,
    "protein_iptm": 0.0,
    "complex_plddt": 0.7999306917190552,
    "complex_iplddt": 0.0,
    "complex_pde": 1.027012586593628,
    "complex_ipde": 0.0,
    "chains_ptm": {
        "0": 0.7266204953193665
    },
    "pair_chains_iptm": {
        "0": {
            "0": 0.7266204953193665
        }
    }
}