{
    "confidence_score": 0.7190751433372498,
    "ptm": 0.7439076900482178,
    "iptm": 0.0,
    "ligand_iptm": 0.0,
    "protein_iptm": 0.0,
    "complex_plddt": 0.8988439440727234,
    "complex_iplddt": 0.0,
    "complex_pde": 0.5285583138465881,
    "complex_ipde": 0.0,
    "chains_ptm": {
        "0": 0.7439076900482178
    },
    "pair_chains_iptm": {
        "0": {
            "0": 0.7439076900482178
        }
    }
}