{
    "confidence_score": 0.4402265250682831,
    "ptm": 0.33972591161727905,
    "iptm": 0.0,
    "ligand_iptm": 0.0,
    "protein_iptm": 0.0,
    "complex_plddt": 0.5502831339836121,
    "complex_iplddt": 0.0,
    "complex_pde": 2.869131565093994,
    "complex_ipde": 0.0,
    "chains_ptm": {
        "0": 0.33972591161727905
    },
    "pair_chains_iptm": {
        "0": {
            "0": 0.33972591161727905
        }
    }
}