{
    "confidence_score": 0.5730580687522888,
    "ptm": 0.3881210386753082,
    "iptm": 0.0,
    "ligand_iptm": 0.0,
    "protein_iptm": 0.0,
    "complex_plddt": 0.7163225412368774,
    "complex_iplddt": 0.0,
    "complex_pde": 1.0148297548294067,
    "complex_ipde": 0.0,
    "chains_ptm": {
        "0": 0.3881210386753082
    },
    "pair_chains_iptm": {
        "0": {
            "0": 0.3881210386753082
        }
    }
}