{
    "confidence_score": 0.7493062019348145,
    "ptm": 0.9602773785591125,
    "iptm": 0.0,
    "ligand_iptm": 0.0,
    "protein_iptm": 0.0,
    "complex_plddt": 0.9366327524185181,
    "complex_iplddt": 0.0,
    "complex_pde": 0.34112170338630676,
    "complex_ipde": 0.0,
    "chains_ptm": {
        "0": 0.9602773785591125
    },
    "pair_chains_iptm": {
        "0": {
            "0": 0.9602773785591125
        }
    }
}