{
    "confidence_score": 0.7211093902587891,
    "ptm": 0.9315968751907349,
    "iptm": 0.0,
    "ligand_iptm": 0.0,
    "protein_iptm": 0.0,
    "complex_plddt": 0.9013867378234863,
    "complex_iplddt": 0.0,
    "complex_pde": 0.3921496272087097,
    "complex_ipde": 0.0,
    "chains_ptm": {
        "0": 0.9315968751907349
    },
    "pair_chains_iptm": {
        "0": {
            "0": 0.9315968751907349
        }
    }
}