{
    "confidence_score": 0.7295318245887756,
    "ptm": 0.9203598499298096,
    "iptm": 0.0,
    "ligand_iptm": 0.0,
    "protein_iptm": 0.0,
    "complex_plddt": 0.9119147658348083,
    "complex_iplddt": 0.0,
    "complex_pde": 0.4447460472583771,
    "complex_ipde": 0.0,
    "chains_ptm": {
        "0": 0.9203598499298096
    },
    "pair_chains_iptm": {
        "0": {
            "0": 0.9203598499298096
        }
    }
}