{
    "confidence_score": 0.6140109300613403,
    "ptm": 0.3548000454902649,
    "iptm": 0.0,
    "ligand_iptm": 0.0,
    "protein_iptm": 0.0,
    "complex_plddt": 0.767513632774353,
    "complex_iplddt": 0.0,
    "complex_pde": 0.7956123948097229,
    "complex_ipde": 0.0,
    "chains_ptm": {
        "0": 0.3548000454902649
    },
    "pair_chains_iptm": {
        "0": {
            "0": 0.3548000454902649
        }
    }
}