{
    "confidence_score": 0.5285350680351257,
    "ptm": 0.382209837436676,
    "iptm": 0.0,
    "ligand_iptm": 0.0,
    "protein_iptm": 0.0,
    "complex_plddt": 0.6606687903404236,
    "complex_iplddt": 0.0,
    "complex_pde": 1.1483161449432373,
    "complex_ipde": 0.0,
    "chains_ptm": {
        "0": 0.382209837436676
    },
    "pair_chains_iptm": {
        "0": {
            "0": 0.382209837436676
        }
    }
}