{
    "confidence_score": 0.6484562158584595,
    "ptm": 0.7802351713180542,
    "iptm": 0.0,
    "ligand_iptm": 0.0,
    "protein_iptm": 0.0,
    "complex_plddt": 0.810570240020752,
    "complex_iplddt": 0.0,
    "complex_pde": 0.726780891418457,
    "complex_ipde": 0.0,
    "chains_ptm": {
        "0": 0.7802351713180542
    },
    "pair_chains_iptm": {
        "0": {
            "0": 0.7802351713180542
        }
    }
}