{
    "confidence_score": 0.7370373606681824,
    "ptm": 0.8619004487991333,
    "iptm": 0.0,
    "ligand_iptm": 0.0,
    "protein_iptm": 0.0,
    "complex_plddt": 0.9212966561317444,
    "complex_iplddt": 0.0,
    "complex_pde": 0.49181586503982544,
    "complex_ipde": 0.0,
    "chains_ptm": {
        "0": 0.8619004487991333
    },
    "pair_chains_iptm": {
        "0": {
            "0": 0.8619004487991333
        }
    }
}