{
    "confidence_score": 0.5644468665122986,
    "ptm": 0.7157614231109619,
    "iptm": 0.0,
    "ligand_iptm": 0.0,
    "protein_iptm": 0.0,
    "complex_plddt": 0.7055585384368896,
    "complex_iplddt": 0.0,
    "complex_pde": 0.8969084024429321,
    "complex_ipde": 0.0,
    "chains_ptm": {
        "0": 0.7157614231109619
    },
    "pair_chains_iptm": {
        "0": {
            "0": 0.7157614231109619
        }
    }
}