{
    "confidence_score": 0.5436804890632629,
    "ptm": 0.6624578237533569,
    "iptm": 0.0,
    "ligand_iptm": 0.0,
    "protein_iptm": 0.0,
    "complex_plddt": 0.6796005964279175,
    "complex_iplddt": 0.0,
    "complex_pde": 1.2620514631271362,
    "complex_ipde": 0.0,
    "chains_ptm": {
        "0": 0.6624578237533569
    },
    "pair_chains_iptm": {
        "0": {
            "0": 0.6624578237533569
        }
    }
}