{
    "confidence_score": 0.5429617166519165,
    "ptm": 0.61639803647995,
    "iptm": 0.0,
    "ligand_iptm": 0.0,
    "protein_iptm": 0.0,
    "complex_plddt": 0.6787021160125732,
    "complex_iplddt": 0.0,
    "complex_pde": 1.73208487033844,
    "complex_ipde": 0.0,
    "chains_ptm": {
        "0": 0.61639803647995
    },
    "pair_chains_iptm": {
        "0": {
            "0": 0.61639803647995
        }
    }
}