{
    "confidence_score": 0.575752317905426,
    "ptm": 0.7327867746353149,
    "iptm": 0.0,
    "ligand_iptm": 0.0,
    "protein_iptm": 0.0,
    "complex_plddt": 0.7196903824806213,
    "complex_iplddt": 0.0,
    "complex_pde": 1.5122264623641968,
    "complex_ipde": 0.0,
    "chains_ptm": {
        "0": 0.7327867746353149
    },
    "pair_chains_iptm": {
        "0": {
            "0": 0.7327867746353149
        }
    }
}