{
    "confidence_score": 0.5835298895835876,
    "ptm": 0.8079135417938232,
    "iptm": 0.0,
    "ligand_iptm": 0.0,
    "protein_iptm": 0.0,
    "complex_plddt": 0.7294123768806458,
    "complex_iplddt": 0.0,
    "complex_pde": 0.9935675263404846,
    "complex_ipde": 0.0,
    "chains_ptm": {
        "0": 0.8079135417938232
    },
    "pair_chains_iptm": {
        "0": {
            "0": 0.8079135417938232
        }
    }
}