{
    "confidence_score": 0.4412679374217987,
    "ptm": 0.368990033864975,
    "iptm": 0.0,
    "ligand_iptm": 0.0,
    "protein_iptm": 0.0,
    "complex_plddt": 0.5515848994255066,
    "complex_iplddt": 0.0,
    "complex_pde": 3.4443676471710205,
    "complex_ipde": 0.0,
    "chains_ptm": {
        "0": 0.368990033864975
    },
    "pair_chains_iptm": {
        "0": {
            "0": 0.368990033864975
        }
    }
}