{
    "confidence_score": 0.6442611813545227,
    "ptm": 0.867225706577301,
    "iptm": 0.0,
    "ligand_iptm": 0.0,
    "protein_iptm": 0.0,
    "complex_plddt": 0.8053264617919922,
    "complex_iplddt": 0.0,
    "complex_pde": 0.4292110204696655,
    "complex_ipde": 0.0,
    "chains_ptm": {
        "0": 0.867225706577301
    },
    "pair_chains_iptm": {
        "0": {
            "0": 0.867225706577301
        }
    }
}