{
    "confidence_score": 0.6701420545578003,
    "ptm": 0.8372097015380859,
    "iptm": 0.0,
    "ligand_iptm": 0.0,
    "protein_iptm": 0.0,
    "complex_plddt": 0.837677538394928,
    "complex_iplddt": 0.0,
    "complex_pde": 0.757341206073761,
    "complex_ipde": 0.0,
    "chains_ptm": {
        "0": 0.8372097015380859
    },
    "pair_chains_iptm": {
        "0": {
            "0": 0.8372097015380859
        }
    }
}