{
    "confidence_score": 0.6670764684677124,
    "ptm": 0.7452436685562134,
    "iptm": 0.0,
    "ligand_iptm": 0.0,
    "protein_iptm": 0.0,
    "complex_plddt": 0.8338455557823181,
    "complex_iplddt": 0.0,
    "complex_pde": 0.730924129486084,
    "complex_ipde": 0.0,
    "chains_ptm": {
        "0": 0.7452436685562134
    },
    "pair_chains_iptm": {
        "0": {
            "0": 0.7452436685562134
        }
    }
}