{
    "confidence_score": 0.6629965305328369,
    "ptm": 0.6027315258979797,
    "iptm": 0.0,
    "ligand_iptm": 0.0,
    "protein_iptm": 0.0,
    "complex_plddt": 0.8287456631660461,
    "complex_iplddt": 0.0,
    "complex_pde": 0.9856718182563782,
    "complex_ipde": 0.0,
    "chains_ptm": {
        "0": 0.6027315258979797
    },
    "pair_chains_iptm": {
        "0": {
            "0": 0.6027315258979797
        }
    }
}