{
    "confidence_score": 0.7370452284812927,
    "ptm": 0.9395678639411926,
    "iptm": 0.0,
    "ligand_iptm": 0.0,
    "protein_iptm": 0.0,
    "complex_plddt": 0.9213064908981323,
    "complex_iplddt": 0.0,
    "complex_pde": 0.3794301152229309,
    "complex_ipde": 0.0,
    "chains_ptm": {
        "0": 0.9395678639411926
    },
    "pair_chains_iptm": {
        "0": {
            "0": 0.9395678639411926
        }
    }
}