{
    "confidence_score": 0.7655889391899109,
    "ptm": 0.9457014799118042,
    "iptm": 0.0,
    "ligand_iptm": 0.0,
    "protein_iptm": 0.0,
    "complex_plddt": 0.956986129283905,
    "complex_iplddt": 0.0,
    "complex_pde": 0.3095960319042206,
    "complex_ipde": 0.0,
    "chains_ptm": {
        "0": 0.9457014799118042
    },
    "pair_chains_iptm": {
        "0": {
            "0": 0.9457014799118042
        }
    }
}