{
    "confidence_score": 0.6565772294998169,
    "ptm": 0.5891420245170593,
    "iptm": 0.0,
    "ligand_iptm": 0.0,
    "protein_iptm": 0.0,
    "complex_plddt": 0.8207215070724487,
    "complex_iplddt": 0.0,
    "complex_pde": 0.7682813405990601,
    "complex_ipde": 0.0,
    "chains_ptm": {
        "0": 0.5891420245170593
    },
    "pair_chains_iptm": {
        "0": {
            "0": 0.5891420245170593
        }
    }
}