{
    "plddts": {
        "model_1_pred_0": 90.35920776898506,
        "model_2_pred_0": 90.77194946407198,
        "model_3_pred_0": 90.71856599430001,
        "model_4_pred_0": 90.344944550815,
        "model_5_pred_0": 90.26042959022564
    },
    "order": [
        "model_2_pred_0",
        "model_3_pred_0",
        "model_1_pred_0",
        "model_4_pred_0",
        "model_5_pred_0"
    ]
}