{
    "features": 3262.399802684784,
    "process_features_model_1_pred_0": 3.2196075916290283,
    "predict_and_compile_model_1_pred_0": 2437.8583488464355,
    "process_features_model_2_pred_0": 3.3975813388824463,
    "predict_and_compile_model_2_pred_0": 1152.9756581783295,
    "process_features_model_3_pred_0": 2.766441822052002,
    "predict_and_compile_model_3_pred_0": 1188.6720917224884,
    "process_features_model_4_pred_0": 2.8848791122436523,
    "predict_and_compile_model_4_pred_0": 1088.9509530067444,
    "process_features_model_5_pred_0": 3.4700353145599365,
    "predict_and_compile_model_5_pred_0": 978.1527528762817,
    "relax_model_2_pred_0": 49.45808148384094
}