{
    "confidence_score": 0.7708526253700256,
    "ptm": 0.9589019417762756,
    "iptm": 0.0,
    "ligand_iptm": 0.0,
    "protein_iptm": 0.0,
    "complex_plddt": 0.9635657668113708,
    "complex_iplddt": 0.0,
    "complex_pde": 0.30053144693374634,
    "complex_ipde": 0.0,
    "chains_ptm": {
        "0": 0.9589019417762756
    },
    "pair_chains_iptm": {
        "0": {
            "0": 0.9589019417762756
        }
    }
}