{
    "confidence_score": 0.7082985639572144,
    "ptm": 0.9331048727035522,
    "iptm": 0.0,
    "ligand_iptm": 0.0,
    "protein_iptm": 0.0,
    "complex_plddt": 0.8853731751441956,
    "complex_iplddt": 0.0,
    "complex_pde": 0.4742530882358551,
    "complex_ipde": 0.0,
    "chains_ptm": {
        "0": 0.9331048727035522
    },
    "pair_chains_iptm": {
        "0": {
            "0": 0.9331048727035522
        }
    }
}