{
    "confidence_score": 0.7152379751205444,
    "ptm": 0.9094777703285217,
    "iptm": 0.0,
    "ligand_iptm": 0.0,
    "protein_iptm": 0.0,
    "complex_plddt": 0.8940474390983582,
    "complex_iplddt": 0.0,
    "complex_pde": 0.466751366853714,
    "complex_ipde": 0.0,
    "chains_ptm": {
        "0": 0.9094777703285217
    },
    "pair_chains_iptm": {
        "0": {
            "0": 0.9094777703285217
        }
    }
}