{
    "confidence_score": 0.7248764038085938,
    "ptm": 0.9065003991127014,
    "iptm": 0.0,
    "ligand_iptm": 0.0,
    "protein_iptm": 0.0,
    "complex_plddt": 0.9060955047607422,
    "complex_iplddt": 0.0,
    "complex_pde": 0.4273151755332947,
    "complex_ipde": 0.0,
    "chains_ptm": {
        "0": 0.9065003991127014
    },
    "pair_chains_iptm": {
        "0": {
            "0": 0.9065003991127014
        }
    }
}