{
    "confidence_score": 0.6918153166770935,
    "ptm": 0.5392268896102905,
    "iptm": 0.0,
    "ligand_iptm": 0.0,
    "protein_iptm": 0.0,
    "complex_plddt": 0.8647691011428833,
    "complex_iplddt": 0.0,
    "complex_pde": 0.6238858699798584,
    "complex_ipde": 0.0,
    "chains_ptm": {
        "0": 0.5392268896102905
    },
    "pair_chains_iptm": {
        "0": {
            "0": 0.5392268896102905
        }
    }
}