{
    "confidence_score": 0.7331198453903198,
    "ptm": 0.9253985285758972,
    "iptm": 0.0,
    "ligand_iptm": 0.0,
    "protein_iptm": 0.0,
    "complex_plddt": 0.9163997769355774,
    "complex_iplddt": 0.0,
    "complex_pde": 0.38179436326026917,
    "complex_ipde": 0.0,
    "chains_ptm": {
        "0": 0.9253985285758972
    },
    "pair_chains_iptm": {
        "0": {
            "0": 0.9253985285758972
        }
    }
}