{
    "confidence_score": 0.5673220753669739,
    "ptm": 0.42264798283576965,
    "iptm": 0.0,
    "ligand_iptm": 0.0,
    "protein_iptm": 0.0,
    "complex_plddt": 0.7091525793075562,
    "complex_iplddt": 0.0,
    "complex_pde": 0.6734139919281006,
    "complex_ipde": 0.0,
    "chains_ptm": {
        "0": 0.42264798283576965
    },
    "pair_chains_iptm": {
        "0": {
            "0": 0.42264798283576965
        }
    }
}