{
    "confidence_score": 0.6776846051216125,
    "ptm": 0.8961001634597778,
    "iptm": 0.0,
    "ligand_iptm": 0.0,
    "protein_iptm": 0.0,
    "complex_plddt": 0.8471057415008545,
    "complex_iplddt": 0.0,
    "complex_pde": 0.5226573944091797,
    "complex_ipde": 0.0,
    "chains_ptm": {
        "0": 0.8961001634597778
    },
    "pair_chains_iptm": {
        "0": {
            "0": 0.8961001634597778
        }
    }
}