{
    "confidence_score": 0.7590014338493347,
    "ptm": 0.9416167736053467,
    "iptm": 0.0,
    "ligand_iptm": 0.0,
    "protein_iptm": 0.0,
    "complex_plddt": 0.9487518072128296,
    "complex_iplddt": 0.0,
    "complex_pde": 0.3155762851238251,
    "complex_ipde": 0.0,
    "chains_ptm": {
        "0": 0.9416167736053467
    },
    "pair_chains_iptm": {
        "0": {
            "0": 0.9416167736053467
        }
    }
}