{
    "confidence_score": 0.6574430465698242,
    "ptm": 0.8832432627677917,
    "iptm": 0.0,
    "ligand_iptm": 0.0,
    "protein_iptm": 0.0,
    "complex_plddt": 0.8218038082122803,
    "complex_iplddt": 0.0,
    "complex_pde": 0.47301533818244934,
    "complex_ipde": 0.0,
    "chains_ptm": {
        "0": 0.8832432627677917
    },
    "pair_chains_iptm": {
        "0": {
            "0": 0.8832432627677917
        }
    }
}