{
    "confidence_score": 0.7503779530525208,
    "ptm": 0.9599050879478455,
    "iptm": 0.0,
    "ligand_iptm": 0.0,
    "protein_iptm": 0.0,
    "complex_plddt": 0.9379724264144897,
    "complex_iplddt": 0.0,
    "complex_pde": 0.37319064140319824,
    "complex_ipde": 0.0,
    "chains_ptm": {
        "0": 0.9599050879478455
    },
    "pair_chains_iptm": {
        "0": {
            "0": 0.9599050879478455
        }
    }
}