{
    "confidence_score": 0.7232510447502136,
    "ptm": 0.9482781291007996,
    "iptm": 0.0,
    "ligand_iptm": 0.0,
    "protein_iptm": 0.0,
    "complex_plddt": 0.9040638208389282,
    "complex_iplddt": 0.0,
    "complex_pde": 0.30738765001296997,
    "complex_ipde": 0.0,
    "chains_ptm": {
        "0": 0.9482781291007996
    },
    "pair_chains_iptm": {
        "0": {
            "0": 0.9482781291007996
        }
    }
}