{
    "confidence_score": 0.6136278510093689,
    "ptm": 0.5915843844413757,
    "iptm": 0.0,
    "ligand_iptm": 0.0,
    "protein_iptm": 0.0,
    "complex_plddt": 0.7670348286628723,
    "complex_iplddt": 0.0,
    "complex_pde": 0.8648828864097595,
    "complex_ipde": 0.0,
    "chains_ptm": {
        "0": 0.5915843844413757
    },
    "pair_chains_iptm": {
        "0": {
            "0": 0.5915843844413757
        }
    }
}