{
    "confidence_score": 0.5880732536315918,
    "ptm": 0.6031748652458191,
    "iptm": 0.0,
    "ligand_iptm": 0.0,
    "protein_iptm": 0.0,
    "complex_plddt": 0.7350915670394897,
    "complex_iplddt": 0.0,
    "complex_pde": 1.124109148979187,
    "complex_ipde": 0.0,
    "chains_ptm": {
        "0": 0.6031748652458191
    },
    "pair_chains_iptm": {
        "0": {
            "0": 0.6031748652458191
        }
    }
}