{
    "confidence_score": 0.7316431999206543,
    "ptm": 0.9271018505096436,
    "iptm": 0.0,
    "ligand_iptm": 0.0,
    "protein_iptm": 0.0,
    "complex_plddt": 0.9145539999008179,
    "complex_iplddt": 0.0,
    "complex_pde": 0.4181881248950958,
    "complex_ipde": 0.0,
    "chains_ptm": {
        "0": 0.9271018505096436
    },
    "pair_chains_iptm": {
        "0": {
            "0": 0.9271018505096436
        }
    }
}