{
    "confidence_score": 0.6538432240486145,
    "ptm": 0.7195983529090881,
    "iptm": 0.0,
    "ligand_iptm": 0.0,
    "protein_iptm": 0.0,
    "complex_plddt": 0.8173040151596069,
    "complex_iplddt": 0.0,
    "complex_pde": 1.335432767868042,
    "complex_ipde": 0.0,
    "chains_ptm": {
        "0": 0.7195983529090881
    },
    "pair_chains_iptm": {
        "0": {
            "0": 0.7195983529090881
        }
    }
}