{
    "confidence_score": 0.7506272196769714,
    "ptm": 0.9265666007995605,
    "iptm": 0.0,
    "ligand_iptm": 0.0,
    "protein_iptm": 0.0,
    "complex_plddt": 0.9382839798927307,
    "complex_iplddt": 0.0,
    "complex_pde": 0.37072330713272095,
    "complex_ipde": 0.0,
    "chains_ptm": {
        "0": 0.9265666007995605
    },
    "pair_chains_iptm": {
        "0": {
            "0": 0.9265666007995605
        }
    }
}