{
    "confidence_score": 0.7339245080947876,
    "ptm": 0.92964768409729,
    "iptm": 0.0,
    "ligand_iptm": 0.0,
    "protein_iptm": 0.0,
    "complex_plddt": 0.9174056053161621,
    "complex_iplddt": 0.0,
    "complex_pde": 0.3975667655467987,
    "complex_ipde": 0.0,
    "chains_ptm": {
        "0": 0.92964768409729
    },
    "pair_chains_iptm": {
        "0": {
            "0": 0.92964768409729
        }
    }
}