{
    "confidence_score": 0.6933298110961914,
    "ptm": 0.9049936532974243,
    "iptm": 0.0,
    "ligand_iptm": 0.0,
    "protein_iptm": 0.0,
    "complex_plddt": 0.8666622638702393,
    "complex_iplddt": 0.0,
    "complex_pde": 0.3885507583618164,
    "complex_ipde": 0.0,
    "chains_ptm": {
        "0": 0.9049936532974243
    },
    "pair_chains_iptm": {
        "0": {
            "0": 0.9049936532974243
        }
    }
}