{
    "confidence_score": 0.6139615774154663,
    "ptm": 0.5436466336250305,
    "iptm": 0.0,
    "ligand_iptm": 0.0,
    "protein_iptm": 0.0,
    "complex_plddt": 0.7674519419670105,
    "complex_iplddt": 0.0,
    "complex_pde": 1.2624520063400269,
    "complex_ipde": 0.0,
    "chains_ptm": {
        "0": 0.5436466336250305
    },
    "pair_chains_iptm": {
        "0": {
            "0": 0.5436466336250305
        }
    }
}