{
    "confidence_score": 0.6806408762931824,
    "ptm": 0.8594344854354858,
    "iptm": 0.0,
    "ligand_iptm": 0.0,
    "protein_iptm": 0.0,
    "complex_plddt": 0.8508011102676392,
    "complex_iplddt": 0.0,
    "complex_pde": 0.5281496644020081,
    "complex_ipde": 0.0,
    "chains_ptm": {
        "0": 0.8594344854354858
    },
    "pair_chains_iptm": {
        "0": {
            "0": 0.8594344854354858
        }
    }
}