{
    "confidence_score": 0.659608006477356,
    "ptm": 0.5798832178115845,
    "iptm": 0.0,
    "ligand_iptm": 0.0,
    "protein_iptm": 0.0,
    "complex_plddt": 0.8245099782943726,
    "complex_iplddt": 0.0,
    "complex_pde": 1.3808095455169678,
    "complex_ipde": 0.0,
    "chains_ptm": {
        "0": 0.5798832178115845
    },
    "pair_chains_iptm": {
        "0": {
            "0": 0.5798832178115845
        }
    }
}