{
    "confidence_score": 0.5699702501296997,
    "ptm": 0.47493550181388855,
    "iptm": 0.0,
    "ligand_iptm": 0.0,
    "protein_iptm": 0.0,
    "complex_plddt": 0.7124627828598022,
    "complex_iplddt": 0.0,
    "complex_pde": 1.071830153465271,
    "complex_ipde": 0.0,
    "chains_ptm": {
        "0": 0.47493550181388855
    },
    "pair_chains_iptm": {
        "0": {
            "0": 0.47493550181388855
        }
    }
}