{
    "confidence_score": 0.6948645114898682,
    "ptm": 0.8874179124832153,
    "iptm": 0.0,
    "ligand_iptm": 0.0,
    "protein_iptm": 0.0,
    "complex_plddt": 0.8685806393623352,
    "complex_iplddt": 0.0,
    "complex_pde": 0.5857356786727905,
    "complex_ipde": 0.0,
    "chains_ptm": {
        "0": 0.8874179124832153
    },
    "pair_chains_iptm": {
        "0": {
            "0": 0.8874179124832153
        }
    }
}