{
    "confidence_score": 0.7518411874771118,
    "ptm": 0.8841305375099182,
    "iptm": 0.0,
    "ligand_iptm": 0.0,
    "protein_iptm": 0.0,
    "complex_plddt": 0.9398014545440674,
    "complex_iplddt": 0.0,
    "complex_pde": 0.37714719772338867,
    "complex_ipde": 0.0,
    "chains_ptm": {
        "0": 0.8841305375099182
    },
    "pair_chains_iptm": {
        "0": {
            "0": 0.8841305375099182
        }
    }
}