{
    "confidence_score": 0.6314953565597534,
    "ptm": 0.8869114518165588,
    "iptm": 0.0,
    "ligand_iptm": 0.0,
    "protein_iptm": 0.0,
    "complex_plddt": 0.7893691658973694,
    "complex_iplddt": 0.0,
    "complex_pde": 0.5196378231048584,
    "complex_ipde": 0.0,
    "chains_ptm": {
        "0": 0.8869114518165588
    },
    "pair_chains_iptm": {
        "0": {
            "0": 0.8869114518165588
        }
    }
}