{
    "confidence_score": 0.6596974730491638,
    "ptm": 0.9098525047302246,
    "iptm": 0.0,
    "ligand_iptm": 0.0,
    "protein_iptm": 0.0,
    "complex_plddt": 0.824621856212616,
    "complex_iplddt": 0.0,
    "complex_pde": 0.6636161804199219,
    "complex_ipde": 0.0,
    "chains_ptm": {
        "0": 0.9098525047302246
    },
    "pair_chains_iptm": {
        "0": {
            "0": 0.9098525047302246
        }
    }
}