{
    "confidence_score": 0.7522147297859192,
    "ptm": 0.9252415895462036,
    "iptm": 0.0,
    "ligand_iptm": 0.0,
    "protein_iptm": 0.0,
    "complex_plddt": 0.9402683973312378,
    "complex_iplddt": 0.0,
    "complex_pde": 0.33723244071006775,
    "complex_ipde": 0.0,
    "chains_ptm": {
        "0": 0.9252415895462036
    },
    "pair_chains_iptm": {
        "0": {
            "0": 0.9252415895462036
        }
    }
}