{
    "confidence_score": 0.6248160004615784,
    "ptm": 0.768275797367096,
    "iptm": 0.0,
    "ligand_iptm": 0.0,
    "protein_iptm": 0.0,
    "complex_plddt": 0.7810199856758118,
    "complex_iplddt": 0.0,
    "complex_pde": 0.9460701942443848,
    "complex_ipde": 0.0,
    "chains_ptm": {
        "0": 0.768275797367096
    },
    "pair_chains_iptm": {
        "0": {
            "0": 0.768275797367096
        }
    }
}