{
    "confidence_score": 0.6001293659210205,
    "ptm": 0.3545791506767273,
    "iptm": 0.0,
    "ligand_iptm": 0.0,
    "protein_iptm": 0.0,
    "complex_plddt": 0.7501617074012756,
    "complex_iplddt": 0.0,
    "complex_pde": 0.9344428181648254,
    "complex_ipde": 0.0,
    "chains_ptm": {
        "0": 0.3545791506767273
    },
    "pair_chains_iptm": {
        "0": {
            "0": 0.3545791506767273
        }
    }
}