{
    "confidence_score": 0.5318290591239929,
    "ptm": 0.31397342681884766,
    "iptm": 0.0,
    "ligand_iptm": 0.0,
    "protein_iptm": 0.0,
    "complex_plddt": 0.6647862792015076,
    "complex_iplddt": 0.0,
    "complex_pde": 1.1364704370498657,
    "complex_ipde": 0.0,
    "chains_ptm": {
        "0": 0.31397342681884766
    },
    "pair_chains_iptm": {
        "0": {
            "0": 0.31397342681884766
        }
    }
}