{
    "confidence_score": 0.539412260055542,
    "ptm": 0.5006539225578308,
    "iptm": 0.0,
    "ligand_iptm": 0.0,
    "protein_iptm": 0.0,
    "complex_plddt": 0.6742653250694275,
    "complex_iplddt": 0.0,
    "complex_pde": 1.3950318098068237,
    "complex_ipde": 0.0,
    "chains_ptm": {
        "0": 0.5006539225578308
    },
    "pair_chains_iptm": {
        "0": {
            "0": 0.5006539225578308
        }
    }
}