{
    "confidence_score": 0.7216947078704834,
    "ptm": 0.9201926589012146,
    "iptm": 0.0,
    "ligand_iptm": 0.0,
    "protein_iptm": 0.0,
    "complex_plddt": 0.9021183848381042,
    "complex_iplddt": 0.0,
    "complex_pde": 0.4174592196941376,
    "complex_ipde": 0.0,
    "chains_ptm": {
        "0": 0.9201926589012146
    },
    "pair_chains_iptm": {
        "0": {
            "0": 0.9201926589012146
        }
    }
}