{
    "confidence_score": 0.5789727568626404,
    "ptm": 0.8297560811042786,
    "iptm": 0.0,
    "ligand_iptm": 0.0,
    "protein_iptm": 0.0,
    "complex_plddt": 0.7237159609794617,
    "complex_iplddt": 0.0,
    "complex_pde": 0.5056654810905457,
    "complex_ipde": 0.0,
    "chains_ptm": {
        "0": 0.8297560811042786
    },
    "pair_chains_iptm": {
        "0": {
            "0": 0.8297560811042786
        }
    }
}