{
    "confidence_score": 0.7466618418693542,
    "ptm": 0.940804660320282,
    "iptm": 0.0,
    "ligand_iptm": 0.0,
    "protein_iptm": 0.0,
    "complex_plddt": 0.9333272576332092,
    "complex_iplddt": 0.0,
    "complex_pde": 0.3567798435688019,
    "complex_ipde": 0.0,
    "chains_ptm": {
        "0": 0.940804660320282
    },
    "pair_chains_iptm": {
        "0": {
            "0": 0.940804660320282
        }
    }
}