{
    "confidence_score": 0.7708685994148254,
    "ptm": 0.9729997515678406,
    "iptm": 0.0,
    "ligand_iptm": 0.0,
    "protein_iptm": 0.0,
    "complex_plddt": 0.9635857343673706,
    "complex_iplddt": 0.0,
    "complex_pde": 0.3017786741256714,
    "complex_ipde": 0.0,
    "chains_ptm": {
        "0": 0.9729997515678406
    },
    "pair_chains_iptm": {
        "0": {
            "0": 0.9729997515678406
        }
    }
}