{
    "confidence_score": 0.6814759969711304,
    "ptm": 0.860625684261322,
    "iptm": 0.0,
    "ligand_iptm": 0.0,
    "protein_iptm": 0.0,
    "complex_plddt": 0.8518449664115906,
    "complex_iplddt": 0.0,
    "complex_pde": 0.6563535928726196,
    "complex_ipde": 0.0,
    "chains_ptm": {
        "0": 0.860625684261322
    },
    "pair_chains_iptm": {
        "0": {
            "0": 0.860625684261322
        }
    }
}