{
    "confidence_score": 0.49774080514907837,
    "ptm": 0.5389065146446228,
    "iptm": 0.0,
    "ligand_iptm": 0.0,
    "protein_iptm": 0.0,
    "complex_plddt": 0.6221759915351868,
    "complex_iplddt": 0.0,
    "complex_pde": 1.9173707962036133,
    "complex_ipde": 0.0,
    "chains_ptm": {
        "0": 0.5389065146446228
    },
    "pair_chains_iptm": {
        "0": {
            "0": 0.5389065146446228
        }
    }
}