{
    "confidence_score": 0.6964603662490845,
    "ptm": 0.9039329886436462,
    "iptm": 0.0,
    "ligand_iptm": 0.0,
    "protein_iptm": 0.0,
    "complex_plddt": 0.8705754280090332,
    "complex_iplddt": 0.0,
    "complex_pde": 0.5968248248100281,
    "complex_ipde": 0.0,
    "chains_ptm": {
        "0": 0.9039329886436462
    },
    "pair_chains_iptm": {
        "0": {
            "0": 0.9039329886436462
        }
    }
}