{
    "confidence_score": 0.6933616399765015,
    "ptm": 0.740454912185669,
    "iptm": 0.0,
    "ligand_iptm": 0.0,
    "protein_iptm": 0.0,
    "complex_plddt": 0.8667020201683044,
    "complex_iplddt": 0.0,
    "complex_pde": 0.5816242098808289,
    "complex_ipde": 0.0,
    "chains_ptm": {
        "0": 0.740454912185669
    },
    "pair_chains_iptm": {
        "0": {
            "0": 0.740454912185669
        }
    }
}