{
    "confidence_score": 0.45087042450904846,
    "ptm": 0.36074841022491455,
    "iptm": 0.0,
    "ligand_iptm": 0.0,
    "protein_iptm": 0.0,
    "complex_plddt": 0.56358802318573,
    "complex_iplddt": 0.0,
    "complex_pde": 2.563931941986084,
    "complex_ipde": 0.0,
    "chains_ptm": {
        "0": 0.36074841022491455
    },
    "pair_chains_iptm": {
        "0": {
            "0": 0.36074841022491455
        }
    }
}