{
    "confidence_score": 0.7339063882827759,
    "ptm": 0.9399449825286865,
    "iptm": 0.0,
    "ligand_iptm": 0.0,
    "protein_iptm": 0.0,
    "complex_plddt": 0.9173829555511475,
    "complex_iplddt": 0.0,
    "complex_pde": 0.3907023072242737,
    "complex_ipde": 0.0,
    "chains_ptm": {
        "0": 0.9399449825286865
    },
    "pair_chains_iptm": {
        "0": {
            "0": 0.9399449825286865
        }
    }
}