{
    "confidence_score": 0.6302713751792908,
    "ptm": 0.7742224335670471,
    "iptm": 0.0,
    "ligand_iptm": 0.0,
    "protein_iptm": 0.0,
    "complex_plddt": 0.7878391742706299,
    "complex_iplddt": 0.0,
    "complex_pde": 0.9002180099487305,
    "complex_ipde": 0.0,
    "chains_ptm": {
        "0": 0.7742224335670471
    },
    "pair_chains_iptm": {
        "0": {
            "0": 0.7742224335670471
        }
    }
}