{
    "confidence_score": 0.6776835322380066,
    "ptm": 0.882893979549408,
    "iptm": 0.0,
    "ligand_iptm": 0.0,
    "protein_iptm": 0.0,
    "complex_plddt": 0.8471044301986694,
    "complex_iplddt": 0.0,
    "complex_pde": 0.49456506967544556,
    "complex_ipde": 0.0,
    "chains_ptm": {
        "0": 0.882893979549408
    },
    "pair_chains_iptm": {
        "0": {
            "0": 0.882893979549408
        }
    }
}