{
    "confidence_score": 0.48886027932167053,
    "ptm": 0.48469507694244385,
    "iptm": 0.0,
    "ligand_iptm": 0.0,
    "protein_iptm": 0.0,
    "complex_plddt": 0.6110753417015076,
    "complex_iplddt": 0.0,
    "complex_pde": 2.2707128524780273,
    "complex_ipde": 0.0,
    "chains_ptm": {
        "0": 0.48469507694244385
    },
    "pair_chains_iptm": {
        "0": {
            "0": 0.48469507694244385
        }
    }
}