{
    "confidence_score": 0.5687134265899658,
    "ptm": 0.6275606155395508,
    "iptm": 0.0,
    "ligand_iptm": 0.0,
    "protein_iptm": 0.0,
    "complex_plddt": 0.7108917832374573,
    "complex_iplddt": 0.0,
    "complex_pde": 0.7792320847511292,
    "complex_ipde": 0.0,
    "chains_ptm": {
        "0": 0.6275606155395508
    },
    "pair_chains_iptm": {
        "0": {
            "0": 0.6275606155395508
        }
    }
}