{
    "confidence_score": 0.7446829676628113,
    "ptm": 0.9595975279808044,
    "iptm": 0.0,
    "ligand_iptm": 0.0,
    "protein_iptm": 0.0,
    "complex_plddt": 0.9308537244796753,
    "complex_iplddt": 0.0,
    "complex_pde": 0.35416844487190247,
    "complex_ipde": 0.0,
    "chains_ptm": {
        "0": 0.9595975279808044
    },
    "pair_chains_iptm": {
        "0": {
            "0": 0.9595975279808044
        }
    }
}