{
    "confidence_score": 0.48216453194618225,
    "ptm": 0.2534266412258148,
    "iptm": 0.0,
    "ligand_iptm": 0.0,
    "protein_iptm": 0.0,
    "complex_plddt": 0.6027056574821472,
    "complex_iplddt": 0.0,
    "complex_pde": 2.2872214317321777,
    "complex_ipde": 0.0,
    "chains_ptm": {
        "0": 0.2534266412258148
    },
    "pair_chains_iptm": {
        "0": {
            "0": 0.2534266412258148
        }
    }
}