{
    "confidence_score": 0.6390555500984192,
    "ptm": 0.8699644207954407,
    "iptm": 0.0,
    "ligand_iptm": 0.0,
    "protein_iptm": 0.0,
    "complex_plddt": 0.7988194227218628,
    "complex_iplddt": 0.0,
    "complex_pde": 0.6856467127799988,
    "complex_ipde": 0.0,
    "chains_ptm": {
        "0": 0.8699644207954407
    },
    "pair_chains_iptm": {
        "0": {
            "0": 0.8699644207954407
        }
    }
}