{
    "confidence_score": 0.695563018321991,
    "ptm": 0.8303045630455017,
    "iptm": 0.0,
    "ligand_iptm": 0.0,
    "protein_iptm": 0.0,
    "complex_plddt": 0.8694537878036499,
    "complex_iplddt": 0.0,
    "complex_pde": 0.4655841588973999,
    "complex_ipde": 0.0,
    "chains_ptm": {
        "0": 0.8303045630455017
    },
    "pair_chains_iptm": {
        "0": {
            "0": 0.8303045630455017
        }
    }
}