{
    "confidence_score": 0.7298804521560669,
    "ptm": 0.9007793068885803,
    "iptm": 0.0,
    "ligand_iptm": 0.0,
    "protein_iptm": 0.0,
    "complex_plddt": 0.9123505353927612,
    "complex_iplddt": 0.0,
    "complex_pde": 0.45122894644737244,
    "complex_ipde": 0.0,
    "chains_ptm": {
        "0": 0.9007793068885803
    },
    "pair_chains_iptm": {
        "0": {
            "0": 0.9007793068885803
        }
    }
}