{
    "confidence_score": 0.6937653422355652,
    "ptm": 0.8754640817642212,
    "iptm": 0.0,
    "ligand_iptm": 0.0,
    "protein_iptm": 0.0,
    "complex_plddt": 0.8672066330909729,
    "complex_iplddt": 0.0,
    "complex_pde": 0.5978699326515198,
    "complex_ipde": 0.0,
    "chains_ptm": {
        "0": 0.8754640817642212
    },
    "pair_chains_iptm": {
        "0": {
            "0": 0.8754640817642212
        }
    }
}