{
    "confidence_score": 0.6063609719276428,
    "ptm": 0.7910831570625305,
    "iptm": 0.0,
    "ligand_iptm": 0.0,
    "protein_iptm": 0.0,
    "complex_plddt": 0.7579512000083923,
    "complex_iplddt": 0.0,
    "complex_pde": 0.5466305613517761,
    "complex_ipde": 0.0,
    "chains_ptm": {
        "0": 0.7910831570625305
    },
    "pair_chains_iptm": {
        "0": {
            "0": 0.7910831570625305
        }
    }
}