{
    "confidence_score": 0.5376744866371155,
    "ptm": 0.2958696484565735,
    "iptm": 0.0,
    "ligand_iptm": 0.0,
    "protein_iptm": 0.0,
    "complex_plddt": 0.6720930933952332,
    "complex_iplddt": 0.0,
    "complex_pde": 4.154214859008789,
    "complex_ipde": 0.0,
    "chains_ptm": {
        "0": 0.2958696484565735
    },
    "pair_chains_iptm": {
        "0": {
            "0": 0.2958696484565735
        }
    }
}