{
    "confidence_score": 0.6753771901130676,
    "ptm": 0.9191656112670898,
    "iptm": 0.0,
    "ligand_iptm": 0.0,
    "protein_iptm": 0.0,
    "complex_plddt": 0.8442214727401733,
    "complex_iplddt": 0.0,
    "complex_pde": 0.39106443524360657,
    "complex_ipde": 0.0,
    "chains_ptm": {
        "0": 0.9191656112670898
    },
    "pair_chains_iptm": {
        "0": {
            "0": 0.9191656112670898
        }
    }
}