{
    "confidence_score": 0.5959799885749817,
    "ptm": 0.5507897138595581,
    "iptm": 0.0,
    "ligand_iptm": 0.0,
    "protein_iptm": 0.0,
    "complex_plddt": 0.7449749708175659,
    "complex_iplddt": 0.0,
    "complex_pde": 1.1595267057418823,
    "complex_ipde": 0.0,
    "chains_ptm": {
        "0": 0.5507897138595581
    },
    "pair_chains_iptm": {
        "0": {
            "0": 0.5507897138595581
        }
    }
}