{
    "confidence_score": 0.6189735531806946,
    "ptm": 0.7770301103591919,
    "iptm": 0.0,
    "ligand_iptm": 0.0,
    "protein_iptm": 0.0,
    "complex_plddt": 0.773716926574707,
    "complex_iplddt": 0.0,
    "complex_pde": 0.9212185740470886,
    "complex_ipde": 0.0,
    "chains_ptm": {
        "0": 0.7770301103591919
    },
    "pair_chains_iptm": {
        "0": {
            "0": 0.7770301103591919
        }
    }
}