{
    "confidence_score": 0.36681970953941345,
    "ptm": 0.23746955394744873,
    "iptm": 0.0,
    "ligand_iptm": 0.0,
    "protein_iptm": 0.0,
    "complex_plddt": 0.458524614572525,
    "complex_iplddt": 0.0,
    "complex_pde": 3.333118438720703,
    "complex_ipde": 0.0,
    "chains_ptm": {
        "0": 0.23746955394744873
    },
    "pair_chains_iptm": {
        "0": {
            "0": 0.23746955394744873
        }
    }
}