{
    "confidence_score": 0.5774828791618347,
    "ptm": 0.37168657779693604,
    "iptm": 0.0,
    "ligand_iptm": 0.0,
    "protein_iptm": 0.0,
    "complex_plddt": 0.7218536138534546,
    "complex_iplddt": 0.0,
    "complex_pde": 0.8492422699928284,
    "complex_ipde": 0.0,
    "chains_ptm": {
        "0": 0.37168657779693604
    },
    "pair_chains_iptm": {
        "0": {
            "0": 0.37168657779693604
        }
    }
}