{
    "confidence_score": 0.6477875113487244,
    "ptm": 0.5766661167144775,
    "iptm": 0.0,
    "ligand_iptm": 0.0,
    "protein_iptm": 0.0,
    "complex_plddt": 0.8097343444824219,
    "complex_iplddt": 0.0,
    "complex_pde": 1.0334429740905762,
    "complex_ipde": 0.0,
    "chains_ptm": {
        "0": 0.5766661167144775
    },
    "pair_chains_iptm": {
        "0": {
            "0": 0.5766661167144775
        }
    }
}