{
    "confidence_score": 0.5691527128219604,
    "ptm": 0.7538673281669617,
    "iptm": 0.0,
    "ligand_iptm": 0.0,
    "protein_iptm": 0.0,
    "complex_plddt": 0.7114408612251282,
    "complex_iplddt": 0.0,
    "complex_pde": 0.9228935241699219,
    "complex_ipde": 0.0,
    "chains_ptm": {
        "0": 0.7538673281669617
    },
    "pair_chains_iptm": {
        "0": {
            "0": 0.7538673281669617
        }
    }
}