{
    "confidence_score": 0.47411853075027466,
    "ptm": 0.3204929530620575,
    "iptm": 0.0,
    "ligand_iptm": 0.0,
    "protein_iptm": 0.0,
    "complex_plddt": 0.5926481485366821,
    "complex_iplddt": 0.0,
    "complex_pde": 1.320797085762024,
    "complex_ipde": 0.0,
    "chains_ptm": {
        "0": 0.3204929530620575
    },
    "pair_chains_iptm": {
        "0": {
            "0": 0.3204929530620575
        }
    }
}