{
    "confidence_score": 0.6747153997421265,
    "ptm": 0.8838428854942322,
    "iptm": 0.0,
    "ligand_iptm": 0.0,
    "protein_iptm": 0.0,
    "complex_plddt": 0.8433942198753357,
    "complex_iplddt": 0.0,
    "complex_pde": 0.6104158163070679,
    "complex_ipde": 0.0,
    "chains_ptm": {
        "0": 0.8838428854942322
    },
    "pair_chains_iptm": {
        "0": {
            "0": 0.8838428854942322
        }
    }
}