{
    "confidence_score": 0.5842298865318298,
    "ptm": 0.7463104724884033,
    "iptm": 0.0,
    "ligand_iptm": 0.0,
    "protein_iptm": 0.0,
    "complex_plddt": 0.7302873134613037,
    "complex_iplddt": 0.0,
    "complex_pde": 0.8229020833969116,
    "complex_ipde": 0.0,
    "chains_ptm": {
        "0": 0.7463104724884033
    },
    "pair_chains_iptm": {
        "0": {
            "0": 0.7463104724884033
        }
    }
}