{
    "confidence_score": 0.5251859426498413,
    "ptm": 0.5792694091796875,
    "iptm": 0.0,
    "ligand_iptm": 0.0,
    "protein_iptm": 0.0,
    "complex_plddt": 0.6564823985099792,
    "complex_iplddt": 0.0,
    "complex_pde": 1.904466986656189,
    "complex_ipde": 0.0,
    "chains_ptm": {
        "0": 0.5792694091796875
    },
    "pair_chains_iptm": {
        "0": {
            "0": 0.5792694091796875
        }
    }
}