{
    "confidence_score": 0.731482744216919,
    "ptm": 0.9230024814605713,
    "iptm": 0.0,
    "ligand_iptm": 0.0,
    "protein_iptm": 0.0,
    "complex_plddt": 0.9143534302711487,
    "complex_iplddt": 0.0,
    "complex_pde": 0.3984137773513794,
    "complex_ipde": 0.0,
    "chains_ptm": {
        "0": 0.9230024814605713
    },
    "pair_chains_iptm": {
        "0": {
            "0": 0.9230024814605713
        }
    }
}