{
    "confidence_score": 0.43297725915908813,
    "ptm": 0.17681318521499634,
    "iptm": 0.0,
    "ligand_iptm": 0.0,
    "protein_iptm": 0.0,
    "complex_plddt": 0.541221559047699,
    "complex_iplddt": 0.0,
    "complex_pde": 2.996602773666382,
    "complex_ipde": 0.0,
    "chains_ptm": {
        "0": 0.17681318521499634
    },
    "pair_chains_iptm": {
        "0": {
            "0": 0.17681318521499634
        }
    }
}