{
    "confidence_score": 0.6504544019699097,
    "ptm": 0.7817895412445068,
    "iptm": 0.0,
    "ligand_iptm": 0.0,
    "protein_iptm": 0.0,
    "complex_plddt": 0.8130679726600647,
    "complex_iplddt": 0.0,
    "complex_pde": 0.6515659689903259,
    "complex_ipde": 0.0,
    "chains_ptm": {
        "0": 0.7817895412445068
    },
    "pair_chains_iptm": {
        "0": {
            "0": 0.7817895412445068
        }
    }
}