{
    "confidence_score": 0.6867820620536804,
    "ptm": 0.7513521909713745,
    "iptm": 0.0,
    "ligand_iptm": 0.0,
    "protein_iptm": 0.0,
    "complex_plddt": 0.8584775328636169,
    "complex_iplddt": 0.0,
    "complex_pde": 1.0267045497894287,
    "complex_ipde": 0.0,
    "chains_ptm": {
        "0": 0.7513521909713745
    },
    "pair_chains_iptm": {
        "0": {
            "0": 0.7513521909713745
        }
    }
}