{
    "confidence_score": 0.4620588421821594,
    "ptm": 0.2146972268819809,
    "iptm": 0.0,
    "ligand_iptm": 0.0,
    "protein_iptm": 0.0,
    "complex_plddt": 0.5775735378265381,
    "complex_iplddt": 0.0,
    "complex_pde": 2.5420989990234375,
    "complex_ipde": 0.0,
    "chains_ptm": {
        "0": 0.2146972268819809
    },
    "pair_chains_iptm": {
        "0": {
            "0": 0.2146972268819809
        }
    }
}