{
    "confidence_score": 0.6721598505973816,
    "ptm": 0.8017322421073914,
    "iptm": 0.0,
    "ligand_iptm": 0.0,
    "protein_iptm": 0.0,
    "complex_plddt": 0.8401998281478882,
    "complex_iplddt": 0.0,
    "complex_pde": 0.6690266132354736,
    "complex_ipde": 0.0,
    "chains_ptm": {
        "0": 0.8017322421073914
    },
    "pair_chains_iptm": {
        "0": {
            "0": 0.8017322421073914
        }
    }
}