{
    "confidence_score": 0.7507932782173157,
    "ptm": 0.912379264831543,
    "iptm": 0.0,
    "ligand_iptm": 0.0,
    "protein_iptm": 0.0,
    "complex_plddt": 0.9384915828704834,
    "complex_iplddt": 0.0,
    "complex_pde": 0.3536899983882904,
    "complex_ipde": 0.0,
    "chains_ptm": {
        "0": 0.912379264831543
    },
    "pair_chains_iptm": {
        "0": {
            "0": 0.912379264831543
        }
    }
}