{
    "confidence_score": 0.7215440273284912,
    "ptm": 0.9252424836158752,
    "iptm": 0.0,
    "ligand_iptm": 0.0,
    "protein_iptm": 0.0,
    "complex_plddt": 0.901930034160614,
    "complex_iplddt": 0.0,
    "complex_pde": 0.38050252199172974,
    "complex_ipde": 0.0,
    "chains_ptm": {
        "0": 0.9252424836158752
    },
    "pair_chains_iptm": {
        "0": {
            "0": 0.9252424836158752
        }
    }
}