{
    "confidence_score": 0.709303081035614,
    "ptm": 0.659631609916687,
    "iptm": 0.0,
    "ligand_iptm": 0.0,
    "protein_iptm": 0.0,
    "complex_plddt": 0.8866288065910339,
    "complex_iplddt": 0.0,
    "complex_pde": 0.5015300512313843,
    "complex_ipde": 0.0,
    "chains_ptm": {
        "0": 0.659631609916687
    },
    "pair_chains_iptm": {
        "0": {
            "0": 0.659631609916687
        }
    }
}