{
    "confidence_score": 0.6605884432792664,
    "ptm": 0.6602000594139099,
    "iptm": 0.0,
    "ligand_iptm": 0.0,
    "protein_iptm": 0.0,
    "complex_plddt": 0.8257355093955994,
    "complex_iplddt": 0.0,
    "complex_pde": 0.6357707381248474,
    "complex_ipde": 0.0,
    "chains_ptm": {
        "0": 0.6602000594139099
    },
    "pair_chains_iptm": {
        "0": {
            "0": 0.6602000594139099
        }
    }
}