{
    "confidence_score": 0.5171969532966614,
    "ptm": 0.4665886461734772,
    "iptm": 0.0,
    "ligand_iptm": 0.0,
    "protein_iptm": 0.0,
    "complex_plddt": 0.6464961767196655,
    "complex_iplddt": 0.0,
    "complex_pde": 1.979846477508545,
    "complex_ipde": 0.0,
    "chains_ptm": {
        "0": 0.4665886461734772
    },
    "pair_chains_iptm": {
        "0": {
            "0": 0.4665886461734772
        }
    }
}