{
    "confidence_score": 0.7330085635185242,
    "ptm": 0.9225770831108093,
    "iptm": 0.0,
    "ligand_iptm": 0.0,
    "protein_iptm": 0.0,
    "complex_plddt": 0.9162607192993164,
    "complex_iplddt": 0.0,
    "complex_pde": 0.3799271583557129,
    "complex_ipde": 0.0,
    "chains_ptm": {
        "0": 0.9225770831108093
    },
    "pair_chains_iptm": {
        "0": {
            "0": 0.9225770831108093
        }
    }
}