{
    "confidence_score": 0.4778091609477997,
    "ptm": 0.5093502402305603,
    "iptm": 0.0,
    "ligand_iptm": 0.0,
    "protein_iptm": 0.0,
    "complex_plddt": 0.5972614288330078,
    "complex_iplddt": 0.0,
    "complex_pde": 1.6721309423446655,
    "complex_ipde": 0.0,
    "chains_ptm": {
        "0": 0.5093502402305603
    },
    "pair_chains_iptm": {
        "0": {
            "0": 0.5093502402305603
        }
    }
}