{
    "confidence_score": 0.6974267363548279,
    "ptm": 0.8778858780860901,
    "iptm": 0.0,
    "ligand_iptm": 0.0,
    "protein_iptm": 0.0,
    "complex_plddt": 0.871783435344696,
    "complex_iplddt": 0.0,
    "complex_pde": 0.6762878894805908,
    "complex_ipde": 0.0,
    "chains_ptm": {
        "0": 0.8778858780860901
    },
    "pair_chains_iptm": {
        "0": {
            "0": 0.8778858780860901
        }
    }
}