{
    "confidence_score": 0.7052095532417297,
    "ptm": 0.803028404712677,
    "iptm": 0.0,
    "ligand_iptm": 0.0,
    "protein_iptm": 0.0,
    "complex_plddt": 0.881511926651001,
    "complex_iplddt": 0.0,
    "complex_pde": 0.47208327054977417,
    "complex_ipde": 0.0,
    "chains_ptm": {
        "0": 0.803028404712677
    },
    "pair_chains_iptm": {
        "0": {
            "0": 0.803028404712677
        }
    }
}