{
    "confidence_score": 0.3877524733543396,
    "ptm": 0.2398672252893448,
    "iptm": 0.0,
    "ligand_iptm": 0.0,
    "protein_iptm": 0.0,
    "complex_plddt": 0.4846905767917633,
    "complex_iplddt": 0.0,
    "complex_pde": 3.8330585956573486,
    "complex_ipde": 0.0,
    "chains_ptm": {
        "0": 0.2398672252893448
    },
    "pair_chains_iptm": {
        "0": {
            "0": 0.2398672252893448
        }
    }
}