{
    "plddts": {
        "model_1_pred_0": 67.04380211767136,
        "model_2_pred_0": 66.8650181226152,
        "model_3_pred_0": 70.964951592598,
        "model_4_pred_0": 71.01469051518089,
        "model_5_pred_0": 71.50429279555829
    },
    "order": [
        "model_5_pred_0",
        "model_4_pred_0",
        "model_3_pred_0",
        "model_1_pred_0",
        "model_2_pred_0"
    ]
}