{
    "confidence_score": 0.744258463382721,
    "ptm": 0.9580396413803101,
    "iptm": 0.0,
    "ligand_iptm": 0.0,
    "protein_iptm": 0.0,
    "complex_plddt": 0.93032306432724,
    "complex_iplddt": 0.0,
    "complex_pde": 0.3386397659778595,
    "complex_ipde": 0.0,
    "chains_ptm": {
        "0": 0.9580396413803101
    },
    "pair_chains_iptm": {
        "0": {
            "0": 0.9580396413803101
        }
    }
}