{
    "confidence_score": 0.6811291575431824,
    "ptm": 0.5400839447975159,
    "iptm": 0.0,
    "ligand_iptm": 0.0,
    "protein_iptm": 0.0,
    "complex_plddt": 0.8514114618301392,
    "complex_iplddt": 0.0,
    "complex_pde": 1.5837897062301636,
    "complex_ipde": 0.0,
    "chains_ptm": {
        "0": 0.5400839447975159
    },
    "pair_chains_iptm": {
        "0": {
            "0": 0.5400839447975159
        }
    }
}