{
    "confidence_score": 0.7306039929389954,
    "ptm": 0.9395279884338379,
    "iptm": 0.0,
    "ligand_iptm": 0.0,
    "protein_iptm": 0.0,
    "complex_plddt": 0.913254976272583,
    "complex_iplddt": 0.0,
    "complex_pde": 0.3949630856513977,
    "complex_ipde": 0.0,
    "chains_ptm": {
        "0": 0.9395279884338379
    },
    "pair_chains_iptm": {
        "0": {
            "0": 0.9395279884338379
        }
    }
}