{
    "confidence_score": 0.7370938658714294,
    "ptm": 0.9405905604362488,
    "iptm": 0.0,
    "ligand_iptm": 0.0,
    "protein_iptm": 0.0,
    "complex_plddt": 0.9213672876358032,
    "complex_iplddt": 0.0,
    "complex_pde": 0.42824962735176086,
    "complex_ipde": 0.0,
    "chains_ptm": {
        "0": 0.9405905604362488
    },
    "pair_chains_iptm": {
        "0": {
            "0": 0.9405905604362488
        }
    }
}