{
    "confidence_score": 0.7175368666648865,
    "ptm": 0.895896315574646,
    "iptm": 0.0,
    "ligand_iptm": 0.0,
    "protein_iptm": 0.0,
    "complex_plddt": 0.8969210386276245,
    "complex_iplddt": 0.0,
    "complex_pde": 0.43337324261665344,
    "complex_ipde": 0.0,
    "chains_ptm": {
        "0": 0.895896315574646
    },
    "pair_chains_iptm": {
        "0": {
            "0": 0.895896315574646
        }
    }
}