{
    "confidence_score": 0.43399301171302795,
    "ptm": 0.43349605798721313,
    "iptm": 0.0,
    "ligand_iptm": 0.0,
    "protein_iptm": 0.0,
    "complex_plddt": 0.5424912571907043,
    "complex_iplddt": 0.0,
    "complex_pde": 1.6322389841079712,
    "complex_ipde": 0.0,
    "chains_ptm": {
        "0": 0.43349605798721313
    },
    "pair_chains_iptm": {
        "0": {
            "0": 0.43349605798721313
        }
    }
}