{
    "confidence_score": 0.7324153780937195,
    "ptm": 0.9122649431228638,
    "iptm": 0.0,
    "ligand_iptm": 0.0,
    "protein_iptm": 0.0,
    "complex_plddt": 0.9155191779136658,
    "complex_iplddt": 0.0,
    "complex_pde": 0.4032982885837555,
    "complex_ipde": 0.0,
    "chains_ptm": {
        "0": 0.9122649431228638
    },
    "pair_chains_iptm": {
        "0": {
            "0": 0.9122649431228638
        }
    }
}