{
    "confidence_score": 0.29042884707450867,
    "ptm": 0.23499901592731476,
    "iptm": 0.0,
    "ligand_iptm": 0.0,
    "protein_iptm": 0.0,
    "complex_plddt": 0.36303603649139404,
    "complex_iplddt": 0.0,
    "complex_pde": 4.689428806304932,
    "complex_ipde": 0.0,
    "chains_ptm": {
        "0": 0.23499901592731476
    },
    "pair_chains_iptm": {
        "0": {
            "0": 0.23499901592731476
        }
    }
}