{
    "plddts": {
        "model_1_pred_0": 76.83187872279471,
        "model_2_pred_0": 79.8176610773503,
        "model_3_pred_0": 80.48599747361892,
        "model_4_pred_0": 81.29934682822201,
        "model_5_pred_0": 78.76619293467851
    },
    "order": [
        "model_4_pred_0",
        "model_3_pred_0",
        "model_2_pred_0",
        "model_5_pred_0",
        "model_1_pred_0"
    ]
}