{
    "confidence_score": 0.7363102436065674,
    "ptm": 0.9375025033950806,
    "iptm": 0.0,
    "ligand_iptm": 0.0,
    "protein_iptm": 0.0,
    "complex_plddt": 0.9203878045082092,
    "complex_iplddt": 0.0,
    "complex_pde": 0.410971075296402,
    "complex_ipde": 0.0,
    "chains_ptm": {
        "0": 0.9375025033950806
    },
    "pair_chains_iptm": {
        "0": {
            "0": 0.9375025033950806
        }
    }
}