{
    "confidence_score": 0.6907939314842224,
    "ptm": 0.8904306888580322,
    "iptm": 0.0,
    "ligand_iptm": 0.0,
    "protein_iptm": 0.0,
    "complex_plddt": 0.8634924292564392,
    "complex_iplddt": 0.0,
    "complex_pde": 0.5137571096420288,
    "complex_ipde": 0.0,
    "chains_ptm": {
        "0": 0.8904306888580322
    },
    "pair_chains_iptm": {
        "0": {
            "0": 0.8904306888580322
        }
    }
}