{
    "confidence_score": 0.5590116381645203,
    "ptm": 0.7700411677360535,
    "iptm": 0.0,
    "ligand_iptm": 0.0,
    "protein_iptm": 0.0,
    "complex_plddt": 0.6987645030021667,
    "complex_iplddt": 0.0,
    "complex_pde": 0.738696813583374,
    "complex_ipde": 0.0,
    "chains_ptm": {
        "0": 0.7700411677360535
    },
    "pair_chains_iptm": {
        "0": {
            "0": 0.7700411677360535
        }
    }
}