{
    "confidence_score": 0.6289069652557373,
    "ptm": 0.8527013063430786,
    "iptm": 0.0,
    "ligand_iptm": 0.0,
    "protein_iptm": 0.0,
    "complex_plddt": 0.7861337065696716,
    "complex_iplddt": 0.0,
    "complex_pde": 0.6952546834945679,
    "complex_ipde": 0.0,
    "chains_ptm": {
        "0": 0.8527013063430786
    },
    "pair_chains_iptm": {
        "0": {
            "0": 0.8527013063430786
        }
    }
}