{
    "confidence_score": 0.5154856443405151,
    "ptm": 0.3301526606082916,
    "iptm": 0.0,
    "ligand_iptm": 0.0,
    "protein_iptm": 0.0,
    "complex_plddt": 0.6443570256233215,
    "complex_iplddt": 0.0,
    "complex_pde": 1.5339078903198242,
    "complex_ipde": 0.0,
    "chains_ptm": {
        "0": 0.3301526606082916
    },
    "pair_chains_iptm": {
        "0": {
            "0": 0.3301526606082916
        }
    }
}