{
    "confidence_score": 0.4397321343421936,
    "ptm": 0.47802987694740295,
    "iptm": 0.0,
    "ligand_iptm": 0.0,
    "protein_iptm": 0.0,
    "complex_plddt": 0.5496651530265808,
    "complex_iplddt": 0.0,
    "complex_pde": 1.412026286125183,
    "complex_ipde": 0.0,
    "chains_ptm": {
        "0": 0.47802987694740295
    },
    "pair_chains_iptm": {
        "0": {
            "0": 0.47802987694740295
        }
    }
}