{
    "confidence_score": 0.6276138424873352,
    "ptm": 0.6974502205848694,
    "iptm": 0.0,
    "ligand_iptm": 0.0,
    "protein_iptm": 0.0,
    "complex_plddt": 0.7845172882080078,
    "complex_iplddt": 0.0,
    "complex_pde": 0.7548978328704834,
    "complex_ipde": 0.0,
    "chains_ptm": {
        "0": 0.6974502205848694
    },
    "pair_chains_iptm": {
        "0": {
            "0": 0.6974502205848694
        }
    }
}