{
    "confidence_score": 0.6397415995597839,
    "ptm": 0.8088030815124512,
    "iptm": 0.0,
    "ligand_iptm": 0.0,
    "protein_iptm": 0.0,
    "complex_plddt": 0.7996770143508911,
    "complex_iplddt": 0.0,
    "complex_pde": 0.9414393901824951,
    "complex_ipde": 0.0,
    "chains_ptm": {
        "0": 0.8088030815124512
    },
    "pair_chains_iptm": {
        "0": {
            "0": 0.8088030815124512
        }
    }
}