{
    "confidence_score": 0.7316412329673767,
    "ptm": 0.9393317699432373,
    "iptm": 0.0,
    "ligand_iptm": 0.0,
    "protein_iptm": 0.0,
    "complex_plddt": 0.9145514965057373,
    "complex_iplddt": 0.0,
    "complex_pde": 0.4345104396343231,
    "complex_ipde": 0.0,
    "chains_ptm": {
        "0": 0.9393317699432373
    },
    "pair_chains_iptm": {
        "0": {
            "0": 0.9393317699432373
        }
    }
}