{
    "confidence_score": 0.7070155739784241,
    "ptm": 0.8974898457527161,
    "iptm": 0.0,
    "ligand_iptm": 0.0,
    "protein_iptm": 0.0,
    "complex_plddt": 0.8837694525718689,
    "complex_iplddt": 0.0,
    "complex_pde": 0.674626350402832,
    "complex_ipde": 0.0,
    "chains_ptm": {
        "0": 0.8974898457527161
    },
    "pair_chains_iptm": {
        "0": {
            "0": 0.8974898457527161
        }
    }
}