{
    "confidence_score": 0.5011547207832336,
    "ptm": 0.5585169792175293,
    "iptm": 0.0,
    "ligand_iptm": 0.0,
    "protein_iptm": 0.0,
    "complex_plddt": 0.6264433860778809,
    "complex_iplddt": 0.0,
    "complex_pde": 1.2114063501358032,
    "complex_ipde": 0.0,
    "chains_ptm": {
        "0": 0.5585169792175293
    },
    "pair_chains_iptm": {
        "0": {
            "0": 0.5585169792175293
        }
    }
}