{
    "confidence_score": 0.6923941373825073,
    "ptm": 0.8414481282234192,
    "iptm": 0.0,
    "ligand_iptm": 0.0,
    "protein_iptm": 0.0,
    "complex_plddt": 0.8654926419258118,
    "complex_iplddt": 0.0,
    "complex_pde": 0.4617513418197632,
    "complex_ipde": 0.0,
    "chains_ptm": {
        "0": 0.8414481282234192
    },
    "pair_chains_iptm": {
        "0": {
            "0": 0.8414481282234192
        }
    }
}