{
    "confidence_score": 0.6982080936431885,
    "ptm": 0.7775541543960571,
    "iptm": 0.0,
    "ligand_iptm": 0.0,
    "protein_iptm": 0.0,
    "complex_plddt": 0.8727601170539856,
    "complex_iplddt": 0.0,
    "complex_pde": 0.5985537171363831,
    "complex_ipde": 0.0,
    "chains_ptm": {
        "0": 0.7775541543960571
    },
    "pair_chains_iptm": {
        "0": {
            "0": 0.7775541543960571
        }
    }
}