{
    "confidence_score": 0.6051616072654724,
    "ptm": 0.7220639586448669,
    "iptm": 0.0,
    "ligand_iptm": 0.0,
    "protein_iptm": 0.0,
    "complex_plddt": 0.7564520239830017,
    "complex_iplddt": 0.0,
    "complex_pde": 1.2940316200256348,
    "complex_ipde": 0.0,
    "chains_ptm": {
        "0": 0.7220639586448669
    },
    "pair_chains_iptm": {
        "0": {
            "0": 0.7220639586448669
        }
    }
}