{
    "confidence_score": 0.4886862337589264,
    "ptm": 0.3064294159412384,
    "iptm": 0.0,
    "ligand_iptm": 0.0,
    "protein_iptm": 0.0,
    "complex_plddt": 0.6108577847480774,
    "complex_iplddt": 0.0,
    "complex_pde": 1.544346809387207,
    "complex_ipde": 0.0,
    "chains_ptm": {
        "0": 0.3064294159412384
    },
    "pair_chains_iptm": {
        "0": {
            "0": 0.3064294159412384
        }
    }
}