{
    "confidence_score": 0.6994504928588867,
    "ptm": 0.8837848901748657,
    "iptm": 0.0,
    "ligand_iptm": 0.0,
    "protein_iptm": 0.0,
    "complex_plddt": 0.8743131160736084,
    "complex_iplddt": 0.0,
    "complex_pde": 0.5635191202163696,
    "complex_ipde": 0.0,
    "chains_ptm": {
        "0": 0.8837848901748657
    },
    "pair_chains_iptm": {
        "0": {
            "0": 0.8837848901748657
        }
    }
}