{
    "confidence_score": 0.7003917098045349,
    "ptm": 0.8099547028541565,
    "iptm": 0.0,
    "ligand_iptm": 0.0,
    "protein_iptm": 0.0,
    "complex_plddt": 0.8754896521568298,
    "complex_iplddt": 0.0,
    "complex_pde": 0.5959439277648926,
    "complex_ipde": 0.0,
    "chains_ptm": {
        "0": 0.8099547028541565
    },
    "pair_chains_iptm": {
        "0": {
            "0": 0.8099547028541565
        }
    }
}