{
    "confidence_score": 0.7532583475112915,
    "ptm": 0.945513129234314,
    "iptm": 0.0,
    "ligand_iptm": 0.0,
    "protein_iptm": 0.0,
    "complex_plddt": 0.941572904586792,
    "complex_iplddt": 0.0,
    "complex_pde": 0.3800944983959198,
    "complex_ipde": 0.0,
    "chains_ptm": {
        "0": 0.945513129234314
    },
    "pair_chains_iptm": {
        "0": {
            "0": 0.945513129234314
        }
    }
}