{
    "features": 8402.186255455017,
    "process_features_model_1_pred_0": 20.061909198760986,
    "predict_and_compile_model_1_pred_0": 571.6405243873596,
    "process_features_model_2_pred_0": 18.902604341506958,
    "predict_and_compile_model_2_pred_0": 521.6375367641449,
    "process_features_model_3_pred_0": 19.121642351150513,
    "predict_and_compile_model_3_pred_0": 495.00032472610474,
    "process_features_model_4_pred_0": 20.068902254104614,
    "predict_and_compile_model_4_pred_0": 492.92282724380493,
    "process_features_model_5_pred_0": 22.261606216430664,
    "predict_and_compile_model_5_pred_0": 469.5495853424072,
    "relax_model_4_pred_0": 145.70995330810547
}