{
    "confidence_score": 0.6158531904220581,
    "ptm": 0.6674323678016663,
    "iptm": 0.0,
    "ligand_iptm": 0.0,
    "protein_iptm": 0.0,
    "complex_plddt": 0.7698164582252502,
    "complex_iplddt": 0.0,
    "complex_pde": 1.0617539882659912,
    "complex_ipde": 0.0,
    "chains_ptm": {
        "0": 0.6674323678016663
    },
    "pair_chains_iptm": {
        "0": {
            "0": 0.6674323678016663
        }
    }
}