{
    "confidence_score": 0.26982203125953674,
    "ptm": 0.21710337698459625,
    "iptm": 0.0,
    "ligand_iptm": 0.0,
    "protein_iptm": 0.0,
    "complex_plddt": 0.33727753162384033,
    "complex_iplddt": 0.0,
    "complex_pde": 4.0950026512146,
    "complex_ipde": 0.0,
    "chains_ptm": {
        "0": 0.21710337698459625
    },
    "pair_chains_iptm": {
        "0": {
            "0": 0.21710337698459625
        }
    }
}