{
    "confidence_score": 0.5961760878562927,
    "ptm": 0.6085331439971924,
    "iptm": 0.0,
    "ligand_iptm": 0.0,
    "protein_iptm": 0.0,
    "complex_plddt": 0.7452200651168823,
    "complex_iplddt": 0.0,
    "complex_pde": 0.8691979646682739,
    "complex_ipde": 0.0,
    "chains_ptm": {
        "0": 0.6085331439971924
    },
    "pair_chains_iptm": {
        "0": {
            "0": 0.6085331439971924
        }
    }
}