{
    "confidence_score": 0.7124497890472412,
    "ptm": 0.8980892300605774,
    "iptm": 0.0,
    "ligand_iptm": 0.0,
    "protein_iptm": 0.0,
    "complex_plddt": 0.8905622363090515,
    "complex_iplddt": 0.0,
    "complex_pde": 0.4034590721130371,
    "complex_ipde": 0.0,
    "chains_ptm": {
        "0": 0.8980892300605774
    },
    "pair_chains_iptm": {
        "0": {
            "0": 0.8980892300605774
        }
    }
}