{
    "confidence_score": 0.6967880725860596,
    "ptm": 0.7507234215736389,
    "iptm": 0.0,
    "ligand_iptm": 0.0,
    "protein_iptm": 0.0,
    "complex_plddt": 0.8709850907325745,
    "complex_iplddt": 0.0,
    "complex_pde": 0.8742575645446777,
    "complex_ipde": 0.0,
    "chains_ptm": {
        "0": 0.7507234215736389
    },
    "pair_chains_iptm": {
        "0": {
            "0": 0.7507234215736389
        }
    }
}