{
    "confidence_score": 0.32698315382003784,
    "ptm": 0.2819388508796692,
    "iptm": 0.0,
    "ligand_iptm": 0.0,
    "protein_iptm": 0.0,
    "complex_plddt": 0.4087289273738861,
    "complex_iplddt": 0.0,
    "complex_pde": 4.258264541625977,
    "complex_ipde": 0.0,
    "chains_ptm": {
        "0": 0.2819388508796692
    },
    "pair_chains_iptm": {
        "0": {
            "0": 0.2819388508796692
        }
    }
}