{
    "confidence_score": 0.6720911860466003,
    "ptm": 0.7811417579650879,
    "iptm": 0.0,
    "ligand_iptm": 0.0,
    "protein_iptm": 0.0,
    "complex_plddt": 0.8401139378547668,
    "complex_iplddt": 0.0,
    "complex_pde": 0.5380507111549377,
    "complex_ipde": 0.0,
    "chains_ptm": {
        "0": 0.7811417579650879
    },
    "pair_chains_iptm": {
        "0": {
            "0": 0.7811417579650879
        }
    }
}