{
    "confidence_score": 0.6130926012992859,
    "ptm": 0.4762250483036041,
    "iptm": 0.0,
    "ligand_iptm": 0.0,
    "protein_iptm": 0.0,
    "complex_plddt": 0.7663657665252686,
    "complex_iplddt": 0.0,
    "complex_pde": 0.5273767709732056,
    "complex_ipde": 0.0,
    "chains_ptm": {
        "0": 0.4762250483036041
    },
    "pair_chains_iptm": {
        "0": {
            "0": 0.4762250483036041
        }
    }
}