{
    "confidence_score": 0.6700628399848938,
    "ptm": 0.7469168305397034,
    "iptm": 0.0,
    "ligand_iptm": 0.0,
    "protein_iptm": 0.0,
    "complex_plddt": 0.837578535079956,
    "complex_iplddt": 0.0,
    "complex_pde": 0.6483748555183411,
    "complex_ipde": 0.0,
    "chains_ptm": {
        "0": 0.7469168305397034
    },
    "pair_chains_iptm": {
        "0": {
            "0": 0.7469168305397034
        }
    }
}