{
    "confidence_score": 0.7316636443138123,
    "ptm": 0.6099187731742859,
    "iptm": 0.0,
    "ligand_iptm": 0.0,
    "protein_iptm": 0.0,
    "complex_plddt": 0.9145795702934265,
    "complex_iplddt": 0.0,
    "complex_pde": 0.40600791573524475,
    "complex_ipde": 0.0,
    "chains_ptm": {
        "0": 0.6099187731742859
    },
    "pair_chains_iptm": {
        "0": {
            "0": 0.6099187731742859
        }
    }
}