{
    "confidence_score": 0.7306029796600342,
    "ptm": 0.922945499420166,
    "iptm": 0.0,
    "ligand_iptm": 0.0,
    "protein_iptm": 0.0,
    "complex_plddt": 0.9132537245750427,
    "complex_iplddt": 0.0,
    "complex_pde": 0.571971595287323,
    "complex_ipde": 0.0,
    "chains_ptm": {
        "0": 0.922945499420166
    },
    "pair_chains_iptm": {
        "0": {
            "0": 0.922945499420166
        }
    }
}