{
    "confidence_score": 0.6547374725341797,
    "ptm": 0.8596926927566528,
    "iptm": 0.0,
    "ligand_iptm": 0.0,
    "protein_iptm": 0.0,
    "complex_plddt": 0.8184218406677246,
    "complex_iplddt": 0.0,
    "complex_pde": 0.6372364163398743,
    "complex_ipde": 0.0,
    "chains_ptm": {
        "0": 0.8596926927566528
    },
    "pair_chains_iptm": {
        "0": {
            "0": 0.8596926927566528
        }
    }
}