{
    "confidence_score": 0.7650460600852966,
    "ptm": 0.952910304069519,
    "iptm": 0.0,
    "ligand_iptm": 0.0,
    "protein_iptm": 0.0,
    "complex_plddt": 0.956307590007782,
    "complex_iplddt": 0.0,
    "complex_pde": 0.3115127980709076,
    "complex_ipde": 0.0,
    "chains_ptm": {
        "0": 0.952910304069519
    },
    "pair_chains_iptm": {
        "0": {
            "0": 0.952910304069519
        }
    }
}