{
    "confidence_score": 0.7281507253646851,
    "ptm": 0.935188889503479,
    "iptm": 0.0,
    "ligand_iptm": 0.0,
    "protein_iptm": 0.0,
    "complex_plddt": 0.9101883769035339,
    "complex_iplddt": 0.0,
    "complex_pde": 0.4322599470615387,
    "complex_ipde": 0.0,
    "chains_ptm": {
        "0": 0.935188889503479
    },
    "pair_chains_iptm": {
        "0": {
            "0": 0.935188889503479
        }
    }
}