{
    "confidence_score": 0.7171034216880798,
    "ptm": 0.6876154541969299,
    "iptm": 0.0,
    "ligand_iptm": 0.0,
    "protein_iptm": 0.0,
    "complex_plddt": 0.896379292011261,
    "complex_iplddt": 0.0,
    "complex_pde": 0.5370203256607056,
    "complex_ipde": 0.0,
    "chains_ptm": {
        "0": 0.6876154541969299
    },
    "pair_chains_iptm": {
        "0": {
            "0": 0.6876154541969299
        }
    }
}