{
    "confidence_score": 0.6008560061454773,
    "ptm": 0.770582914352417,
    "iptm": 0.0,
    "ligand_iptm": 0.0,
    "protein_iptm": 0.0,
    "complex_plddt": 0.7510700225830078,
    "complex_iplddt": 0.0,
    "complex_pde": 0.551902711391449,
    "complex_ipde": 0.0,
    "chains_ptm": {
        "0": 0.770582914352417
    },
    "pair_chains_iptm": {
        "0": {
            "0": 0.770582914352417
        }
    }
}