{
    "confidence_score": 0.729066014289856,
    "ptm": 0.8765761852264404,
    "iptm": 0.0,
    "ligand_iptm": 0.0,
    "protein_iptm": 0.0,
    "complex_plddt": 0.9113324880599976,
    "complex_iplddt": 0.0,
    "complex_pde": 0.37653517723083496,
    "complex_ipde": 0.0,
    "chains_ptm": {
        "0": 0.8765761852264404
    },
    "pair_chains_iptm": {
        "0": {
            "0": 0.8765761852264404
        }
    }
}