{
    "confidence_score": 0.7244804501533508,
    "ptm": 0.9363307952880859,
    "iptm": 0.0,
    "ligand_iptm": 0.0,
    "protein_iptm": 0.0,
    "complex_plddt": 0.9056005477905273,
    "complex_iplddt": 0.0,
    "complex_pde": 0.4417324662208557,
    "complex_ipde": 0.0,
    "chains_ptm": {
        "0": 0.9363307952880859
    },
    "pair_chains_iptm": {
        "0": {
            "0": 0.9363307952880859
        }
    }
}