{
    "confidence_score": 0.7302689552307129,
    "ptm": 0.9233205914497375,
    "iptm": 0.0,
    "ligand_iptm": 0.0,
    "protein_iptm": 0.0,
    "complex_plddt": 0.9128361940383911,
    "complex_iplddt": 0.0,
    "complex_pde": 0.48070868849754333,
    "complex_ipde": 0.0,
    "chains_ptm": {
        "0": 0.9233205914497375
    },
    "pair_chains_iptm": {
        "0": {
            "0": 0.9233205914497375
        }
    }
}