{
    "confidence_score": 0.7356889843940735,
    "ptm": 0.9251163005828857,
    "iptm": 0.0,
    "ligand_iptm": 0.0,
    "protein_iptm": 0.0,
    "complex_plddt": 0.9196112155914307,
    "complex_iplddt": 0.0,
    "complex_pde": 0.3562498986721039,
    "complex_ipde": 0.0,
    "chains_ptm": {
        "0": 0.9251163005828857
    },
    "pair_chains_iptm": {
        "0": {
            "0": 0.9251163005828857
        }
    }
}