{
    "confidence_score": 0.665962815284729,
    "ptm": 0.7617217898368835,
    "iptm": 0.0,
    "ligand_iptm": 0.0,
    "protein_iptm": 0.0,
    "complex_plddt": 0.8324534893035889,
    "complex_iplddt": 0.0,
    "complex_pde": 0.7035360336303711,
    "complex_ipde": 0.0,
    "chains_ptm": {
        "0": 0.7617217898368835
    },
    "pair_chains_iptm": {
        "0": {
            "0": 0.7617217898368835
        }
    }
}