{
    "confidence_score": 0.7123054265975952,
    "ptm": 0.8583199381828308,
    "iptm": 0.0,
    "ligand_iptm": 0.0,
    "protein_iptm": 0.0,
    "complex_plddt": 0.8903817534446716,
    "complex_iplddt": 0.0,
    "complex_pde": 0.49348923563957214,
    "complex_ipde": 0.0,
    "chains_ptm": {
        "0": 0.8583199381828308
    },
    "pair_chains_iptm": {
        "0": {
            "0": 0.8583199381828308
        }
    }
}