{
    "confidence_score": 0.7276089787483215,
    "ptm": 0.9334852695465088,
    "iptm": 0.0,
    "ligand_iptm": 0.0,
    "protein_iptm": 0.0,
    "complex_plddt": 0.9095112085342407,
    "complex_iplddt": 0.0,
    "complex_pde": 0.41743677854537964,
    "complex_ipde": 0.0,
    "chains_ptm": {
        "0": 0.9334852695465088
    },
    "pair_chains_iptm": {
        "0": {
            "0": 0.9334852695465088
        }
    }
}