{
    "confidence_score": 0.730621337890625,
    "ptm": 0.9257862567901611,
    "iptm": 0.0,
    "ligand_iptm": 0.0,
    "protein_iptm": 0.0,
    "complex_plddt": 0.9132766723632812,
    "complex_iplddt": 0.0,
    "complex_pde": 0.4163343608379364,
    "complex_ipde": 0.0,
    "chains_ptm": {
        "0": 0.9257862567901611
    },
    "pair_chains_iptm": {
        "0": {
            "0": 0.9257862567901611
        }
    }
}