{
    "confidence_score": 0.7199379801750183,
    "ptm": 0.8491397500038147,
    "iptm": 0.0,
    "ligand_iptm": 0.0,
    "protein_iptm": 0.0,
    "complex_plddt": 0.8999224305152893,
    "complex_iplddt": 0.0,
    "complex_pde": 0.466540664434433,
    "complex_ipde": 0.0,
    "chains_ptm": {
        "0": 0.8491397500038147
    },
    "pair_chains_iptm": {
        "0": {
            "0": 0.8491397500038147
        }
    }
}