{
    "confidence_score": 0.6731356382369995,
    "ptm": 0.7560635805130005,
    "iptm": 0.0,
    "ligand_iptm": 0.0,
    "protein_iptm": 0.0,
    "complex_plddt": 0.841419517993927,
    "complex_iplddt": 0.0,
    "complex_pde": 0.673501193523407,
    "complex_ipde": 0.0,
    "chains_ptm": {
        "0": 0.7560635805130005
    },
    "pair_chains_iptm": {
        "0": {
            "0": 0.7560635805130005
        }
    }
}