{
    "confidence_score": 0.7171064615249634,
    "ptm": 0.8933351635932922,
    "iptm": 0.0,
    "ligand_iptm": 0.0,
    "protein_iptm": 0.0,
    "complex_plddt": 0.8963830471038818,
    "complex_iplddt": 0.0,
    "complex_pde": 0.42250096797943115,
    "complex_ipde": 0.0,
    "chains_ptm": {
        "0": 0.8933351635932922
    },
    "pair_chains_iptm": {
        "0": {
            "0": 0.8933351635932922
        }
    }
}