{
    "confidence_score": 0.5846003890037537,
    "ptm": 0.6555774807929993,
    "iptm": 0.0,
    "ligand_iptm": 0.0,
    "protein_iptm": 0.0,
    "complex_plddt": 0.7307504415512085,
    "complex_iplddt": 0.0,
    "complex_pde": 1.112269639968872,
    "complex_ipde": 0.0,
    "chains_ptm": {
        "0": 0.6555774807929993
    },
    "pair_chains_iptm": {
        "0": {
            "0": 0.6555774807929993
        }
    }
}