{
    "confidence_score": 0.7493950724601746,
    "ptm": 0.916323721408844,
    "iptm": 0.0,
    "ligand_iptm": 0.0,
    "protein_iptm": 0.0,
    "complex_plddt": 0.9367437958717346,
    "complex_iplddt": 0.0,
    "complex_pde": 0.36702972650527954,
    "complex_ipde": 0.0,
    "chains_ptm": {
        "0": 0.916323721408844
    },
    "pair_chains_iptm": {
        "0": {
            "0": 0.916323721408844
        }
    }
}