{
    "confidence_score": 0.5803207755088806,
    "ptm": 0.48364368081092834,
    "iptm": 0.0,
    "ligand_iptm": 0.0,
    "protein_iptm": 0.0,
    "complex_plddt": 0.725400984287262,
    "complex_iplddt": 0.0,
    "complex_pde": 1.3638142347335815,
    "complex_ipde": 0.0,
    "chains_ptm": {
        "0": 0.48364368081092834
    },
    "pair_chains_iptm": {
        "0": {
            "0": 0.48364368081092834
        }
    }
}