{
    "confidence_score": 0.4603542983531952,
    "ptm": 0.3674904406070709,
    "iptm": 0.0,
    "ligand_iptm": 0.0,
    "protein_iptm": 0.0,
    "complex_plddt": 0.5754428505897522,
    "complex_iplddt": 0.0,
    "complex_pde": 1.5629675388336182,
    "complex_ipde": 0.0,
    "chains_ptm": {
        "0": 0.3674904406070709
    },
    "pair_chains_iptm": {
        "0": {
            "0": 0.3674904406070709
        }
    }
}