{
    "confidence_score": 0.5828782916069031,
    "ptm": 0.5537592172622681,
    "iptm": 0.0,
    "ligand_iptm": 0.0,
    "protein_iptm": 0.0,
    "complex_plddt": 0.7285978198051453,
    "complex_iplddt": 0.0,
    "complex_pde": 1.7926455736160278,
    "complex_ipde": 0.0,
    "chains_ptm": {
        "0": 0.5537592172622681
    },
    "pair_chains_iptm": {
        "0": {
            "0": 0.5537592172622681
        }
    }
}