{
    "confidence_score": 0.5171495079994202,
    "ptm": 0.26342064142227173,
    "iptm": 0.0,
    "ligand_iptm": 0.0,
    "protein_iptm": 0.0,
    "complex_plddt": 0.646436870098114,
    "complex_iplddt": 0.0,
    "complex_pde": 2.8041112422943115,
    "complex_ipde": 0.0,
    "chains_ptm": {
        "0": 0.26342064142227173
    },
    "pair_chains_iptm": {
        "0": {
            "0": 0.26342064142227173
        }
    }
}