{
    "confidence_score": 0.7079613208770752,
    "ptm": 0.8623881936073303,
    "iptm": 0.0,
    "ligand_iptm": 0.0,
    "protein_iptm": 0.0,
    "complex_plddt": 0.884951651096344,
    "complex_iplddt": 0.0,
    "complex_pde": 0.5240722298622131,
    "complex_ipde": 0.0,
    "chains_ptm": {
        "0": 0.8623881936073303
    },
    "pair_chains_iptm": {
        "0": {
            "0": 0.8623881936073303
        }
    }
}