{
    "confidence_score": 0.7139479517936707,
    "ptm": 0.9275307059288025,
    "iptm": 0.0,
    "ligand_iptm": 0.0,
    "protein_iptm": 0.0,
    "complex_plddt": 0.8924348950386047,
    "complex_iplddt": 0.0,
    "complex_pde": 0.4321635365486145,
    "complex_ipde": 0.0,
    "chains_ptm": {
        "0": 0.9275307059288025
    },
    "pair_chains_iptm": {
        "0": {
            "0": 0.9275307059288025
        }
    }
}