{
    "confidence_score": 0.6716662645339966,
    "ptm": 0.7571806311607361,
    "iptm": 0.0,
    "ligand_iptm": 0.0,
    "protein_iptm": 0.0,
    "complex_plddt": 0.8395828008651733,
    "complex_iplddt": 0.0,
    "complex_pde": 0.9641357660293579,
    "complex_ipde": 0.0,
    "chains_ptm": {
        "0": 0.7571806311607361
    },
    "pair_chains_iptm": {
        "0": {
            "0": 0.7571806311607361
        }
    }
}