{
    "confidence_score": 0.5074661374092102,
    "ptm": 0.5080738663673401,
    "iptm": 0.0,
    "ligand_iptm": 0.0,
    "protein_iptm": 0.0,
    "complex_plddt": 0.6343326568603516,
    "complex_iplddt": 0.0,
    "complex_pde": 1.7575924396514893,
    "complex_ipde": 0.0,
    "chains_ptm": {
        "0": 0.5080738663673401
    },
    "pair_chains_iptm": {
        "0": {
            "0": 0.5080738663673401
        }
    }
}