{
    "confidence_score": 0.7155833840370178,
    "ptm": 0.9127333760261536,
    "iptm": 0.0,
    "ligand_iptm": 0.0,
    "protein_iptm": 0.0,
    "complex_plddt": 0.8944792151451111,
    "complex_iplddt": 0.0,
    "complex_pde": 0.4769741892814636,
    "complex_ipde": 0.0,
    "chains_ptm": {
        "0": 0.9127333760261536
    },
    "pair_chains_iptm": {
        "0": {
            "0": 0.9127333760261536
        }
    }
}