{
    "confidence_score": 0.6209555268287659,
    "ptm": 0.845524787902832,
    "iptm": 0.0,
    "ligand_iptm": 0.0,
    "protein_iptm": 0.0,
    "complex_plddt": 0.7761943936347961,
    "complex_iplddt": 0.0,
    "complex_pde": 0.8152657747268677,
    "complex_ipde": 0.0,
    "chains_ptm": {
        "0": 0.845524787902832
    },
    "pair_chains_iptm": {
        "0": {
            "0": 0.845524787902832
        }
    }
}