{
    "confidence_score": 0.7054056525230408,
    "ptm": 0.8027963638305664,
    "iptm": 0.0,
    "ligand_iptm": 0.0,
    "protein_iptm": 0.0,
    "complex_plddt": 0.8817570209503174,
    "complex_iplddt": 0.0,
    "complex_pde": 0.599152147769928,
    "complex_ipde": 0.0,
    "chains_ptm": {
        "0": 0.8027963638305664
    },
    "pair_chains_iptm": {
        "0": {
            "0": 0.8027963638305664
        }
    }
}