{
    "confidence_score": 0.7479889988899231,
    "ptm": 0.9447534680366516,
    "iptm": 0.0,
    "ligand_iptm": 0.0,
    "protein_iptm": 0.0,
    "complex_plddt": 0.9349862337112427,
    "complex_iplddt": 0.0,
    "complex_pde": 0.3337860107421875,
    "complex_ipde": 0.0,
    "chains_ptm": {
        "0": 0.9447534680366516
    },
    "pair_chains_iptm": {
        "0": {
            "0": 0.9447534680366516
        }
    }
}