{
    "confidence_score": 0.52983558177948,
    "ptm": 0.6741079688072205,
    "iptm": 0.0,
    "ligand_iptm": 0.0,
    "protein_iptm": 0.0,
    "complex_plddt": 0.6622944474220276,
    "complex_iplddt": 0.0,
    "complex_pde": 1.8001148700714111,
    "complex_ipde": 0.0,
    "chains_ptm": {
        "0": 0.6741079688072205
    },
    "pair_chains_iptm": {
        "0": {
            "0": 0.6741079688072205
        }
    }
}