{
    "confidence_score": 0.7105178236961365,
    "ptm": 0.9202638864517212,
    "iptm": 0.0,
    "ligand_iptm": 0.0,
    "protein_iptm": 0.0,
    "complex_plddt": 0.8881472945213318,
    "complex_iplddt": 0.0,
    "complex_pde": 0.38959255814552307,
    "complex_ipde": 0.0,
    "chains_ptm": {
        "0": 0.9202638864517212
    },
    "pair_chains_iptm": {
        "0": {
            "0": 0.9202638864517212
        }
    }
}