{
    "confidence_score": 0.7221471071243286,
    "ptm": 0.7770126461982727,
    "iptm": 0.0,
    "ligand_iptm": 0.0,
    "protein_iptm": 0.0,
    "complex_plddt": 0.9026838541030884,
    "complex_iplddt": 0.0,
    "complex_pde": 0.3820784389972687,
    "complex_ipde": 0.0,
    "chains_ptm": {
        "0": 0.7770126461982727
    },
    "pair_chains_iptm": {
        "0": {
            "0": 0.7770126461982727
        }
    }
}