{
    "confidence_score": 0.6863992214202881,
    "ptm": 0.7011867761611938,
    "iptm": 0.0,
    "ligand_iptm": 0.0,
    "protein_iptm": 0.0,
    "complex_plddt": 0.8579990267753601,
    "complex_iplddt": 0.0,
    "complex_pde": 0.878707230091095,
    "complex_ipde": 0.0,
    "chains_ptm": {
        "0": 0.7011867761611938
    },
    "pair_chains_iptm": {
        "0": {
            "0": 0.7011867761611938
        }
    }
}