{
    "confidence_score": 0.3636832535266876,
    "ptm": 0.26953789591789246,
    "iptm": 0.0,
    "ligand_iptm": 0.0,
    "protein_iptm": 0.0,
    "complex_plddt": 0.45460405945777893,
    "complex_iplddt": 0.0,
    "complex_pde": 2.395285129547119,
    "complex_ipde": 0.0,
    "chains_ptm": {
        "0": 0.26953789591789246
    },
    "pair_chains_iptm": {
        "0": {
            "0": 0.26953789591789246
        }
    }
}