{
    "confidence_score": 0.506533145904541,
    "ptm": 0.3922044038772583,
    "iptm": 0.0,
    "ligand_iptm": 0.0,
    "protein_iptm": 0.0,
    "complex_plddt": 0.6331664323806763,
    "complex_iplddt": 0.0,
    "complex_pde": 1.6245408058166504,
    "complex_ipde": 0.0,
    "chains_ptm": {
        "0": 0.3922044038772583
    },
    "pair_chains_iptm": {
        "0": {
            "0": 0.3922044038772583
        }
    }
}