{
    "confidence_score": 0.6248874664306641,
    "ptm": 0.31706273555755615,
    "iptm": 0.0,
    "ligand_iptm": 0.0,
    "protein_iptm": 0.0,
    "complex_plddt": 0.7811093330383301,
    "complex_iplddt": 0.0,
    "complex_pde": 1.738040566444397,
    "complex_ipde": 0.0,
    "chains_ptm": {
        "0": 0.31706273555755615
    },
    "pair_chains_iptm": {
        "0": {
            "0": 0.31706273555755615
        }
    }
}