{
    "confidence_score": 0.7424744367599487,
    "ptm": 0.9426193833351135,
    "iptm": 0.0,
    "ligand_iptm": 0.0,
    "protein_iptm": 0.0,
    "complex_plddt": 0.9280930161476135,
    "complex_iplddt": 0.0,
    "complex_pde": 0.34665316343307495,
    "complex_ipde": 0.0,
    "chains_ptm": {
        "0": 0.9426193833351135
    },
    "pair_chains_iptm": {
        "0": {
            "0": 0.9426193833351135
        }
    }
}