{
    "plddts": {
        "model_1_pred_0": 82.77282664182849,
        "model_2_pred_0": 82.14106036713838,
        "model_3_pred_0": 81.06977093788974,
        "model_4_pred_0": 82.10225000249827,
        "model_5_pred_0": 81.16314930452202
    },
    "order": [
        "model_1_pred_0",
        "model_2_pred_0",
        "model_4_pred_0",
        "model_5_pred_0",
        "model_3_pred_0"
    ]
}