{
    "confidence_score": 0.7269282341003418,
    "ptm": 0.9368578791618347,
    "iptm": 0.0,
    "ligand_iptm": 0.0,
    "protein_iptm": 0.0,
    "complex_plddt": 0.9086602926254272,
    "complex_iplddt": 0.0,
    "complex_pde": 0.41130882501602173,
    "complex_ipde": 0.0,
    "chains_ptm": {
        "0": 0.9368578791618347
    },
    "pair_chains_iptm": {
        "0": {
            "0": 0.9368578791618347
        }
    }
}