{
    "confidence_score": 0.5162936449050903,
    "ptm": 0.3074621856212616,
    "iptm": 0.0,
    "ligand_iptm": 0.0,
    "protein_iptm": 0.0,
    "complex_plddt": 0.6453670263290405,
    "complex_iplddt": 0.0,
    "complex_pde": 1.4376440048217773,
    "complex_ipde": 0.0,
    "chains_ptm": {
        "0": 0.3074621856212616
    },
    "pair_chains_iptm": {
        "0": {
            "0": 0.3074621856212616
        }
    }
}