{
    "confidence_score": 0.691662073135376,
    "ptm": 0.7340352535247803,
    "iptm": 0.0,
    "ligand_iptm": 0.0,
    "protein_iptm": 0.0,
    "complex_plddt": 0.86457759141922,
    "complex_iplddt": 0.0,
    "complex_pde": 0.646397054195404,
    "complex_ipde": 0.0,
    "chains_ptm": {
        "0": 0.7340352535247803
    },
    "pair_chains_iptm": {
        "0": {
            "0": 0.7340352535247803
        }
    }
}