{
    "confidence_score": 0.7329891324043274,
    "ptm": 0.8633774518966675,
    "iptm": 0.0,
    "ligand_iptm": 0.0,
    "protein_iptm": 0.0,
    "complex_plddt": 0.916236400604248,
    "complex_iplddt": 0.0,
    "complex_pde": 0.34258872270584106,
    "complex_ipde": 0.0,
    "chains_ptm": {
        "0": 0.8633774518966675
    },
    "pair_chains_iptm": {
        "0": {
            "0": 0.8633774518966675
        }
    }
}