{
    "confidence_score": 0.6771171689033508,
    "ptm": 0.8739422559738159,
    "iptm": 0.0,
    "ligand_iptm": 0.0,
    "protein_iptm": 0.0,
    "complex_plddt": 0.8463964462280273,
    "complex_iplddt": 0.0,
    "complex_pde": 0.516956627368927,
    "complex_ipde": 0.0,
    "chains_ptm": {
        "0": 0.8739422559738159
    },
    "pair_chains_iptm": {
        "0": {
            "0": 0.8739422559738159
        }
    }
}