{
    "confidence_score": 0.635848879814148,
    "ptm": 0.6836303472518921,
    "iptm": 0.0,
    "ligand_iptm": 0.0,
    "protein_iptm": 0.0,
    "complex_plddt": 0.7948110699653625,
    "complex_iplddt": 0.0,
    "complex_pde": 0.740576982498169,
    "complex_ipde": 0.0,
    "chains_ptm": {
        "0": 0.6836303472518921
    },
    "pair_chains_iptm": {
        "0": {
            "0": 0.6836303472518921
        }
    }
}