{
    "confidence_score": 0.6833190321922302,
    "ptm": 0.8065206408500671,
    "iptm": 0.0,
    "ligand_iptm": 0.0,
    "protein_iptm": 0.0,
    "complex_plddt": 0.8541487455368042,
    "complex_iplddt": 0.0,
    "complex_pde": 0.6854515075683594,
    "complex_ipde": 0.0,
    "chains_ptm": {
        "0": 0.8065206408500671
    },
    "pair_chains_iptm": {
        "0": {
            "0": 0.8065206408500671
        }
    }
}