{
    "confidence_score": 0.7227663397789001,
    "ptm": 0.9483237266540527,
    "iptm": 0.0,
    "ligand_iptm": 0.0,
    "protein_iptm": 0.0,
    "complex_plddt": 0.9034579396247864,
    "complex_iplddt": 0.0,
    "complex_pde": 0.44053757190704346,
    "complex_ipde": 0.0,
    "chains_ptm": {
        "0": 0.9483237266540527
    },
    "pair_chains_iptm": {
        "0": {
            "0": 0.9483237266540527
        }
    }
}