{
    "confidence_score": 0.5393285751342773,
    "ptm": 0.6429533362388611,
    "iptm": 0.0,
    "ligand_iptm": 0.0,
    "protein_iptm": 0.0,
    "complex_plddt": 0.6741607189178467,
    "complex_iplddt": 0.0,
    "complex_pde": 1.625746250152588,
    "complex_ipde": 0.0,
    "chains_ptm": {
        "0": 0.6429533362388611
    },
    "pair_chains_iptm": {
        "0": {
            "0": 0.6429533362388611
        }
    }
}