{
    "confidence_score": 0.7222161293029785,
    "ptm": 0.9052620530128479,
    "iptm": 0.0,
    "ligand_iptm": 0.0,
    "protein_iptm": 0.0,
    "complex_plddt": 0.9027701616287231,
    "complex_iplddt": 0.0,
    "complex_pde": 0.46578070521354675,
    "complex_ipde": 0.0,
    "chains_ptm": {
        "0": 0.9052620530128479
    },
    "pair_chains_iptm": {
        "0": {
            "0": 0.9052620530128479
        }
    }
}