{
    "confidence_score": 0.6980049014091492,
    "ptm": 0.79813152551651,
    "iptm": 0.0,
    "ligand_iptm": 0.0,
    "protein_iptm": 0.0,
    "complex_plddt": 0.8725060820579529,
    "complex_iplddt": 0.0,
    "complex_pde": 0.38955172896385193,
    "complex_ipde": 0.0,
    "chains_ptm": {
        "0": 0.79813152551651
    },
    "pair_chains_iptm": {
        "0": {
            "0": 0.79813152551651
        }
    }
}