{
    "confidence_score": 0.7639901638031006,
    "ptm": 0.9638420939445496,
    "iptm": 0.0,
    "ligand_iptm": 0.0,
    "protein_iptm": 0.0,
    "complex_plddt": 0.9549877047538757,
    "complex_iplddt": 0.0,
    "complex_pde": 0.30290699005126953,
    "complex_ipde": 0.0,
    "chains_ptm": {
        "0": 0.9638420939445496
    },
    "pair_chains_iptm": {
        "0": {
            "0": 0.9638420939445496
        }
    }
}