{
    "confidence_score": 0.698054313659668,
    "ptm": 0.8619579076766968,
    "iptm": 0.0,
    "ligand_iptm": 0.0,
    "protein_iptm": 0.0,
    "complex_plddt": 0.872567892074585,
    "complex_iplddt": 0.0,
    "complex_pde": 0.602901816368103,
    "complex_ipde": 0.0,
    "chains_ptm": {
        "0": 0.8619579076766968
    },
    "pair_chains_iptm": {
        "0": {
            "0": 0.8619579076766968
        }
    }
}