{
    "confidence_score": 0.731807291507721,
    "ptm": 0.9438675045967102,
    "iptm": 0.0,
    "ligand_iptm": 0.0,
    "protein_iptm": 0.0,
    "complex_plddt": 0.91475909948349,
    "complex_iplddt": 0.0,
    "complex_pde": 0.3526305854320526,
    "complex_ipde": 0.0,
    "chains_ptm": {
        "0": 0.9438675045967102
    },
    "pair_chains_iptm": {
        "0": {
            "0": 0.9438675045967102
        }
    }
}