{
    "confidence_score": 0.7224015593528748,
    "ptm": 0.7341662645339966,
    "iptm": 0.0,
    "ligand_iptm": 0.0,
    "protein_iptm": 0.0,
    "complex_plddt": 0.9030019044876099,
    "complex_iplddt": 0.0,
    "complex_pde": 0.35372188687324524,
    "complex_ipde": 0.0,
    "chains_ptm": {
        "0": 0.7341662645339966
    },
    "pair_chains_iptm": {
        "0": {
            "0": 0.7341662645339966
        }
    }
}