{
    "confidence_score": 0.6942902207374573,
    "ptm": 0.7429554462432861,
    "iptm": 0.0,
    "ligand_iptm": 0.0,
    "protein_iptm": 0.0,
    "complex_plddt": 0.8678627610206604,
    "complex_iplddt": 0.0,
    "complex_pde": 0.6761483550071716,
    "complex_ipde": 0.0,
    "chains_ptm": {
        "0": 0.7429554462432861
    },
    "pair_chains_iptm": {
        "0": {
            "0": 0.7429554462432861
        }
    }
}