{
    "confidence_score": 0.7085837125778198,
    "ptm": 0.8899602293968201,
    "iptm": 0.0,
    "ligand_iptm": 0.0,
    "protein_iptm": 0.0,
    "complex_plddt": 0.8857296109199524,
    "complex_iplddt": 0.0,
    "complex_pde": 0.5713165998458862,
    "complex_ipde": 0.0,
    "chains_ptm": {
        "0": 0.8899602293968201
    },
    "pair_chains_iptm": {
        "0": {
            "0": 0.8899602293968201
        }
    }
}