{
    "confidence_score": 0.5997983813285828,
    "ptm": 0.6802785992622375,
    "iptm": 0.0,
    "ligand_iptm": 0.0,
    "protein_iptm": 0.0,
    "complex_plddt": 0.7497479915618896,
    "complex_iplddt": 0.0,
    "complex_pde": 0.9306445717811584,
    "complex_ipde": 0.0,
    "chains_ptm": {
        "0": 0.6802785992622375
    },
    "pair_chains_iptm": {
        "0": {
            "0": 0.6802785992622375
        }
    }
}