{
    "confidence_score": 0.6694490909576416,
    "ptm": 0.8953173756599426,
    "iptm": 0.0,
    "ligand_iptm": 0.0,
    "protein_iptm": 0.0,
    "complex_plddt": 0.836811363697052,
    "complex_iplddt": 0.0,
    "complex_pde": 0.41976234316825867,
    "complex_ipde": 0.0,
    "chains_ptm": {
        "0": 0.8953173756599426
    },
    "pair_chains_iptm": {
        "0": {
            "0": 0.8953173756599426
        }
    }
}