{
    "confidence_score": 0.5773535370826721,
    "ptm": 0.8732733726501465,
    "iptm": 0.0,
    "ligand_iptm": 0.0,
    "protein_iptm": 0.0,
    "complex_plddt": 0.721691906452179,
    "complex_iplddt": 0.0,
    "complex_pde": 0.5832179188728333,
    "complex_ipde": 0.0,
    "chains_ptm": {
        "0": 0.8732733726501465
    },
    "pair_chains_iptm": {
        "0": {
            "0": 0.8732733726501465
        }
    }
}