{
    "confidence_score": 0.6239494681358337,
    "ptm": 0.3851882517337799,
    "iptm": 0.0,
    "ligand_iptm": 0.0,
    "protein_iptm": 0.0,
    "complex_plddt": 0.7799367904663086,
    "complex_iplddt": 0.0,
    "complex_pde": 1.9003618955612183,
    "complex_ipde": 0.0,
    "chains_ptm": {
        "0": 0.3851882517337799
    },
    "pair_chains_iptm": {
        "0": {
            "0": 0.3851882517337799
        }
    }
}