{
    "confidence_score": 0.6909927725791931,
    "ptm": 0.8789598345756531,
    "iptm": 0.0,
    "ligand_iptm": 0.0,
    "protein_iptm": 0.0,
    "complex_plddt": 0.8637409210205078,
    "complex_iplddt": 0.0,
    "complex_pde": 0.6388865113258362,
    "complex_ipde": 0.0,
    "chains_ptm": {
        "0": 0.8789598345756531
    },
    "pair_chains_iptm": {
        "0": {
            "0": 0.8789598345756531
        }
    }
}