{
    "plddts": {
        "model_1_pred_0": 68.54462555550344,
        "model_2_pred_0": 68.39071788634554,
        "model_3_pred_0": 67.46572981009066,
        "model_4_pred_0": 68.75177331714028,
        "model_5_pred_0": 63.91437929841656
    },
    "order": [
        "model_4_pred_0",
        "model_1_pred_0",
        "model_2_pred_0",
        "model_3_pred_0",
        "model_5_pred_0"
    ]
}