{
    "features": 11181.595921516418,
    "process_features_model_1_pred_0": 13.523816347122192,
    "predict_and_compile_model_1_pred_0": 440.1708719730377,
    "process_features_model_2_pred_0": 13.41272234916687,
    "predict_and_compile_model_2_pred_0": 402.35261154174805,
    "process_features_model_3_pred_0": 12.835402011871338,
    "predict_and_compile_model_3_pred_0": 377.07988357543945,
    "process_features_model_4_pred_0": 13.260365724563599,
    "predict_and_compile_model_4_pred_0": 377.1519584655762,
    "process_features_model_5_pred_0": 12.93785309791565,
    "predict_and_compile_model_5_pred_0": 344.90865564346313,
    "relax_model_4_pred_0": 99.67577743530273
}