{
    "confidence_score": 0.7244419455528259,
    "ptm": 0.9273035526275635,
    "iptm": 0.0,
    "ligand_iptm": 0.0,
    "protein_iptm": 0.0,
    "complex_plddt": 0.9055523872375488,
    "complex_iplddt": 0.0,
    "complex_pde": 0.4234353303909302,
    "complex_ipde": 0.0,
    "chains_ptm": {
        "0": 0.9273035526275635
    },
    "pair_chains_iptm": {
        "0": {
            "0": 0.9273035526275635
        }
    }
}