{
    "confidence_score": 0.7551062107086182,
    "ptm": 0.959464430809021,
    "iptm": 0.0,
    "ligand_iptm": 0.0,
    "protein_iptm": 0.0,
    "complex_plddt": 0.9438827633857727,
    "complex_iplddt": 0.0,
    "complex_pde": 0.34557610750198364,
    "complex_ipde": 0.0,
    "chains_ptm": {
        "0": 0.959464430809021
    },
    "pair_chains_iptm": {
        "0": {
            "0": 0.959464430809021
        }
    }
}