{
    "confidence_score": 0.5834783315658569,
    "ptm": 0.5904560089111328,
    "iptm": 0.0,
    "ligand_iptm": 0.0,
    "protein_iptm": 0.0,
    "complex_plddt": 0.7293478846549988,
    "complex_iplddt": 0.0,
    "complex_pde": 0.7203499674797058,
    "complex_ipde": 0.0,
    "chains_ptm": {
        "0": 0.5904560089111328
    },
    "pair_chains_iptm": {
        "0": {
            "0": 0.5904560089111328
        }
    }
}