{
    "confidence_score": 0.6452906727790833,
    "ptm": 0.4785776734352112,
    "iptm": 0.0,
    "ligand_iptm": 0.0,
    "protein_iptm": 0.0,
    "complex_plddt": 0.8066133260726929,
    "complex_iplddt": 0.0,
    "complex_pde": 0.5437800288200378,
    "complex_ipde": 0.0,
    "chains_ptm": {
        "0": 0.4785776734352112
    },
    "pair_chains_iptm": {
        "0": {
            "0": 0.4785776734352112
        }
    }
}