{
    "confidence_score": 0.5790967345237732,
    "ptm": 0.39826175570487976,
    "iptm": 0.0,
    "ligand_iptm": 0.0,
    "protein_iptm": 0.0,
    "complex_plddt": 0.7238709330558777,
    "complex_iplddt": 0.0,
    "complex_pde": 1.788115382194519,
    "complex_ipde": 0.0,
    "chains_ptm": {
        "0": 0.39826175570487976
    },
    "pair_chains_iptm": {
        "0": {
            "0": 0.39826175570487976
        }
    }
}