{
    "confidence_score": 0.664605975151062,
    "ptm": 0.8373809456825256,
    "iptm": 0.0,
    "ligand_iptm": 0.0,
    "protein_iptm": 0.0,
    "complex_plddt": 0.8307574391365051,
    "complex_iplddt": 0.0,
    "complex_pde": 0.73017418384552,
    "complex_ipde": 0.0,
    "chains_ptm": {
        "0": 0.8373809456825256
    },
    "pair_chains_iptm": {
        "0": {
            "0": 0.8373809456825256
        }
    }
}