{
    "confidence_score": 0.7623453140258789,
    "ptm": 0.7991440892219543,
    "iptm": 0.0,
    "ligand_iptm": 0.0,
    "protein_iptm": 0.0,
    "complex_plddt": 0.9529316425323486,
    "complex_iplddt": 0.0,
    "complex_pde": 0.3012140393257141,
    "complex_ipde": 0.0,
    "chains_ptm": {
        "0": 0.7991440892219543
    },
    "pair_chains_iptm": {
        "0": {
            "0": 0.7991440892219543
        }
    }
}