{
    "confidence_score": 0.6612340807914734,
    "ptm": 0.8150653839111328,
    "iptm": 0.0,
    "ligand_iptm": 0.0,
    "protein_iptm": 0.0,
    "complex_plddt": 0.8265425562858582,
    "complex_iplddt": 0.0,
    "complex_pde": 0.588374137878418,
    "complex_ipde": 0.0,
    "chains_ptm": {
        "0": 0.8150653839111328
    },
    "pair_chains_iptm": {
        "0": {
            "0": 0.8150653839111328
        }
    }
}