{
    "confidence_score": 0.7321654558181763,
    "ptm": 0.9324877858161926,
    "iptm": 0.0,
    "ligand_iptm": 0.0,
    "protein_iptm": 0.0,
    "complex_plddt": 0.915206789970398,
    "complex_iplddt": 0.0,
    "complex_pde": 0.3965359926223755,
    "complex_ipde": 0.0,
    "chains_ptm": {
        "0": 0.9324877858161926
    },
    "pair_chains_iptm": {
        "0": {
            "0": 0.9324877858161926
        }
    }
}