{
    "confidence_score": 0.7654209136962891,
    "ptm": 0.9071621894836426,
    "iptm": 0.0,
    "ligand_iptm": 0.0,
    "protein_iptm": 0.0,
    "complex_plddt": 0.9567761421203613,
    "complex_iplddt": 0.0,
    "complex_pde": 0.3218660354614258,
    "complex_ipde": 0.0,
    "chains_ptm": {
        "0": 0.9071621894836426
    },
    "pair_chains_iptm": {
        "0": {
            "0": 0.9071621894836426
        }
    }
}