{
    "confidence_score": 0.619802713394165,
    "ptm": 0.6464064121246338,
    "iptm": 0.0,
    "ligand_iptm": 0.0,
    "protein_iptm": 0.0,
    "complex_plddt": 0.7747533917427063,
    "complex_iplddt": 0.0,
    "complex_pde": 1.3080216646194458,
    "complex_ipde": 0.0,
    "chains_ptm": {
        "0": 0.6464064121246338
    },
    "pair_chains_iptm": {
        "0": {
            "0": 0.6464064121246338
        }
    }
}