{
    "confidence_score": 0.707936704158783,
    "ptm": 0.9386955499649048,
    "iptm": 0.0,
    "ligand_iptm": 0.0,
    "protein_iptm": 0.0,
    "complex_plddt": 0.8849208354949951,
    "complex_iplddt": 0.0,
    "complex_pde": 0.37017834186553955,
    "complex_ipde": 0.0,
    "chains_ptm": {
        "0": 0.9386955499649048
    },
    "pair_chains_iptm": {
        "0": {
            "0": 0.9386955499649048
        }
    }
}