{
    "confidence_score": 0.33816462755203247,
    "ptm": 0.25919005274772644,
    "iptm": 0.0,
    "ligand_iptm": 0.0,
    "protein_iptm": 0.0,
    "complex_plddt": 0.4227057695388794,
    "complex_iplddt": 0.0,
    "complex_pde": 5.860888957977295,
    "complex_ipde": 0.0,
    "chains_ptm": {
        "0": 0.25919005274772644
    },
    "pair_chains_iptm": {
        "0": {
            "0": 0.25919005274772644
        }
    }
}