{
    "confidence_score": 0.5490153431892395,
    "ptm": 0.34980419278144836,
    "iptm": 0.0,
    "ligand_iptm": 0.0,
    "protein_iptm": 0.0,
    "complex_plddt": 0.6862691640853882,
    "complex_iplddt": 0.0,
    "complex_pde": 2.9116907119750977,
    "complex_ipde": 0.0,
    "chains_ptm": {
        "0": 0.34980419278144836
    },
    "pair_chains_iptm": {
        "0": {
            "0": 0.34980419278144836
        }
    }
}