{
    "confidence_score": 0.4376318156719208,
    "ptm": 0.5804451107978821,
    "iptm": 0.0,
    "ligand_iptm": 0.0,
    "protein_iptm": 0.0,
    "complex_plddt": 0.5470397472381592,
    "complex_iplddt": 0.0,
    "complex_pde": 2.718055009841919,
    "complex_ipde": 0.0,
    "chains_ptm": {
        "0": 0.5804451107978821
    },
    "pair_chains_iptm": {
        "0": {
            "0": 0.5804451107978821
        }
    }
}