{
    "confidence_score": 0.7400309443473816,
    "ptm": 0.9217128157615662,
    "iptm": 0.0,
    "ligand_iptm": 0.0,
    "protein_iptm": 0.0,
    "complex_plddt": 0.9250386953353882,
    "complex_iplddt": 0.0,
    "complex_pde": 0.44356054067611694,
    "complex_ipde": 0.0,
    "chains_ptm": {
        "0": 0.9217128157615662
    },
    "pair_chains_iptm": {
        "0": {
            "0": 0.9217128157615662
        }
    }
}