{
    "confidence_score": 0.5885053277015686,
    "ptm": 0.7646057605743408,
    "iptm": 0.0,
    "ligand_iptm": 0.0,
    "protein_iptm": 0.0,
    "complex_plddt": 0.7356316447257996,
    "complex_iplddt": 0.0,
    "complex_pde": 0.9248409271240234,
    "complex_ipde": 0.0,
    "chains_ptm": {
        "0": 0.7646057605743408
    },
    "pair_chains_iptm": {
        "0": {
            "0": 0.7646057605743408
        }
    }
}