{
    "confidence_score": 0.6491620540618896,
    "ptm": 0.9245877861976624,
    "iptm": 0.0,
    "ligand_iptm": 0.0,
    "protein_iptm": 0.0,
    "complex_plddt": 0.8114525675773621,
    "complex_iplddt": 0.0,
    "complex_pde": 0.4316633939743042,
    "complex_ipde": 0.0,
    "chains_ptm": {
        "0": 0.9245877861976624
    },
    "pair_chains_iptm": {
        "0": {
            "0": 0.9245877861976624
        }
    }
}