{
    "confidence_score": 0.5353752970695496,
    "ptm": 0.4337121844291687,
    "iptm": 0.0,
    "ligand_iptm": 0.0,
    "protein_iptm": 0.0,
    "complex_plddt": 0.6692191362380981,
    "complex_iplddt": 0.0,
    "complex_pde": 1.3832443952560425,
    "complex_ipde": 0.0,
    "chains_ptm": {
        "0": 0.4337121844291687
    },
    "pair_chains_iptm": {
        "0": {
            "0": 0.4337121844291687
        }
    }
}