{
    "confidence_score": 0.7087824940681458,
    "ptm": 0.8563084602355957,
    "iptm": 0.0,
    "ligand_iptm": 0.0,
    "protein_iptm": 0.0,
    "complex_plddt": 0.885978102684021,
    "complex_iplddt": 0.0,
    "complex_pde": 0.4519833028316498,
    "complex_ipde": 0.0,
    "chains_ptm": {
        "0": 0.8563084602355957
    },
    "pair_chains_iptm": {
        "0": {
            "0": 0.8563084602355957
        }
    }
}