{
    "confidence_score": 0.6034812331199646,
    "ptm": 0.8501079082489014,
    "iptm": 0.0,
    "ligand_iptm": 0.0,
    "protein_iptm": 0.0,
    "complex_plddt": 0.7543514966964722,
    "complex_iplddt": 0.0,
    "complex_pde": 0.9015776515007019,
    "complex_ipde": 0.0,
    "chains_ptm": {
        "0": 0.8501079082489014
    },
    "pair_chains_iptm": {
        "0": {
            "0": 0.8501079082489014
        }
    }
}