{
    "confidence_score": 0.6114344596862793,
    "ptm": 0.7543460726737976,
    "iptm": 0.0,
    "ligand_iptm": 0.0,
    "protein_iptm": 0.0,
    "complex_plddt": 0.7642930746078491,
    "complex_iplddt": 0.0,
    "complex_pde": 0.5251861810684204,
    "complex_ipde": 0.0,
    "chains_ptm": {
        "0": 0.7543460726737976
    },
    "pair_chains_iptm": {
        "0": {
            "0": 0.7543460726737976
        }
    }
}