{
    "confidence_score": 0.6537467837333679,
    "ptm": 0.6869651079177856,
    "iptm": 0.0,
    "ligand_iptm": 0.0,
    "protein_iptm": 0.0,
    "complex_plddt": 0.8171834349632263,
    "complex_iplddt": 0.0,
    "complex_pde": 1.3534313440322876,
    "complex_ipde": 0.0,
    "chains_ptm": {
        "0": 0.6869651079177856
    },
    "pair_chains_iptm": {
        "0": {
            "0": 0.6869651079177856
        }
    }
}