{
    "confidence_score": 0.646809995174408,
    "ptm": 0.7867998480796814,
    "iptm": 0.0,
    "ligand_iptm": 0.0,
    "protein_iptm": 0.0,
    "complex_plddt": 0.8085125088691711,
    "complex_iplddt": 0.0,
    "complex_pde": 0.7719882726669312,
    "complex_ipde": 0.0,
    "chains_ptm": {
        "0": 0.7867998480796814
    },
    "pair_chains_iptm": {
        "0": {
            "0": 0.7867998480796814
        }
    }
}