{
    "confidence_score": 0.546003520488739,
    "ptm": 0.4653240144252777,
    "iptm": 0.0,
    "ligand_iptm": 0.0,
    "protein_iptm": 0.0,
    "complex_plddt": 0.6825043559074402,
    "complex_iplddt": 0.0,
    "complex_pde": 0.7465613484382629,
    "complex_ipde": 0.0,
    "chains_ptm": {
        "0": 0.4653240144252777
    },
    "pair_chains_iptm": {
        "0": {
            "0": 0.4653240144252777
        }
    }
}