{
    "confidence_score": 0.7661501169204712,
    "ptm": 0.9695882201194763,
    "iptm": 0.0,
    "ligand_iptm": 0.0,
    "protein_iptm": 0.0,
    "complex_plddt": 0.9576876163482666,
    "complex_iplddt": 0.0,
    "complex_pde": 0.30354657769203186,
    "complex_ipde": 0.0,
    "chains_ptm": {
        "0": 0.9695882201194763
    },
    "pair_chains_iptm": {
        "0": {
            "0": 0.9695882201194763
        }
    }
}