{
    "confidence_score": 0.7379493117332458,
    "ptm": 0.8954964280128479,
    "iptm": 0.0,
    "ligand_iptm": 0.0,
    "protein_iptm": 0.0,
    "complex_plddt": 0.9224366545677185,
    "complex_iplddt": 0.0,
    "complex_pde": 0.3571062386035919,
    "complex_ipde": 0.0,
    "chains_ptm": {
        "0": 0.8954964280128479
    },
    "pair_chains_iptm": {
        "0": {
            "0": 0.8954964280128479
        }
    }
}