{
    "confidence_score": 0.5939919352531433,
    "ptm": 0.6877772808074951,
    "iptm": 0.0,
    "ligand_iptm": 0.0,
    "protein_iptm": 0.0,
    "complex_plddt": 0.7424899339675903,
    "complex_iplddt": 0.0,
    "complex_pde": 1.115807056427002,
    "complex_ipde": 0.0,
    "chains_ptm": {
        "0": 0.6877772808074951
    },
    "pair_chains_iptm": {
        "0": {
            "0": 0.6877772808074951
        }
    }
}