{
    "confidence_score": 0.4800436198711395,
    "ptm": 0.3885290324687958,
    "iptm": 0.0,
    "ligand_iptm": 0.0,
    "protein_iptm": 0.0,
    "complex_plddt": 0.6000545024871826,
    "complex_iplddt": 0.0,
    "complex_pde": 1.7065622806549072,
    "complex_ipde": 0.0,
    "chains_ptm": {
        "0": 0.3885290324687958
    },
    "pair_chains_iptm": {
        "0": {
            "0": 0.3885290324687958
        }
    }
}