{
    "confidence_score": 0.7510438561439514,
    "ptm": 0.9044428467750549,
    "iptm": 0.0,
    "ligand_iptm": 0.0,
    "protein_iptm": 0.0,
    "complex_plddt": 0.9388048052787781,
    "complex_iplddt": 0.0,
    "complex_pde": 0.33847159147262573,
    "complex_ipde": 0.0,
    "chains_ptm": {
        "0": 0.9044428467750549
    },
    "pair_chains_iptm": {
        "0": {
            "0": 0.9044428467750549
        }
    }
}