{
    "confidence_score": 0.650716245174408,
    "ptm": 0.6524283289909363,
    "iptm": 0.0,
    "ligand_iptm": 0.0,
    "protein_iptm": 0.0,
    "complex_plddt": 0.8133952617645264,
    "complex_iplddt": 0.0,
    "complex_pde": 1.3554630279541016,
    "complex_ipde": 0.0,
    "chains_ptm": {
        "0": 0.6524283289909363
    },
    "pair_chains_iptm": {
        "0": {
            "0": 0.6524283289909363
        }
    }
}