{
    "plddts": {
        "model_1_pred_0": 75.24253825768676,
        "model_2_pred_0": 71.23646235782617,
        "model_3_pred_0": 73.52287553019586,
        "model_4_pred_0": 76.61069719805278,
        "model_5_pred_0": 68.49856118844338
    },
    "order": [
        "model_4_pred_0",
        "model_1_pred_0",
        "model_3_pred_0",
        "model_2_pred_0",
        "model_5_pred_0"
    ]
}