{
    "features": 11500.44897031784,
    "process_features_model_1_pred_0": 14.476904153823853,
    "predict_and_compile_model_1_pred_0": 297.5769250392914,
    "process_features_model_2_pred_0": 11.347635507583618,
    "predict_and_compile_model_2_pred_0": 273.36606073379517,
    "process_features_model_3_pred_0": 10.961541175842285,
    "predict_and_compile_model_3_pred_0": 255.84862446784973,
    "process_features_model_4_pred_0": 10.745827436447144,
    "predict_and_compile_model_4_pred_0": 254.12505626678467,
    "process_features_model_5_pred_0": 10.620579242706299,
    "predict_and_compile_model_5_pred_0": 234.9765453338623,
    "relax_model_4_pred_0": 49.40751624107361
}