{
    "confidence_score": 0.6781064867973328,
    "ptm": 0.8069093823432922,
    "iptm": 0.0,
    "ligand_iptm": 0.0,
    "protein_iptm": 0.0,
    "complex_plddt": 0.8476331233978271,
    "complex_iplddt": 0.0,
    "complex_pde": 0.4857688546180725,
    "complex_ipde": 0.0,
    "chains_ptm": {
        "0": 0.8069093823432922
    },
    "pair_chains_iptm": {
        "0": {
            "0": 0.8069093823432922
        }
    }
}