{
    "confidence_score": 0.7483543157577515,
    "ptm": 0.9628409147262573,
    "iptm": 0.0,
    "ligand_iptm": 0.0,
    "protein_iptm": 0.0,
    "complex_plddt": 0.9354428648948669,
    "complex_iplddt": 0.0,
    "complex_pde": 0.3343818783760071,
    "complex_ipde": 0.0,
    "chains_ptm": {
        "0": 0.9628409147262573
    },
    "pair_chains_iptm": {
        "0": {
            "0": 0.9628409147262573
        }
    }
}