{
    "confidence_score": 0.6505406498908997,
    "ptm": 0.8604248762130737,
    "iptm": 0.0,
    "ligand_iptm": 0.0,
    "protein_iptm": 0.0,
    "complex_plddt": 0.8131757974624634,
    "complex_iplddt": 0.0,
    "complex_pde": 0.8549700975418091,
    "complex_ipde": 0.0,
    "chains_ptm": {
        "0": 0.8604248762130737
    },
    "pair_chains_iptm": {
        "0": {
            "0": 0.8604248762130737
        }
    }
}