{
    "confidence_score": 0.7156376242637634,
    "ptm": 0.7151270508766174,
    "iptm": 0.0,
    "ligand_iptm": 0.0,
    "protein_iptm": 0.0,
    "complex_plddt": 0.8945469856262207,
    "complex_iplddt": 0.0,
    "complex_pde": 1.2006162405014038,
    "complex_ipde": 0.0,
    "chains_ptm": {
        "0": 0.7151270508766174
    },
    "pair_chains_iptm": {
        "0": {
            "0": 0.7151270508766174
        }
    }
}