{
    "confidence_score": 0.7356420755386353,
    "ptm": 0.9273130297660828,
    "iptm": 0.0,
    "ligand_iptm": 0.0,
    "protein_iptm": 0.0,
    "complex_plddt": 0.9195525646209717,
    "complex_iplddt": 0.0,
    "complex_pde": 0.3734298050403595,
    "complex_ipde": 0.0,
    "chains_ptm": {
        "0": 0.9273130297660828
    },
    "pair_chains_iptm": {
        "0": {
            "0": 0.9273130297660828
        }
    }
}