{
    "confidence_score": 0.5838273763656616,
    "ptm": 0.6101465821266174,
    "iptm": 0.0,
    "ligand_iptm": 0.0,
    "protein_iptm": 0.0,
    "complex_plddt": 0.7297841906547546,
    "complex_iplddt": 0.0,
    "complex_pde": 1.1855887174606323,
    "complex_ipde": 0.0,
    "chains_ptm": {
        "0": 0.6101465821266174
    },
    "pair_chains_iptm": {
        "0": {
            "0": 0.6101465821266174
        }
    }
}