{
    "plddts": {
        "model_1_pred_0": 81.02304303988097,
        "model_2_pred_0": 80.83938723181754,
        "model_3_pred_0": 85.06042362620997,
        "model_4_pred_0": 83.62949296771474,
        "model_5_pred_0": 80.15007344605381
    },
    "order": [
        "model_3_pred_0",
        "model_4_pred_0",
        "model_1_pred_0",
        "model_2_pred_0",
        "model_5_pred_0"
    ]
}