{
    "confidence_score": 0.7186725735664368,
    "ptm": 0.8940457105636597,
    "iptm": 0.0,
    "ligand_iptm": 0.0,
    "protein_iptm": 0.0,
    "complex_plddt": 0.8983407020568848,
    "complex_iplddt": 0.0,
    "complex_pde": 0.3668193519115448,
    "complex_ipde": 0.0,
    "chains_ptm": {
        "0": 0.8940457105636597
    },
    "pair_chains_iptm": {
        "0": {
            "0": 0.8940457105636597
        }
    }
}