{
    "confidence_score": 0.6201454997062683,
    "ptm": 0.5361676216125488,
    "iptm": 0.0,
    "ligand_iptm": 0.0,
    "protein_iptm": 0.0,
    "complex_plddt": 0.7751818895339966,
    "complex_iplddt": 0.0,
    "complex_pde": 1.332673192024231,
    "complex_ipde": 0.0,
    "chains_ptm": {
        "0": 0.5361676216125488
    },
    "pair_chains_iptm": {
        "0": {
            "0": 0.5361676216125488
        }
    }
}