{
    "confidence_score": 0.6305164098739624,
    "ptm": 0.5900321006774902,
    "iptm": 0.0,
    "ligand_iptm": 0.0,
    "protein_iptm": 0.0,
    "complex_plddt": 0.7881454825401306,
    "complex_iplddt": 0.0,
    "complex_pde": 1.0463835000991821,
    "complex_ipde": 0.0,
    "chains_ptm": {
        "0": 0.5900321006774902
    },
    "pair_chains_iptm": {
        "0": {
            "0": 0.5900321006774902
        }
    }
}