{
    "confidence_score": 0.7323830723762512,
    "ptm": 0.9436936378479004,
    "iptm": 0.0,
    "ligand_iptm": 0.0,
    "protein_iptm": 0.0,
    "complex_plddt": 0.9154788255691528,
    "complex_iplddt": 0.0,
    "complex_pde": 0.4014642536640167,
    "complex_ipde": 0.0,
    "chains_ptm": {
        "0": 0.9436936378479004
    },
    "pair_chains_iptm": {
        "0": {
            "0": 0.9436936378479004
        }
    }
}