{
    "confidence_score": 0.6555904746055603,
    "ptm": 0.7974402904510498,
    "iptm": 0.0,
    "ligand_iptm": 0.0,
    "protein_iptm": 0.0,
    "complex_plddt": 0.8194880485534668,
    "complex_iplddt": 0.0,
    "complex_pde": 0.5473363995552063,
    "complex_ipde": 0.0,
    "chains_ptm": {
        "0": 0.7974402904510498
    },
    "pair_chains_iptm": {
        "0": {
            "0": 0.7974402904510498
        }
    }
}