{
    "confidence_score": 0.5153666734695435,
    "ptm": 0.4811039865016937,
    "iptm": 0.0,
    "ligand_iptm": 0.0,
    "protein_iptm": 0.0,
    "complex_plddt": 0.6442083120346069,
    "complex_iplddt": 0.0,
    "complex_pde": 1.820422649383545,
    "complex_ipde": 0.0,
    "chains_ptm": {
        "0": 0.4811039865016937
    },
    "pair_chains_iptm": {
        "0": {
            "0": 0.4811039865016937
        }
    }
}