{
    "confidence_score": 0.5483261346817017,
    "ptm": 0.6420521140098572,
    "iptm": 0.0,
    "ligand_iptm": 0.0,
    "protein_iptm": 0.0,
    "complex_plddt": 0.6854076385498047,
    "complex_iplddt": 0.0,
    "complex_pde": 1.0463086366653442,
    "complex_ipde": 0.0,
    "chains_ptm": {
        "0": 0.6420521140098572
    },
    "pair_chains_iptm": {
        "0": {
            "0": 0.6420521140098572
        }
    }
}