{
    "confidence_score": 0.689827561378479,
    "ptm": 0.8727505803108215,
    "iptm": 0.0,
    "ligand_iptm": 0.0,
    "protein_iptm": 0.0,
    "complex_plddt": 0.8622844219207764,
    "complex_iplddt": 0.0,
    "complex_pde": 0.5997951626777649,
    "complex_ipde": 0.0,
    "chains_ptm": {
        "0": 0.8727505803108215
    },
    "pair_chains_iptm": {
        "0": {
            "0": 0.8727505803108215
        }
    }
}