{
    "confidence_score": 0.7231590151786804,
    "ptm": 0.9295039772987366,
    "iptm": 0.0,
    "ligand_iptm": 0.0,
    "protein_iptm": 0.0,
    "complex_plddt": 0.9039487838745117,
    "complex_iplddt": 0.0,
    "complex_pde": 0.3810786306858063,
    "complex_ipde": 0.0,
    "chains_ptm": {
        "0": 0.9295039772987366
    },
    "pair_chains_iptm": {
        "0": {
            "0": 0.9295039772987366
        }
    }
}