{
    "confidence_score": 0.6919624209403992,
    "ptm": 0.8457753658294678,
    "iptm": 0.0,
    "ligand_iptm": 0.0,
    "protein_iptm": 0.0,
    "complex_plddt": 0.8649530410766602,
    "complex_iplddt": 0.0,
    "complex_pde": 0.5689074397087097,
    "complex_ipde": 0.0,
    "chains_ptm": {
        "0": 0.8457753658294678
    },
    "pair_chains_iptm": {
        "0": {
            "0": 0.8457753658294678
        }
    }
}