{
    "confidence_score": 0.7096907496452332,
    "ptm": 0.8774273991584778,
    "iptm": 0.0,
    "ligand_iptm": 0.0,
    "protein_iptm": 0.0,
    "complex_plddt": 0.8871133923530579,
    "complex_iplddt": 0.0,
    "complex_pde": 0.4563690721988678,
    "complex_ipde": 0.0,
    "chains_ptm": {
        "0": 0.8774273991584778
    },
    "pair_chains_iptm": {
        "0": {
            "0": 0.8774273991584778
        }
    }
}