{
    "features": 5494.086249113083,
    "process_features_model_1_pred_0": 9.11724591255188,
    "predict_and_compile_model_1_pred_0": 289.7959327697754,
    "process_features_model_2_pred_0": 8.93691635131836,
    "predict_and_compile_model_2_pred_0": 266.6669294834137,
    "process_features_model_3_pred_0": 8.571882724761963,
    "predict_and_compile_model_3_pred_0": 241.11693167686462,
    "process_features_model_4_pred_0": 8.665502548217773,
    "predict_and_compile_model_4_pred_0": 241.5017910003662,
    "process_features_model_5_pred_0": 8.550061225891113,
    "predict_and_compile_model_5_pred_0": 221.58500051498413,
    "relax_model_3_pred_0": 45.43187618255615
}