{
    "confidence_score": 0.5809745192527771,
    "ptm": 0.7578787803649902,
    "iptm": 0.0,
    "ligand_iptm": 0.0,
    "protein_iptm": 0.0,
    "complex_plddt": 0.7262181043624878,
    "complex_iplddt": 0.0,
    "complex_pde": 0.7742719650268555,
    "complex_ipde": 0.0,
    "chains_ptm": {
        "0": 0.7578787803649902
    },
    "pair_chains_iptm": {
        "0": {
            "0": 0.7578787803649902
        }
    }
}