{
    "confidence_score": 0.49106407165527344,
    "ptm": 0.4039807915687561,
    "iptm": 0.0,
    "ligand_iptm": 0.0,
    "protein_iptm": 0.0,
    "complex_plddt": 0.6138300895690918,
    "complex_iplddt": 0.0,
    "complex_pde": 2.1270554065704346,
    "complex_ipde": 0.0,
    "chains_ptm": {
        "0": 0.4039807915687561
    },
    "pair_chains_iptm": {
        "0": {
            "0": 0.4039807915687561
        }
    }
}