{
    "confidence_score": 0.7043671011924744,
    "ptm": 0.59278804063797,
    "iptm": 0.0,
    "ligand_iptm": 0.0,
    "protein_iptm": 0.0,
    "complex_plddt": 0.8804588317871094,
    "complex_iplddt": 0.0,
    "complex_pde": 0.7661454677581787,
    "complex_ipde": 0.0,
    "chains_ptm": {
        "0": 0.59278804063797
    },
    "pair_chains_iptm": {
        "0": {
            "0": 0.59278804063797
        }
    }
}