{
    "confidence_score": 0.7170801162719727,
    "ptm": 0.8868950605392456,
    "iptm": 0.0,
    "ligand_iptm": 0.0,
    "protein_iptm": 0.0,
    "complex_plddt": 0.8963501453399658,
    "complex_iplddt": 0.0,
    "complex_pde": 0.6680349111557007,
    "complex_ipde": 0.0,
    "chains_ptm": {
        "0": 0.8868950605392456
    },
    "pair_chains_iptm": {
        "0": {
            "0": 0.8868950605392456
        }
    }
}