{
    "confidence_score": 0.6907926797866821,
    "ptm": 0.8940683007240295,
    "iptm": 0.0,
    "ligand_iptm": 0.0,
    "protein_iptm": 0.0,
    "complex_plddt": 0.8634908199310303,
    "complex_iplddt": 0.0,
    "complex_pde": 0.7248361110687256,
    "complex_ipde": 0.0,
    "chains_ptm": {
        "0": 0.8940683007240295
    },
    "pair_chains_iptm": {
        "0": {
            "0": 0.8940683007240295
        }
    }
}