{
    "confidence_score": 0.5630878806114197,
    "ptm": 0.47768476605415344,
    "iptm": 0.0,
    "ligand_iptm": 0.0,
    "protein_iptm": 0.0,
    "complex_plddt": 0.703859806060791,
    "complex_iplddt": 0.0,
    "complex_pde": 1.3968180418014526,
    "complex_ipde": 0.0,
    "chains_ptm": {
        "0": 0.47768476605415344
    },
    "pair_chains_iptm": {
        "0": {
            "0": 0.47768476605415344
        }
    }
}