{
    "confidence_score": 0.6855026483535767,
    "ptm": 0.8662180304527283,
    "iptm": 0.0,
    "ligand_iptm": 0.0,
    "protein_iptm": 0.0,
    "complex_plddt": 0.8568782806396484,
    "complex_iplddt": 0.0,
    "complex_pde": 0.522406280040741,
    "complex_ipde": 0.0,
    "chains_ptm": {
        "0": 0.8662180304527283
    },
    "pair_chains_iptm": {
        "0": {
            "0": 0.8662180304527283
        }
    }
}