{
    "confidence_score": 0.6911134123802185,
    "ptm": 0.6117672324180603,
    "iptm": 0.0,
    "ligand_iptm": 0.0,
    "protein_iptm": 0.0,
    "complex_plddt": 0.8638917207717896,
    "complex_iplddt": 0.0,
    "complex_pde": 0.648868203163147,
    "complex_ipde": 0.0,
    "chains_ptm": {
        "0": 0.6117672324180603
    },
    "pair_chains_iptm": {
        "0": {
            "0": 0.6117672324180603
        }
    }
}