{
    "confidence_score": 0.7060388326644897,
    "ptm": 0.8204646110534668,
    "iptm": 0.0,
    "ligand_iptm": 0.0,
    "protein_iptm": 0.0,
    "complex_plddt": 0.8825485110282898,
    "complex_iplddt": 0.0,
    "complex_pde": 0.5218637585639954,
    "complex_ipde": 0.0,
    "chains_ptm": {
        "0": 0.8204646110534668
    },
    "pair_chains_iptm": {
        "0": {
            "0": 0.8204646110534668
        }
    }
}