{
    "confidence_score": 0.7617901563644409,
    "ptm": 0.9329472780227661,
    "iptm": 0.0,
    "ligand_iptm": 0.0,
    "protein_iptm": 0.0,
    "complex_plddt": 0.9522376656532288,
    "complex_iplddt": 0.0,
    "complex_pde": 0.3137858510017395,
    "complex_ipde": 0.0,
    "chains_ptm": {
        "0": 0.9329472780227661
    },
    "pair_chains_iptm": {
        "0": {
            "0": 0.9329472780227661
        }
    }
}