{
    "confidence_score": 0.4096127450466156,
    "ptm": 0.3452814817428589,
    "iptm": 0.0,
    "ligand_iptm": 0.0,
    "protein_iptm": 0.0,
    "complex_plddt": 0.5120159387588501,
    "complex_iplddt": 0.0,
    "complex_pde": 2.698007583618164,
    "complex_ipde": 0.0,
    "chains_ptm": {
        "0": 0.3452814817428589
    },
    "pair_chains_iptm": {
        "0": {
            "0": 0.3452814817428589
        }
    }
}