{
    "confidence_score": 0.6541185975074768,
    "ptm": 0.7113230228424072,
    "iptm": 0.0,
    "ligand_iptm": 0.0,
    "protein_iptm": 0.0,
    "complex_plddt": 0.8176482319831848,
    "complex_iplddt": 0.0,
    "complex_pde": 0.6112993359565735,
    "complex_ipde": 0.0,
    "chains_ptm": {
        "0": 0.7113230228424072
    },
    "pair_chains_iptm": {
        "0": {
            "0": 0.7113230228424072
        }
    }
}