{
    "confidence_score": 0.5987440943717957,
    "ptm": 0.7016093730926514,
    "iptm": 0.0,
    "ligand_iptm": 0.0,
    "protein_iptm": 0.0,
    "complex_plddt": 0.7484301328659058,
    "complex_iplddt": 0.0,
    "complex_pde": 1.0000808238983154,
    "complex_ipde": 0.0,
    "chains_ptm": {
        "0": 0.7016093730926514
    },
    "pair_chains_iptm": {
        "0": {
            "0": 0.7016093730926514
        }
    }
}