{
    "confidence_score": 0.6954295039176941,
    "ptm": 0.8785633444786072,
    "iptm": 0.0,
    "ligand_iptm": 0.0,
    "protein_iptm": 0.0,
    "complex_plddt": 0.869286835193634,
    "complex_iplddt": 0.0,
    "complex_pde": 0.7234183549880981,
    "complex_ipde": 0.0,
    "chains_ptm": {
        "0": 0.8785633444786072
    },
    "pair_chains_iptm": {
        "0": {
            "0": 0.8785633444786072
        }
    }
}