{
    "confidence_score": 0.5291734933853149,
    "ptm": 0.5318431258201599,
    "iptm": 0.0,
    "ligand_iptm": 0.0,
    "protein_iptm": 0.0,
    "complex_plddt": 0.6614668369293213,
    "complex_iplddt": 0.0,
    "complex_pde": 0.8035761713981628,
    "complex_ipde": 0.0,
    "chains_ptm": {
        "0": 0.5318431258201599
    },
    "pair_chains_iptm": {
        "0": {
            "0": 0.5318431258201599
        }
    }
}