{
    "confidence_score": 0.6693127751350403,
    "ptm": 0.7956555485725403,
    "iptm": 0.0,
    "ligand_iptm": 0.0,
    "protein_iptm": 0.0,
    "complex_plddt": 0.8366409540176392,
    "complex_iplddt": 0.0,
    "complex_pde": 0.5415610074996948,
    "complex_ipde": 0.0,
    "chains_ptm": {
        "0": 0.7956555485725403
    },
    "pair_chains_iptm": {
        "0": {
            "0": 0.7956555485725403
        }
    }
}