{
    "confidence_score": 0.6802674531936646,
    "ptm": 0.8661919236183167,
    "iptm": 0.0,
    "ligand_iptm": 0.0,
    "protein_iptm": 0.0,
    "complex_plddt": 0.8503342866897583,
    "complex_iplddt": 0.0,
    "complex_pde": 0.6468675136566162,
    "complex_ipde": 0.0,
    "chains_ptm": {
        "0": 0.8661919236183167
    },
    "pair_chains_iptm": {
        "0": {
            "0": 0.8661919236183167
        }
    }
}