{
    "confidence_score": 0.5402833819389343,
    "ptm": 0.2811230421066284,
    "iptm": 0.0,
    "ligand_iptm": 0.0,
    "protein_iptm": 0.0,
    "complex_plddt": 0.6753542423248291,
    "complex_iplddt": 0.0,
    "complex_pde": 1.0931452512741089,
    "complex_ipde": 0.0,
    "chains_ptm": {
        "0": 0.2811230421066284
    },
    "pair_chains_iptm": {
        "0": {
            "0": 0.2811230421066284
        }
    }
}