{
    "confidence_score": 0.6801698207855225,
    "ptm": 0.627173900604248,
    "iptm": 0.0,
    "ligand_iptm": 0.0,
    "protein_iptm": 0.0,
    "complex_plddt": 0.8502122759819031,
    "complex_iplddt": 0.0,
    "complex_pde": 0.5795968174934387,
    "complex_ipde": 0.0,
    "chains_ptm": {
        "0": 0.627173900604248
    },
    "pair_chains_iptm": {
        "0": {
            "0": 0.627173900604248
        }
    }
}