{
    "confidence_score": 0.6884170174598694,
    "ptm": 0.890586256980896,
    "iptm": 0.0,
    "ligand_iptm": 0.0,
    "protein_iptm": 0.0,
    "complex_plddt": 0.8605212569236755,
    "complex_iplddt": 0.0,
    "complex_pde": 0.9866948127746582,
    "complex_ipde": 0.0,
    "chains_ptm": {
        "0": 0.890586256980896
    },
    "pair_chains_iptm": {
        "0": {
            "0": 0.890586256980896
        }
    }
}