{
    "confidence_score": 0.7097680568695068,
    "ptm": 0.8595165014266968,
    "iptm": 0.0,
    "ligand_iptm": 0.0,
    "protein_iptm": 0.0,
    "complex_plddt": 0.8872100710868835,
    "complex_iplddt": 0.0,
    "complex_pde": 0.4124378263950348,
    "complex_ipde": 0.0,
    "chains_ptm": {
        "0": 0.8595165014266968
    },
    "pair_chains_iptm": {
        "0": {
            "0": 0.8595165014266968
        }
    }
}