{
    "confidence_score": 0.6237207651138306,
    "ptm": 0.5527738928794861,
    "iptm": 0.0,
    "ligand_iptm": 0.0,
    "protein_iptm": 0.0,
    "complex_plddt": 0.7796509265899658,
    "complex_iplddt": 0.0,
    "complex_pde": 1.6500881910324097,
    "complex_ipde": 0.0,
    "chains_ptm": {
        "0": 0.5527738928794861
    },
    "pair_chains_iptm": {
        "0": {
            "0": 0.5527738928794861
        }
    }
}