{
    "plddts": {
        "model_1_pred_0": 82.1549239071779,
        "model_2_pred_0": 78.13351469493486,
        "model_3_pred_0": 80.28362651877053,
        "model_4_pred_0": 82.67099339545173,
        "model_5_pred_0": 78.8096859882506
    },
    "order": [
        "model_4_pred_0",
        "model_1_pred_0",
        "model_3_pred_0",
        "model_5_pred_0",
        "model_2_pred_0"
    ]
}