{
    "confidence_score": 0.6301371455192566,
    "ptm": 0.7659450769424438,
    "iptm": 0.0,
    "ligand_iptm": 0.0,
    "protein_iptm": 0.0,
    "complex_plddt": 0.7876714468002319,
    "complex_iplddt": 0.0,
    "complex_pde": 0.917296826839447,
    "complex_ipde": 0.0,
    "chains_ptm": {
        "0": 0.7659450769424438
    },
    "pair_chains_iptm": {
        "0": {
            "0": 0.7659450769424438
        }
    }
}