{
    "confidence_score": 0.7187182307243347,
    "ptm": 0.8545947670936584,
    "iptm": 0.0,
    "ligand_iptm": 0.0,
    "protein_iptm": 0.0,
    "complex_plddt": 0.8983977437019348,
    "complex_iplddt": 0.0,
    "complex_pde": 0.5343703031539917,
    "complex_ipde": 0.0,
    "chains_ptm": {
        "0": 0.8545947670936584
    },
    "pair_chains_iptm": {
        "0": {
            "0": 0.8545947670936584
        }
    }
}