{
    "confidence_score": 0.490793377161026,
    "ptm": 0.39680513739585876,
    "iptm": 0.0,
    "ligand_iptm": 0.0,
    "protein_iptm": 0.0,
    "complex_plddt": 0.6134917140007019,
    "complex_iplddt": 0.0,
    "complex_pde": 1.9504812955856323,
    "complex_ipde": 0.0,
    "chains_ptm": {
        "0": 0.39680513739585876
    },
    "pair_chains_iptm": {
        "0": {
            "0": 0.39680513739585876
        }
    }
}