{
    "confidence_score": 0.6510217785835266,
    "ptm": 0.6659668684005737,
    "iptm": 0.0,
    "ligand_iptm": 0.0,
    "protein_iptm": 0.0,
    "complex_plddt": 0.8137772083282471,
    "complex_iplddt": 0.0,
    "complex_pde": 0.7076025605201721,
    "complex_ipde": 0.0,
    "chains_ptm": {
        "0": 0.6659668684005737
    },
    "pair_chains_iptm": {
        "0": {
            "0": 0.6659668684005737
        }
    }
}