{
    "confidence_score": 0.7533490657806396,
    "ptm": 0.9261153340339661,
    "iptm": 0.0,
    "ligand_iptm": 0.0,
    "protein_iptm": 0.0,
    "complex_plddt": 0.9416863322257996,
    "complex_iplddt": 0.0,
    "complex_pde": 0.35891008377075195,
    "complex_ipde": 0.0,
    "chains_ptm": {
        "0": 0.9261153340339661
    },
    "pair_chains_iptm": {
        "0": {
            "0": 0.9261153340339661
        }
    }
}