{
    "confidence_score": 0.683100700378418,
    "ptm": 0.8701828718185425,
    "iptm": 0.0,
    "ligand_iptm": 0.0,
    "protein_iptm": 0.0,
    "complex_plddt": 0.8538758754730225,
    "complex_iplddt": 0.0,
    "complex_pde": 0.6292198896408081,
    "complex_ipde": 0.0,
    "chains_ptm": {
        "0": 0.8701828718185425
    },
    "pair_chains_iptm": {
        "0": {
            "0": 0.8701828718185425
        }
    }
}