{
    "confidence_score": 0.7522583603858948,
    "ptm": 0.9512416124343872,
    "iptm": 0.0,
    "ligand_iptm": 0.0,
    "protein_iptm": 0.0,
    "complex_plddt": 0.9403229355812073,
    "complex_iplddt": 0.0,
    "complex_pde": 0.36501505970954895,
    "complex_ipde": 0.0,
    "chains_ptm": {
        "0": 0.9512416124343872
    },
    "pair_chains_iptm": {
        "0": {
            "0": 0.9512416124343872
        }
    }
}