{
    "confidence_score": 0.7295175194740295,
    "ptm": 0.9221470952033997,
    "iptm": 0.0,
    "ligand_iptm": 0.0,
    "protein_iptm": 0.0,
    "complex_plddt": 0.9118968844413757,
    "complex_iplddt": 0.0,
    "complex_pde": 0.5412805676460266,
    "complex_ipde": 0.0,
    "chains_ptm": {
        "0": 0.9221470952033997
    },
    "pair_chains_iptm": {
        "0": {
            "0": 0.9221470952033997
        }
    }
}