{
    "confidence_score": 0.503632664680481,
    "ptm": 0.5972903966903687,
    "iptm": 0.0,
    "ligand_iptm": 0.0,
    "protein_iptm": 0.0,
    "complex_plddt": 0.6295408010482788,
    "complex_iplddt": 0.0,
    "complex_pde": 2.0549001693725586,
    "complex_ipde": 0.0,
    "chains_ptm": {
        "0": 0.5972903966903687
    },
    "pair_chains_iptm": {
        "0": {
            "0": 0.5972903966903687
        }
    }
}