{
    "confidence_score": 0.5630558729171753,
    "ptm": 0.6455242037773132,
    "iptm": 0.0,
    "ligand_iptm": 0.0,
    "protein_iptm": 0.0,
    "complex_plddt": 0.7038198113441467,
    "complex_iplddt": 0.0,
    "complex_pde": 1.2976152896881104,
    "complex_ipde": 0.0,
    "chains_ptm": {
        "0": 0.6455242037773132
    },
    "pair_chains_iptm": {
        "0": {
            "0": 0.6455242037773132
        }
    }
}