{
    "confidence_score": 0.6248992681503296,
    "ptm": 0.5567992329597473,
    "iptm": 0.0,
    "ligand_iptm": 0.0,
    "protein_iptm": 0.0,
    "complex_plddt": 0.7811240553855896,
    "complex_iplddt": 0.0,
    "complex_pde": 1.090797781944275,
    "complex_ipde": 0.0,
    "chains_ptm": {
        "0": 0.5567992329597473
    },
    "pair_chains_iptm": {
        "0": {
            "0": 0.5567992329597473
        }
    }
}