{
    "confidence_score": 0.6169281601905823,
    "ptm": 0.8123810887336731,
    "iptm": 0.0,
    "ligand_iptm": 0.0,
    "protein_iptm": 0.0,
    "complex_plddt": 0.7711601853370667,
    "complex_iplddt": 0.0,
    "complex_pde": 0.5619524717330933,
    "complex_ipde": 0.0,
    "chains_ptm": {
        "0": 0.8123810887336731
    },
    "pair_chains_iptm": {
        "0": {
            "0": 0.8123810887336731
        }
    }
}