{
    "confidence_score": 0.6987220644950867,
    "ptm": 0.8373708128929138,
    "iptm": 0.0,
    "ligand_iptm": 0.0,
    "protein_iptm": 0.0,
    "complex_plddt": 0.8734025359153748,
    "complex_iplddt": 0.0,
    "complex_pde": 0.5355332493782043,
    "complex_ipde": 0.0,
    "chains_ptm": {
        "0": 0.8373708128929138
    },
    "pair_chains_iptm": {
        "0": {
            "0": 0.8373708128929138
        }
    }
}