{
    "confidence_score": 0.7273951768875122,
    "ptm": 0.9221525192260742,
    "iptm": 0.0,
    "ligand_iptm": 0.0,
    "protein_iptm": 0.0,
    "complex_plddt": 0.9092439413070679,
    "complex_iplddt": 0.0,
    "complex_pde": 0.5594937801361084,
    "complex_ipde": 0.0,
    "chains_ptm": {
        "0": 0.9221525192260742
    },
    "pair_chains_iptm": {
        "0": {
            "0": 0.9221525192260742
        }
    }
}