{
    "confidence_score": 0.5529493689537048,
    "ptm": 0.6494919061660767,
    "iptm": 0.0,
    "ligand_iptm": 0.0,
    "protein_iptm": 0.0,
    "complex_plddt": 0.6911867260932922,
    "complex_iplddt": 0.0,
    "complex_pde": 1.8951895236968994,
    "complex_ipde": 0.0,
    "chains_ptm": {
        "0": 0.6494919061660767
    },
    "pair_chains_iptm": {
        "0": {
            "0": 0.6494919061660767
        }
    }
}