{
    "confidence_score": 0.6752899885177612,
    "ptm": 0.6678290963172913,
    "iptm": 0.0,
    "ligand_iptm": 0.0,
    "protein_iptm": 0.0,
    "complex_plddt": 0.8441124558448792,
    "complex_iplddt": 0.0,
    "complex_pde": 0.5611181855201721,
    "complex_ipde": 0.0,
    "chains_ptm": {
        "0": 0.6678290963172913
    },
    "pair_chains_iptm": {
        "0": {
            "0": 0.6678290963172913
        }
    }
}