{
    "confidence_score": 0.56295245885849,
    "ptm": 0.6248965263366699,
    "iptm": 0.0,
    "ligand_iptm": 0.0,
    "protein_iptm": 0.0,
    "complex_plddt": 0.7036905884742737,
    "complex_iplddt": 0.0,
    "complex_pde": 1.8267858028411865,
    "complex_ipde": 0.0,
    "chains_ptm": {
        "0": 0.6248965263366699
    },
    "pair_chains_iptm": {
        "0": {
            "0": 0.6248965263366699
        }
    }
}