{
    "confidence_score": 0.49763718247413635,
    "ptm": 0.3310982882976532,
    "iptm": 0.0,
    "ligand_iptm": 0.0,
    "protein_iptm": 0.0,
    "complex_plddt": 0.6220464706420898,
    "complex_iplddt": 0.0,
    "complex_pde": 1.9992440938949585,
    "complex_ipde": 0.0,
    "chains_ptm": {
        "0": 0.3310982882976532
    },
    "pair_chains_iptm": {
        "0": {
            "0": 0.3310982882976532
        }
    }
}