{
    "confidence_score": 0.4224710464477539,
    "ptm": 0.4023019075393677,
    "iptm": 0.0,
    "ligand_iptm": 0.0,
    "protein_iptm": 0.0,
    "complex_plddt": 0.5280888080596924,
    "complex_iplddt": 0.0,
    "complex_pde": 2.7564961910247803,
    "complex_ipde": 0.0,
    "chains_ptm": {
        "0": 0.4023019075393677
    },
    "pair_chains_iptm": {
        "0": {
            "0": 0.4023019075393677
        }
    }
}