{
    "confidence_score": 0.7378626465797424,
    "ptm": 0.9281086921691895,
    "iptm": 0.0,
    "ligand_iptm": 0.0,
    "protein_iptm": 0.0,
    "complex_plddt": 0.9223282933235168,
    "complex_iplddt": 0.0,
    "complex_pde": 0.3285968005657196,
    "complex_ipde": 0.0,
    "chains_ptm": {
        "0": 0.9281086921691895
    },
    "pair_chains_iptm": {
        "0": {
            "0": 0.9281086921691895
        }
    }
}