{
    "confidence_score": 0.70110023021698,
    "ptm": 0.8724055886268616,
    "iptm": 0.0,
    "ligand_iptm": 0.0,
    "protein_iptm": 0.0,
    "complex_plddt": 0.8763752579689026,
    "complex_iplddt": 0.0,
    "complex_pde": 0.5829125046730042,
    "complex_ipde": 0.0,
    "chains_ptm": {
        "0": 0.8724055886268616
    },
    "pair_chains_iptm": {
        "0": {
            "0": 0.8724055886268616
        }
    }
}