{
    "confidence_score": 0.6192046403884888,
    "ptm": 0.8451608419418335,
    "iptm": 0.0,
    "ligand_iptm": 0.0,
    "protein_iptm": 0.0,
    "complex_plddt": 0.7740057706832886,
    "complex_iplddt": 0.0,
    "complex_pde": 0.6210324168205261,
    "complex_ipde": 0.0,
    "chains_ptm": {
        "0": 0.8451608419418335
    },
    "pair_chains_iptm": {
        "0": {
            "0": 0.8451608419418335
        }
    }
}