{
    "confidence_score": 0.6549200415611267,
    "ptm": 0.6539306640625,
    "iptm": 0.0,
    "ligand_iptm": 0.0,
    "protein_iptm": 0.0,
    "complex_plddt": 0.8186500072479248,
    "complex_iplddt": 0.0,
    "complex_pde": 0.7384766936302185,
    "complex_ipde": 0.0,
    "chains_ptm": {
        "0": 0.6539306640625
    },
    "pair_chains_iptm": {
        "0": {
            "0": 0.6539306640625
        }
    }
}