{
    "confidence_score": 0.5375193357467651,
    "ptm": 0.34372448921203613,
    "iptm": 0.0,
    "ligand_iptm": 0.0,
    "protein_iptm": 0.0,
    "complex_plddt": 0.671899139881134,
    "complex_iplddt": 0.0,
    "complex_pde": 2.286553382873535,
    "complex_ipde": 0.0,
    "chains_ptm": {
        "0": 0.34372448921203613
    },
    "pair_chains_iptm": {
        "0": {
            "0": 0.34372448921203613
        }
    }
}