{
    "confidence_score": 0.711005449295044,
    "ptm": 0.880793035030365,
    "iptm": 0.0,
    "ligand_iptm": 0.0,
    "protein_iptm": 0.0,
    "complex_plddt": 0.8887568116188049,
    "complex_iplddt": 0.0,
    "complex_pde": 0.5296607613563538,
    "complex_ipde": 0.0,
    "chains_ptm": {
        "0": 0.880793035030365
    },
    "pair_chains_iptm": {
        "0": {
            "0": 0.880793035030365
        }
    }
}