{
    "confidence_score": 0.3856356739997864,
    "ptm": 0.22408868372440338,
    "iptm": 0.0,
    "ligand_iptm": 0.0,
    "protein_iptm": 0.0,
    "complex_plddt": 0.4820445775985718,
    "complex_iplddt": 0.0,
    "complex_pde": 2.7809834480285645,
    "complex_ipde": 0.0,
    "chains_ptm": {
        "0": 0.22408868372440338
    },
    "pair_chains_iptm": {
        "0": {
            "0": 0.22408868372440338
        }
    }
}