{
    "confidence_score": 0.511787474155426,
    "ptm": 0.2715918719768524,
    "iptm": 0.0,
    "ligand_iptm": 0.0,
    "protein_iptm": 0.0,
    "complex_plddt": 0.6397343277931213,
    "complex_iplddt": 0.0,
    "complex_pde": 1.2210090160369873,
    "complex_ipde": 0.0,
    "chains_ptm": {
        "0": 0.2715918719768524
    },
    "pair_chains_iptm": {
        "0": {
            "0": 0.2715918719768524
        }
    }
}