{
    "confidence_score": 0.6059817671775818,
    "ptm": 0.6869524121284485,
    "iptm": 0.0,
    "ligand_iptm": 0.0,
    "protein_iptm": 0.0,
    "complex_plddt": 0.7574772238731384,
    "complex_iplddt": 0.0,
    "complex_pde": 1.38051438331604,
    "complex_ipde": 0.0,
    "chains_ptm": {
        "0": 0.6869524121284485
    },
    "pair_chains_iptm": {
        "0": {
            "0": 0.6869524121284485
        }
    }
}