{
    "confidence_score": 0.6101521849632263,
    "ptm": 0.7831111550331116,
    "iptm": 0.0,
    "ligand_iptm": 0.0,
    "protein_iptm": 0.0,
    "complex_plddt": 0.7626901865005493,
    "complex_iplddt": 0.0,
    "complex_pde": 1.155592441558838,
    "complex_ipde": 0.0,
    "chains_ptm": {
        "0": 0.7831111550331116
    },
    "pair_chains_iptm": {
        "0": {
            "0": 0.7831111550331116
        }
    }
}