{
    "confidence_score": 0.480727881193161,
    "ptm": 0.31817346811294556,
    "iptm": 0.0,
    "ligand_iptm": 0.0,
    "protein_iptm": 0.0,
    "complex_plddt": 0.6009098291397095,
    "complex_iplddt": 0.0,
    "complex_pde": 2.2318038940429688,
    "complex_ipde": 0.0,
    "chains_ptm": {
        "0": 0.31817346811294556
    },
    "pair_chains_iptm": {
        "0": {
            "0": 0.31817346811294556
        }
    }
}