{
    "confidence_score": 0.7091681361198425,
    "ptm": 0.87342768907547,
    "iptm": 0.0,
    "ligand_iptm": 0.0,
    "protein_iptm": 0.0,
    "complex_plddt": 0.8864601254463196,
    "complex_iplddt": 0.0,
    "complex_pde": 0.5012664794921875,
    "complex_ipde": 0.0,
    "chains_ptm": {
        "0": 0.87342768907547
    },
    "pair_chains_iptm": {
        "0": {
            "0": 0.87342768907547
        }
    }
}