{
    "confidence_score": 0.7484889030456543,
    "ptm": 0.9427830576896667,
    "iptm": 0.0,
    "ligand_iptm": 0.0,
    "protein_iptm": 0.0,
    "complex_plddt": 0.9356111288070679,
    "complex_iplddt": 0.0,
    "complex_pde": 0.34608933329582214,
    "complex_ipde": 0.0,
    "chains_ptm": {
        "0": 0.9427830576896667
    },
    "pair_chains_iptm": {
        "0": {
            "0": 0.9427830576896667
        }
    }
}