{
    "confidence_score": 0.61676025390625,
    "ptm": 0.6696565747261047,
    "iptm": 0.0,
    "ligand_iptm": 0.0,
    "protein_iptm": 0.0,
    "complex_plddt": 0.7709503173828125,
    "complex_iplddt": 0.0,
    "complex_pde": 1.2041127681732178,
    "complex_ipde": 0.0,
    "chains_ptm": {
        "0": 0.6696565747261047
    },
    "pair_chains_iptm": {
        "0": {
            "0": 0.6696565747261047
        }
    }
}