{
    "confidence_score": 0.5591437816619873,
    "ptm": 0.3472907543182373,
    "iptm": 0.0,
    "ligand_iptm": 0.0,
    "protein_iptm": 0.0,
    "complex_plddt": 0.6989297270774841,
    "complex_iplddt": 0.0,
    "complex_pde": 1.2762426137924194,
    "complex_ipde": 0.0,
    "chains_ptm": {
        "0": 0.3472907543182373
    },
    "pair_chains_iptm": {
        "0": {
            "0": 0.3472907543182373
        }
    }
}