{
    "confidence_score": 0.3530099391937256,
    "ptm": 0.20985661447048187,
    "iptm": 0.0,
    "ligand_iptm": 0.0,
    "protein_iptm": 0.0,
    "complex_plddt": 0.441262423992157,
    "complex_iplddt": 0.0,
    "complex_pde": 2.8666601181030273,
    "complex_ipde": 0.0,
    "chains_ptm": {
        "0": 0.20985661447048187
    },
    "pair_chains_iptm": {
        "0": {
            "0": 0.20985661447048187
        }
    }
}