{
    "confidence_score": 0.6257883906364441,
    "ptm": 0.3987431526184082,
    "iptm": 0.0,
    "ligand_iptm": 0.0,
    "protein_iptm": 0.0,
    "complex_plddt": 0.7822354435920715,
    "complex_iplddt": 0.0,
    "complex_pde": 1.6480023860931396,
    "complex_ipde": 0.0,
    "chains_ptm": {
        "0": 0.3987431526184082
    },
    "pair_chains_iptm": {
        "0": {
            "0": 0.3987431526184082
        }
    }
}