{
    "confidence_score": 0.6206591129302979,
    "ptm": 0.7794640064239502,
    "iptm": 0.0,
    "ligand_iptm": 0.0,
    "protein_iptm": 0.0,
    "complex_plddt": 0.7758238911628723,
    "complex_iplddt": 0.0,
    "complex_pde": 0.6907957792282104,
    "complex_ipde": 0.0,
    "chains_ptm": {
        "0": 0.7794640064239502
    },
    "pair_chains_iptm": {
        "0": {
            "0": 0.7794640064239502
        }
    }
}