{
    "confidence_score": 0.7249811887741089,
    "ptm": 0.9041389226913452,
    "iptm": 0.0,
    "ligand_iptm": 0.0,
    "protein_iptm": 0.0,
    "complex_plddt": 0.9062264561653137,
    "complex_iplddt": 0.0,
    "complex_pde": 0.5112023949623108,
    "complex_ipde": 0.0,
    "chains_ptm": {
        "0": 0.9041389226913452
    },
    "pair_chains_iptm": {
        "0": {
            "0": 0.9041389226913452
        }
    }
}