{
    "confidence_score": 0.5484165549278259,
    "ptm": 0.572927713394165,
    "iptm": 0.0,
    "ligand_iptm": 0.0,
    "protein_iptm": 0.0,
    "complex_plddt": 0.6855207085609436,
    "complex_iplddt": 0.0,
    "complex_pde": 1.098976731300354,
    "complex_ipde": 0.0,
    "chains_ptm": {
        "0": 0.572927713394165
    },
    "pair_chains_iptm": {
        "0": {
            "0": 0.572927713394165
        }
    }
}