{
    "confidence_score": 0.5184395909309387,
    "ptm": 0.603256344795227,
    "iptm": 0.0,
    "ligand_iptm": 0.0,
    "protein_iptm": 0.0,
    "complex_plddt": 0.6480494737625122,
    "complex_iplddt": 0.0,
    "complex_pde": 1.2036815881729126,
    "complex_ipde": 0.0,
    "chains_ptm": {
        "0": 0.603256344795227
    },
    "pair_chains_iptm": {
        "0": {
            "0": 0.603256344795227
        }
    }
}