{
    "confidence_score": 0.5855304002761841,
    "ptm": 0.610316812992096,
    "iptm": 0.0,
    "ligand_iptm": 0.0,
    "protein_iptm": 0.0,
    "complex_plddt": 0.7319129705429077,
    "complex_iplddt": 0.0,
    "complex_pde": 1.3645151853561401,
    "complex_ipde": 0.0,
    "chains_ptm": {
        "0": 0.610316812992096
    },
    "pair_chains_iptm": {
        "0": {
            "0": 0.610316812992096
        }
    }
}