{
    "confidence_score": 0.6167237758636475,
    "ptm": 0.7608023285865784,
    "iptm": 0.0,
    "ligand_iptm": 0.0,
    "protein_iptm": 0.0,
    "complex_plddt": 0.7709047198295593,
    "complex_iplddt": 0.0,
    "complex_pde": 1.2412666082382202,
    "complex_ipde": 0.0,
    "chains_ptm": {
        "0": 0.7608023285865784
    },
    "pair_chains_iptm": {
        "0": {
            "0": 0.7608023285865784
        }
    }
}