{
    "confidence_score": 0.6038244962692261,
    "ptm": 0.7090942859649658,
    "iptm": 0.0,
    "ligand_iptm": 0.0,
    "protein_iptm": 0.0,
    "complex_plddt": 0.7547805905342102,
    "complex_iplddt": 0.0,
    "complex_pde": 1.1586257219314575,
    "complex_ipde": 0.0,
    "chains_ptm": {
        "0": 0.7090942859649658
    },
    "pair_chains_iptm": {
        "0": {
            "0": 0.7090942859649658
        }
    }
}