{
    "confidence_score": 0.7059351801872253,
    "ptm": 0.778417706489563,
    "iptm": 0.0,
    "ligand_iptm": 0.0,
    "protein_iptm": 0.0,
    "complex_plddt": 0.8824189305305481,
    "complex_iplddt": 0.0,
    "complex_pde": 0.5389158725738525,
    "complex_ipde": 0.0,
    "chains_ptm": {
        "0": 0.778417706489563
    },
    "pair_chains_iptm": {
        "0": {
            "0": 0.778417706489563
        }
    }
}