{
    "confidence_score": 0.5986461639404297,
    "ptm": 0.6487884521484375,
    "iptm": 0.0,
    "ligand_iptm": 0.0,
    "protein_iptm": 0.0,
    "complex_plddt": 0.7483077049255371,
    "complex_iplddt": 0.0,
    "complex_pde": 1.101974606513977,
    "complex_ipde": 0.0,
    "chains_ptm": {
        "0": 0.6487884521484375
    },
    "pair_chains_iptm": {
        "0": {
            "0": 0.6487884521484375
        }
    }
}