{
    "confidence_score": 0.6075503826141357,
    "ptm": 0.36364632844924927,
    "iptm": 0.0,
    "ligand_iptm": 0.0,
    "protein_iptm": 0.0,
    "complex_plddt": 0.7594379782676697,
    "complex_iplddt": 0.0,
    "complex_pde": 1.7278169393539429,
    "complex_ipde": 0.0,
    "chains_ptm": {
        "0": 0.36364632844924927
    },
    "pair_chains_iptm": {
        "0": {
            "0": 0.36364632844924927
        }
    }
}