{
    "confidence_score": 0.6198168992996216,
    "ptm": 0.7912304401397705,
    "iptm": 0.0,
    "ligand_iptm": 0.0,
    "protein_iptm": 0.0,
    "complex_plddt": 0.7747710943222046,
    "complex_iplddt": 0.0,
    "complex_pde": 1.2056912183761597,
    "complex_ipde": 0.0,
    "chains_ptm": {
        "0": 0.7912304401397705
    },
    "pair_chains_iptm": {
        "0": {
            "0": 0.7912304401397705
        }
    }
}