{
    "confidence_score": 0.5818386673927307,
    "ptm": 0.6264520883560181,
    "iptm": 0.0,
    "ligand_iptm": 0.0,
    "protein_iptm": 0.0,
    "complex_plddt": 0.7272983193397522,
    "complex_iplddt": 0.0,
    "complex_pde": 1.022658109664917,
    "complex_ipde": 0.0,
    "chains_ptm": {
        "0": 0.6264520883560181
    },
    "pair_chains_iptm": {
        "0": {
            "0": 0.6264520883560181
        }
    }
}