{
    "confidence_score": 0.3950982689857483,
    "ptm": 0.3918164074420929,
    "iptm": 0.0,
    "ligand_iptm": 0.0,
    "protein_iptm": 0.0,
    "complex_plddt": 0.49387282133102417,
    "complex_iplddt": 0.0,
    "complex_pde": 2.9397270679473877,
    "complex_ipde": 0.0,
    "chains_ptm": {
        "0": 0.3918164074420929
    },
    "pair_chains_iptm": {
        "0": {
            "0": 0.3918164074420929
        }
    }
}