{
    "confidence_score": 0.7226165533065796,
    "ptm": 0.8982985019683838,
    "iptm": 0.0,
    "ligand_iptm": 0.0,
    "protein_iptm": 0.0,
    "complex_plddt": 0.9032706618309021,
    "complex_iplddt": 0.0,
    "complex_pde": 0.4936150908470154,
    "complex_ipde": 0.0,
    "chains_ptm": {
        "0": 0.8982985019683838
    },
    "pair_chains_iptm": {
        "0": {
            "0": 0.8982985019683838
        }
    }
}