{
    "confidence_score": 0.5768798589706421,
    "ptm": 0.466007798910141,
    "iptm": 0.0,
    "ligand_iptm": 0.0,
    "protein_iptm": 0.0,
    "complex_plddt": 0.7210997939109802,
    "complex_iplddt": 0.0,
    "complex_pde": 1.0278021097183228,
    "complex_ipde": 0.0,
    "chains_ptm": {
        "0": 0.466007798910141
    },
    "pair_chains_iptm": {
        "0": {
            "0": 0.466007798910141
        }
    }
}