{
    "confidence_score": 0.6463010907173157,
    "ptm": 0.7582148313522339,
    "iptm": 0.0,
    "ligand_iptm": 0.0,
    "protein_iptm": 0.0,
    "complex_plddt": 0.8078763484954834,
    "complex_iplddt": 0.0,
    "complex_pde": 1.1017882823944092,
    "complex_ipde": 0.0,
    "chains_ptm": {
        "0": 0.7582148313522339
    },
    "pair_chains_iptm": {
        "0": {
            "0": 0.7582148313522339
        }
    }
}