{
    "confidence_score": 0.6908709406852722,
    "ptm": 0.8173038363456726,
    "iptm": 0.0,
    "ligand_iptm": 0.0,
    "protein_iptm": 0.0,
    "complex_plddt": 0.8635886907577515,
    "complex_iplddt": 0.0,
    "complex_pde": 0.6177718639373779,
    "complex_ipde": 0.0,
    "chains_ptm": {
        "0": 0.8173038363456726
    },
    "pair_chains_iptm": {
        "0": {
            "0": 0.8173038363456726
        }
    }
}