{
    "confidence_score": 0.3917578160762787,
    "ptm": 0.3186122477054596,
    "iptm": 0.0,
    "ligand_iptm": 0.0,
    "protein_iptm": 0.0,
    "complex_plddt": 0.48969727754592896,
    "complex_iplddt": 0.0,
    "complex_pde": 2.437192440032959,
    "complex_ipde": 0.0,
    "chains_ptm": {
        "0": 0.3186122477054596
    },
    "pair_chains_iptm": {
        "0": {
            "0": 0.3186122477054596
        }
    }
}