{
    "confidence_score": 0.7550883889198303,
    "ptm": 0.9177988767623901,
    "iptm": 0.0,
    "ligand_iptm": 0.0,
    "protein_iptm": 0.0,
    "complex_plddt": 0.9438604712486267,
    "complex_iplddt": 0.0,
    "complex_pde": 0.31421634554862976,
    "complex_ipde": 0.0,
    "chains_ptm": {
        "0": 0.9177988767623901
    },
    "pair_chains_iptm": {
        "0": {
            "0": 0.9177988767623901
        }
    }
}