{
    "confidence_score": 0.632310152053833,
    "ptm": 0.859787106513977,
    "iptm": 0.0,
    "ligand_iptm": 0.0,
    "protein_iptm": 0.0,
    "complex_plddt": 0.7903876900672913,
    "complex_iplddt": 0.0,
    "complex_pde": 1.1131412982940674,
    "complex_ipde": 0.0,
    "chains_ptm": {
        "0": 0.859787106513977
    },
    "pair_chains_iptm": {
        "0": {
            "0": 0.859787106513977
        }
    }
}