{
    "confidence_score": 0.626473605632782,
    "ptm": 0.8148919939994812,
    "iptm": 0.0,
    "ligand_iptm": 0.0,
    "protein_iptm": 0.0,
    "complex_plddt": 0.7830919623374939,
    "complex_iplddt": 0.0,
    "complex_pde": 1.0146015882492065,
    "complex_ipde": 0.0,
    "chains_ptm": {
        "0": 0.8148919939994812
    },
    "pair_chains_iptm": {
        "0": {
            "0": 0.8148919939994812
        }
    }
}