{
    "confidence_score": 0.7612007260322571,
    "ptm": 0.9561824798583984,
    "iptm": 0.0,
    "ligand_iptm": 0.0,
    "protein_iptm": 0.0,
    "complex_plddt": 0.9515008926391602,
    "complex_iplddt": 0.0,
    "complex_pde": 0.3094496726989746,
    "complex_ipde": 0.0,
    "chains_ptm": {
        "0": 0.9561824798583984
    },
    "pair_chains_iptm": {
        "0": {
            "0": 0.9561824798583984
        }
    }
}