{
    "confidence_score": 0.7375273704528809,
    "ptm": 0.7942018508911133,
    "iptm": 0.0,
    "ligand_iptm": 0.0,
    "protein_iptm": 0.0,
    "complex_plddt": 0.9219092130661011,
    "complex_iplddt": 0.0,
    "complex_pde": 0.39815303683280945,
    "complex_ipde": 0.0,
    "chains_ptm": {
        "0": 0.7942018508911133
    },
    "pair_chains_iptm": {
        "0": {
            "0": 0.7942018508911133
        }
    }
}