{
    "confidence_score": 0.5459856986999512,
    "ptm": 0.45269083976745605,
    "iptm": 0.0,
    "ligand_iptm": 0.0,
    "protein_iptm": 0.0,
    "complex_plddt": 0.682482123374939,
    "complex_iplddt": 0.0,
    "complex_pde": 1.8190124034881592,
    "complex_ipde": 0.0,
    "chains_ptm": {
        "0": 0.45269083976745605
    },
    "pair_chains_iptm": {
        "0": {
            "0": 0.45269083976745605
        }
    }
}