{
    "confidence_score": 0.513384997844696,
    "ptm": 0.41799402236938477,
    "iptm": 0.0,
    "ligand_iptm": 0.0,
    "protein_iptm": 0.0,
    "complex_plddt": 0.6417312622070312,
    "complex_iplddt": 0.0,
    "complex_pde": 1.4536421298980713,
    "complex_ipde": 0.0,
    "chains_ptm": {
        "0": 0.41799402236938477
    },
    "pair_chains_iptm": {
        "0": {
            "0": 0.41799402236938477
        }
    }
}