{
    "confidence_score": 0.441591739654541,
    "ptm": 0.33917152881622314,
    "iptm": 0.0,
    "ligand_iptm": 0.0,
    "protein_iptm": 0.0,
    "complex_plddt": 0.5519896745681763,
    "complex_iplddt": 0.0,
    "complex_pde": 3.237147808074951,
    "complex_ipde": 0.0,
    "chains_ptm": {
        "0": 0.33917152881622314
    },
    "pair_chains_iptm": {
        "0": {
            "0": 0.33917152881622314
        }
    }
}