{
    "confidence_score": 0.5053350329399109,
    "ptm": 0.26530876755714417,
    "iptm": 0.0,
    "ligand_iptm": 0.0,
    "protein_iptm": 0.0,
    "complex_plddt": 0.631668746471405,
    "complex_iplddt": 0.0,
    "complex_pde": 2.0203423500061035,
    "complex_ipde": 0.0,
    "chains_ptm": {
        "0": 0.26530876755714417
    },
    "pair_chains_iptm": {
        "0": {
            "0": 0.26530876755714417
        }
    }
}