{
    "confidence_score": 0.46912646293640137,
    "ptm": 0.3822985291481018,
    "iptm": 0.0,
    "ligand_iptm": 0.0,
    "protein_iptm": 0.0,
    "complex_plddt": 0.5864080786705017,
    "complex_iplddt": 0.0,
    "complex_pde": 1.7619448900222778,
    "complex_ipde": 0.0,
    "chains_ptm": {
        "0": 0.3822985291481018
    },
    "pair_chains_iptm": {
        "0": {
            "0": 0.3822985291481018
        }
    }
}