{
    "confidence_score": 0.7376850247383118,
    "ptm": 0.8306480646133423,
    "iptm": 0.0,
    "ligand_iptm": 0.0,
    "protein_iptm": 0.0,
    "complex_plddt": 0.9221062660217285,
    "complex_iplddt": 0.0,
    "complex_pde": 0.3695107698440552,
    "complex_ipde": 0.0,
    "chains_ptm": {
        "0": 0.8306480646133423
    },
    "pair_chains_iptm": {
        "0": {
            "0": 0.8306480646133423
        }
    }
}