{
    "confidence_score": 0.75221186876297,
    "ptm": 0.9639340043067932,
    "iptm": 0.0,
    "ligand_iptm": 0.0,
    "protein_iptm": 0.0,
    "complex_plddt": 0.9402648210525513,
    "complex_iplddt": 0.0,
    "complex_pde": 0.3258565366268158,
    "complex_ipde": 0.0,
    "chains_ptm": {
        "0": 0.9639340043067932
    },
    "pair_chains_iptm": {
        "0": {
            "0": 0.9639340043067932
        }
    }
}