{
    "confidence_score": 0.7569383978843689,
    "ptm": 0.9453132152557373,
    "iptm": 0.0,
    "ligand_iptm": 0.0,
    "protein_iptm": 0.0,
    "complex_plddt": 0.9461730122566223,
    "complex_iplddt": 0.0,
    "complex_pde": 0.33475634455680847,
    "complex_ipde": 0.0,
    "chains_ptm": {
        "0": 0.9453132152557373
    },
    "pair_chains_iptm": {
        "0": {
            "0": 0.9453132152557373
        }
    }
}