{
    "confidence_score": 0.6716388463973999,
    "ptm": 0.8439264893531799,
    "iptm": 0.0,
    "ligand_iptm": 0.0,
    "protein_iptm": 0.0,
    "complex_plddt": 0.8395485281944275,
    "complex_iplddt": 0.0,
    "complex_pde": 0.643970251083374,
    "complex_ipde": 0.0,
    "chains_ptm": {
        "0": 0.8439264893531799
    },
    "pair_chains_iptm": {
        "0": {
            "0": 0.8439264893531799
        }
    }
}