{
    "confidence_score": 0.6808685660362244,
    "ptm": 0.7339779138565063,
    "iptm": 0.0,
    "ligand_iptm": 0.0,
    "protein_iptm": 0.0,
    "complex_plddt": 0.8510857224464417,
    "complex_iplddt": 0.0,
    "complex_pde": 0.4647614657878876,
    "complex_ipde": 0.0,
    "chains_ptm": {
        "0": 0.7339779138565063
    },
    "pair_chains_iptm": {
        "0": {
            "0": 0.7339779138565063
        }
    }
}