{
    "confidence_score": 0.6021485328674316,
    "ptm": 0.8184666037559509,
    "iptm": 0.0,
    "ligand_iptm": 0.0,
    "protein_iptm": 0.0,
    "complex_plddt": 0.7526856660842896,
    "complex_iplddt": 0.0,
    "complex_pde": 1.0151077508926392,
    "complex_ipde": 0.0,
    "chains_ptm": {
        "0": 0.8184666037559509
    },
    "pair_chains_iptm": {
        "0": {
            "0": 0.8184666037559509
        }
    }
}