{
    "confidence_score": 0.6622042655944824,
    "ptm": 0.8396748900413513,
    "iptm": 0.0,
    "ligand_iptm": 0.0,
    "protein_iptm": 0.0,
    "complex_plddt": 0.827755331993103,
    "complex_iplddt": 0.0,
    "complex_pde": 0.632803738117218,
    "complex_ipde": 0.0,
    "chains_ptm": {
        "0": 0.8396748900413513
    },
    "pair_chains_iptm": {
        "0": {
            "0": 0.8396748900413513
        }
    }
}