{
    "confidence_score": 0.6649421453475952,
    "ptm": 0.5572891235351562,
    "iptm": 0.0,
    "ligand_iptm": 0.0,
    "protein_iptm": 0.0,
    "complex_plddt": 0.8311776518821716,
    "complex_iplddt": 0.0,
    "complex_pde": 0.7203690409660339,
    "complex_ipde": 0.0,
    "chains_ptm": {
        "0": 0.5572891235351562
    },
    "pair_chains_iptm": {
        "0": {
            "0": 0.5572891235351562
        }
    }
}