{
    "confidence_score": 0.7346351146697998,
    "ptm": 0.9521896243095398,
    "iptm": 0.0,
    "ligand_iptm": 0.0,
    "protein_iptm": 0.0,
    "complex_plddt": 0.9182938933372498,
    "complex_iplddt": 0.0,
    "complex_pde": 0.36661577224731445,
    "complex_ipde": 0.0,
    "chains_ptm": {
        "0": 0.9521896243095398
    },
    "pair_chains_iptm": {
        "0": {
            "0": 0.9521896243095398
        }
    }
}