{
    "confidence_score": 0.5867412686347961,
    "ptm": 0.7111440896987915,
    "iptm": 0.0,
    "ligand_iptm": 0.0,
    "protein_iptm": 0.0,
    "complex_plddt": 0.733426570892334,
    "complex_iplddt": 0.0,
    "complex_pde": 0.9879181981086731,
    "complex_ipde": 0.0,
    "chains_ptm": {
        "0": 0.7111440896987915
    },
    "pair_chains_iptm": {
        "0": {
            "0": 0.7111440896987915
        }
    }
}