{
    "confidence_score": 0.5160780549049377,
    "ptm": 0.5809438824653625,
    "iptm": 0.0,
    "ligand_iptm": 0.0,
    "protein_iptm": 0.0,
    "complex_plddt": 0.645097553730011,
    "complex_iplddt": 0.0,
    "complex_pde": 1.7063597440719604,
    "complex_ipde": 0.0,
    "chains_ptm": {
        "0": 0.5809438824653625
    },
    "pair_chains_iptm": {
        "0": {
            "0": 0.5809438824653625
        }
    }
}