{
    "confidence_score": 0.6287370324134827,
    "ptm": 0.6957350969314575,
    "iptm": 0.0,
    "ligand_iptm": 0.0,
    "protein_iptm": 0.0,
    "complex_plddt": 0.7859212756156921,
    "complex_iplddt": 0.0,
    "complex_pde": 0.9039596915245056,
    "complex_ipde": 0.0,
    "chains_ptm": {
        "0": 0.6957350969314575
    },
    "pair_chains_iptm": {
        "0": {
            "0": 0.6957350969314575
        }
    }
}