{
    "confidence_score": 0.4072858393192291,
    "ptm": 0.49095481634140015,
    "iptm": 0.0,
    "ligand_iptm": 0.0,
    "protein_iptm": 0.0,
    "complex_plddt": 0.5091072916984558,
    "complex_iplddt": 0.0,
    "complex_pde": 2.757845640182495,
    "complex_ipde": 0.0,
    "chains_ptm": {
        "0": 0.49095481634140015
    },
    "pair_chains_iptm": {
        "0": {
            "0": 0.49095481634140015
        }
    }
}