{
    "confidence_score": 0.6867114901542664,
    "ptm": 0.8879794478416443,
    "iptm": 0.0,
    "ligand_iptm": 0.0,
    "protein_iptm": 0.0,
    "complex_plddt": 0.8583893775939941,
    "complex_iplddt": 0.0,
    "complex_pde": 0.5938331484794617,
    "complex_ipde": 0.0,
    "chains_ptm": {
        "0": 0.8879794478416443
    },
    "pair_chains_iptm": {
        "0": {
            "0": 0.8879794478416443
        }
    }
}