{
    "confidence_score": 0.664614200592041,
    "ptm": 0.8684777021408081,
    "iptm": 0.0,
    "ligand_iptm": 0.0,
    "protein_iptm": 0.0,
    "complex_plddt": 0.8307677507400513,
    "complex_iplddt": 0.0,
    "complex_pde": 0.6908354163169861,
    "complex_ipde": 0.0,
    "chains_ptm": {
        "0": 0.8684777021408081
    },
    "pair_chains_iptm": {
        "0": {
            "0": 0.8684777021408081
        }
    }
}