{
    "confidence_score": 0.7280751466751099,
    "ptm": 0.8958629369735718,
    "iptm": 0.0,
    "ligand_iptm": 0.0,
    "protein_iptm": 0.0,
    "complex_plddt": 0.9100939035415649,
    "complex_iplddt": 0.0,
    "complex_pde": 0.4453650414943695,
    "complex_ipde": 0.0,
    "chains_ptm": {
        "0": 0.8958629369735718
    },
    "pair_chains_iptm": {
        "0": {
            "0": 0.8958629369735718
        }
    }
}