{
    "confidence_score": 0.5137715339660645,
    "ptm": 0.33328890800476074,
    "iptm": 0.0,
    "ligand_iptm": 0.0,
    "protein_iptm": 0.0,
    "complex_plddt": 0.6422144174575806,
    "complex_iplddt": 0.0,
    "complex_pde": 1.465510368347168,
    "complex_ipde": 0.0,
    "chains_ptm": {
        "0": 0.33328890800476074
    },
    "pair_chains_iptm": {
        "0": {
            "0": 0.33328890800476074
        }
    }
}