{
    "confidence_score": 0.7428922057151794,
    "ptm": 0.9418207406997681,
    "iptm": 0.0,
    "ligand_iptm": 0.0,
    "protein_iptm": 0.0,
    "complex_plddt": 0.9286152720451355,
    "complex_iplddt": 0.0,
    "complex_pde": 0.3984183967113495,
    "complex_ipde": 0.0,
    "chains_ptm": {
        "0": 0.9418207406997681
    },
    "pair_chains_iptm": {
        "0": {
            "0": 0.9418207406997681
        }
    }
}