{
    "confidence_score": 0.6771315336227417,
    "ptm": 0.7906210422515869,
    "iptm": 0.0,
    "ligand_iptm": 0.0,
    "protein_iptm": 0.0,
    "complex_plddt": 0.8464143872261047,
    "complex_iplddt": 0.0,
    "complex_pde": 0.7281545400619507,
    "complex_ipde": 0.0,
    "chains_ptm": {
        "0": 0.7906210422515869
    },
    "pair_chains_iptm": {
        "0": {
            "0": 0.7906210422515869
        }
    }
}