{
    "confidence_score": 0.6740201115608215,
    "ptm": 0.8154715895652771,
    "iptm": 0.0,
    "ligand_iptm": 0.0,
    "protein_iptm": 0.0,
    "complex_plddt": 0.8425251245498657,
    "complex_iplddt": 0.0,
    "complex_pde": 0.5588136315345764,
    "complex_ipde": 0.0,
    "chains_ptm": {
        "0": 0.8154715895652771
    },
    "pair_chains_iptm": {
        "0": {
            "0": 0.8154715895652771
        }
    }
}