{
    "confidence_score": 0.7387616038322449,
    "ptm": 0.9591764807701111,
    "iptm": 0.0,
    "ligand_iptm": 0.0,
    "protein_iptm": 0.0,
    "complex_plddt": 0.9234519600868225,
    "complex_iplddt": 0.0,
    "complex_pde": 0.36636126041412354,
    "complex_ipde": 0.0,
    "chains_ptm": {
        "0": 0.9591764807701111
    },
    "pair_chains_iptm": {
        "0": {
            "0": 0.9591764807701111
        }
    }
}