{
    "confidence_score": 0.6317984461784363,
    "ptm": 0.7147035598754883,
    "iptm": 0.0,
    "ligand_iptm": 0.0,
    "protein_iptm": 0.0,
    "complex_plddt": 0.7897480130195618,
    "complex_iplddt": 0.0,
    "complex_pde": 0.8573960065841675,
    "complex_ipde": 0.0,
    "chains_ptm": {
        "0": 0.7147035598754883
    },
    "pair_chains_iptm": {
        "0": {
            "0": 0.7147035598754883
        }
    }
}