{
    "confidence_score": 0.6733150482177734,
    "ptm": 0.8065881133079529,
    "iptm": 0.0,
    "ligand_iptm": 0.0,
    "protein_iptm": 0.0,
    "complex_plddt": 0.8416438102722168,
    "complex_iplddt": 0.0,
    "complex_pde": 0.48196399211883545,
    "complex_ipde": 0.0,
    "chains_ptm": {
        "0": 0.8065881133079529
    },
    "pair_chains_iptm": {
        "0": {
            "0": 0.8065881133079529
        }
    }
}