{
    "confidence_score": 0.6862330436706543,
    "ptm": 0.8254919648170471,
    "iptm": 0.0,
    "ligand_iptm": 0.0,
    "protein_iptm": 0.0,
    "complex_plddt": 0.8577913045883179,
    "complex_iplddt": 0.0,
    "complex_pde": 0.7720692753791809,
    "complex_ipde": 0.0,
    "chains_ptm": {
        "0": 0.8254919648170471
    },
    "pair_chains_iptm": {
        "0": {
            "0": 0.8254919648170471
        }
    }
}