{
    "confidence_score": 0.6359257698059082,
    "ptm": 0.44302570819854736,
    "iptm": 0.0,
    "ligand_iptm": 0.0,
    "protein_iptm": 0.0,
    "complex_plddt": 0.7949072122573853,
    "complex_iplddt": 0.0,
    "complex_pde": 0.6502704620361328,
    "complex_ipde": 0.0,
    "chains_ptm": {
        "0": 0.44302570819854736
    },
    "pair_chains_iptm": {
        "0": {
            "0": 0.44302570819854736
        }
    }
}