{
    "confidence_score": 0.6691030263900757,
    "ptm": 0.5708142518997192,
    "iptm": 0.0,
    "ligand_iptm": 0.0,
    "protein_iptm": 0.0,
    "complex_plddt": 0.8363787531852722,
    "complex_iplddt": 0.0,
    "complex_pde": 0.5879420042037964,
    "complex_ipde": 0.0,
    "chains_ptm": {
        "0": 0.5708142518997192
    },
    "pair_chains_iptm": {
        "0": {
            "0": 0.5708142518997192
        }
    }
}