{
    "confidence_score": 0.675632894039154,
    "ptm": 0.8267961740493774,
    "iptm": 0.0,
    "ligand_iptm": 0.0,
    "protein_iptm": 0.0,
    "complex_plddt": 0.844541072845459,
    "complex_iplddt": 0.0,
    "complex_pde": 0.7457078099250793,
    "complex_ipde": 0.0,
    "chains_ptm": {
        "0": 0.8267961740493774
    },
    "pair_chains_iptm": {
        "0": {
            "0": 0.8267961740493774
        }
    }
}