{
    "confidence_score": 0.6383270621299744,
    "ptm": 0.7752747535705566,
    "iptm": 0.0,
    "ligand_iptm": 0.0,
    "protein_iptm": 0.0,
    "complex_plddt": 0.7979088425636292,
    "complex_iplddt": 0.0,
    "complex_pde": 0.919786810874939,
    "complex_ipde": 0.0,
    "chains_ptm": {
        "0": 0.7752747535705566
    },
    "pair_chains_iptm": {
        "0": {
            "0": 0.7752747535705566
        }
    }
}