{
    "confidence_score": 0.5656664967536926,
    "ptm": 0.49569353461265564,
    "iptm": 0.0,
    "ligand_iptm": 0.0,
    "protein_iptm": 0.0,
    "complex_plddt": 0.7070831060409546,
    "complex_iplddt": 0.0,
    "complex_pde": 1.3923026323318481,
    "complex_ipde": 0.0,
    "chains_ptm": {
        "0": 0.49569353461265564
    },
    "pair_chains_iptm": {
        "0": {
            "0": 0.49569353461265564
        }
    }
}