{
    "confidence_score": 0.7233008146286011,
    "ptm": 0.7590529918670654,
    "iptm": 0.0,
    "ligand_iptm": 0.0,
    "protein_iptm": 0.0,
    "complex_plddt": 0.904125988483429,
    "complex_iplddt": 0.0,
    "complex_pde": 0.5396077632904053,
    "complex_ipde": 0.0,
    "chains_ptm": {
        "0": 0.7590529918670654
    },
    "pair_chains_iptm": {
        "0": {
            "0": 0.7590529918670654
        }
    }
}