{
    "confidence_score": 0.70888352394104,
    "ptm": 0.8785078525543213,
    "iptm": 0.0,
    "ligand_iptm": 0.0,
    "protein_iptm": 0.0,
    "complex_plddt": 0.8861044049263,
    "complex_iplddt": 0.0,
    "complex_pde": 0.4447129964828491,
    "complex_ipde": 0.0,
    "chains_ptm": {
        "0": 0.8785078525543213
    },
    "pair_chains_iptm": {
        "0": {
            "0": 0.8785078525543213
        }
    }
}