{
    "confidence_score": 0.7566173076629639,
    "ptm": 0.9629064798355103,
    "iptm": 0.0,
    "ligand_iptm": 0.0,
    "protein_iptm": 0.0,
    "complex_plddt": 0.9457716345787048,
    "complex_iplddt": 0.0,
    "complex_pde": 0.3226478397846222,
    "complex_ipde": 0.0,
    "chains_ptm": {
        "0": 0.9629064798355103
    },
    "pair_chains_iptm": {
        "0": {
            "0": 0.9629064798355103
        }
    }
}