{
    "confidence_score": 0.4964553415775299,
    "ptm": 0.5582797527313232,
    "iptm": 0.0,
    "ligand_iptm": 0.0,
    "protein_iptm": 0.0,
    "complex_plddt": 0.6205691695213318,
    "complex_iplddt": 0.0,
    "complex_pde": 1.3997231721878052,
    "complex_ipde": 0.0,
    "chains_ptm": {
        "0": 0.5582797527313232
    },
    "pair_chains_iptm": {
        "0": {
            "0": 0.5582797527313232
        }
    }
}