{
    "plddts": {
        "model_1_pred_0": 75.21425012665838,
        "model_2_pred_0": 75.22959394287496,
        "model_3_pred_0": 78.07708526643724,
        "model_4_pred_0": 76.39096401806756,
        "model_5_pred_0": 75.3561429630827
    },
    "order": [
        "model_3_pred_0",
        "model_4_pred_0",
        "model_5_pred_0",
        "model_2_pred_0",
        "model_1_pred_0"
    ]
}