{
    "features": 4220.843592166901,
    "process_features_model_1_pred_0": 15.064050197601318,
    "predict_and_compile_model_1_pred_0": 250.29491066932678,
    "process_features_model_2_pred_0": 11.230336427688599,
    "predict_and_compile_model_2_pred_0": 230.25231909751892,
    "process_features_model_3_pred_0": 9.583609342575073,
    "predict_and_compile_model_3_pred_0": 211.4577193260193,
    "process_features_model_4_pred_0": 9.72940468788147,
    "predict_and_compile_model_4_pred_0": 216.4274182319641,
    "process_features_model_5_pred_0": 9.592946290969849,
    "predict_and_compile_model_5_pred_0": 202.35175156593323,
    "relax_model_3_pred_0": 43.998384952545166
}