{
    "confidence_score": 0.6122211813926697,
    "ptm": 0.7358403205871582,
    "iptm": 0.0,
    "ligand_iptm": 0.0,
    "protein_iptm": 0.0,
    "complex_plddt": 0.7652764320373535,
    "complex_iplddt": 0.0,
    "complex_pde": 1.2122550010681152,
    "complex_ipde": 0.0,
    "chains_ptm": {
        "0": 0.7358403205871582
    },
    "pair_chains_iptm": {
        "0": {
            "0": 0.7358403205871582
        }
    }
}