{
    "confidence_score": 0.5925922393798828,
    "ptm": 0.8022356033325195,
    "iptm": 0.0,
    "ligand_iptm": 0.0,
    "protein_iptm": 0.0,
    "complex_plddt": 0.7407402992248535,
    "complex_iplddt": 0.0,
    "complex_pde": 0.9324188232421875,
    "complex_ipde": 0.0,
    "chains_ptm": {
        "0": 0.8022356033325195
    },
    "pair_chains_iptm": {
        "0": {
            "0": 0.8022356033325195
        }
    }
}