{
    "confidence_score": 0.6159038543701172,
    "ptm": 0.4216839373111725,
    "iptm": 0.0,
    "ligand_iptm": 0.0,
    "protein_iptm": 0.0,
    "complex_plddt": 0.7698798179626465,
    "complex_iplddt": 0.0,
    "complex_pde": 1.1930301189422607,
    "complex_ipde": 0.0,
    "chains_ptm": {
        "0": 0.4216839373111725
    },
    "pair_chains_iptm": {
        "0": {
            "0": 0.4216839373111725
        }
    }
}