{
    "confidence_score": 0.7129672169685364,
    "ptm": 0.8503519892692566,
    "iptm": 0.0,
    "ligand_iptm": 0.0,
    "protein_iptm": 0.0,
    "complex_plddt": 0.8912090063095093,
    "complex_iplddt": 0.0,
    "complex_pde": 0.5352619290351868,
    "complex_ipde": 0.0,
    "chains_ptm": {
        "0": 0.8503519892692566
    },
    "pair_chains_iptm": {
        "0": {
            "0": 0.8503519892692566
        }
    }
}