{
    "confidence_score": 0.5215614438056946,
    "ptm": 0.5396920442581177,
    "iptm": 0.0,
    "ligand_iptm": 0.0,
    "protein_iptm": 0.0,
    "complex_plddt": 0.651951789855957,
    "complex_iplddt": 0.0,
    "complex_pde": 1.7233717441558838,
    "complex_ipde": 0.0,
    "chains_ptm": {
        "0": 0.5396920442581177
    },
    "pair_chains_iptm": {
        "0": {
            "0": 0.5396920442581177
        }
    }
}