{
    "confidence_score": 0.672061026096344,
    "ptm": 0.7753437757492065,
    "iptm": 0.0,
    "ligand_iptm": 0.0,
    "protein_iptm": 0.0,
    "complex_plddt": 0.8400762677192688,
    "complex_iplddt": 0.0,
    "complex_pde": 0.812675416469574,
    "complex_ipde": 0.0,
    "chains_ptm": {
        "0": 0.7753437757492065
    },
    "pair_chains_iptm": {
        "0": {
            "0": 0.7753437757492065
        }
    }
}