{
    "confidence_score": 0.550528347492218,
    "ptm": 0.4203042984008789,
    "iptm": 0.0,
    "ligand_iptm": 0.0,
    "protein_iptm": 0.0,
    "complex_plddt": 0.6881604194641113,
    "complex_iplddt": 0.0,
    "complex_pde": 1.4962395429611206,
    "complex_ipde": 0.0,
    "chains_ptm": {
        "0": 0.4203042984008789
    },
    "pair_chains_iptm": {
        "0": {
            "0": 0.4203042984008789
        }
    }
}