{
    "confidence_score": 0.6917856335639954,
    "ptm": 0.8183669447898865,
    "iptm": 0.0,
    "ligand_iptm": 0.0,
    "protein_iptm": 0.0,
    "complex_plddt": 0.864732027053833,
    "complex_iplddt": 0.0,
    "complex_pde": 0.5084635019302368,
    "complex_ipde": 0.0,
    "chains_ptm": {
        "0": 0.8183669447898865
    },
    "pair_chains_iptm": {
        "0": {
            "0": 0.8183669447898865
        }
    }
}