{
    "confidence_score": 0.48792076110839844,
    "ptm": 0.3316686749458313,
    "iptm": 0.0,
    "ligand_iptm": 0.0,
    "protein_iptm": 0.0,
    "complex_plddt": 0.609900951385498,
    "complex_iplddt": 0.0,
    "complex_pde": 2.4015254974365234,
    "complex_ipde": 0.0,
    "chains_ptm": {
        "0": 0.3316686749458313
    },
    "pair_chains_iptm": {
        "0": {
            "0": 0.3316686749458313
        }
    }
}