{
    "confidence_score": 0.7414349317550659,
    "ptm": 0.923071026802063,
    "iptm": 0.0,
    "ligand_iptm": 0.0,
    "protein_iptm": 0.0,
    "complex_plddt": 0.92679363489151,
    "complex_iplddt": 0.0,
    "complex_pde": 0.3457321226596832,
    "complex_ipde": 0.0,
    "chains_ptm": {
        "0": 0.923071026802063
    },
    "pair_chains_iptm": {
        "0": {
            "0": 0.923071026802063
        }
    }
}