{
    "confidence_score": 0.5030447840690613,
    "ptm": 0.47864729166030884,
    "iptm": 0.0,
    "ligand_iptm": 0.0,
    "protein_iptm": 0.0,
    "complex_plddt": 0.6288059949874878,
    "complex_iplddt": 0.0,
    "complex_pde": 1.8566603660583496,
    "complex_ipde": 0.0,
    "chains_ptm": {
        "0": 0.47864729166030884
    },
    "pair_chains_iptm": {
        "0": {
            "0": 0.47864729166030884
        }
    }
}