{
    "confidence_score": 0.5531972646713257,
    "ptm": 0.5344035625457764,
    "iptm": 0.0,
    "ligand_iptm": 0.0,
    "protein_iptm": 0.0,
    "complex_plddt": 0.6914965510368347,
    "complex_iplddt": 0.0,
    "complex_pde": 0.9732367396354675,
    "complex_ipde": 0.0,
    "chains_ptm": {
        "0": 0.5344035625457764
    },
    "pair_chains_iptm": {
        "0": {
            "0": 0.5344035625457764
        }
    }
}