{
    "confidence_score": 0.5766574740409851,
    "ptm": 0.3438638150691986,
    "iptm": 0.0,
    "ligand_iptm": 0.0,
    "protein_iptm": 0.0,
    "complex_plddt": 0.7208217978477478,
    "complex_iplddt": 0.0,
    "complex_pde": 0.7189360857009888,
    "complex_ipde": 0.0,
    "chains_ptm": {
        "0": 0.3438638150691986
    },
    "pair_chains_iptm": {
        "0": {
            "0": 0.3438638150691986
        }
    }
}