{
    "confidence_score": 0.7283428907394409,
    "ptm": 0.9505211114883423,
    "iptm": 0.0,
    "ligand_iptm": 0.0,
    "protein_iptm": 0.0,
    "complex_plddt": 0.9104285836219788,
    "complex_iplddt": 0.0,
    "complex_pde": 0.35437318682670593,
    "complex_ipde": 0.0,
    "chains_ptm": {
        "0": 0.9505211114883423
    },
    "pair_chains_iptm": {
        "0": {
            "0": 0.9505211114883423
        }
    }
}