{
    "confidence_score": 0.5962530970573425,
    "ptm": 0.6881203651428223,
    "iptm": 0.0,
    "ligand_iptm": 0.0,
    "protein_iptm": 0.0,
    "complex_plddt": 0.7453163862228394,
    "complex_iplddt": 0.0,
    "complex_pde": 0.7923669815063477,
    "complex_ipde": 0.0,
    "chains_ptm": {
        "0": 0.6881203651428223
    },
    "pair_chains_iptm": {
        "0": {
            "0": 0.6881203651428223
        }
    }
}