{
    "confidence_score": 0.7107555270195007,
    "ptm": 0.9334715604782104,
    "iptm": 0.0,
    "ligand_iptm": 0.0,
    "protein_iptm": 0.0,
    "complex_plddt": 0.8884443640708923,
    "complex_iplddt": 0.0,
    "complex_pde": 0.5010246634483337,
    "complex_ipde": 0.0,
    "chains_ptm": {
        "0": 0.9334715604782104
    },
    "pair_chains_iptm": {
        "0": {
            "0": 0.9334715604782104
        }
    }
}