{
    "confidence_score": 0.6919214129447937,
    "ptm": 0.8843270540237427,
    "iptm": 0.0,
    "ligand_iptm": 0.0,
    "protein_iptm": 0.0,
    "complex_plddt": 0.8649017810821533,
    "complex_iplddt": 0.0,
    "complex_pde": 0.5131008625030518,
    "complex_ipde": 0.0,
    "chains_ptm": {
        "0": 0.8843270540237427
    },
    "pair_chains_iptm": {
        "0": {
            "0": 0.8843270540237427
        }
    }
}