{
    "plddts": {
        "model_1_pred_0": 79.15038478039172,
        "model_2_pred_0": 77.2197987778273,
        "model_3_pred_0": 79.10017838726633,
        "model_4_pred_0": 78.7050909687866,
        "model_5_pred_0": 77.79386064532436
    },
    "order": [
        "model_1_pred_0",
        "model_3_pred_0",
        "model_4_pred_0",
        "model_5_pred_0",
        "model_2_pred_0"
    ]
}