{
    "confidence_score": 0.6132571697235107,
    "ptm": 0.8219980597496033,
    "iptm": 0.0,
    "ligand_iptm": 0.0,
    "protein_iptm": 0.0,
    "complex_plddt": 0.7665714621543884,
    "complex_iplddt": 0.0,
    "complex_pde": 0.4769534468650818,
    "complex_ipde": 0.0,
    "chains_ptm": {
        "0": 0.8219980597496033
    },
    "pair_chains_iptm": {
        "0": {
            "0": 0.8219980597496033
        }
    }
}