{
    "confidence_score": 0.530825138092041,
    "ptm": 0.457629531621933,
    "iptm": 0.0,
    "ligand_iptm": 0.0,
    "protein_iptm": 0.0,
    "complex_plddt": 0.6635314226150513,
    "complex_iplddt": 0.0,
    "complex_pde": 1.4191093444824219,
    "complex_ipde": 0.0,
    "chains_ptm": {
        "0": 0.457629531621933
    },
    "pair_chains_iptm": {
        "0": {
            "0": 0.457629531621933
        }
    }
}