{
    "confidence_score": 0.3838455379009247,
    "ptm": 0.3700968325138092,
    "iptm": 0.0,
    "ligand_iptm": 0.0,
    "protein_iptm": 0.0,
    "complex_plddt": 0.47980690002441406,
    "complex_iplddt": 0.0,
    "complex_pde": 2.8194265365600586,
    "complex_ipde": 0.0,
    "chains_ptm": {
        "0": 0.3700968325138092
    },
    "pair_chains_iptm": {
        "0": {
            "0": 0.3700968325138092
        }
    }
}