{
    "confidence_score": 0.4511013627052307,
    "ptm": 0.14424411952495575,
    "iptm": 0.0,
    "ligand_iptm": 0.0,
    "protein_iptm": 0.0,
    "complex_plddt": 0.5638766884803772,
    "complex_iplddt": 0.0,
    "complex_pde": 2.070835828781128,
    "complex_ipde": 0.0,
    "chains_ptm": {
        "0": 0.14424411952495575
    },
    "pair_chains_iptm": {
        "0": {
            "0": 0.14424411952495575
        }
    }
}