{
    "confidence_score": 0.7545791864395142,
    "ptm": 0.9515372514724731,
    "iptm": 0.0,
    "ligand_iptm": 0.0,
    "protein_iptm": 0.0,
    "complex_plddt": 0.9432239532470703,
    "complex_iplddt": 0.0,
    "complex_pde": 0.3077792823314667,
    "complex_ipde": 0.0,
    "chains_ptm": {
        "0": 0.9515372514724731
    },
    "pair_chains_iptm": {
        "0": {
            "0": 0.9515372514724731
        }
    }
}