{
    "confidence_score": 0.7193882465362549,
    "ptm": 0.9388681650161743,
    "iptm": 0.0,
    "ligand_iptm": 0.0,
    "protein_iptm": 0.0,
    "complex_plddt": 0.8992353081703186,
    "complex_iplddt": 0.0,
    "complex_pde": 0.3802194893360138,
    "complex_ipde": 0.0,
    "chains_ptm": {
        "0": 0.9388681650161743
    },
    "pair_chains_iptm": {
        "0": {
            "0": 0.9388681650161743
        }
    }
}