{
    "confidence_score": 0.761339545249939,
    "ptm": 0.921460747718811,
    "iptm": 0.0,
    "ligand_iptm": 0.0,
    "protein_iptm": 0.0,
    "complex_plddt": 0.9516744017601013,
    "complex_iplddt": 0.0,
    "complex_pde": 0.3233049511909485,
    "complex_ipde": 0.0,
    "chains_ptm": {
        "0": 0.921460747718811
    },
    "pair_chains_iptm": {
        "0": {
            "0": 0.921460747718811
        }
    }
}