{
    "confidence_score": 0.7304370999336243,
    "ptm": 0.9066321849822998,
    "iptm": 0.0,
    "ligand_iptm": 0.0,
    "protein_iptm": 0.0,
    "complex_plddt": 0.9130463600158691,
    "complex_iplddt": 0.0,
    "complex_pde": 0.4214271903038025,
    "complex_ipde": 0.0,
    "chains_ptm": {
        "0": 0.9066321849822998
    },
    "pair_chains_iptm": {
        "0": {
            "0": 0.9066321849822998
        }
    }
}