{
    "confidence_score": 0.5925633311271667,
    "ptm": 0.6348268985748291,
    "iptm": 0.0,
    "ligand_iptm": 0.0,
    "protein_iptm": 0.0,
    "complex_plddt": 0.7407041192054749,
    "complex_iplddt": 0.0,
    "complex_pde": 0.7011284232139587,
    "complex_ipde": 0.0,
    "chains_ptm": {
        "0": 0.6348268985748291
    },
    "pair_chains_iptm": {
        "0": {
            "0": 0.6348268985748291
        }
    }
}