{
    "confidence_score": 0.6433044075965881,
    "ptm": 0.8213902115821838,
    "iptm": 0.0,
    "ligand_iptm": 0.0,
    "protein_iptm": 0.0,
    "complex_plddt": 0.804130494594574,
    "complex_iplddt": 0.0,
    "complex_pde": 0.9596242904663086,
    "complex_ipde": 0.0,
    "chains_ptm": {
        "0": 0.8213902115821838
    },
    "pair_chains_iptm": {
        "0": {
            "0": 0.8213902115821838
        }
    }
}