{
    "plddts": {
        "model_1_pred_0": 80.91898911920762,
        "model_2_pred_0": 80.73093022846716,
        "model_3_pred_0": 82.5352988246817,
        "model_4_pred_0": 80.83583899287336,
        "model_5_pred_0": 79.17323043540091
    },
    "order": [
        "model_3_pred_0",
        "model_1_pred_0",
        "model_4_pred_0",
        "model_2_pred_0",
        "model_5_pred_0"
    ]
}