{
    "confidence_score": 0.7552627325057983,
    "ptm": 0.9291632175445557,
    "iptm": 0.0,
    "ligand_iptm": 0.0,
    "protein_iptm": 0.0,
    "complex_plddt": 0.9440783858299255,
    "complex_iplddt": 0.0,
    "complex_pde": 0.37162867188453674,
    "complex_ipde": 0.0,
    "chains_ptm": {
        "0": 0.9291632175445557
    },
    "pair_chains_iptm": {
        "0": {
            "0": 0.9291632175445557
        }
    }
}