{
    "confidence_score": 0.5715844631195068,
    "ptm": 0.7594622373580933,
    "iptm": 0.0,
    "ligand_iptm": 0.0,
    "protein_iptm": 0.0,
    "complex_plddt": 0.7144805788993835,
    "complex_iplddt": 0.0,
    "complex_pde": 0.9251965880393982,
    "complex_ipde": 0.0,
    "chains_ptm": {
        "0": 0.7594622373580933
    },
    "pair_chains_iptm": {
        "0": {
            "0": 0.7594622373580933
        }
    }
}