{
    "confidence_score": 0.5667194724082947,
    "ptm": 0.4538501501083374,
    "iptm": 0.0,
    "ligand_iptm": 0.0,
    "protein_iptm": 0.0,
    "complex_plddt": 0.7083993554115295,
    "complex_iplddt": 0.0,
    "complex_pde": 1.297576665878296,
    "complex_ipde": 0.0,
    "chains_ptm": {
        "0": 0.4538501501083374
    },
    "pair_chains_iptm": {
        "0": {
            "0": 0.4538501501083374
        }
    }
}