{
    "plddts": {
        "model_1_pred_0": 33.53632161156739,
        "model_2_pred_0": 29.605791805678788,
        "model_3_pred_0": 30.260915982327443,
        "model_4_pred_0": 31.04408624039561,
        "model_5_pred_0": 23.83162496352718
    },
    "order": [
        "model_1_pred_0",
        "model_4_pred_0",
        "model_3_pred_0",
        "model_2_pred_0",
        "model_5_pred_0"
    ]
}