{
    "confidence_score": 0.6162516474723816,
    "ptm": 0.5519326329231262,
    "iptm": 0.0,
    "ligand_iptm": 0.0,
    "protein_iptm": 0.0,
    "complex_plddt": 0.7703145146369934,
    "complex_iplddt": 0.0,
    "complex_pde": 0.9882096648216248,
    "complex_ipde": 0.0,
    "chains_ptm": {
        "0": 0.5519326329231262
    },
    "pair_chains_iptm": {
        "0": {
            "0": 0.5519326329231262
        }
    }
}