{
    "confidence_score": 0.6627334952354431,
    "ptm": 0.8111792206764221,
    "iptm": 0.0,
    "ligand_iptm": 0.0,
    "protein_iptm": 0.0,
    "complex_plddt": 0.8284168839454651,
    "complex_iplddt": 0.0,
    "complex_pde": 0.7862440347671509,
    "complex_ipde": 0.0,
    "chains_ptm": {
        "0": 0.8111792206764221
    },
    "pair_chains_iptm": {
        "0": {
            "0": 0.8111792206764221
        }
    }
}