{
    "confidence_score": 0.7066091299057007,
    "ptm": 0.9092448353767395,
    "iptm": 0.0,
    "ligand_iptm": 0.0,
    "protein_iptm": 0.0,
    "complex_plddt": 0.8832613825798035,
    "complex_iplddt": 0.0,
    "complex_pde": 0.6653989553451538,
    "complex_ipde": 0.0,
    "chains_ptm": {
        "0": 0.9092448353767395
    },
    "pair_chains_iptm": {
        "0": {
            "0": 0.9092448353767395
        }
    }
}