{
    "confidence_score": 0.5885952711105347,
    "ptm": 0.8283847570419312,
    "iptm": 0.0,
    "ligand_iptm": 0.0,
    "protein_iptm": 0.0,
    "complex_plddt": 0.735744059085846,
    "complex_iplddt": 0.0,
    "complex_pde": 1.0680007934570312,
    "complex_ipde": 0.0,
    "chains_ptm": {
        "0": 0.8283847570419312
    },
    "pair_chains_iptm": {
        "0": {
            "0": 0.8283847570419312
        }
    }
}