{
    "confidence_score": 0.635795533657074,
    "ptm": 0.864442765712738,
    "iptm": 0.0,
    "ligand_iptm": 0.0,
    "protein_iptm": 0.0,
    "complex_plddt": 0.7947443723678589,
    "complex_iplddt": 0.0,
    "complex_pde": 0.5691059231758118,
    "complex_ipde": 0.0,
    "chains_ptm": {
        "0": 0.864442765712738
    },
    "pair_chains_iptm": {
        "0": {
            "0": 0.864442765712738
        }
    }
}