{
    "confidence_score": 0.7245121002197266,
    "ptm": 0.9097602963447571,
    "iptm": 0.0,
    "ligand_iptm": 0.0,
    "protein_iptm": 0.0,
    "complex_plddt": 0.9056401252746582,
    "complex_iplddt": 0.0,
    "complex_pde": 0.4025029242038727,
    "complex_ipde": 0.0,
    "chains_ptm": {
        "0": 0.9097602963447571
    },
    "pair_chains_iptm": {
        "0": {
            "0": 0.9097602963447571
        }
    }
}