{
    "confidence_score": 0.5422644019126892,
    "ptm": 0.5424802303314209,
    "iptm": 0.0,
    "ligand_iptm": 0.0,
    "protein_iptm": 0.0,
    "complex_plddt": 0.6778304576873779,
    "complex_iplddt": 0.0,
    "complex_pde": 1.2783175706863403,
    "complex_ipde": 0.0,
    "chains_ptm": {
        "0": 0.5424802303314209
    },
    "pair_chains_iptm": {
        "0": {
            "0": 0.5424802303314209
        }
    }
}