{
    "confidence_score": 0.6587039828300476,
    "ptm": 0.8439376950263977,
    "iptm": 0.0,
    "ligand_iptm": 0.0,
    "protein_iptm": 0.0,
    "complex_plddt": 0.8233799338340759,
    "complex_iplddt": 0.0,
    "complex_pde": 0.8166619539260864,
    "complex_ipde": 0.0,
    "chains_ptm": {
        "0": 0.8439376950263977
    },
    "pair_chains_iptm": {
        "0": {
            "0": 0.8439376950263977
        }
    }
}