{
    "confidence_score": 0.45195767283439636,
    "ptm": 0.2953736186027527,
    "iptm": 0.0,
    "ligand_iptm": 0.0,
    "protein_iptm": 0.0,
    "complex_plddt": 0.5649470686912537,
    "complex_iplddt": 0.0,
    "complex_pde": 3.9626688957214355,
    "complex_ipde": 0.0,
    "chains_ptm": {
        "0": 0.2953736186027527
    },
    "pair_chains_iptm": {
        "0": {
            "0": 0.2953736186027527
        }
    }
}