{
    "confidence_score": 0.6984679102897644,
    "ptm": 0.8945836424827576,
    "iptm": 0.0,
    "ligand_iptm": 0.0,
    "protein_iptm": 0.0,
    "complex_plddt": 0.8730848431587219,
    "complex_iplddt": 0.0,
    "complex_pde": 0.5273125171661377,
    "complex_ipde": 0.0,
    "chains_ptm": {
        "0": 0.8945836424827576
    },
    "pair_chains_iptm": {
        "0": {
            "0": 0.8945836424827576
        }
    }
}