{
    "confidence_score": 0.5788209438323975,
    "ptm": 0.6180304884910583,
    "iptm": 0.0,
    "ligand_iptm": 0.0,
    "protein_iptm": 0.0,
    "complex_plddt": 0.7235261797904968,
    "complex_iplddt": 0.0,
    "complex_pde": 1.585775375366211,
    "complex_ipde": 0.0,
    "chains_ptm": {
        "0": 0.6180304884910583
    },
    "pair_chains_iptm": {
        "0": {
            "0": 0.6180304884910583
        }
    }
}