{
    "confidence_score": 0.7152815461158752,
    "ptm": 0.9193208813667297,
    "iptm": 0.0,
    "ligand_iptm": 0.0,
    "protein_iptm": 0.0,
    "complex_plddt": 0.8941019177436829,
    "complex_iplddt": 0.0,
    "complex_pde": 0.36047494411468506,
    "complex_ipde": 0.0,
    "chains_ptm": {
        "0": 0.9193208813667297
    },
    "pair_chains_iptm": {
        "0": {
            "0": 0.9193208813667297
        }
    }
}