{
    "confidence_score": 0.683630645275116,
    "ptm": 0.8806777000427246,
    "iptm": 0.0,
    "ligand_iptm": 0.0,
    "protein_iptm": 0.0,
    "complex_plddt": 0.8545382618904114,
    "complex_iplddt": 0.0,
    "complex_pde": 0.5890184640884399,
    "complex_ipde": 0.0,
    "chains_ptm": {
        "0": 0.8806777000427246
    },
    "pair_chains_iptm": {
        "0": {
            "0": 0.8806777000427246
        }
    }
}