{
    "confidence_score": 0.7388121485710144,
    "ptm": 0.9544739127159119,
    "iptm": 0.0,
    "ligand_iptm": 0.0,
    "protein_iptm": 0.0,
    "complex_plddt": 0.9235152006149292,
    "complex_iplddt": 0.0,
    "complex_pde": 0.3260444402694702,
    "complex_ipde": 0.0,
    "chains_ptm": {
        "0": 0.9544739127159119
    },
    "pair_chains_iptm": {
        "0": {
            "0": 0.9544739127159119
        }
    }
}