{
    "confidence_score": 0.6549753546714783,
    "ptm": 0.27281883358955383,
    "iptm": 0.0,
    "ligand_iptm": 0.0,
    "protein_iptm": 0.0,
    "complex_plddt": 0.8187191486358643,
    "complex_iplddt": 0.0,
    "complex_pde": 1.809976577758789,
    "complex_ipde": 0.0,
    "chains_ptm": {
        "0": 0.27281883358955383
    },
    "pair_chains_iptm": {
        "0": {
            "0": 0.27281883358955383
        }
    }
}