{
    "confidence_score": 0.7177602648735046,
    "ptm": 0.9002499580383301,
    "iptm": 0.0,
    "ligand_iptm": 0.0,
    "protein_iptm": 0.0,
    "complex_plddt": 0.897200345993042,
    "complex_iplddt": 0.0,
    "complex_pde": 0.5296808481216431,
    "complex_ipde": 0.0,
    "chains_ptm": {
        "0": 0.9002499580383301
    },
    "pair_chains_iptm": {
        "0": {
            "0": 0.9002499580383301
        }
    }
}