{
    "confidence_score": 0.7332106232643127,
    "ptm": 0.869066059589386,
    "iptm": 0.0,
    "ligand_iptm": 0.0,
    "protein_iptm": 0.0,
    "complex_plddt": 0.9165132641792297,
    "complex_iplddt": 0.0,
    "complex_pde": 0.3585549294948578,
    "complex_ipde": 0.0,
    "chains_ptm": {
        "0": 0.869066059589386
    },
    "pair_chains_iptm": {
        "0": {
            "0": 0.869066059589386
        }
    }
}