{
    "confidence_score": 0.7413913011550903,
    "ptm": 0.8886054754257202,
    "iptm": 0.0,
    "ligand_iptm": 0.0,
    "protein_iptm": 0.0,
    "complex_plddt": 0.9267390966415405,
    "complex_iplddt": 0.0,
    "complex_pde": 0.3908761143684387,
    "complex_ipde": 0.0,
    "chains_ptm": {
        "0": 0.8886054754257202
    },
    "pair_chains_iptm": {
        "0": {
            "0": 0.8886054754257202
        }
    }
}