{
    "confidence_score": 0.7373371124267578,
    "ptm": 0.9331657886505127,
    "iptm": 0.0,
    "ligand_iptm": 0.0,
    "protein_iptm": 0.0,
    "complex_plddt": 0.9216713905334473,
    "complex_iplddt": 0.0,
    "complex_pde": 0.3616272807121277,
    "complex_ipde": 0.0,
    "chains_ptm": {
        "0": 0.9331657886505127
    },
    "pair_chains_iptm": {
        "0": {
            "0": 0.9331657886505127
        }
    }
}