{
    "confidence_score": 0.7181833982467651,
    "ptm": 0.8491166830062866,
    "iptm": 0.0,
    "ligand_iptm": 0.0,
    "protein_iptm": 0.0,
    "complex_plddt": 0.897729218006134,
    "complex_iplddt": 0.0,
    "complex_pde": 0.6467743515968323,
    "complex_ipde": 0.0,
    "chains_ptm": {
        "0": 0.8491166830062866
    },
    "pair_chains_iptm": {
        "0": {
            "0": 0.8491166830062866
        }
    }
}