{
    "confidence_score": 0.6343898177146912,
    "ptm": 0.8225213289260864,
    "iptm": 0.0,
    "ligand_iptm": 0.0,
    "protein_iptm": 0.0,
    "complex_plddt": 0.7929872870445251,
    "complex_iplddt": 0.0,
    "complex_pde": 0.6129875779151917,
    "complex_ipde": 0.0,
    "chains_ptm": {
        "0": 0.8225213289260864
    },
    "pair_chains_iptm": {
        "0": {
            "0": 0.8225213289260864
        }
    }
}