{
    "plddts": {
        "model_1_pred_0": 79.22508215779955,
        "model_2_pred_0": 77.74643660158817,
        "model_3_pred_0": 77.82289751309276,
        "model_4_pred_0": 79.05510214922886,
        "model_5_pred_0": 76.99458437551755
    },
    "order": [
        "model_1_pred_0",
        "model_4_pred_0",
        "model_3_pred_0",
        "model_2_pred_0",
        "model_5_pred_0"
    ]
}