{
    "features": 6334.7000942230225,
    "process_features_model_1_pred_0": 12.376687049865723,
    "predict_and_compile_model_1_pred_0": 393.38475155830383,
    "process_features_model_2_pred_0": 11.838084936141968,
    "predict_and_compile_model_2_pred_0": 355.5258905887604,
    "process_features_model_3_pred_0": 13.178365707397461,
    "predict_and_compile_model_3_pred_0": 329.9922728538513,
    "process_features_model_4_pred_0": 11.82532548904419,
    "predict_and_compile_model_4_pred_0": 330.51468110084534,
    "process_features_model_5_pred_0": 11.91310977935791,
    "predict_and_compile_model_5_pred_0": 304.93693232536316,
    "relax_model_1_pred_0": 80.88715648651123
}