{
    "confidence_score": 0.6466624140739441,
    "ptm": 0.6783715486526489,
    "iptm": 0.0,
    "ligand_iptm": 0.0,
    "protein_iptm": 0.0,
    "complex_plddt": 0.8083279728889465,
    "complex_iplddt": 0.0,
    "complex_pde": 0.9619284868240356,
    "complex_ipde": 0.0,
    "chains_ptm": {
        "0": 0.6783715486526489
    },
    "pair_chains_iptm": {
        "0": {
            "0": 0.6783715486526489
        }
    }
}