{
    "confidence_score": 0.7104849219322205,
    "ptm": 0.8032311797142029,
    "iptm": 0.0,
    "ligand_iptm": 0.0,
    "protein_iptm": 0.0,
    "complex_plddt": 0.888106107711792,
    "complex_iplddt": 0.0,
    "complex_pde": 0.5930389165878296,
    "complex_ipde": 0.0,
    "chains_ptm": {
        "0": 0.8032311797142029
    },
    "pair_chains_iptm": {
        "0": {
            "0": 0.8032311797142029
        }
    }
}