{
    "confidence_score": 0.621644914150238,
    "ptm": 0.668962836265564,
    "iptm": 0.0,
    "ligand_iptm": 0.0,
    "protein_iptm": 0.0,
    "complex_plddt": 0.777056097984314,
    "complex_iplddt": 0.0,
    "complex_pde": 1.742214322090149,
    "complex_ipde": 0.0,
    "chains_ptm": {
        "0": 0.668962836265564
    },
    "pair_chains_iptm": {
        "0": {
            "0": 0.668962836265564
        }
    }
}