{
    "features": 6994.86438202858,
    "process_features_model_1_pred_0": 7.574842929840088,
    "predict_and_compile_model_1_pred_0": 369.88974046707153,
    "process_features_model_2_pred_0": 7.670274496078491,
    "predict_and_compile_model_2_pred_0": 337.41913080215454,
    "process_features_model_3_pred_0": 7.359845161437988,
    "predict_and_compile_model_3_pred_0": 309.4654903411865,
    "process_features_model_4_pred_0": 7.1949622631073,
    "predict_and_compile_model_4_pred_0": 307.12438130378723,
    "process_features_model_5_pred_0": 6.900856018066406,
    "predict_and_compile_model_5_pred_0": 285.2666702270508,
    "relax_model_1_pred_0": 64.79824209213257
}