{
    "confidence_score": 0.6955193877220154,
    "ptm": 0.8481795191764832,
    "iptm": 0.0,
    "ligand_iptm": 0.0,
    "protein_iptm": 0.0,
    "complex_plddt": 0.8693992495536804,
    "complex_iplddt": 0.0,
    "complex_pde": 0.7057613730430603,
    "complex_ipde": 0.0,
    "chains_ptm": {
        "0": 0.8481795191764832
    },
    "pair_chains_iptm": {
        "0": {
            "0": 0.8481795191764832
        }
    }
}