{
    "confidence_score": 0.5123539566993713,
    "ptm": 0.7118309140205383,
    "iptm": 0.0,
    "ligand_iptm": 0.0,
    "protein_iptm": 0.0,
    "complex_plddt": 0.640442430973053,
    "complex_iplddt": 0.0,
    "complex_pde": 0.7375756502151489,
    "complex_ipde": 0.0,
    "chains_ptm": {
        "0": 0.7118309140205383
    },
    "pair_chains_iptm": {
        "0": {
            "0": 0.7118309140205383
        }
    }
}