{
    "confidence_score": 0.4338100850582123,
    "ptm": 0.2131929099559784,
    "iptm": 0.0,
    "ligand_iptm": 0.0,
    "protein_iptm": 0.0,
    "complex_plddt": 0.542262613773346,
    "complex_iplddt": 0.0,
    "complex_pde": 3.765308380126953,
    "complex_ipde": 0.0,
    "chains_ptm": {
        "0": 0.2131929099559784
    },
    "pair_chains_iptm": {
        "0": {
            "0": 0.2131929099559784
        }
    }
}