{
    "confidence_score": 0.6798897385597229,
    "ptm": 0.6507409811019897,
    "iptm": 0.0,
    "ligand_iptm": 0.0,
    "protein_iptm": 0.0,
    "complex_plddt": 0.8498621582984924,
    "complex_iplddt": 0.0,
    "complex_pde": 0.7880284190177917,
    "complex_ipde": 0.0,
    "chains_ptm": {
        "0": 0.6507409811019897
    },
    "pair_chains_iptm": {
        "0": {
            "0": 0.6507409811019897
        }
    }
}