{
    "confidence_score": 0.6815045475959778,
    "ptm": 0.8576212525367737,
    "iptm": 0.0,
    "ligand_iptm": 0.0,
    "protein_iptm": 0.0,
    "complex_plddt": 0.851880669593811,
    "complex_iplddt": 0.0,
    "complex_pde": 0.5377629995346069,
    "complex_ipde": 0.0,
    "chains_ptm": {
        "0": 0.8576212525367737
    },
    "pair_chains_iptm": {
        "0": {
            "0": 0.8576212525367737
        }
    }
}