{
    "confidence_score": 0.763768196105957,
    "ptm": 0.9511836767196655,
    "iptm": 0.0,
    "ligand_iptm": 0.0,
    "protein_iptm": 0.0,
    "complex_plddt": 0.9547102451324463,
    "complex_iplddt": 0.0,
    "complex_pde": 0.3096155524253845,
    "complex_ipde": 0.0,
    "chains_ptm": {
        "0": 0.9511836767196655
    },
    "pair_chains_iptm": {
        "0": {
            "0": 0.9511836767196655
        }
    }
}