{
    "confidence_score": 0.4815933406352997,
    "ptm": 0.3476395606994629,
    "iptm": 0.0,
    "ligand_iptm": 0.0,
    "protein_iptm": 0.0,
    "complex_plddt": 0.6019916534423828,
    "complex_iplddt": 0.0,
    "complex_pde": 1.7552067041397095,
    "complex_ipde": 0.0,
    "chains_ptm": {
        "0": 0.3476395606994629
    },
    "pair_chains_iptm": {
        "0": {
            "0": 0.3476395606994629
        }
    }
}