{
    "plddts": {
        "model_1_pred_0": 84.22287419696944,
        "model_2_pred_0": 82.77881372417305,
        "model_3_pred_0": 85.13775656730252,
        "model_4_pred_0": 85.26358063908778,
        "model_5_pred_0": 84.49853375330524
    },
    "order": [
        "model_4_pred_0",
        "model_3_pred_0",
        "model_5_pred_0",
        "model_1_pred_0",
        "model_2_pred_0"
    ]
}