{
    "confidence_score": 0.7041301131248474,
    "ptm": 0.8998453617095947,
    "iptm": 0.0,
    "ligand_iptm": 0.0,
    "protein_iptm": 0.0,
    "complex_plddt": 0.8801625967025757,
    "complex_iplddt": 0.0,
    "complex_pde": 0.503652811050415,
    "complex_ipde": 0.0,
    "chains_ptm": {
        "0": 0.8998453617095947
    },
    "pair_chains_iptm": {
        "0": {
            "0": 0.8998453617095947
        }
    }
}