{
    "confidence_score": 0.7110867500305176,
    "ptm": 0.9417276978492737,
    "iptm": 0.0,
    "ligand_iptm": 0.0,
    "protein_iptm": 0.0,
    "complex_plddt": 0.888858437538147,
    "complex_iplddt": 0.0,
    "complex_pde": 0.33131691813468933,
    "complex_ipde": 0.0,
    "chains_ptm": {
        "0": 0.9417276978492737
    },
    "pair_chains_iptm": {
        "0": {
            "0": 0.9417276978492737
        }
    }
}