{
    "confidence_score": 0.4971430003643036,
    "ptm": 0.28549253940582275,
    "iptm": 0.0,
    "ligand_iptm": 0.0,
    "protein_iptm": 0.0,
    "complex_plddt": 0.6214287281036377,
    "complex_iplddt": 0.0,
    "complex_pde": 1.9684948921203613,
    "complex_ipde": 0.0,
    "chains_ptm": {
        "0": 0.28549253940582275
    },
    "pair_chains_iptm": {
        "0": {
            "0": 0.28549253940582275
        }
    }
}