{
    "confidence_score": 0.5853404998779297,
    "ptm": 0.4893915057182312,
    "iptm": 0.0,
    "ligand_iptm": 0.0,
    "protein_iptm": 0.0,
    "complex_plddt": 0.7316756248474121,
    "complex_iplddt": 0.0,
    "complex_pde": 1.2036105394363403,
    "complex_ipde": 0.0,
    "chains_ptm": {
        "0": 0.4893915057182312
    },
    "pair_chains_iptm": {
        "0": {
            "0": 0.4893915057182312
        }
    }
}