{
    "confidence_score": 0.6061450839042664,
    "ptm": 0.3792979419231415,
    "iptm": 0.0,
    "ligand_iptm": 0.0,
    "protein_iptm": 0.0,
    "complex_plddt": 0.7576813101768494,
    "complex_iplddt": 0.0,
    "complex_pde": 0.7863428592681885,
    "complex_ipde": 0.0,
    "chains_ptm": {
        "0": 0.3792979419231415
    },
    "pair_chains_iptm": {
        "0": {
            "0": 0.3792979419231415
        }
    }
}