{
    "confidence_score": 0.5249106287956238,
    "ptm": 0.42599961161613464,
    "iptm": 0.0,
    "ligand_iptm": 0.0,
    "protein_iptm": 0.0,
    "complex_plddt": 0.6561383008956909,
    "complex_iplddt": 0.0,
    "complex_pde": 1.1284399032592773,
    "complex_ipde": 0.0,
    "chains_ptm": {
        "0": 0.42599961161613464
    },
    "pair_chains_iptm": {
        "0": {
            "0": 0.42599961161613464
        }
    }
}