{
    "confidence_score": 0.5673410296440125,
    "ptm": 0.6085852384567261,
    "iptm": 0.0,
    "ligand_iptm": 0.0,
    "protein_iptm": 0.0,
    "complex_plddt": 0.709176242351532,
    "complex_iplddt": 0.0,
    "complex_pde": 1.7506370544433594,
    "complex_ipde": 0.0,
    "chains_ptm": {
        "0": 0.6085852384567261
    },
    "pair_chains_iptm": {
        "0": {
            "0": 0.6085852384567261
        }
    }
}