{
    "confidence_score": 0.6378183960914612,
    "ptm": 0.8351250290870667,
    "iptm": 0.0,
    "ligand_iptm": 0.0,
    "protein_iptm": 0.0,
    "complex_plddt": 0.7972729802131653,
    "complex_iplddt": 0.0,
    "complex_pde": 0.6051070094108582,
    "complex_ipde": 0.0,
    "chains_ptm": {
        "0": 0.8351250290870667
    },
    "pair_chains_iptm": {
        "0": {
            "0": 0.8351250290870667
        }
    }
}