{
    "confidence_score": 0.606870174407959,
    "ptm": 0.8022441864013672,
    "iptm": 0.0,
    "ligand_iptm": 0.0,
    "protein_iptm": 0.0,
    "complex_plddt": 0.7585877180099487,
    "complex_iplddt": 0.0,
    "complex_pde": 0.5801627039909363,
    "complex_ipde": 0.0,
    "chains_ptm": {
        "0": 0.8022441864013672
    },
    "pair_chains_iptm": {
        "0": {
            "0": 0.8022441864013672
        }
    }
}