{
    "confidence_score": 0.6460424661636353,
    "ptm": 0.8216714859008789,
    "iptm": 0.0,
    "ligand_iptm": 0.0,
    "protein_iptm": 0.0,
    "complex_plddt": 0.8075530529022217,
    "complex_iplddt": 0.0,
    "complex_pde": 0.7665231227874756,
    "complex_ipde": 0.0,
    "chains_ptm": {
        "0": 0.8216714859008789
    },
    "pair_chains_iptm": {
        "0": {
            "0": 0.8216714859008789
        }
    }
}