{
    "confidence_score": 0.7500023245811462,
    "ptm": 0.9443715214729309,
    "iptm": 0.0,
    "ligand_iptm": 0.0,
    "protein_iptm": 0.0,
    "complex_plddt": 0.9375028610229492,
    "complex_iplddt": 0.0,
    "complex_pde": 0.3393944501876831,
    "complex_ipde": 0.0,
    "chains_ptm": {
        "0": 0.9443715214729309
    },
    "pair_chains_iptm": {
        "0": {
            "0": 0.9443715214729309
        }
    }
}