{
    "confidence_score": 0.3740265369415283,
    "ptm": 0.3060297667980194,
    "iptm": 0.0,
    "ligand_iptm": 0.0,
    "protein_iptm": 0.0,
    "complex_plddt": 0.4675331711769104,
    "complex_iplddt": 0.0,
    "complex_pde": 3.1775712966918945,
    "complex_ipde": 0.0,
    "chains_ptm": {
        "0": 0.3060297667980194
    },
    "pair_chains_iptm": {
        "0": {
            "0": 0.3060297667980194
        }
    }
}