{
    "confidence_score": 0.6396144032478333,
    "ptm": 0.8561503887176514,
    "iptm": 0.0,
    "ligand_iptm": 0.0,
    "protein_iptm": 0.0,
    "complex_plddt": 0.7995179891586304,
    "complex_iplddt": 0.0,
    "complex_pde": 0.6097080111503601,
    "complex_ipde": 0.0,
    "chains_ptm": {
        "0": 0.8561503887176514
    },
    "pair_chains_iptm": {
        "0": {
            "0": 0.8561503887176514
        }
    }
}