{
    "confidence_score": 0.6255236268043518,
    "ptm": 0.8040415644645691,
    "iptm": 0.0,
    "ligand_iptm": 0.0,
    "protein_iptm": 0.0,
    "complex_plddt": 0.7819045186042786,
    "complex_iplddt": 0.0,
    "complex_pde": 1.1285200119018555,
    "complex_ipde": 0.0,
    "chains_ptm": {
        "0": 0.8040415644645691
    },
    "pair_chains_iptm": {
        "0": {
            "0": 0.8040415644645691
        }
    }
}