{
    "confidence_score": 0.7043495178222656,
    "ptm": 0.9083693027496338,
    "iptm": 0.0,
    "ligand_iptm": 0.0,
    "protein_iptm": 0.0,
    "complex_plddt": 0.880436897277832,
    "complex_iplddt": 0.0,
    "complex_pde": 0.5443192720413208,
    "complex_ipde": 0.0,
    "chains_ptm": {
        "0": 0.9083693027496338
    },
    "pair_chains_iptm": {
        "0": {
            "0": 0.9083693027496338
        }
    }
}