{
    "confidence_score": 0.6857680082321167,
    "ptm": 0.7937015891075134,
    "iptm": 0.0,
    "ligand_iptm": 0.0,
    "protein_iptm": 0.0,
    "complex_plddt": 0.8572099804878235,
    "complex_iplddt": 0.0,
    "complex_pde": 0.5670554637908936,
    "complex_ipde": 0.0,
    "chains_ptm": {
        "0": 0.7937015891075134
    },
    "pair_chains_iptm": {
        "0": {
            "0": 0.7937015891075134
        }
    }
}