{
    "confidence_score": 0.6683267951011658,
    "ptm": 0.7888764142990112,
    "iptm": 0.0,
    "ligand_iptm": 0.0,
    "protein_iptm": 0.0,
    "complex_plddt": 0.8354084491729736,
    "complex_iplddt": 0.0,
    "complex_pde": 0.6048505306243896,
    "complex_ipde": 0.0,
    "chains_ptm": {
        "0": 0.7888764142990112
    },
    "pair_chains_iptm": {
        "0": {
            "0": 0.7888764142990112
        }
    }
}