{
    "confidence_score": 0.6441940665245056,
    "ptm": 0.7164785861968994,
    "iptm": 0.0,
    "ligand_iptm": 0.0,
    "protein_iptm": 0.0,
    "complex_plddt": 0.8052425980567932,
    "complex_iplddt": 0.0,
    "complex_pde": 0.9348407983779907,
    "complex_ipde": 0.0,
    "chains_ptm": {
        "0": 0.7164785861968994
    },
    "pair_chains_iptm": {
        "0": {
            "0": 0.7164785861968994
        }
    }
}