{
    "confidence_score": 0.4493531286716461,
    "ptm": 0.4889100193977356,
    "iptm": 0.0,
    "ligand_iptm": 0.0,
    "protein_iptm": 0.0,
    "complex_plddt": 0.561691403388977,
    "complex_iplddt": 0.0,
    "complex_pde": 2.4103825092315674,
    "complex_ipde": 0.0,
    "chains_ptm": {
        "0": 0.4889100193977356
    },
    "pair_chains_iptm": {
        "0": {
            "0": 0.4889100193977356
        }
    }
}