{
    "confidence_score": 0.6704637408256531,
    "ptm": 0.7418471574783325,
    "iptm": 0.0,
    "ligand_iptm": 0.0,
    "protein_iptm": 0.0,
    "complex_plddt": 0.8380796909332275,
    "complex_iplddt": 0.0,
    "complex_pde": 0.7408586144447327,
    "complex_ipde": 0.0,
    "chains_ptm": {
        "0": 0.7418471574783325
    },
    "pair_chains_iptm": {
        "0": {
            "0": 0.7418471574783325
        }
    }
}