{
    "confidence_score": 0.7034949064254761,
    "ptm": 0.8829671144485474,
    "iptm": 0.0,
    "ligand_iptm": 0.0,
    "protein_iptm": 0.0,
    "complex_plddt": 0.8793686032295227,
    "complex_iplddt": 0.0,
    "complex_pde": 0.4916791617870331,
    "complex_ipde": 0.0,
    "chains_ptm": {
        "0": 0.8829671144485474
    },
    "pair_chains_iptm": {
        "0": {
            "0": 0.8829671144485474
        }
    }
}