{
    "plddts": {
        "model_1_pred_0": 82.95562531988122,
        "model_2_pred_0": 82.7948885008089,
        "model_3_pred_0": 83.81672383607437,
        "model_4_pred_0": 84.32156720758879,
        "model_5_pred_0": 83.62884045182085
    },
    "order": [
        "model_4_pred_0",
        "model_3_pred_0",
        "model_5_pred_0",
        "model_1_pred_0",
        "model_2_pred_0"
    ]
}