{
    "features": 4722.259652853012,
    "process_features_model_1_pred_0": 11.843707084655762,
    "predict_and_compile_model_1_pred_0": 283.4932327270508,
    "process_features_model_2_pred_0": 12.283121824264526,
    "predict_and_compile_model_2_pred_0": 254.64303588867188,
    "process_features_model_3_pred_0": 11.702005863189697,
    "predict_and_compile_model_3_pred_0": 232.64069962501526,
    "process_features_model_4_pred_0": 11.797753095626831,
    "predict_and_compile_model_4_pred_0": 231.28029012680054,
    "process_features_model_5_pred_0": 12.186758756637573,
    "predict_and_compile_model_5_pred_0": 213.9313886165619,
    "relax_model_4_pred_0": 41.45330476760864
}