{
    "confidence_score": 0.736050009727478,
    "ptm": 0.9186187386512756,
    "iptm": 0.0,
    "ligand_iptm": 0.0,
    "protein_iptm": 0.0,
    "complex_plddt": 0.9200624823570251,
    "complex_iplddt": 0.0,
    "complex_pde": 0.371432900428772,
    "complex_ipde": 0.0,
    "chains_ptm": {
        "0": 0.9186187386512756
    },
    "pair_chains_iptm": {
        "0": {
            "0": 0.9186187386512756
        }
    }
}