{
    "confidence_score": 0.5087316632270813,
    "ptm": 0.45672842860221863,
    "iptm": 0.0,
    "ligand_iptm": 0.0,
    "protein_iptm": 0.0,
    "complex_plddt": 0.6359145641326904,
    "complex_iplddt": 0.0,
    "complex_pde": 2.14145827293396,
    "complex_ipde": 0.0,
    "chains_ptm": {
        "0": 0.45672842860221863
    },
    "pair_chains_iptm": {
        "0": {
            "0": 0.45672842860221863
        }
    }
}