{
    "confidence_score": 0.6437320113182068,
    "ptm": 0.48331812024116516,
    "iptm": 0.0,
    "ligand_iptm": 0.0,
    "protein_iptm": 0.0,
    "complex_plddt": 0.8046650290489197,
    "complex_iplddt": 0.0,
    "complex_pde": 1.4893851280212402,
    "complex_ipde": 0.0,
    "chains_ptm": {
        "0": 0.48331812024116516
    },
    "pair_chains_iptm": {
        "0": {
            "0": 0.48331812024116516
        }
    }
}