{
    "confidence_score": 0.7491846084594727,
    "ptm": 0.9474523663520813,
    "iptm": 0.0,
    "ligand_iptm": 0.0,
    "protein_iptm": 0.0,
    "complex_plddt": 0.9364807605743408,
    "complex_iplddt": 0.0,
    "complex_pde": 0.3496355414390564,
    "complex_ipde": 0.0,
    "chains_ptm": {
        "0": 0.9474523663520813
    },
    "pair_chains_iptm": {
        "0": {
            "0": 0.9474523663520813
        }
    }
}