{
    "features": 6754.068418741226,
    "process_features_model_1_pred_0": 8.874653100967407,
    "predict_and_compile_model_1_pred_0": 1336.4011142253876,
    "process_features_model_2_pred_0": 8.164059162139893,
    "predict_and_compile_model_2_pred_0": 1241.7850313186646,
    "process_features_model_3_pred_0": 8.638301372528076,
    "predict_and_compile_model_3_pred_0": 1175.6419229507446,
    "process_features_model_4_pred_0": 8.544421195983887,
    "predict_and_compile_model_4_pred_0": 1168.2763314247131,
    "process_features_model_5_pred_0": 8.202871084213257,
    "predict_and_compile_model_5_pred_0": 1096.5667972564697,
    "relax_model_4_pred_0": 413.0851330757141
}