{
    "confidence_score": 0.6842671632766724,
    "ptm": 0.90457683801651,
    "iptm": 0.0,
    "ligand_iptm": 0.0,
    "protein_iptm": 0.0,
    "complex_plddt": 0.8553339242935181,
    "complex_iplddt": 0.0,
    "complex_pde": 0.5583006143569946,
    "complex_ipde": 0.0,
    "chains_ptm": {
        "0": 0.90457683801651
    },
    "pair_chains_iptm": {
        "0": {
            "0": 0.90457683801651
        }
    }
}