{
    "confidence_score": 0.6026511788368225,
    "ptm": 0.7086111307144165,
    "iptm": 0.0,
    "ligand_iptm": 0.0,
    "protein_iptm": 0.0,
    "complex_plddt": 0.7533139586448669,
    "complex_iplddt": 0.0,
    "complex_pde": 0.772620439529419,
    "complex_ipde": 0.0,
    "chains_ptm": {
        "0": 0.7086111307144165
    },
    "pair_chains_iptm": {
        "0": {
            "0": 0.7086111307144165
        }
    }
}