{
    "confidence_score": 0.6927093863487244,
    "ptm": 0.9028730392456055,
    "iptm": 0.0,
    "ligand_iptm": 0.0,
    "protein_iptm": 0.0,
    "complex_plddt": 0.8658866882324219,
    "complex_iplddt": 0.0,
    "complex_pde": 0.504272997379303,
    "complex_ipde": 0.0,
    "chains_ptm": {
        "0": 0.9028730392456055
    },
    "pair_chains_iptm": {
        "0": {
            "0": 0.9028730392456055
        }
    }
}