{
    "confidence_score": 0.48755693435668945,
    "ptm": 0.48419979214668274,
    "iptm": 0.0,
    "ligand_iptm": 0.0,
    "protein_iptm": 0.0,
    "complex_plddt": 0.6094461679458618,
    "complex_iplddt": 0.0,
    "complex_pde": 1.527408242225647,
    "complex_ipde": 0.0,
    "chains_ptm": {
        "0": 0.48419979214668274
    },
    "pair_chains_iptm": {
        "0": {
            "0": 0.48419979214668274
        }
    }
}