{
    "confidence_score": 0.5723864436149597,
    "ptm": 0.5701537728309631,
    "iptm": 0.0,
    "ligand_iptm": 0.0,
    "protein_iptm": 0.0,
    "complex_plddt": 0.7154830694198608,
    "complex_iplddt": 0.0,
    "complex_pde": 0.9605373740196228,
    "complex_ipde": 0.0,
    "chains_ptm": {
        "0": 0.5701537728309631
    },
    "pair_chains_iptm": {
        "0": {
            "0": 0.5701537728309631
        }
    }
}