{
    "confidence_score": 0.6727488040924072,
    "ptm": 0.8784770369529724,
    "iptm": 0.0,
    "ligand_iptm": 0.0,
    "protein_iptm": 0.0,
    "complex_plddt": 0.840936005115509,
    "complex_iplddt": 0.0,
    "complex_pde": 0.47288066148757935,
    "complex_ipde": 0.0,
    "chains_ptm": {
        "0": 0.8784770369529724
    },
    "pair_chains_iptm": {
        "0": {
            "0": 0.8784770369529724
        }
    }
}