{
    "confidence_score": 0.7485070824623108,
    "ptm": 0.8760387897491455,
    "iptm": 0.0,
    "ligand_iptm": 0.0,
    "protein_iptm": 0.0,
    "complex_plddt": 0.9356338381767273,
    "complex_iplddt": 0.0,
    "complex_pde": 0.38239872455596924,
    "complex_ipde": 0.0,
    "chains_ptm": {
        "0": 0.8760387897491455
    },
    "pair_chains_iptm": {
        "0": {
            "0": 0.8760387897491455
        }
    }
}