{
    "confidence_score": 0.7577235102653503,
    "ptm": 0.9643900990486145,
    "iptm": 0.0,
    "ligand_iptm": 0.0,
    "protein_iptm": 0.0,
    "complex_plddt": 0.9471543431282043,
    "complex_iplddt": 0.0,
    "complex_pde": 0.32794755697250366,
    "complex_ipde": 0.0,
    "chains_ptm": {
        "0": 0.9643900990486145
    },
    "pair_chains_iptm": {
        "0": {
            "0": 0.9643900990486145
        }
    }
}