{
    "confidence_score": 0.5280523300170898,
    "ptm": 0.3002215027809143,
    "iptm": 0.0,
    "ligand_iptm": 0.0,
    "protein_iptm": 0.0,
    "complex_plddt": 0.6600654125213623,
    "complex_iplddt": 0.0,
    "complex_pde": 1.493267297744751,
    "complex_ipde": 0.0,
    "chains_ptm": {
        "0": 0.3002215027809143
    },
    "pair_chains_iptm": {
        "0": {
            "0": 0.3002215027809143
        }
    }
}