{
    "confidence_score": 0.7464760541915894,
    "ptm": 0.9289273619651794,
    "iptm": 0.0,
    "ligand_iptm": 0.0,
    "protein_iptm": 0.0,
    "complex_plddt": 0.9330950379371643,
    "complex_iplddt": 0.0,
    "complex_pde": 0.35332489013671875,
    "complex_ipde": 0.0,
    "chains_ptm": {
        "0": 0.9289273619651794
    },
    "pair_chains_iptm": {
        "0": {
            "0": 0.9289273619651794
        }
    }
}