{
    "confidence_score": 0.7420868873596191,
    "ptm": 0.9375271797180176,
    "iptm": 0.0,
    "ligand_iptm": 0.0,
    "protein_iptm": 0.0,
    "complex_plddt": 0.9276086091995239,
    "complex_iplddt": 0.0,
    "complex_pde": 0.3810310959815979,
    "complex_ipde": 0.0,
    "chains_ptm": {
        "0": 0.9375271797180176
    },
    "pair_chains_iptm": {
        "0": {
            "0": 0.9375271797180176
        }
    }
}