{
    "confidence_score": 0.7367830872535706,
    "ptm": 0.897877037525177,
    "iptm": 0.0,
    "ligand_iptm": 0.0,
    "protein_iptm": 0.0,
    "complex_plddt": 0.920978844165802,
    "complex_iplddt": 0.0,
    "complex_pde": 0.3602435886859894,
    "complex_ipde": 0.0,
    "chains_ptm": {
        "0": 0.897877037525177
    },
    "pair_chains_iptm": {
        "0": {
            "0": 0.897877037525177
        }
    }
}