{
    "plddts": {
        "model_1_pred_0": 66.16848157548704,
        "model_2_pred_0": 64.96508671855372,
        "model_3_pred_0": 63.81372010393777,
        "model_4_pred_0": 65.75324407670182,
        "model_5_pred_0": 67.13969301823113
    },
    "order": [
        "model_5_pred_0",
        "model_1_pred_0",
        "model_4_pred_0",
        "model_2_pred_0",
        "model_3_pred_0"
    ]
}