{
    "features": 9157.040837287903,
    "process_features_model_1_pred_0": 17.572010278701782,
    "predict_and_compile_model_1_pred_0": 492.05639266967773,
    "process_features_model_2_pred_0": 16.637816190719604,
    "predict_and_compile_model_2_pred_0": 461.09285950660706,
    "process_features_model_3_pred_0": 16.344409465789795,
    "predict_and_compile_model_3_pred_0": 425.47105264663696,
    "process_features_model_4_pred_0": 24.165063619613647,
    "predict_and_compile_model_4_pred_0": 423.9580760002136,
    "process_features_model_5_pred_0": 21.47219228744507,
    "predict_and_compile_model_5_pred_0": 391.76385140419006,
    "relax_model_5_pred_0": 115.71060252189636
}