{
    "confidence_score": 0.5022008419036865,
    "ptm": 0.46048370003700256,
    "iptm": 0.0,
    "ligand_iptm": 0.0,
    "protein_iptm": 0.0,
    "complex_plddt": 0.6277510523796082,
    "complex_iplddt": 0.0,
    "complex_pde": 2.0566253662109375,
    "complex_ipde": 0.0,
    "chains_ptm": {
        "0": 0.46048370003700256
    },
    "pair_chains_iptm": {
        "0": {
            "0": 0.46048370003700256
        }
    }
}