{
    "confidence_score": 0.7184038758277893,
    "ptm": 0.9388730525970459,
    "iptm": 0.0,
    "ligand_iptm": 0.0,
    "protein_iptm": 0.0,
    "complex_plddt": 0.8980048298835754,
    "complex_iplddt": 0.0,
    "complex_pde": 0.3215691149234772,
    "complex_ipde": 0.0,
    "chains_ptm": {
        "0": 0.9388730525970459
    },
    "pair_chains_iptm": {
        "0": {
            "0": 0.9388730525970459
        }
    }
}