{
    "confidence_score": 0.6170987486839294,
    "ptm": 0.8377269506454468,
    "iptm": 0.0,
    "ligand_iptm": 0.0,
    "protein_iptm": 0.0,
    "complex_plddt": 0.7713733911514282,
    "complex_iplddt": 0.0,
    "complex_pde": 0.681929349899292,
    "complex_ipde": 0.0,
    "chains_ptm": {
        "0": 0.8377269506454468
    },
    "pair_chains_iptm": {
        "0": {
            "0": 0.8377269506454468
        }
    }
}