{
    "confidence_score": 0.6787661910057068,
    "ptm": 0.7603960633277893,
    "iptm": 0.0,
    "ligand_iptm": 0.0,
    "protein_iptm": 0.0,
    "complex_plddt": 0.8484576940536499,
    "complex_iplddt": 0.0,
    "complex_pde": 0.9187990427017212,
    "complex_ipde": 0.0,
    "chains_ptm": {
        "0": 0.7603960633277893
    },
    "pair_chains_iptm": {
        "0": {
            "0": 0.7603960633277893
        }
    }
}