{
    "confidence_score": 0.6566029191017151,
    "ptm": 0.7998226881027222,
    "iptm": 0.0,
    "ligand_iptm": 0.0,
    "protein_iptm": 0.0,
    "complex_plddt": 0.8207536339759827,
    "complex_iplddt": 0.0,
    "complex_pde": 0.5440176725387573,
    "complex_ipde": 0.0,
    "chains_ptm": {
        "0": 0.7998226881027222
    },
    "pair_chains_iptm": {
        "0": {
            "0": 0.7998226881027222
        }
    }
}