{
    "confidence_score": 0.5372854471206665,
    "ptm": 0.5944033861160278,
    "iptm": 0.0,
    "ligand_iptm": 0.0,
    "protein_iptm": 0.0,
    "complex_plddt": 0.6716067790985107,
    "complex_iplddt": 0.0,
    "complex_pde": 1.1587005853652954,
    "complex_ipde": 0.0,
    "chains_ptm": {
        "0": 0.5944033861160278
    },
    "pair_chains_iptm": {
        "0": {
            "0": 0.5944033861160278
        }
    }
}