{
    "confidence_score": 0.6494989395141602,
    "ptm": 0.7964820861816406,
    "iptm": 0.0,
    "ligand_iptm": 0.0,
    "protein_iptm": 0.0,
    "complex_plddt": 0.8118736743927002,
    "complex_iplddt": 0.0,
    "complex_pde": 0.7000452876091003,
    "complex_ipde": 0.0,
    "chains_ptm": {
        "0": 0.7964820861816406
    },
    "pair_chains_iptm": {
        "0": {
            "0": 0.7964820861816406
        }
    }
}