{
    "confidence_score": 0.6903150677680969,
    "ptm": 0.8889693021774292,
    "iptm": 0.0,
    "ligand_iptm": 0.0,
    "protein_iptm": 0.0,
    "complex_plddt": 0.86289381980896,
    "complex_iplddt": 0.0,
    "complex_pde": 0.5752184391021729,
    "complex_ipde": 0.0,
    "chains_ptm": {
        "0": 0.8889693021774292
    },
    "pair_chains_iptm": {
        "0": {
            "0": 0.8889693021774292
        }
    }
}