{
    "confidence_score": 0.6611480116844177,
    "ptm": 0.8191455602645874,
    "iptm": 0.0,
    "ligand_iptm": 0.0,
    "protein_iptm": 0.0,
    "complex_plddt": 0.8264349699020386,
    "complex_iplddt": 0.0,
    "complex_pde": 0.6460826396942139,
    "complex_ipde": 0.0,
    "chains_ptm": {
        "0": 0.8191455602645874
    },
    "pair_chains_iptm": {
        "0": {
            "0": 0.8191455602645874
        }
    }
}