{
    "confidence_score": 0.4819987714290619,
    "ptm": 0.4448738694190979,
    "iptm": 0.0,
    "ligand_iptm": 0.0,
    "protein_iptm": 0.0,
    "complex_plddt": 0.602498471736908,
    "complex_iplddt": 0.0,
    "complex_pde": 2.3746724128723145,
    "complex_ipde": 0.0,
    "chains_ptm": {
        "0": 0.4448738694190979
    },
    "pair_chains_iptm": {
        "0": {
            "0": 0.4448738694190979
        }
    }
}