{
    "features": 2376.5782725811005,
    "process_features_model_1_pred_0": 1.7271595001220703,
    "predict_and_compile_model_1_pred_0": 347.582665681839,
    "process_features_model_2_pred_0": 1.9430716037750244,
    "predict_and_compile_model_2_pred_0": 312.3832504749298,
    "process_features_model_3_pred_0": 1.2472879886627197,
    "predict_and_compile_model_3_pred_0": 284.3972029685974,
    "process_features_model_4_pred_0": 1.3664591312408447,
    "predict_and_compile_model_4_pred_0": 281.82213377952576,
    "process_features_model_5_pred_0": 1.1849443912506104,
    "predict_and_compile_model_5_pred_0": 259.380832195282,
    "relax_model_5_pred_0": 57.842365741729736
}