{
    "confidence_score": 0.6669113636016846,
    "ptm": 0.8209664821624756,
    "iptm": 0.0,
    "ligand_iptm": 0.0,
    "protein_iptm": 0.0,
    "complex_plddt": 0.8336392045021057,
    "complex_iplddt": 0.0,
    "complex_pde": 0.5960955023765564,
    "complex_ipde": 0.0,
    "chains_ptm": {
        "0": 0.8209664821624756
    },
    "pair_chains_iptm": {
        "0": {
            "0": 0.8209664821624756
        }
    }
}