{
    "confidence_score": 0.6938710808753967,
    "ptm": 0.9020063877105713,
    "iptm": 0.0,
    "ligand_iptm": 0.0,
    "protein_iptm": 0.0,
    "complex_plddt": 0.8673388361930847,
    "complex_iplddt": 0.0,
    "complex_pde": 0.6820746660232544,
    "complex_ipde": 0.0,
    "chains_ptm": {
        "0": 0.9020063877105713
    },
    "pair_chains_iptm": {
        "0": {
            "0": 0.9020063877105713
        }
    }
}