{
    "confidence_score": 0.6407942175865173,
    "ptm": 0.6645851135253906,
    "iptm": 0.0,
    "ligand_iptm": 0.0,
    "protein_iptm": 0.0,
    "complex_plddt": 0.8009927868843079,
    "complex_iplddt": 0.0,
    "complex_pde": 0.9664336442947388,
    "complex_ipde": 0.0,
    "chains_ptm": {
        "0": 0.6645851135253906
    },
    "pair_chains_iptm": {
        "0": {
            "0": 0.6645851135253906
        }
    }
}