{
    "confidence_score": 0.5183442831039429,
    "ptm": 0.7450044751167297,
    "iptm": 0.0,
    "ligand_iptm": 0.0,
    "protein_iptm": 0.0,
    "complex_plddt": 0.6479303240776062,
    "complex_iplddt": 0.0,
    "complex_pde": 0.9187979102134705,
    "complex_ipde": 0.0,
    "chains_ptm": {
        "0": 0.7450044751167297
    },
    "pair_chains_iptm": {
        "0": {
            "0": 0.7450044751167297
        }
    }
}