{
    "confidence_score": 0.3744935095310211,
    "ptm": 0.164303719997406,
    "iptm": 0.0,
    "ligand_iptm": 0.0,
    "protein_iptm": 0.0,
    "complex_plddt": 0.4681168794631958,
    "complex_iplddt": 0.0,
    "complex_pde": 4.226410388946533,
    "complex_ipde": 0.0,
    "chains_ptm": {
        "0": 0.164303719997406
    },
    "pair_chains_iptm": {
        "0": {
            "0": 0.164303719997406
        }
    }
}