{
    "confidence_score": 0.6890271902084351,
    "ptm": 0.6145807504653931,
    "iptm": 0.0,
    "ligand_iptm": 0.0,
    "protein_iptm": 0.0,
    "complex_plddt": 0.8612839579582214,
    "complex_iplddt": 0.0,
    "complex_pde": 0.4827418625354767,
    "complex_ipde": 0.0,
    "chains_ptm": {
        "0": 0.6145807504653931
    },
    "pair_chains_iptm": {
        "0": {
            "0": 0.6145807504653931
        }
    }
}