{
    "confidence_score": 0.7432370781898499,
    "ptm": 0.9078373312950134,
    "iptm": 0.0,
    "ligand_iptm": 0.0,
    "protein_iptm": 0.0,
    "complex_plddt": 0.9290463328361511,
    "complex_iplddt": 0.0,
    "complex_pde": 0.400585412979126,
    "complex_ipde": 0.0,
    "chains_ptm": {
        "0": 0.9078373312950134
    },
    "pair_chains_iptm": {
        "0": {
            "0": 0.9078373312950134
        }
    }
}