{
    "confidence_score": 0.4749529957771301,
    "ptm": 0.4084714651107788,
    "iptm": 0.0,
    "ligand_iptm": 0.0,
    "protein_iptm": 0.0,
    "complex_plddt": 0.5936912298202515,
    "complex_iplddt": 0.0,
    "complex_pde": 2.134544849395752,
    "complex_ipde": 0.0,
    "chains_ptm": {
        "0": 0.4084714651107788
    },
    "pair_chains_iptm": {
        "0": {
            "0": 0.4084714651107788
        }
    }
}