{
    "confidence_score": 0.7615423798561096,
    "ptm": 0.9604026079177856,
    "iptm": 0.0,
    "ligand_iptm": 0.0,
    "protein_iptm": 0.0,
    "complex_plddt": 0.9519279599189758,
    "complex_iplddt": 0.0,
    "complex_pde": 0.28558409214019775,
    "complex_ipde": 0.0,
    "chains_ptm": {
        "0": 0.9604026079177856
    },
    "pair_chains_iptm": {
        "0": {
            "0": 0.9604026079177856
        }
    }
}