{
    "confidence_score": 0.5336894392967224,
    "ptm": 0.6480528116226196,
    "iptm": 0.0,
    "ligand_iptm": 0.0,
    "protein_iptm": 0.0,
    "complex_plddt": 0.6671117544174194,
    "complex_iplddt": 0.0,
    "complex_pde": 2.2078659534454346,
    "complex_ipde": 0.0,
    "chains_ptm": {
        "0": 0.6480528116226196
    },
    "pair_chains_iptm": {
        "0": {
            "0": 0.6480528116226196
        }
    }
}