{
    "confidence_score": 0.7501737475395203,
    "ptm": 0.9495708346366882,
    "iptm": 0.0,
    "ligand_iptm": 0.0,
    "protein_iptm": 0.0,
    "complex_plddt": 0.9377171397209167,
    "complex_iplddt": 0.0,
    "complex_pde": 0.3427611291408539,
    "complex_ipde": 0.0,
    "chains_ptm": {
        "0": 0.9495708346366882
    },
    "pair_chains_iptm": {
        "0": {
            "0": 0.9495708346366882
        }
    }
}