{
    "confidence_score": 0.5917919278144836,
    "ptm": 0.36693117022514343,
    "iptm": 0.0,
    "ligand_iptm": 0.0,
    "protein_iptm": 0.0,
    "complex_plddt": 0.7397398948669434,
    "complex_iplddt": 0.0,
    "complex_pde": 1.9791502952575684,
    "complex_ipde": 0.0,
    "chains_ptm": {
        "0": 0.36693117022514343
    },
    "pair_chains_iptm": {
        "0": {
            "0": 0.36693117022514343
        }
    }
}