{
    "confidence_score": 0.49805742502212524,
    "ptm": 0.43456798791885376,
    "iptm": 0.0,
    "ligand_iptm": 0.0,
    "protein_iptm": 0.0,
    "complex_plddt": 0.6225717663764954,
    "complex_iplddt": 0.0,
    "complex_pde": 1.9137043952941895,
    "complex_ipde": 0.0,
    "chains_ptm": {
        "0": 0.43456798791885376
    },
    "pair_chains_iptm": {
        "0": {
            "0": 0.43456798791885376
        }
    }
}