{
    "confidence_score": 0.46739187836647034,
    "ptm": 0.3515745997428894,
    "iptm": 0.0,
    "ligand_iptm": 0.0,
    "protein_iptm": 0.0,
    "complex_plddt": 0.5842398405075073,
    "complex_iplddt": 0.0,
    "complex_pde": 2.560779571533203,
    "complex_ipde": 0.0,
    "chains_ptm": {
        "0": 0.3515745997428894
    },
    "pair_chains_iptm": {
        "0": {
            "0": 0.3515745997428894
        }
    }
}