{
    "confidence_score": 0.7378697991371155,
    "ptm": 0.9558760523796082,
    "iptm": 0.0,
    "ligand_iptm": 0.0,
    "protein_iptm": 0.0,
    "complex_plddt": 0.9223372340202332,
    "complex_iplddt": 0.0,
    "complex_pde": 0.376289427280426,
    "complex_ipde": 0.0,
    "chains_ptm": {
        "0": 0.9558760523796082
    },
    "pair_chains_iptm": {
        "0": {
            "0": 0.9558760523796082
        }
    }
}