{
    "confidence_score": 0.7243711948394775,
    "ptm": 0.8604623079299927,
    "iptm": 0.0,
    "ligand_iptm": 0.0,
    "protein_iptm": 0.0,
    "complex_plddt": 0.9054639935493469,
    "complex_iplddt": 0.0,
    "complex_pde": 0.48463669419288635,
    "complex_ipde": 0.0,
    "chains_ptm": {
        "0": 0.8604623079299927
    },
    "pair_chains_iptm": {
        "0": {
            "0": 0.8604623079299927
        }
    }
}