{
    "confidence_score": 0.6179086565971375,
    "ptm": 0.8323419094085693,
    "iptm": 0.0,
    "ligand_iptm": 0.0,
    "protein_iptm": 0.0,
    "complex_plddt": 0.7723857760429382,
    "complex_iplddt": 0.0,
    "complex_pde": 0.8174354434013367,
    "complex_ipde": 0.0,
    "chains_ptm": {
        "0": 0.8323419094085693
    },
    "pair_chains_iptm": {
        "0": {
            "0": 0.8323419094085693
        }
    }
}