{
    "confidence_score": 0.6390182375907898,
    "ptm": 0.8405571579933167,
    "iptm": 0.0,
    "ligand_iptm": 0.0,
    "protein_iptm": 0.0,
    "complex_plddt": 0.7987728118896484,
    "complex_iplddt": 0.0,
    "complex_pde": 0.7986968159675598,
    "complex_ipde": 0.0,
    "chains_ptm": {
        "0": 0.8405571579933167
    },
    "pair_chains_iptm": {
        "0": {
            "0": 0.8405571579933167
        }
    }
}