{
    "plddts": {
        "model_1_pred_0": 64.94656764388357,
        "model_2_pred_0": 61.29853638459154,
        "model_3_pred_0": 69.05773750555184,
        "model_4_pred_0": 67.76945108813855,
        "model_5_pred_0": 61.620181613290356
    },
    "order": [
        "model_3_pred_0",
        "model_4_pred_0",
        "model_1_pred_0",
        "model_5_pred_0",
        "model_2_pred_0"
    ]
}