{
    "features": 8187.904376745224,
    "process_features_model_1_pred_0": 21.08748769760132,
    "predict_and_compile_model_1_pred_0": 2811.965833425522,
    "process_features_model_2_pred_0": 20.698363780975342,
    "predict_and_compile_model_2_pred_0": 1195.584505558014,
    "process_features_model_3_pred_0": 20.290647983551025,
    "predict_and_compile_model_3_pred_0": 622.9538581371307,
    "process_features_model_4_pred_0": 20.370441198349,
    "predict_and_compile_model_4_pred_0": 619.1763126850128,
    "process_features_model_5_pred_0": 19.316466331481934,
    "predict_and_compile_model_5_pred_0": 572.4796431064606,
    "relax_model_3_pred_0": 188.1084761619568
}