{
    "plddts": {
        "model_1_pred_0": 84.17933906286966,
        "model_2_pred_0": 84.35972743122092,
        "model_3_pred_0": 83.75663946504156,
        "model_4_pred_0": 85.3310417675266,
        "model_5_pred_0": 82.30054239266329
    },
    "order": [
        "model_4_pred_0",
        "model_2_pred_0",
        "model_1_pred_0",
        "model_3_pred_0",
        "model_5_pred_0"
    ]
}