{
    "confidence_score": 0.679053783416748,
    "ptm": 0.824393630027771,
    "iptm": 0.0,
    "ligand_iptm": 0.0,
    "protein_iptm": 0.0,
    "complex_plddt": 0.8488172292709351,
    "complex_iplddt": 0.0,
    "complex_pde": 0.6360909938812256,
    "complex_ipde": 0.0,
    "chains_ptm": {
        "0": 0.824393630027771
    },
    "pair_chains_iptm": {
        "0": {
            "0": 0.824393630027771
        }
    }
}