{
    "confidence_score": 0.6099862456321716,
    "ptm": 0.8099262714385986,
    "iptm": 0.0,
    "ligand_iptm": 0.0,
    "protein_iptm": 0.0,
    "complex_plddt": 0.762482762336731,
    "complex_iplddt": 0.0,
    "complex_pde": 0.7062726616859436,
    "complex_ipde": 0.0,
    "chains_ptm": {
        "0": 0.8099262714385986
    },
    "pair_chains_iptm": {
        "0": {
            "0": 0.8099262714385986
        }
    }
}