{
    "confidence_score": 0.7271024584770203,
    "ptm": 0.9146213531494141,
    "iptm": 0.0,
    "ligand_iptm": 0.0,
    "protein_iptm": 0.0,
    "complex_plddt": 0.9088780879974365,
    "complex_iplddt": 0.0,
    "complex_pde": 0.5064449310302734,
    "complex_ipde": 0.0,
    "chains_ptm": {
        "0": 0.9146213531494141
    },
    "pair_chains_iptm": {
        "0": {
            "0": 0.9146213531494141
        }
    }
}