{
    "confidence_score": 0.6665574312210083,
    "ptm": 0.7425417900085449,
    "iptm": 0.0,
    "ligand_iptm": 0.0,
    "protein_iptm": 0.0,
    "complex_plddt": 0.833196759223938,
    "complex_iplddt": 0.0,
    "complex_pde": 0.5034160614013672,
    "complex_ipde": 0.0,
    "chains_ptm": {
        "0": 0.7425417900085449
    },
    "pair_chains_iptm": {
        "0": {
            "0": 0.7425417900085449
        }
    }
}