{
    "confidence_score": 0.4237430989742279,
    "ptm": 0.3885946273803711,
    "iptm": 0.0,
    "ligand_iptm": 0.0,
    "protein_iptm": 0.0,
    "complex_plddt": 0.5296788811683655,
    "complex_iplddt": 0.0,
    "complex_pde": 3.2175111770629883,
    "complex_ipde": 0.0,
    "chains_ptm": {
        "0": 0.3885946273803711
    },
    "pair_chains_iptm": {
        "0": {
            "0": 0.3885946273803711
        }
    }
}