{
    "confidence_score": 0.7689117789268494,
    "ptm": 0.9584072828292847,
    "iptm": 0.0,
    "ligand_iptm": 0.0,
    "protein_iptm": 0.0,
    "complex_plddt": 0.9611397385597229,
    "complex_iplddt": 0.0,
    "complex_pde": 0.3060511648654938,
    "complex_ipde": 0.0,
    "chains_ptm": {
        "0": 0.9584072828292847
    },
    "pair_chains_iptm": {
        "0": {
            "0": 0.9584072828292847
        }
    }
}