{
    "confidence_score": 0.7114190459251404,
    "ptm": 0.9175673127174377,
    "iptm": 0.0,
    "ligand_iptm": 0.0,
    "protein_iptm": 0.0,
    "complex_plddt": 0.8892738223075867,
    "complex_iplddt": 0.0,
    "complex_pde": 0.3884434998035431,
    "complex_ipde": 0.0,
    "chains_ptm": {
        "0": 0.9175673127174377
    },
    "pair_chains_iptm": {
        "0": {
            "0": 0.9175673127174377
        }
    }
}