{
    "confidence_score": 0.496868759393692,
    "ptm": 0.5194066762924194,
    "iptm": 0.0,
    "ligand_iptm": 0.0,
    "protein_iptm": 0.0,
    "complex_plddt": 0.6210859417915344,
    "complex_iplddt": 0.0,
    "complex_pde": 1.6290909051895142,
    "complex_ipde": 0.0,
    "chains_ptm": {
        "0": 0.5194066762924194
    },
    "pair_chains_iptm": {
        "0": {
            "0": 0.5194066762924194
        }
    }
}