{
    "confidence_score": 0.654122531414032,
    "ptm": 0.7712919116020203,
    "iptm": 0.0,
    "ligand_iptm": 0.0,
    "protein_iptm": 0.0,
    "complex_plddt": 0.8176531195640564,
    "complex_iplddt": 0.0,
    "complex_pde": 0.8742734789848328,
    "complex_ipde": 0.0,
    "chains_ptm": {
        "0": 0.7712919116020203
    },
    "pair_chains_iptm": {
        "0": {
            "0": 0.7712919116020203
        }
    }
}