{
    "confidence_score": 0.43244510889053345,
    "ptm": 0.2370014488697052,
    "iptm": 0.0,
    "ligand_iptm": 0.0,
    "protein_iptm": 0.0,
    "complex_plddt": 0.5405563712120056,
    "complex_iplddt": 0.0,
    "complex_pde": 4.522921085357666,
    "complex_ipde": 0.0,
    "chains_ptm": {
        "0": 0.2370014488697052
    },
    "pair_chains_iptm": {
        "0": {
            "0": 0.2370014488697052
        }
    }
}