{
    "plddts": {
        "model_1_pred_0": 74.30934595827159,
        "model_2_pred_0": 73.64507973132532,
        "model_3_pred_0": 76.10167333321148,
        "model_4_pred_0": 77.77030828423433,
        "model_5_pred_0": 75.90250851692991
    },
    "order": [
        "model_4_pred_0",
        "model_3_pred_0",
        "model_5_pred_0",
        "model_1_pred_0",
        "model_2_pred_0"
    ]
}