{
    "features": 2054.1659038066864,
    "process_features_model_1_pred_0": 1.548985242843628,
    "predict_and_compile_model_1_pred_0": 403.8719892501831,
    "process_features_model_2_pred_0": 1.6641087532043457,
    "predict_and_compile_model_2_pred_0": 367.8682255744934,
    "process_features_model_3_pred_0": 1.260007619857788,
    "predict_and_compile_model_3_pred_0": 337.78761315345764,
    "process_features_model_4_pred_0": 1.3171188831329346,
    "predict_and_compile_model_4_pred_0": 336.38870644569397,
    "process_features_model_5_pred_0": 1.2148261070251465,
    "predict_and_compile_model_5_pred_0": 311.0751612186432,
    "relax_model_4_pred_0": 60.49849462509155
}