{
    "confidence_score": 0.5338900685310364,
    "ptm": 0.44168177247047424,
    "iptm": 0.0,
    "ligand_iptm": 0.0,
    "protein_iptm": 0.0,
    "complex_plddt": 0.6673625707626343,
    "complex_iplddt": 0.0,
    "complex_pde": 1.2289735078811646,
    "complex_ipde": 0.0,
    "chains_ptm": {
        "0": 0.44168177247047424
    },
    "pair_chains_iptm": {
        "0": {
            "0": 0.44168177247047424
        }
    }
}