{
    "confidence_score": 0.6914206743240356,
    "ptm": 0.8968280553817749,
    "iptm": 0.0,
    "ligand_iptm": 0.0,
    "protein_iptm": 0.0,
    "complex_plddt": 0.8642758131027222,
    "complex_iplddt": 0.0,
    "complex_pde": 0.4594477415084839,
    "complex_ipde": 0.0,
    "chains_ptm": {
        "0": 0.8968280553817749
    },
    "pair_chains_iptm": {
        "0": {
            "0": 0.8968280553817749
        }
    }
}