{
    "confidence_score": 0.597362756729126,
    "ptm": 0.6734579801559448,
    "iptm": 0.0,
    "ligand_iptm": 0.0,
    "protein_iptm": 0.0,
    "complex_plddt": 0.7467034459114075,
    "complex_iplddt": 0.0,
    "complex_pde": 1.1067955493927002,
    "complex_ipde": 0.0,
    "chains_ptm": {
        "0": 0.6734579801559448
    },
    "pair_chains_iptm": {
        "0": {
            "0": 0.6734579801559448
        }
    }
}