{
    "confidence_score": 0.5627705454826355,
    "ptm": 0.6200370788574219,
    "iptm": 0.0,
    "ligand_iptm": 0.0,
    "protein_iptm": 0.0,
    "complex_plddt": 0.7034631371498108,
    "complex_iplddt": 0.0,
    "complex_pde": 2.4236817359924316,
    "complex_ipde": 0.0,
    "chains_ptm": {
        "0": 0.6200370788574219
    },
    "pair_chains_iptm": {
        "0": {
            "0": 0.6200370788574219
        }
    }
}