{
    "confidence_score": 0.636472761631012,
    "ptm": 0.5453535914421082,
    "iptm": 0.0,
    "ligand_iptm": 0.0,
    "protein_iptm": 0.0,
    "complex_plddt": 0.7955909371376038,
    "complex_iplddt": 0.0,
    "complex_pde": 0.7753559350967407,
    "complex_ipde": 0.0,
    "chains_ptm": {
        "0": 0.5453535914421082
    },
    "pair_chains_iptm": {
        "0": {
            "0": 0.5453535914421082
        }
    }
}