{
    "confidence_score": 0.5080842971801758,
    "ptm": 0.7828928232192993,
    "iptm": 0.0,
    "ligand_iptm": 0.0,
    "protein_iptm": 0.0,
    "complex_plddt": 0.6351053714752197,
    "complex_iplddt": 0.0,
    "complex_pde": 1.0218123197555542,
    "complex_ipde": 0.0,
    "chains_ptm": {
        "0": 0.7828928232192993
    },
    "pair_chains_iptm": {
        "0": {
            "0": 0.7828928232192993
        }
    }
}