{
    "confidence_score": 0.6758957505226135,
    "ptm": 0.8361756205558777,
    "iptm": 0.0,
    "ligand_iptm": 0.0,
    "protein_iptm": 0.0,
    "complex_plddt": 0.8448696732521057,
    "complex_iplddt": 0.0,
    "complex_pde": 0.6067909002304077,
    "complex_ipde": 0.0,
    "chains_ptm": {
        "0": 0.8361756205558777
    },
    "pair_chains_iptm": {
        "0": {
            "0": 0.8361756205558777
        }
    }
}