{
    "confidence_score": 0.7113855481147766,
    "ptm": 0.5715333819389343,
    "iptm": 0.0,
    "ligand_iptm": 0.0,
    "protein_iptm": 0.0,
    "complex_plddt": 0.8892319202423096,
    "complex_iplddt": 0.0,
    "complex_pde": 0.5645872950553894,
    "complex_ipde": 0.0,
    "chains_ptm": {
        "0": 0.5715333819389343
    },
    "pair_chains_iptm": {
        "0": {
            "0": 0.5715333819389343
        }
    }
}