{
    "confidence_score": 0.6402432322502136,
    "ptm": 0.8412349820137024,
    "iptm": 0.0,
    "ligand_iptm": 0.0,
    "protein_iptm": 0.0,
    "complex_plddt": 0.8003040552139282,
    "complex_iplddt": 0.0,
    "complex_pde": 0.5377490520477295,
    "complex_ipde": 0.0,
    "chains_ptm": {
        "0": 0.8412349820137024
    },
    "pair_chains_iptm": {
        "0": {
            "0": 0.8412349820137024
        }
    }
}