{
    "confidence_score": 0.7116448283195496,
    "ptm": 0.8928051590919495,
    "iptm": 0.0,
    "ligand_iptm": 0.0,
    "protein_iptm": 0.0,
    "complex_plddt": 0.8895560503005981,
    "complex_iplddt": 0.0,
    "complex_pde": 0.7344395518302917,
    "complex_ipde": 0.0,
    "chains_ptm": {
        "0": 0.8928051590919495
    },
    "pair_chains_iptm": {
        "0": {
            "0": 0.8928051590919495
        }
    }
}