{
    "confidence_score": 0.4961557388305664,
    "ptm": 0.4944559633731842,
    "iptm": 0.0,
    "ligand_iptm": 0.0,
    "protein_iptm": 0.0,
    "complex_plddt": 0.620194673538208,
    "complex_iplddt": 0.0,
    "complex_pde": 2.617032527923584,
    "complex_ipde": 0.0,
    "chains_ptm": {
        "0": 0.4944559633731842
    },
    "pair_chains_iptm": {
        "0": {
            "0": 0.4944559633731842
        }
    }
}