{
    "confidence_score": 0.7329878211021423,
    "ptm": 0.917523980140686,
    "iptm": 0.0,
    "ligand_iptm": 0.0,
    "protein_iptm": 0.0,
    "complex_plddt": 0.9162347912788391,
    "complex_iplddt": 0.0,
    "complex_pde": 0.42130422592163086,
    "complex_ipde": 0.0,
    "chains_ptm": {
        "0": 0.917523980140686
    },
    "pair_chains_iptm": {
        "0": {
            "0": 0.917523980140686
        }
    }
}