{
    "confidence_score": 0.48211508989334106,
    "ptm": 0.36286720633506775,
    "iptm": 0.0,
    "ligand_iptm": 0.0,
    "protein_iptm": 0.0,
    "complex_plddt": 0.6026438474655151,
    "complex_iplddt": 0.0,
    "complex_pde": 1.732991099357605,
    "complex_ipde": 0.0,
    "chains_ptm": {
        "0": 0.36286720633506775
    },
    "pair_chains_iptm": {
        "0": {
            "0": 0.36286720633506775
        }
    }
}