{
    "confidence_score": 0.4795219898223877,
    "ptm": 0.3436415493488312,
    "iptm": 0.0,
    "ligand_iptm": 0.0,
    "protein_iptm": 0.0,
    "complex_plddt": 0.5994024872779846,
    "complex_iplddt": 0.0,
    "complex_pde": 1.2413196563720703,
    "complex_ipde": 0.0,
    "chains_ptm": {
        "0": 0.3436415493488312
    },
    "pair_chains_iptm": {
        "0": {
            "0": 0.3436415493488312
        }
    }
}