{
    "confidence_score": 0.7552316784858704,
    "ptm": 0.9515455961227417,
    "iptm": 0.0,
    "ligand_iptm": 0.0,
    "protein_iptm": 0.0,
    "complex_plddt": 0.9440395832061768,
    "complex_iplddt": 0.0,
    "complex_pde": 0.3406962752342224,
    "complex_ipde": 0.0,
    "chains_ptm": {
        "0": 0.9515455961227417
    },
    "pair_chains_iptm": {
        "0": {
            "0": 0.9515455961227417
        }
    }
}