{
    "confidence_score": 0.584212064743042,
    "ptm": 0.6678915023803711,
    "iptm": 0.0,
    "ligand_iptm": 0.0,
    "protein_iptm": 0.0,
    "complex_plddt": 0.7302650809288025,
    "complex_iplddt": 0.0,
    "complex_pde": 0.9352315068244934,
    "complex_ipde": 0.0,
    "chains_ptm": {
        "0": 0.6678915023803711
    },
    "pair_chains_iptm": {
        "0": {
            "0": 0.6678915023803711
        }
    }
}