{
    "confidence_score": 0.7563380599021912,
    "ptm": 0.5440882444381714,
    "iptm": 0.0,
    "ligand_iptm": 0.0,
    "protein_iptm": 0.0,
    "complex_plddt": 0.9454225301742554,
    "complex_iplddt": 0.0,
    "complex_pde": 0.30934396386146545,
    "complex_ipde": 0.0,
    "chains_ptm": {
        "0": 0.5440882444381714
    },
    "pair_chains_iptm": {
        "0": {
            "0": 0.5440882444381714
        }
    }
}