{
    "plddts": {
        "model_1_pred_0": 81.79030248676872,
        "model_2_pred_0": 79.03342838191502,
        "model_3_pred_0": 78.19755764196465,
        "model_4_pred_0": 81.7413722374254,
        "model_5_pred_0": 81.57584843704937
    },
    "order": [
        "model_1_pred_0",
        "model_4_pred_0",
        "model_5_pred_0",
        "model_2_pred_0",
        "model_3_pred_0"
    ]
}