{
    "features": 10975.527335882187,
    "process_features_model_1_pred_0": 15.01242709159851,
    "predict_and_compile_model_1_pred_0": 328.1791203022003,
    "process_features_model_2_pred_0": 13.427221536636353,
    "predict_and_compile_model_2_pred_0": 302.2578523159027,
    "process_features_model_3_pred_0": 12.76603364944458,
    "predict_and_compile_model_3_pred_0": 276.1027798652649,
    "process_features_model_4_pred_0": 13.515488386154175,
    "predict_and_compile_model_4_pred_0": 284.8371090888977,
    "process_features_model_5_pred_0": 12.49022364616394,
    "predict_and_compile_model_5_pred_0": 259.21992540359497,
    "relax_model_1_pred_0": 57.01726746559143
}