{
    "confidence_score": 0.7704581618309021,
    "ptm": 0.9640743136405945,
    "iptm": 0.0,
    "ligand_iptm": 0.0,
    "protein_iptm": 0.0,
    "complex_plddt": 0.9630727171897888,
    "complex_iplddt": 0.0,
    "complex_pde": 0.29373738169670105,
    "complex_ipde": 0.0,
    "chains_ptm": {
        "0": 0.9640743136405945
    },
    "pair_chains_iptm": {
        "0": {
            "0": 0.9640743136405945
        }
    }
}