{
    "confidence_score": 0.635717511177063,
    "ptm": 0.77742999792099,
    "iptm": 0.0,
    "ligand_iptm": 0.0,
    "protein_iptm": 0.0,
    "complex_plddt": 0.7946468591690063,
    "complex_iplddt": 0.0,
    "complex_pde": 0.5481235980987549,
    "complex_ipde": 0.0,
    "chains_ptm": {
        "0": 0.77742999792099
    },
    "pair_chains_iptm": {
        "0": {
            "0": 0.77742999792099
        }
    }
}