{
    "confidence_score": 0.6548542976379395,
    "ptm": 0.8899071216583252,
    "iptm": 0.0,
    "ligand_iptm": 0.0,
    "protein_iptm": 0.0,
    "complex_plddt": 0.8185678720474243,
    "complex_iplddt": 0.0,
    "complex_pde": 0.5213155746459961,
    "complex_ipde": 0.0,
    "chains_ptm": {
        "0": 0.8899071216583252
    },
    "pair_chains_iptm": {
        "0": {
            "0": 0.8899071216583252
        }
    }
}