{
    "confidence_score": 0.6924144625663757,
    "ptm": 0.576526939868927,
    "iptm": 0.0,
    "ligand_iptm": 0.0,
    "protein_iptm": 0.0,
    "complex_plddt": 0.8655180335044861,
    "complex_iplddt": 0.0,
    "complex_pde": 0.6823593378067017,
    "complex_ipde": 0.0,
    "chains_ptm": {
        "0": 0.576526939868927
    },
    "pair_chains_iptm": {
        "0": {
            "0": 0.576526939868927
        }
    }
}