{
    "confidence_score": 0.7457535862922668,
    "ptm": 0.9198764562606812,
    "iptm": 0.0,
    "ligand_iptm": 0.0,
    "protein_iptm": 0.0,
    "complex_plddt": 0.9321919679641724,
    "complex_iplddt": 0.0,
    "complex_pde": 0.37268009781837463,
    "complex_ipde": 0.0,
    "chains_ptm": {
        "0": 0.9198764562606812
    },
    "pair_chains_iptm": {
        "0": {
            "0": 0.9198764562606812
        }
    }
}