{
    "confidence_score": 0.7286226153373718,
    "ptm": 0.9077453017234802,
    "iptm": 0.0,
    "ligand_iptm": 0.0,
    "protein_iptm": 0.0,
    "complex_plddt": 0.910778284072876,
    "complex_iplddt": 0.0,
    "complex_pde": 0.397693932056427,
    "complex_ipde": 0.0,
    "chains_ptm": {
        "0": 0.9077453017234802
    },
    "pair_chains_iptm": {
        "0": {
            "0": 0.9077453017234802
        }
    }
}