{
    "confidence_score": 0.5731880068778992,
    "ptm": 0.6604287028312683,
    "iptm": 0.0,
    "ligand_iptm": 0.0,
    "protein_iptm": 0.0,
    "complex_plddt": 0.7164850234985352,
    "complex_iplddt": 0.0,
    "complex_pde": 1.6531941890716553,
    "complex_ipde": 0.0,
    "chains_ptm": {
        "0": 0.6604287028312683
    },
    "pair_chains_iptm": {
        "0": {
            "0": 0.6604287028312683
        }
    }
}