{
    "confidence_score": 0.376888245344162,
    "ptm": 0.2926699221134186,
    "iptm": 0.0,
    "ligand_iptm": 0.0,
    "protein_iptm": 0.0,
    "complex_plddt": 0.4711102843284607,
    "complex_iplddt": 0.0,
    "complex_pde": 2.4032039642333984,
    "complex_ipde": 0.0,
    "chains_ptm": {
        "0": 0.2926699221134186
    },
    "pair_chains_iptm": {
        "0": {
            "0": 0.2926699221134186
        }
    }
}