{
    "confidence_score": 0.6681782007217407,
    "ptm": 0.8274737000465393,
    "iptm": 0.0,
    "ligand_iptm": 0.0,
    "protein_iptm": 0.0,
    "complex_plddt": 0.8352227210998535,
    "complex_iplddt": 0.0,
    "complex_pde": 0.5130802392959595,
    "complex_ipde": 0.0,
    "chains_ptm": {
        "0": 0.8274737000465393
    },
    "pair_chains_iptm": {
        "0": {
            "0": 0.8274737000465393
        }
    }
}