{
    "confidence_score": 0.685726523399353,
    "ptm": 0.8940801620483398,
    "iptm": 0.0,
    "ligand_iptm": 0.0,
    "protein_iptm": 0.0,
    "complex_plddt": 0.8571581244468689,
    "complex_iplddt": 0.0,
    "complex_pde": 0.7109358310699463,
    "complex_ipde": 0.0,
    "chains_ptm": {
        "0": 0.8940801620483398
    },
    "pair_chains_iptm": {
        "0": {
            "0": 0.8940801620483398
        }
    }
}