{
    "confidence_score": 0.7479597926139832,
    "ptm": 0.9185996055603027,
    "iptm": 0.0,
    "ligand_iptm": 0.0,
    "protein_iptm": 0.0,
    "complex_plddt": 0.9349496960639954,
    "complex_iplddt": 0.0,
    "complex_pde": 0.35538360476493835,
    "complex_ipde": 0.0,
    "chains_ptm": {
        "0": 0.9185996055603027
    },
    "pair_chains_iptm": {
        "0": {
            "0": 0.9185996055603027
        }
    }
}