{
    "confidence_score": 0.7295508980751038,
    "ptm": 0.9080132842063904,
    "iptm": 0.0,
    "ligand_iptm": 0.0,
    "protein_iptm": 0.0,
    "complex_plddt": 0.9119386076927185,
    "complex_iplddt": 0.0,
    "complex_pde": 0.45647746324539185,
    "complex_ipde": 0.0,
    "chains_ptm": {
        "0": 0.9080132842063904
    },
    "pair_chains_iptm": {
        "0": {
            "0": 0.9080132842063904
        }
    }
}