{
    "confidence_score": 0.6796604990959167,
    "ptm": 0.8627753257751465,
    "iptm": 0.0,
    "ligand_iptm": 0.0,
    "protein_iptm": 0.0,
    "complex_plddt": 0.8495755791664124,
    "complex_iplddt": 0.0,
    "complex_pde": 0.8426320552825928,
    "complex_ipde": 0.0,
    "chains_ptm": {
        "0": 0.8627753257751465
    },
    "pair_chains_iptm": {
        "0": {
            "0": 0.8627753257751465
        }
    }
}