{
    "confidence_score": 0.7134667038917542,
    "ptm": 0.9248267412185669,
    "iptm": 0.0,
    "ligand_iptm": 0.0,
    "protein_iptm": 0.0,
    "complex_plddt": 0.8918333649635315,
    "complex_iplddt": 0.0,
    "complex_pde": 0.39229124784469604,
    "complex_ipde": 0.0,
    "chains_ptm": {
        "0": 0.9248267412185669
    },
    "pair_chains_iptm": {
        "0": {
            "0": 0.9248267412185669
        }
    }
}