{
    "confidence_score": 0.5939934849739075,
    "ptm": 0.697644054889679,
    "iptm": 0.0,
    "ligand_iptm": 0.0,
    "protein_iptm": 0.0,
    "complex_plddt": 0.7424918413162231,
    "complex_iplddt": 0.0,
    "complex_pde": 1.1298353672027588,
    "complex_ipde": 0.0,
    "chains_ptm": {
        "0": 0.697644054889679
    },
    "pair_chains_iptm": {
        "0": {
            "0": 0.697644054889679
        }
    }
}