{
    "confidence_score": 0.4854486584663391,
    "ptm": 0.19845375418663025,
    "iptm": 0.0,
    "ligand_iptm": 0.0,
    "protein_iptm": 0.0,
    "complex_plddt": 0.6068108081817627,
    "complex_iplddt": 0.0,
    "complex_pde": 2.0708260536193848,
    "complex_ipde": 0.0,
    "chains_ptm": {
        "0": 0.19845375418663025
    },
    "pair_chains_iptm": {
        "0": {
            "0": 0.19845375418663025
        }
    }
}