{
    "confidence_score": 0.5001015067100525,
    "ptm": 0.4403158128261566,
    "iptm": 0.0,
    "ligand_iptm": 0.0,
    "protein_iptm": 0.0,
    "complex_plddt": 0.625126838684082,
    "complex_iplddt": 0.0,
    "complex_pde": 2.248865842819214,
    "complex_ipde": 0.0,
    "chains_ptm": {
        "0": 0.4403158128261566
    },
    "pair_chains_iptm": {
        "0": {
            "0": 0.4403158128261566
        }
    }
}