{
    "confidence_score": 0.7402399182319641,
    "ptm": 0.8902410864830017,
    "iptm": 0.0,
    "ligand_iptm": 0.0,
    "protein_iptm": 0.0,
    "complex_plddt": 0.925299882888794,
    "complex_iplddt": 0.0,
    "complex_pde": 0.42209118604660034,
    "complex_ipde": 0.0,
    "chains_ptm": {
        "0": 0.8902410864830017
    },
    "pair_chains_iptm": {
        "0": {
            "0": 0.8902410864830017
        }
    }
}