{
    "confidence_score": 0.33612966537475586,
    "ptm": 0.29508498311042786,
    "iptm": 0.0,
    "ligand_iptm": 0.0,
    "protein_iptm": 0.0,
    "complex_plddt": 0.4201620817184448,
    "complex_iplddt": 0.0,
    "complex_pde": 3.4469003677368164,
    "complex_ipde": 0.0,
    "chains_ptm": {
        "0": 0.29508498311042786
    },
    "pair_chains_iptm": {
        "0": {
            "0": 0.29508498311042786
        }
    }
}