{
    "confidence_score": 0.7608251571655273,
    "ptm": 0.8982134461402893,
    "iptm": 0.0,
    "ligand_iptm": 0.0,
    "protein_iptm": 0.0,
    "complex_plddt": 0.9510314464569092,
    "complex_iplddt": 0.0,
    "complex_pde": 0.3117986023426056,
    "complex_ipde": 0.0,
    "chains_ptm": {
        "0": 0.8982134461402893
    },
    "pair_chains_iptm": {
        "0": {
            "0": 0.8982134461402893
        }
    }
}