{
    "confidence_score": 0.7039749622344971,
    "ptm": 0.8623038530349731,
    "iptm": 0.0,
    "ligand_iptm": 0.0,
    "protein_iptm": 0.0,
    "complex_plddt": 0.8799687027931213,
    "complex_iplddt": 0.0,
    "complex_pde": 0.4887121915817261,
    "complex_ipde": 0.0,
    "chains_ptm": {
        "0": 0.8623038530349731
    },
    "pair_chains_iptm": {
        "0": {
            "0": 0.8623038530349731
        }
    }
}