{
    "confidence_score": 0.6632641553878784,
    "ptm": 0.8420736789703369,
    "iptm": 0.0,
    "ligand_iptm": 0.0,
    "protein_iptm": 0.0,
    "complex_plddt": 0.8290801644325256,
    "complex_iplddt": 0.0,
    "complex_pde": 0.4856433570384979,
    "complex_ipde": 0.0,
    "chains_ptm": {
        "0": 0.8420736789703369
    },
    "pair_chains_iptm": {
        "0": {
            "0": 0.8420736789703369
        }
    }
}