{
    "confidence_score": 0.6322929859161377,
    "ptm": 0.7812721133232117,
    "iptm": 0.0,
    "ligand_iptm": 0.0,
    "protein_iptm": 0.0,
    "complex_plddt": 0.7903662323951721,
    "complex_iplddt": 0.0,
    "complex_pde": 1.2010459899902344,
    "complex_ipde": 0.0,
    "chains_ptm": {
        "0": 0.7812721133232117
    },
    "pair_chains_iptm": {
        "0": {
            "0": 0.7812721133232117
        }
    }
}