{
    "confidence_score": 0.5998927354812622,
    "ptm": 0.79306560754776,
    "iptm": 0.0,
    "ligand_iptm": 0.0,
    "protein_iptm": 0.0,
    "complex_plddt": 0.7498658895492554,
    "complex_iplddt": 0.0,
    "complex_pde": 1.0382953882217407,
    "complex_ipde": 0.0,
    "chains_ptm": {
        "0": 0.79306560754776
    },
    "pair_chains_iptm": {
        "0": {
            "0": 0.79306560754776
        }
    }
}