{
    "confidence_score": 0.6621936559677124,
    "ptm": 0.8844556212425232,
    "iptm": 0.0,
    "ligand_iptm": 0.0,
    "protein_iptm": 0.0,
    "complex_plddt": 0.8277420401573181,
    "complex_iplddt": 0.0,
    "complex_pde": 0.5106099247932434,
    "complex_ipde": 0.0,
    "chains_ptm": {
        "0": 0.8844556212425232
    },
    "pair_chains_iptm": {
        "0": {
            "0": 0.8844556212425232
        }
    }
}