{
    "confidence_score": 0.5849090814590454,
    "ptm": 0.7441834807395935,
    "iptm": 0.0,
    "ligand_iptm": 0.0,
    "protein_iptm": 0.0,
    "complex_plddt": 0.7311363220214844,
    "complex_iplddt": 0.0,
    "complex_pde": 1.1318222284317017,
    "complex_ipde": 0.0,
    "chains_ptm": {
        "0": 0.7441834807395935
    },
    "pair_chains_iptm": {
        "0": {
            "0": 0.7441834807395935
        }
    }
}