{
    "features": 5417.223164558411,
    "process_features_model_1_pred_0": 10.799201488494873,
    "predict_and_compile_model_1_pred_0": 264.2339549064636,
    "process_features_model_2_pred_0": 11.655407905578613,
    "predict_and_compile_model_2_pred_0": 246.754225730896,
    "process_features_model_3_pred_0": 10.84070110321045,
    "predict_and_compile_model_3_pred_0": 221.7072892189026,
    "process_features_model_4_pred_0": 11.287561416625977,
    "predict_and_compile_model_4_pred_0": 221.23849987983704,
    "process_features_model_5_pred_0": 10.586462497711182,
    "predict_and_compile_model_5_pred_0": 204.27488255500793,
    "relax_model_3_pred_0": 39.214104890823364
}