{
    "confidence_score": 0.7305296659469604,
    "ptm": 0.9193879961967468,
    "iptm": 0.0,
    "ligand_iptm": 0.0,
    "protein_iptm": 0.0,
    "complex_plddt": 0.9131620526313782,
    "complex_iplddt": 0.0,
    "complex_pde": 0.38392823934555054,
    "complex_ipde": 0.0,
    "chains_ptm": {
        "0": 0.9193879961967468
    },
    "pair_chains_iptm": {
        "0": {
            "0": 0.9193879961967468
        }
    }
}