{
    "confidence_score": 0.5802643299102783,
    "ptm": 0.6955398917198181,
    "iptm": 0.0,
    "ligand_iptm": 0.0,
    "protein_iptm": 0.0,
    "complex_plddt": 0.7253304123878479,
    "complex_iplddt": 0.0,
    "complex_pde": 1.141035556793213,
    "complex_ipde": 0.0,
    "chains_ptm": {
        "0": 0.6955398917198181
    },
    "pair_chains_iptm": {
        "0": {
            "0": 0.6955398917198181
        }
    }
}