{
    "confidence_score": 0.48779916763305664,
    "ptm": 0.3596545159816742,
    "iptm": 0.0,
    "ligand_iptm": 0.0,
    "protein_iptm": 0.0,
    "complex_plddt": 0.6097489595413208,
    "complex_iplddt": 0.0,
    "complex_pde": 1.8165183067321777,
    "complex_ipde": 0.0,
    "chains_ptm": {
        "0": 0.3596545159816742
    },
    "pair_chains_iptm": {
        "0": {
            "0": 0.3596545159816742
        }
    }
}