{
    "confidence_score": 0.6428262591362,
    "ptm": 0.7900452017784119,
    "iptm": 0.0,
    "ligand_iptm": 0.0,
    "protein_iptm": 0.0,
    "complex_plddt": 0.8035328388214111,
    "complex_iplddt": 0.0,
    "complex_pde": 0.8549625873565674,
    "complex_ipde": 0.0,
    "chains_ptm": {
        "0": 0.7900452017784119
    },
    "pair_chains_iptm": {
        "0": {
            "0": 0.7900452017784119
        }
    }
}