{
    "confidence_score": 0.5493234395980835,
    "ptm": 0.45284929871559143,
    "iptm": 0.0,
    "ligand_iptm": 0.0,
    "protein_iptm": 0.0,
    "complex_plddt": 0.686654269695282,
    "complex_iplddt": 0.0,
    "complex_pde": 1.4181984663009644,
    "complex_ipde": 0.0,
    "chains_ptm": {
        "0": 0.45284929871559143
    },
    "pair_chains_iptm": {
        "0": {
            "0": 0.45284929871559143
        }
    }
}