{
    "confidence_score": 0.7495819926261902,
    "ptm": 0.9586921334266663,
    "iptm": 0.0,
    "ligand_iptm": 0.0,
    "protein_iptm": 0.0,
    "complex_plddt": 0.9369775056838989,
    "complex_iplddt": 0.0,
    "complex_pde": 0.32841765880584717,
    "complex_ipde": 0.0,
    "chains_ptm": {
        "0": 0.9586921334266663
    },
    "pair_chains_iptm": {
        "0": {
            "0": 0.9586921334266663
        }
    }
}