{
    "confidence_score": 0.7495922446250916,
    "ptm": 0.9369666576385498,
    "iptm": 0.0,
    "ligand_iptm": 0.0,
    "protein_iptm": 0.0,
    "complex_plddt": 0.9369903206825256,
    "complex_iplddt": 0.0,
    "complex_pde": 0.39266979694366455,
    "complex_ipde": 0.0,
    "chains_ptm": {
        "0": 0.9369666576385498
    },
    "pair_chains_iptm": {
        "0": {
            "0": 0.9369666576385498
        }
    }
}