{
    "confidence_score": 0.5532774925231934,
    "ptm": 0.4531901478767395,
    "iptm": 0.0,
    "ligand_iptm": 0.0,
    "protein_iptm": 0.0,
    "complex_plddt": 0.6915968656539917,
    "complex_iplddt": 0.0,
    "complex_pde": 1.2589900493621826,
    "complex_ipde": 0.0,
    "chains_ptm": {
        "0": 0.4531901478767395
    },
    "pair_chains_iptm": {
        "0": {
            "0": 0.4531901478767395
        }
    }
}