{
    "confidence_score": 0.6976069808006287,
    "ptm": 0.8286070823669434,
    "iptm": 0.0,
    "ligand_iptm": 0.0,
    "protein_iptm": 0.0,
    "complex_plddt": 0.872008740901947,
    "complex_iplddt": 0.0,
    "complex_pde": 0.7561806440353394,
    "complex_ipde": 0.0,
    "chains_ptm": {
        "0": 0.8286070823669434
    },
    "pair_chains_iptm": {
        "0": {
            "0": 0.8286070823669434
        }
    }
}