{
    "confidence_score": 0.5989378690719604,
    "ptm": 0.5929449200630188,
    "iptm": 0.0,
    "ligand_iptm": 0.0,
    "protein_iptm": 0.0,
    "complex_plddt": 0.7486723065376282,
    "complex_iplddt": 0.0,
    "complex_pde": 1.5725528001785278,
    "complex_ipde": 0.0,
    "chains_ptm": {
        "0": 0.5929449200630188
    },
    "pair_chains_iptm": {
        "0": {
            "0": 0.5929449200630188
        }
    }
}