{
    "confidence_score": 0.7400500178337097,
    "ptm": 0.924035370349884,
    "iptm": 0.0,
    "ligand_iptm": 0.0,
    "protein_iptm": 0.0,
    "complex_plddt": 0.9250624775886536,
    "complex_iplddt": 0.0,
    "complex_pde": 0.36222442984580994,
    "complex_ipde": 0.0,
    "chains_ptm": {
        "0": 0.924035370349884
    },
    "pair_chains_iptm": {
        "0": {
            "0": 0.924035370349884
        }
    }
}