{
    "confidence_score": 0.7178241610527039,
    "ptm": 0.8806341290473938,
    "iptm": 0.0,
    "ligand_iptm": 0.0,
    "protein_iptm": 0.0,
    "complex_plddt": 0.897280216217041,
    "complex_iplddt": 0.0,
    "complex_pde": 0.6637029647827148,
    "complex_ipde": 0.0,
    "chains_ptm": {
        "0": 0.8806341290473938
    },
    "pair_chains_iptm": {
        "0": {
            "0": 0.8806341290473938
        }
    }
}