{
    "confidence_score": 0.6670317053794861,
    "ptm": 0.8661046624183655,
    "iptm": 0.0,
    "ligand_iptm": 0.0,
    "protein_iptm": 0.0,
    "complex_plddt": 0.833789587020874,
    "complex_iplddt": 0.0,
    "complex_pde": 0.5107139348983765,
    "complex_ipde": 0.0,
    "chains_ptm": {
        "0": 0.8661046624183655
    },
    "pair_chains_iptm": {
        "0": {
            "0": 0.8661046624183655
        }
    }
}