{
    "confidence_score": 0.3449249565601349,
    "ptm": 0.31763795018196106,
    "iptm": 0.0,
    "ligand_iptm": 0.0,
    "protein_iptm": 0.0,
    "complex_plddt": 0.431156188249588,
    "complex_iplddt": 0.0,
    "complex_pde": 3.0683255195617676,
    "complex_ipde": 0.0,
    "chains_ptm": {
        "0": 0.31763795018196106
    },
    "pair_chains_iptm": {
        "0": {
            "0": 0.31763795018196106
        }
    }
}