{
    "confidence_score": 0.45931276679039,
    "ptm": 0.31101375818252563,
    "iptm": 0.0,
    "ligand_iptm": 0.0,
    "protein_iptm": 0.0,
    "complex_plddt": 0.5741409659385681,
    "complex_iplddt": 0.0,
    "complex_pde": 2.1557891368865967,
    "complex_ipde": 0.0,
    "chains_ptm": {
        "0": 0.31101375818252563
    },
    "pair_chains_iptm": {
        "0": {
            "0": 0.31101375818252563
        }
    }
}