{
    "confidence_score": 0.563337504863739,
    "ptm": 0.5284202098846436,
    "iptm": 0.0,
    "ligand_iptm": 0.0,
    "protein_iptm": 0.0,
    "complex_plddt": 0.7041718363761902,
    "complex_iplddt": 0.0,
    "complex_pde": 1.9701324701309204,
    "complex_ipde": 0.0,
    "chains_ptm": {
        "0": 0.5284202098846436
    },
    "pair_chains_iptm": {
        "0": {
            "0": 0.5284202098846436
        }
    }
}