{
    "confidence_score": 0.5574485659599304,
    "ptm": 0.3410659432411194,
    "iptm": 0.0,
    "ligand_iptm": 0.0,
    "protein_iptm": 0.0,
    "complex_plddt": 0.6968106627464294,
    "complex_iplddt": 0.0,
    "complex_pde": 1.596401572227478,
    "complex_ipde": 0.0,
    "chains_ptm": {
        "0": 0.3410659432411194
    },
    "pair_chains_iptm": {
        "0": {
            "0": 0.3410659432411194
        }
    }
}