{
    "confidence_score": 0.5705026388168335,
    "ptm": 0.646796464920044,
    "iptm": 0.0,
    "ligand_iptm": 0.0,
    "protein_iptm": 0.0,
    "complex_plddt": 0.7131282687187195,
    "complex_iplddt": 0.0,
    "complex_pde": 1.5934648513793945,
    "complex_ipde": 0.0,
    "chains_ptm": {
        "0": 0.646796464920044
    },
    "pair_chains_iptm": {
        "0": {
            "0": 0.646796464920044
        }
    }
}