{
    "confidence_score": 0.7530812621116638,
    "ptm": 0.9438958168029785,
    "iptm": 0.0,
    "ligand_iptm": 0.0,
    "protein_iptm": 0.0,
    "complex_plddt": 0.9413515329360962,
    "complex_iplddt": 0.0,
    "complex_pde": 0.3356863856315613,
    "complex_ipde": 0.0,
    "chains_ptm": {
        "0": 0.9438958168029785
    },
    "pair_chains_iptm": {
        "0": {
            "0": 0.9438958168029785
        }
    }
}