{
    "confidence_score": 0.707677960395813,
    "ptm": 0.9204504489898682,
    "iptm": 0.0,
    "ligand_iptm": 0.0,
    "protein_iptm": 0.0,
    "complex_plddt": 0.8845974206924438,
    "complex_iplddt": 0.0,
    "complex_pde": 0.48931753635406494,
    "complex_ipde": 0.0,
    "chains_ptm": {
        "0": 0.9204504489898682
    },
    "pair_chains_iptm": {
        "0": {
            "0": 0.9204504489898682
        }
    }
}