{
    "confidence_score": 0.7206735014915466,
    "ptm": 0.8946740627288818,
    "iptm": 0.0,
    "ligand_iptm": 0.0,
    "protein_iptm": 0.0,
    "complex_plddt": 0.9008418917655945,
    "complex_iplddt": 0.0,
    "complex_pde": 0.4134627878665924,
    "complex_ipde": 0.0,
    "chains_ptm": {
        "0": 0.8946740627288818
    },
    "pair_chains_iptm": {
        "0": {
            "0": 0.8946740627288818
        }
    }
}