{
    "confidence_score": 0.5740413665771484,
    "ptm": 0.6505700349807739,
    "iptm": 0.0,
    "ligand_iptm": 0.0,
    "protein_iptm": 0.0,
    "complex_plddt": 0.7175517082214355,
    "complex_iplddt": 0.0,
    "complex_pde": 1.0164494514465332,
    "complex_ipde": 0.0,
    "chains_ptm": {
        "0": 0.6505700349807739
    },
    "pair_chains_iptm": {
        "0": {
            "0": 0.6505700349807739
        }
    }
}