{
    "confidence_score": 0.7312558889389038,
    "ptm": 0.9097685813903809,
    "iptm": 0.0,
    "ligand_iptm": 0.0,
    "protein_iptm": 0.0,
    "complex_plddt": 0.9140698313713074,
    "complex_iplddt": 0.0,
    "complex_pde": 0.3999670147895813,
    "complex_ipde": 0.0,
    "chains_ptm": {
        "0": 0.9097685813903809
    },
    "pair_chains_iptm": {
        "0": {
            "0": 0.9097685813903809
        }
    }
}