{
    "confidence_score": 0.5688823461532593,
    "ptm": 0.32178980112075806,
    "iptm": 0.0,
    "ligand_iptm": 0.0,
    "protein_iptm": 0.0,
    "complex_plddt": 0.7111029028892517,
    "complex_iplddt": 0.0,
    "complex_pde": 1.5898152589797974,
    "complex_ipde": 0.0,
    "chains_ptm": {
        "0": 0.32178980112075806
    },
    "pair_chains_iptm": {
        "0": {
            "0": 0.32178980112075806
        }
    }
}