{
    "confidence_score": 0.5963468551635742,
    "ptm": 0.591573178768158,
    "iptm": 0.0,
    "ligand_iptm": 0.0,
    "protein_iptm": 0.0,
    "complex_plddt": 0.7454335689544678,
    "complex_iplddt": 0.0,
    "complex_pde": 1.7872612476348877,
    "complex_ipde": 0.0,
    "chains_ptm": {
        "0": 0.591573178768158
    },
    "pair_chains_iptm": {
        "0": {
            "0": 0.591573178768158
        }
    }
}