{
    "confidence_score": 0.6646513342857361,
    "ptm": 0.5721110701560974,
    "iptm": 0.0,
    "ligand_iptm": 0.0,
    "protein_iptm": 0.0,
    "complex_plddt": 0.8308141231536865,
    "complex_iplddt": 0.0,
    "complex_pde": 0.7476552724838257,
    "complex_ipde": 0.0,
    "chains_ptm": {
        "0": 0.5721110701560974
    },
    "pair_chains_iptm": {
        "0": {
            "0": 0.5721110701560974
        }
    }
}