{
    "confidence_score": 0.6988899111747742,
    "ptm": 0.8669854998588562,
    "iptm": 0.0,
    "ligand_iptm": 0.0,
    "protein_iptm": 0.0,
    "complex_plddt": 0.8736124038696289,
    "complex_iplddt": 0.0,
    "complex_pde": 0.5104042887687683,
    "complex_ipde": 0.0,
    "chains_ptm": {
        "0": 0.8669854998588562
    },
    "pair_chains_iptm": {
        "0": {
            "0": 0.8669854998588562
        }
    }
}