{
    "confidence_score": 0.7444525361061096,
    "ptm": 0.940883219242096,
    "iptm": 0.0,
    "ligand_iptm": 0.0,
    "protein_iptm": 0.0,
    "complex_plddt": 0.9305656552314758,
    "complex_iplddt": 0.0,
    "complex_pde": 0.40296509861946106,
    "complex_ipde": 0.0,
    "chains_ptm": {
        "0": 0.940883219242096
    },
    "pair_chains_iptm": {
        "0": {
            "0": 0.940883219242096
        }
    }
}