{
    "confidence_score": 0.7445949912071228,
    "ptm": 0.954569935798645,
    "iptm": 0.0,
    "ligand_iptm": 0.0,
    "protein_iptm": 0.0,
    "complex_plddt": 0.9307436943054199,
    "complex_iplddt": 0.0,
    "complex_pde": 0.36660557985305786,
    "complex_ipde": 0.0,
    "chains_ptm": {
        "0": 0.954569935798645
    },
    "pair_chains_iptm": {
        "0": {
            "0": 0.954569935798645
        }
    }
}