{
    "confidence_score": 0.5284104347229004,
    "ptm": 0.6410291194915771,
    "iptm": 0.0,
    "ligand_iptm": 0.0,
    "protein_iptm": 0.0,
    "complex_plddt": 0.6605130434036255,
    "complex_iplddt": 0.0,
    "complex_pde": 0.5514127016067505,
    "complex_ipde": 0.0,
    "chains_ptm": {
        "0": 0.6410291194915771
    },
    "pair_chains_iptm": {
        "0": {
            "0": 0.6410291194915771
        }
    }
}