{
    "confidence_score": 0.6423913836479187,
    "ptm": 0.5863885879516602,
    "iptm": 0.0,
    "ligand_iptm": 0.0,
    "protein_iptm": 0.0,
    "complex_plddt": 0.8029891848564148,
    "complex_iplddt": 0.0,
    "complex_pde": 0.9838252067565918,
    "complex_ipde": 0.0,
    "chains_ptm": {
        "0": 0.5863885879516602
    },
    "pair_chains_iptm": {
        "0": {
            "0": 0.5863885879516602
        }
    }
}