{
    "confidence_score": 0.6649957895278931,
    "ptm": 0.840442419052124,
    "iptm": 0.0,
    "ligand_iptm": 0.0,
    "protein_iptm": 0.0,
    "complex_plddt": 0.831244707107544,
    "complex_iplddt": 0.0,
    "complex_pde": 0.7773958444595337,
    "complex_ipde": 0.0,
    "chains_ptm": {
        "0": 0.840442419052124
    },
    "pair_chains_iptm": {
        "0": {
            "0": 0.840442419052124
        }
    }
}