{
    "confidence_score": 0.5635542273521423,
    "ptm": 0.28310877084732056,
    "iptm": 0.0,
    "ligand_iptm": 0.0,
    "protein_iptm": 0.0,
    "complex_plddt": 0.7044427990913391,
    "complex_iplddt": 0.0,
    "complex_pde": 1.9493168592453003,
    "complex_ipde": 0.0,
    "chains_ptm": {
        "0": 0.28310877084732056
    },
    "pair_chains_iptm": {
        "0": {
            "0": 0.28310877084732056
        }
    }
}