{
    "plddts": {
        "model_1_pred_0": 82.29184805181498,
        "model_2_pred_0": 83.24144295584966,
        "model_3_pred_0": 84.62802442374563,
        "model_4_pred_0": 85.01107115263996,
        "model_5_pred_0": 82.38193445920766
    },
    "order": [
        "model_4_pred_0",
        "model_3_pred_0",
        "model_2_pred_0",
        "model_5_pred_0",
        "model_1_pred_0"
    ]
}