{
    "features": 5020.163605928421,
    "process_features_model_1_pred_0": 12.222588777542114,
    "predict_and_compile_model_1_pred_0": 319.5510461330414,
    "process_features_model_2_pred_0": 15.588938474655151,
    "predict_and_compile_model_2_pred_0": 290.9607198238373,
    "process_features_model_3_pred_0": 16.408425331115723,
    "predict_and_compile_model_3_pred_0": 264.37160873413086,
    "process_features_model_4_pred_0": 13.623499870300293,
    "predict_and_compile_model_4_pred_0": 261.77228021621704,
    "process_features_model_5_pred_0": 15.624678611755371,
    "predict_and_compile_model_5_pred_0": 246.53978872299194,
    "relax_model_4_pred_0": 58.345563650131226
}