{
    "confidence_score": 0.7440730929374695,
    "ptm": 0.9494695663452148,
    "iptm": 0.0,
    "ligand_iptm": 0.0,
    "protein_iptm": 0.0,
    "complex_plddt": 0.930091381072998,
    "complex_iplddt": 0.0,
    "complex_pde": 0.33569881319999695,
    "complex_ipde": 0.0,
    "chains_ptm": {
        "0": 0.9494695663452148
    },
    "pair_chains_iptm": {
        "0": {
            "0": 0.9494695663452148
        }
    }
}