{
    "plddts": {
        "model_1_pred_0": 82.29793568611082,
        "model_2_pred_0": 83.00440397062594,
        "model_3_pred_0": 83.2034752271827,
        "model_4_pred_0": 82.09485113638061,
        "model_5_pred_0": 82.76388599694847
    },
    "order": [
        "model_3_pred_0",
        "model_2_pred_0",
        "model_5_pred_0",
        "model_1_pred_0",
        "model_4_pred_0"
    ]
}