{
    "confidence_score": 0.39921867847442627,
    "ptm": 0.27571117877960205,
    "iptm": 0.0,
    "ligand_iptm": 0.0,
    "protein_iptm": 0.0,
    "complex_plddt": 0.49902334809303284,
    "complex_iplddt": 0.0,
    "complex_pde": 2.5642290115356445,
    "complex_ipde": 0.0,
    "chains_ptm": {
        "0": 0.27571117877960205
    },
    "pair_chains_iptm": {
        "0": {
            "0": 0.27571117877960205
        }
    }
}