{
    "confidence_score": 0.7379459142684937,
    "ptm": 0.9330916404724121,
    "iptm": 0.0,
    "ligand_iptm": 0.0,
    "protein_iptm": 0.0,
    "complex_plddt": 0.9224323630332947,
    "complex_iplddt": 0.0,
    "complex_pde": 0.4950493276119232,
    "complex_ipde": 0.0,
    "chains_ptm": {
        "0": 0.9330916404724121
    },
    "pair_chains_iptm": {
        "0": {
            "0": 0.9330916404724121
        }
    }
}