{
    "plddts": {
        "model_1_pred_0": 71.1544968083473,
        "model_2_pred_0": 70.82316977301477,
        "model_3_pred_0": 73.63675219961513,
        "model_4_pred_0": 71.45712640454471,
        "model_5_pred_0": 72.90513945605906
    },
    "order": [
        "model_3_pred_0",
        "model_5_pred_0",
        "model_4_pred_0",
        "model_1_pred_0",
        "model_2_pred_0"
    ]
}