{
    "confidence_score": 0.7446261048316956,
    "ptm": 0.9470391869544983,
    "iptm": 0.0,
    "ligand_iptm": 0.0,
    "protein_iptm": 0.0,
    "complex_plddt": 0.9307826161384583,
    "complex_iplddt": 0.0,
    "complex_pde": 0.3465535640716553,
    "complex_ipde": 0.0,
    "chains_ptm": {
        "0": 0.9470391869544983
    },
    "pair_chains_iptm": {
        "0": {
            "0": 0.9470391869544983
        }
    }
}