{
    "confidence_score": 0.7102403044700623,
    "ptm": 0.9063710570335388,
    "iptm": 0.0,
    "ligand_iptm": 0.0,
    "protein_iptm": 0.0,
    "complex_plddt": 0.8878003358840942,
    "complex_iplddt": 0.0,
    "complex_pde": 0.4873158037662506,
    "complex_ipde": 0.0,
    "chains_ptm": {
        "0": 0.9063710570335388
    },
    "pair_chains_iptm": {
        "0": {
            "0": 0.9063710570335388
        }
    }
}