{
    "confidence_score": 0.37252604961395264,
    "ptm": 0.20219238102436066,
    "iptm": 0.0,
    "ligand_iptm": 0.0,
    "protein_iptm": 0.0,
    "complex_plddt": 0.4656575620174408,
    "complex_iplddt": 0.0,
    "complex_pde": 3.277151346206665,
    "complex_ipde": 0.0,
    "chains_ptm": {
        "0": 0.20219238102436066
    },
    "pair_chains_iptm": {
        "0": {
            "0": 0.20219238102436066
        }
    }
}