{
    "confidence_score": 0.5273690223693848,
    "ptm": 0.5270230770111084,
    "iptm": 0.0,
    "ligand_iptm": 0.0,
    "protein_iptm": 0.0,
    "complex_plddt": 0.659211277961731,
    "complex_iplddt": 0.0,
    "complex_pde": 1.671867847442627,
    "complex_ipde": 0.0,
    "chains_ptm": {
        "0": 0.5270230770111084
    },
    "pair_chains_iptm": {
        "0": {
            "0": 0.5270230770111084
        }
    }
}