{
    "confidence_score": 0.7098169326782227,
    "ptm": 0.9232821464538574,
    "iptm": 0.0,
    "ligand_iptm": 0.0,
    "protein_iptm": 0.0,
    "complex_plddt": 0.8872711658477783,
    "complex_iplddt": 0.0,
    "complex_pde": 0.49018990993499756,
    "complex_ipde": 0.0,
    "chains_ptm": {
        "0": 0.9232821464538574
    },
    "pair_chains_iptm": {
        "0": {
            "0": 0.9232821464538574
        }
    }
}