{
    "confidence_score": 0.5996056795120239,
    "ptm": 0.33641931414604187,
    "iptm": 0.0,
    "ligand_iptm": 0.0,
    "protein_iptm": 0.0,
    "complex_plddt": 0.7495070695877075,
    "complex_iplddt": 0.0,
    "complex_pde": 1.465122103691101,
    "complex_ipde": 0.0,
    "chains_ptm": {
        "0": 0.33641931414604187
    },
    "pair_chains_iptm": {
        "0": {
            "0": 0.33641931414604187
        }
    }
}