{
    "confidence_score": 0.5063886046409607,
    "ptm": 0.5440101623535156,
    "iptm": 0.0,
    "ligand_iptm": 0.0,
    "protein_iptm": 0.0,
    "complex_plddt": 0.6329857707023621,
    "complex_iplddt": 0.0,
    "complex_pde": 1.1276479959487915,
    "complex_ipde": 0.0,
    "chains_ptm": {
        "0": 0.5440101623535156
    },
    "pair_chains_iptm": {
        "0": {
            "0": 0.5440101623535156
        }
    }
}