{
    "confidence_score": 0.49438419938087463,
    "ptm": 0.43426966667175293,
    "iptm": 0.0,
    "ligand_iptm": 0.0,
    "protein_iptm": 0.0,
    "complex_plddt": 0.6179802417755127,
    "complex_iplddt": 0.0,
    "complex_pde": 2.8822550773620605,
    "complex_ipde": 0.0,
    "chains_ptm": {
        "0": 0.43426966667175293
    },
    "pair_chains_iptm": {
        "0": {
            "0": 0.43426966667175293
        }
    }
}