{
    "confidence_score": 0.5938994884490967,
    "ptm": 0.725994348526001,
    "iptm": 0.0,
    "ligand_iptm": 0.0,
    "protein_iptm": 0.0,
    "complex_plddt": 0.7423743605613708,
    "complex_iplddt": 0.0,
    "complex_pde": 0.8776125311851501,
    "complex_ipde": 0.0,
    "chains_ptm": {
        "0": 0.725994348526001
    },
    "pair_chains_iptm": {
        "0": {
            "0": 0.725994348526001
        }
    }
}