{
    "confidence_score": 0.4624813497066498,
    "ptm": 0.5380150675773621,
    "iptm": 0.0,
    "ligand_iptm": 0.0,
    "protein_iptm": 0.0,
    "complex_plddt": 0.5781016945838928,
    "complex_iplddt": 0.0,
    "complex_pde": 2.2243058681488037,
    "complex_ipde": 0.0,
    "chains_ptm": {
        "0": 0.5380150675773621
    },
    "pair_chains_iptm": {
        "0": {
            "0": 0.5380150675773621
        }
    }
}