{
    "confidence_score": 0.6759654879570007,
    "ptm": 0.7657225131988525,
    "iptm": 0.0,
    "ligand_iptm": 0.0,
    "protein_iptm": 0.0,
    "complex_plddt": 0.8449568748474121,
    "complex_iplddt": 0.0,
    "complex_pde": 0.759567141532898,
    "complex_ipde": 0.0,
    "chains_ptm": {
        "0": 0.7657225131988525
    },
    "pair_chains_iptm": {
        "0": {
            "0": 0.7657225131988525
        }
    }
}