{
    "confidence_score": 0.6700294017791748,
    "ptm": 0.7390148639678955,
    "iptm": 0.0,
    "ligand_iptm": 0.0,
    "protein_iptm": 0.0,
    "complex_plddt": 0.8375367522239685,
    "complex_iplddt": 0.0,
    "complex_pde": 0.7593114972114563,
    "complex_ipde": 0.0,
    "chains_ptm": {
        "0": 0.7390148639678955
    },
    "pair_chains_iptm": {
        "0": {
            "0": 0.7390148639678955
        }
    }
}