{
    "confidence_score": 0.678106963634491,
    "ptm": 0.7199369668960571,
    "iptm": 0.0,
    "ligand_iptm": 0.0,
    "protein_iptm": 0.0,
    "complex_plddt": 0.8476337194442749,
    "complex_iplddt": 0.0,
    "complex_pde": 0.7379686236381531,
    "complex_ipde": 0.0,
    "chains_ptm": {
        "0": 0.7199369668960571
    },
    "pair_chains_iptm": {
        "0": {
            "0": 0.7199369668960571
        }
    }
}