{
    "confidence_score": 0.5540241599082947,
    "ptm": 0.662147045135498,
    "iptm": 0.0,
    "ligand_iptm": 0.0,
    "protein_iptm": 0.0,
    "complex_plddt": 0.6925302147865295,
    "complex_iplddt": 0.0,
    "complex_pde": 1.290802001953125,
    "complex_ipde": 0.0,
    "chains_ptm": {
        "0": 0.662147045135498
    },
    "pair_chains_iptm": {
        "0": {
            "0": 0.662147045135498
        }
    }
}