{
    "confidence_score": 0.46580085158348083,
    "ptm": 0.49831846356391907,
    "iptm": 0.0,
    "ligand_iptm": 0.0,
    "protein_iptm": 0.0,
    "complex_plddt": 0.5822510719299316,
    "complex_iplddt": 0.0,
    "complex_pde": 1.6458770036697388,
    "complex_ipde": 0.0,
    "chains_ptm": {
        "0": 0.49831846356391907
    },
    "pair_chains_iptm": {
        "0": {
            "0": 0.49831846356391907
        }
    }
}