{
    "confidence_score": 0.7330671548843384,
    "ptm": 0.9247580170631409,
    "iptm": 0.0,
    "ligand_iptm": 0.0,
    "protein_iptm": 0.0,
    "complex_plddt": 0.9163339138031006,
    "complex_iplddt": 0.0,
    "complex_pde": 0.38909050822257996,
    "complex_ipde": 0.0,
    "chains_ptm": {
        "0": 0.9247580170631409
    },
    "pair_chains_iptm": {
        "0": {
            "0": 0.9247580170631409
        }
    }
}