{
    "confidence_score": 0.5310224890708923,
    "ptm": 0.2467457354068756,
    "iptm": 0.0,
    "ligand_iptm": 0.0,
    "protein_iptm": 0.0,
    "complex_plddt": 0.6637781262397766,
    "complex_iplddt": 0.0,
    "complex_pde": 1.887527585029602,
    "complex_ipde": 0.0,
    "chains_ptm": {
        "0": 0.2467457354068756
    },
    "pair_chains_iptm": {
        "0": {
            "0": 0.2467457354068756
        }
    }
}