{
    "confidence_score": 0.7329941391944885,
    "ptm": 0.8158186674118042,
    "iptm": 0.0,
    "ligand_iptm": 0.0,
    "protein_iptm": 0.0,
    "complex_plddt": 0.9162426590919495,
    "complex_iplddt": 0.0,
    "complex_pde": 0.4184603989124298,
    "complex_ipde": 0.0,
    "chains_ptm": {
        "0": 0.8158186674118042
    },
    "pair_chains_iptm": {
        "0": {
            "0": 0.8158186674118042
        }
    }
}