{
    "confidence_score": 0.7322055101394653,
    "ptm": 0.9278806447982788,
    "iptm": 0.0,
    "ligand_iptm": 0.0,
    "protein_iptm": 0.0,
    "complex_plddt": 0.9152568578720093,
    "complex_iplddt": 0.0,
    "complex_pde": 0.3699611723423004,
    "complex_ipde": 0.0,
    "chains_ptm": {
        "0": 0.9278806447982788
    },
    "pair_chains_iptm": {
        "0": {
            "0": 0.9278806447982788
        }
    }
}