{
    "confidence_score": 0.4886062741279602,
    "ptm": 0.28954750299453735,
    "iptm": 0.0,
    "ligand_iptm": 0.0,
    "protein_iptm": 0.0,
    "complex_plddt": 0.6107578277587891,
    "complex_iplddt": 0.0,
    "complex_pde": 1.4230194091796875,
    "complex_ipde": 0.0,
    "chains_ptm": {
        "0": 0.28954750299453735
    },
    "pair_chains_iptm": {
        "0": {
            "0": 0.28954750299453735
        }
    }
}