{
    "confidence_score": 0.49572548270225525,
    "ptm": 0.3496350646018982,
    "iptm": 0.0,
    "ligand_iptm": 0.0,
    "protein_iptm": 0.0,
    "complex_plddt": 0.6196568608283997,
    "complex_iplddt": 0.0,
    "complex_pde": 2.337780714035034,
    "complex_ipde": 0.0,
    "chains_ptm": {
        "0": 0.3496350646018982
    },
    "pair_chains_iptm": {
        "0": {
            "0": 0.3496350646018982
        }
    }
}