{
    "confidence_score": 0.7519742846488953,
    "ptm": 0.9573572278022766,
    "iptm": 0.0,
    "ligand_iptm": 0.0,
    "protein_iptm": 0.0,
    "complex_plddt": 0.9399678707122803,
    "complex_iplddt": 0.0,
    "complex_pde": 0.3257564902305603,
    "complex_ipde": 0.0,
    "chains_ptm": {
        "0": 0.9573572278022766
    },
    "pair_chains_iptm": {
        "0": {
            "0": 0.9573572278022766
        }
    }
}