{
    "confidence_score": 0.7002435922622681,
    "ptm": 0.8573538064956665,
    "iptm": 0.0,
    "ligand_iptm": 0.0,
    "protein_iptm": 0.0,
    "complex_plddt": 0.8753044605255127,
    "complex_iplddt": 0.0,
    "complex_pde": 0.6268978714942932,
    "complex_ipde": 0.0,
    "chains_ptm": {
        "0": 0.8573538064956665
    },
    "pair_chains_iptm": {
        "0": {
            "0": 0.8573538064956665
        }
    }
}