{
    "confidence_score": 0.4782596528530121,
    "ptm": 0.6540805101394653,
    "iptm": 0.0,
    "ligand_iptm": 0.0,
    "protein_iptm": 0.0,
    "complex_plddt": 0.5978245735168457,
    "complex_iplddt": 0.0,
    "complex_pde": 1.7971575260162354,
    "complex_ipde": 0.0,
    "chains_ptm": {
        "0": 0.6540805101394653
    },
    "pair_chains_iptm": {
        "0": {
            "0": 0.6540805101394653
        }
    }
}