{
    "confidence_score": 0.6110691428184509,
    "ptm": 0.8698722124099731,
    "iptm": 0.0,
    "ligand_iptm": 0.0,
    "protein_iptm": 0.0,
    "complex_plddt": 0.7638364434242249,
    "complex_iplddt": 0.0,
    "complex_pde": 0.7145523428916931,
    "complex_ipde": 0.0,
    "chains_ptm": {
        "0": 0.8698722124099731
    },
    "pair_chains_iptm": {
        "0": {
            "0": 0.8698722124099731
        }
    }
}