{
    "confidence_score": 0.7559670805931091,
    "ptm": 0.9384735822677612,
    "iptm": 0.0,
    "ligand_iptm": 0.0,
    "protein_iptm": 0.0,
    "complex_plddt": 0.9449588060379028,
    "complex_iplddt": 0.0,
    "complex_pde": 0.3368273377418518,
    "complex_ipde": 0.0,
    "chains_ptm": {
        "0": 0.9384735822677612
    },
    "pair_chains_iptm": {
        "0": {
            "0": 0.9384735822677612
        }
    }
}