{
    "confidence_score": 0.6778950095176697,
    "ptm": 0.820080578327179,
    "iptm": 0.0,
    "ligand_iptm": 0.0,
    "protein_iptm": 0.0,
    "complex_plddt": 0.8473687171936035,
    "complex_iplddt": 0.0,
    "complex_pde": 0.7680484652519226,
    "complex_ipde": 0.0,
    "chains_ptm": {
        "0": 0.820080578327179
    },
    "pair_chains_iptm": {
        "0": {
            "0": 0.820080578327179
        }
    }
}