{
    "plddts": {
        "model_1_pred_0": 75.56343144188861,
        "model_2_pred_0": 77.0348136312074,
        "model_3_pred_0": 75.19338270275806,
        "model_4_pred_0": 74.50499539850166,
        "model_5_pred_0": 76.4610264790334
    },
    "order": [
        "model_2_pred_0",
        "model_5_pred_0",
        "model_1_pred_0",
        "model_3_pred_0",
        "model_4_pred_0"
    ]
}