{
    "confidence_score": 0.6904199123382568,
    "ptm": 0.8315588235855103,
    "iptm": 0.0,
    "ligand_iptm": 0.0,
    "protein_iptm": 0.0,
    "complex_plddt": 0.863024890422821,
    "complex_iplddt": 0.0,
    "complex_pde": 0.5760988593101501,
    "complex_ipde": 0.0,
    "chains_ptm": {
        "0": 0.8315588235855103
    },
    "pair_chains_iptm": {
        "0": {
            "0": 0.8315588235855103
        }
    }
}