{
    "confidence_score": 0.6296908855438232,
    "ptm": 0.6221159100532532,
    "iptm": 0.0,
    "ligand_iptm": 0.0,
    "protein_iptm": 0.0,
    "complex_plddt": 0.787113606929779,
    "complex_iplddt": 0.0,
    "complex_pde": 0.8440689444541931,
    "complex_ipde": 0.0,
    "chains_ptm": {
        "0": 0.6221159100532532
    },
    "pair_chains_iptm": {
        "0": {
            "0": 0.6221159100532532
        }
    }
}