{
    "confidence_score": 0.710688054561615,
    "ptm": 0.9039893746376038,
    "iptm": 0.0,
    "ligand_iptm": 0.0,
    "protein_iptm": 0.0,
    "complex_plddt": 0.8883600234985352,
    "complex_iplddt": 0.0,
    "complex_pde": 0.3711434006690979,
    "complex_ipde": 0.0,
    "chains_ptm": {
        "0": 0.9039893746376038
    },
    "pair_chains_iptm": {
        "0": {
            "0": 0.9039893746376038
        }
    }
}