{
    "confidence_score": 0.699143648147583,
    "ptm": 0.8640437722206116,
    "iptm": 0.0,
    "ligand_iptm": 0.0,
    "protein_iptm": 0.0,
    "complex_plddt": 0.8739295601844788,
    "complex_iplddt": 0.0,
    "complex_pde": 0.537541925907135,
    "complex_ipde": 0.0,
    "chains_ptm": {
        "0": 0.8640437722206116
    },
    "pair_chains_iptm": {
        "0": {
            "0": 0.8640437722206116
        }
    }
}