{
    "confidence_score": 0.700397789478302,
    "ptm": 0.851105272769928,
    "iptm": 0.0,
    "ligand_iptm": 0.0,
    "protein_iptm": 0.0,
    "complex_plddt": 0.8754972219467163,
    "complex_iplddt": 0.0,
    "complex_pde": 0.45318344235420227,
    "complex_ipde": 0.0,
    "chains_ptm": {
        "0": 0.851105272769928
    },
    "pair_chains_iptm": {
        "0": {
            "0": 0.851105272769928
        }
    }
}