{
    "confidence_score": 0.6227623224258423,
    "ptm": 0.6681478023529053,
    "iptm": 0.0,
    "ligand_iptm": 0.0,
    "protein_iptm": 0.0,
    "complex_plddt": 0.7784528732299805,
    "complex_iplddt": 0.0,
    "complex_pde": 0.9004033207893372,
    "complex_ipde": 0.0,
    "chains_ptm": {
        "0": 0.6681478023529053
    },
    "pair_chains_iptm": {
        "0": {
            "0": 0.6681478023529053
        }
    }
}