{
    "confidence_score": 0.639593780040741,
    "ptm": 0.5992245078086853,
    "iptm": 0.0,
    "ligand_iptm": 0.0,
    "protein_iptm": 0.0,
    "complex_plddt": 0.7994922399520874,
    "complex_iplddt": 0.0,
    "complex_pde": 1.0097419023513794,
    "complex_ipde": 0.0,
    "chains_ptm": {
        "0": 0.5992245078086853
    },
    "pair_chains_iptm": {
        "0": {
            "0": 0.5992245078086853
        }
    }
}