{
    "confidence_score": 0.51252681016922,
    "ptm": 0.48750096559524536,
    "iptm": 0.0,
    "ligand_iptm": 0.0,
    "protein_iptm": 0.0,
    "complex_plddt": 0.6406584978103638,
    "complex_iplddt": 0.0,
    "complex_pde": 1.0055164098739624,
    "complex_ipde": 0.0,
    "chains_ptm": {
        "0": 0.48750096559524536
    },
    "pair_chains_iptm": {
        "0": {
            "0": 0.48750096559524536
        }
    }
}