{
    "confidence_score": 0.5882655382156372,
    "ptm": 0.7970744967460632,
    "iptm": 0.0,
    "ligand_iptm": 0.0,
    "protein_iptm": 0.0,
    "complex_plddt": 0.7353318929672241,
    "complex_iplddt": 0.0,
    "complex_pde": 0.5366712808609009,
    "complex_ipde": 0.0,
    "chains_ptm": {
        "0": 0.7970744967460632
    },
    "pair_chains_iptm": {
        "0": {
            "0": 0.7970744967460632
        }
    }
}