{
    "confidence_score": 0.6675435900688171,
    "ptm": 0.7409281730651855,
    "iptm": 0.0,
    "ligand_iptm": 0.0,
    "protein_iptm": 0.0,
    "complex_plddt": 0.8344295024871826,
    "complex_iplddt": 0.0,
    "complex_pde": 0.5360333919525146,
    "complex_ipde": 0.0,
    "chains_ptm": {
        "0": 0.7409281730651855
    },
    "pair_chains_iptm": {
        "0": {
            "0": 0.7409281730651855
        }
    }
}