{
    "confidence_score": 0.4534718692302704,
    "ptm": 0.3581586480140686,
    "iptm": 0.0,
    "ligand_iptm": 0.0,
    "protein_iptm": 0.0,
    "complex_plddt": 0.5668398141860962,
    "complex_iplddt": 0.0,
    "complex_pde": 2.315593719482422,
    "complex_ipde": 0.0,
    "chains_ptm": {
        "0": 0.3581586480140686
    },
    "pair_chains_iptm": {
        "0": {
            "0": 0.3581586480140686
        }
    }
}