{
    "confidence_score": 0.4766484797000885,
    "ptm": 0.24828848242759705,
    "iptm": 0.0,
    "ligand_iptm": 0.0,
    "protein_iptm": 0.0,
    "complex_plddt": 0.59581059217453,
    "complex_iplddt": 0.0,
    "complex_pde": 3.650010347366333,
    "complex_ipde": 0.0,
    "chains_ptm": {
        "0": 0.24828848242759705
    },
    "pair_chains_iptm": {
        "0": {
            "0": 0.24828848242759705
        }
    }
}