{
    "confidence_score": 0.6989704966545105,
    "ptm": 0.7874082326889038,
    "iptm": 0.0,
    "ligand_iptm": 0.0,
    "protein_iptm": 0.0,
    "complex_plddt": 0.8737131357192993,
    "complex_iplddt": 0.0,
    "complex_pde": 0.5229467153549194,
    "complex_ipde": 0.0,
    "chains_ptm": {
        "0": 0.7874082326889038
    },
    "pair_chains_iptm": {
        "0": {
            "0": 0.7874082326889038
        }
    }
}