{
    "confidence_score": 0.7502917647361755,
    "ptm": 0.9589375853538513,
    "iptm": 0.0,
    "ligand_iptm": 0.0,
    "protein_iptm": 0.0,
    "complex_plddt": 0.9378646612167358,
    "complex_iplddt": 0.0,
    "complex_pde": 0.3186131715774536,
    "complex_ipde": 0.0,
    "chains_ptm": {
        "0": 0.9589375853538513
    },
    "pair_chains_iptm": {
        "0": {
            "0": 0.9589375853538513
        }
    }
}