{
    "confidence_score": 0.6439304351806641,
    "ptm": 0.5477787852287292,
    "iptm": 0.0,
    "ligand_iptm": 0.0,
    "protein_iptm": 0.0,
    "complex_plddt": 0.8049130439758301,
    "complex_iplddt": 0.0,
    "complex_pde": 0.9961237907409668,
    "complex_ipde": 0.0,
    "chains_ptm": {
        "0": 0.5477787852287292
    },
    "pair_chains_iptm": {
        "0": {
            "0": 0.5477787852287292
        }
    }
}