{
    "confidence_score": 0.7466391921043396,
    "ptm": 0.9328946471214294,
    "iptm": 0.0,
    "ligand_iptm": 0.0,
    "protein_iptm": 0.0,
    "complex_plddt": 0.9332989454269409,
    "complex_iplddt": 0.0,
    "complex_pde": 0.3449585735797882,
    "complex_ipde": 0.0,
    "chains_ptm": {
        "0": 0.9328946471214294
    },
    "pair_chains_iptm": {
        "0": {
            "0": 0.9328946471214294
        }
    }
}