{
    "confidence_score": 0.7313791513442993,
    "ptm": 0.910227358341217,
    "iptm": 0.0,
    "ligand_iptm": 0.0,
    "protein_iptm": 0.0,
    "complex_plddt": 0.9142239093780518,
    "complex_iplddt": 0.0,
    "complex_pde": 0.3719794750213623,
    "complex_ipde": 0.0,
    "chains_ptm": {
        "0": 0.910227358341217
    },
    "pair_chains_iptm": {
        "0": {
            "0": 0.910227358341217
        }
    }
}