{
    "confidence_score": 0.7048289775848389,
    "ptm": 0.88711017370224,
    "iptm": 0.0,
    "ligand_iptm": 0.0,
    "protein_iptm": 0.0,
    "complex_plddt": 0.8810362219810486,
    "complex_iplddt": 0.0,
    "complex_pde": 0.5131242871284485,
    "complex_ipde": 0.0,
    "chains_ptm": {
        "0": 0.88711017370224
    },
    "pair_chains_iptm": {
        "0": {
            "0": 0.88711017370224
        }
    }
}