{
    "confidence_score": 0.7181443572044373,
    "ptm": 0.9204973578453064,
    "iptm": 0.0,
    "ligand_iptm": 0.0,
    "protein_iptm": 0.0,
    "complex_plddt": 0.8976804614067078,
    "complex_iplddt": 0.0,
    "complex_pde": 0.41881227493286133,
    "complex_ipde": 0.0,
    "chains_ptm": {
        "0": 0.9204973578453064
    },
    "pair_chains_iptm": {
        "0": {
            "0": 0.9204973578453064
        }
    }
}