{
    "confidence_score": 0.48425307869911194,
    "ptm": 0.4574928879737854,
    "iptm": 0.0,
    "ligand_iptm": 0.0,
    "protein_iptm": 0.0,
    "complex_plddt": 0.6053163409233093,
    "complex_iplddt": 0.0,
    "complex_pde": 2.1996049880981445,
    "complex_ipde": 0.0,
    "chains_ptm": {
        "0": 0.4574928879737854
    },
    "pair_chains_iptm": {
        "0": {
            "0": 0.4574928879737854
        }
    }
}