{
    "confidence_score": 0.7080225944519043,
    "ptm": 0.8072238564491272,
    "iptm": 0.0,
    "ligand_iptm": 0.0,
    "protein_iptm": 0.0,
    "complex_plddt": 0.8850282430648804,
    "complex_iplddt": 0.0,
    "complex_pde": 0.5379360914230347,
    "complex_ipde": 0.0,
    "chains_ptm": {
        "0": 0.8072238564491272
    },
    "pair_chains_iptm": {
        "0": {
            "0": 0.8072238564491272
        }
    }
}