{
    "confidence_score": 0.6039653420448303,
    "ptm": 0.8771499395370483,
    "iptm": 0.0,
    "ligand_iptm": 0.0,
    "protein_iptm": 0.0,
    "complex_plddt": 0.7549566626548767,
    "complex_iplddt": 0.0,
    "complex_pde": 1.0837011337280273,
    "complex_ipde": 0.0,
    "chains_ptm": {
        "0": 0.8771499395370483
    },
    "pair_chains_iptm": {
        "0": {
            "0": 0.8771499395370483
        }
    }
}