{
    "confidence_score": 0.6269980669021606,
    "ptm": 0.7046518325805664,
    "iptm": 0.0,
    "ligand_iptm": 0.0,
    "protein_iptm": 0.0,
    "complex_plddt": 0.7837475538253784,
    "complex_iplddt": 0.0,
    "complex_pde": 1.014823079109192,
    "complex_ipde": 0.0,
    "chains_ptm": {
        "0": 0.7046518325805664
    },
    "pair_chains_iptm": {
        "0": {
            "0": 0.7046518325805664
        }
    }
}