{
    "confidence_score": 0.665412187576294,
    "ptm": 0.48659440875053406,
    "iptm": 0.0,
    "ligand_iptm": 0.0,
    "protein_iptm": 0.0,
    "complex_plddt": 0.8317652344703674,
    "complex_iplddt": 0.0,
    "complex_pde": 1.4058804512023926,
    "complex_ipde": 0.0,
    "chains_ptm": {
        "0": 0.48659440875053406
    },
    "pair_chains_iptm": {
        "0": {
            "0": 0.48659440875053406
        }
    }
}