{
    "confidence_score": 0.661177396774292,
    "ptm": 0.6748225688934326,
    "iptm": 0.0,
    "ligand_iptm": 0.0,
    "protein_iptm": 0.0,
    "complex_plddt": 0.826471745967865,
    "complex_iplddt": 0.0,
    "complex_pde": 0.7621351480484009,
    "complex_ipde": 0.0,
    "chains_ptm": {
        "0": 0.6748225688934326
    },
    "pair_chains_iptm": {
        "0": {
            "0": 0.6748225688934326
        }
    }
}