{
    "confidence_score": 0.3769378066062927,
    "ptm": 0.32586801052093506,
    "iptm": 0.0,
    "ligand_iptm": 0.0,
    "protein_iptm": 0.0,
    "complex_plddt": 0.4711722433567047,
    "complex_iplddt": 0.0,
    "complex_pde": 2.9820828437805176,
    "complex_ipde": 0.0,
    "chains_ptm": {
        "0": 0.32586801052093506
    },
    "pair_chains_iptm": {
        "0": {
            "0": 0.32586801052093506
        }
    }
}