{
    "confidence_score": 0.7029914259910583,
    "ptm": 0.8849086165428162,
    "iptm": 0.0,
    "ligand_iptm": 0.0,
    "protein_iptm": 0.0,
    "complex_plddt": 0.8787392377853394,
    "complex_iplddt": 0.0,
    "complex_pde": 0.6495140194892883,
    "complex_ipde": 0.0,
    "chains_ptm": {
        "0": 0.8849086165428162
    },
    "pair_chains_iptm": {
        "0": {
            "0": 0.8849086165428162
        }
    }
}