{
    "confidence_score": 0.6024512052536011,
    "ptm": 0.740594208240509,
    "iptm": 0.0,
    "ligand_iptm": 0.0,
    "protein_iptm": 0.0,
    "complex_plddt": 0.753063976764679,
    "complex_iplddt": 0.0,
    "complex_pde": 1.110404372215271,
    "complex_ipde": 0.0,
    "chains_ptm": {
        "0": 0.740594208240509
    },
    "pair_chains_iptm": {
        "0": {
            "0": 0.740594208240509
        }
    }
}