{
    "confidence_score": 0.7536354064941406,
    "ptm": 0.9483334422111511,
    "iptm": 0.0,
    "ligand_iptm": 0.0,
    "protein_iptm": 0.0,
    "complex_plddt": 0.9420442581176758,
    "complex_iplddt": 0.0,
    "complex_pde": 0.3358834683895111,
    "complex_ipde": 0.0,
    "chains_ptm": {
        "0": 0.9483334422111511
    },
    "pair_chains_iptm": {
        "0": {
            "0": 0.9483334422111511
        }
    }
}