{
    "confidence_score": 0.726331889629364,
    "ptm": 0.9248640537261963,
    "iptm": 0.0,
    "ligand_iptm": 0.0,
    "protein_iptm": 0.0,
    "complex_plddt": 0.9079148769378662,
    "complex_iplddt": 0.0,
    "complex_pde": 0.41287174820899963,
    "complex_ipde": 0.0,
    "chains_ptm": {
        "0": 0.9248640537261963
    },
    "pair_chains_iptm": {
        "0": {
            "0": 0.9248640537261963
        }
    }
}