{
    "plddts": {
        "model_1_pred_0": 82.54658631576531,
        "model_2_pred_0": 83.28618079729404,
        "model_3_pred_0": 83.90943137844111,
        "model_4_pred_0": 84.31254627538611,
        "model_5_pred_0": 85.26075493254523
    },
    "order": [
        "model_5_pred_0",
        "model_4_pred_0",
        "model_3_pred_0",
        "model_2_pred_0",
        "model_1_pred_0"
    ]
}