{
    "features": 50427.1955075264,
    "process_features_model_1_pred_0": 16.233750343322754,
    "predict_and_compile_model_1_pred_0": 2167.222401857376,
    "process_features_model_2_pred_0": 15.08900260925293,
    "predict_and_compile_model_2_pred_0": 2118.9490830898285,
    "process_features_model_3_pred_0": 14.410718202590942,
    "predict_and_compile_model_3_pred_0": 1740.7001934051514,
    "process_features_model_4_pred_0": 19.727126121520996,
    "predict_and_compile_model_4_pred_0": 2346.5480868816376,
    "process_features_model_5_pred_0": 14.996907472610474,
    "predict_and_compile_model_5_pred_0": 1825.0073828697205,
    "relax_model_5_pred_0": 96.97581076622009
}