{
    "confidence_score": 0.6890231966972351,
    "ptm": 0.7886098027229309,
    "iptm": 0.0,
    "ligand_iptm": 0.0,
    "protein_iptm": 0.0,
    "complex_plddt": 0.8612790107727051,
    "complex_iplddt": 0.0,
    "complex_pde": 0.6404017210006714,
    "complex_ipde": 0.0,
    "chains_ptm": {
        "0": 0.7886098027229309
    },
    "pair_chains_iptm": {
        "0": {
            "0": 0.7886098027229309
        }
    }
}