{
    "confidence_score": 0.4729866087436676,
    "ptm": 0.3300645053386688,
    "iptm": 0.0,
    "ligand_iptm": 0.0,
    "protein_iptm": 0.0,
    "complex_plddt": 0.5912332534790039,
    "complex_iplddt": 0.0,
    "complex_pde": 1.8941298723220825,
    "complex_ipde": 0.0,
    "chains_ptm": {
        "0": 0.3300645053386688
    },
    "pair_chains_iptm": {
        "0": {
            "0": 0.3300645053386688
        }
    }
}