{
    "confidence_score": 0.5949591398239136,
    "ptm": 0.575826108455658,
    "iptm": 0.0,
    "ligand_iptm": 0.0,
    "protein_iptm": 0.0,
    "complex_plddt": 0.7436988949775696,
    "complex_iplddt": 0.0,
    "complex_pde": 1.4427944421768188,
    "complex_ipde": 0.0,
    "chains_ptm": {
        "0": 0.575826108455658
    },
    "pair_chains_iptm": {
        "0": {
            "0": 0.575826108455658
        }
    }
}