{
    "confidence_score": 0.67608642578125,
    "ptm": 0.7871564626693726,
    "iptm": 0.0,
    "ligand_iptm": 0.0,
    "protein_iptm": 0.0,
    "complex_plddt": 0.8451080322265625,
    "complex_iplddt": 0.0,
    "complex_pde": 0.5786494016647339,
    "complex_ipde": 0.0,
    "chains_ptm": {
        "0": 0.7871564626693726
    },
    "pair_chains_iptm": {
        "0": {
            "0": 0.7871564626693726
        }
    }
}