{
    "confidence_score": 0.6714156866073608,
    "ptm": 0.8941172957420349,
    "iptm": 0.0,
    "ligand_iptm": 0.0,
    "protein_iptm": 0.0,
    "complex_plddt": 0.8392695784568787,
    "complex_iplddt": 0.0,
    "complex_pde": 0.39124587178230286,
    "complex_ipde": 0.0,
    "chains_ptm": {
        "0": 0.8941172957420349
    },
    "pair_chains_iptm": {
        "0": {
            "0": 0.8941172957420349
        }
    }
}