{
    "plddts": {
        "model_1_pred_0": 73.67519256491465,
        "model_2_pred_0": 72.17230083006933,
        "model_3_pred_0": 72.55630300229394,
        "model_4_pred_0": 71.73956781338885,
        "model_5_pred_0": 69.12110786822566
    },
    "order": [
        "model_1_pred_0",
        "model_3_pred_0",
        "model_2_pred_0",
        "model_4_pred_0",
        "model_5_pred_0"
    ]
}