{
    "confidence_score": 0.635439932346344,
    "ptm": 0.7089494466781616,
    "iptm": 0.0,
    "ligand_iptm": 0.0,
    "protein_iptm": 0.0,
    "complex_plddt": 0.7942999005317688,
    "complex_iplddt": 0.0,
    "complex_pde": 1.0325472354888916,
    "complex_ipde": 0.0,
    "chains_ptm": {
        "0": 0.7089494466781616
    },
    "pair_chains_iptm": {
        "0": {
            "0": 0.7089494466781616
        }
    }
}