{
    "confidence_score": 0.35775482654571533,
    "ptm": 0.2868611812591553,
    "iptm": 0.0,
    "ligand_iptm": 0.0,
    "protein_iptm": 0.0,
    "complex_plddt": 0.44719353318214417,
    "complex_iplddt": 0.0,
    "complex_pde": 2.882162094116211,
    "complex_ipde": 0.0,
    "chains_ptm": {
        "0": 0.2868611812591553
    },
    "pair_chains_iptm": {
        "0": {
            "0": 0.2868611812591553
        }
    }
}