{
    "confidence_score": 0.49286913871765137,
    "ptm": 0.4481637179851532,
    "iptm": 0.0,
    "ligand_iptm": 0.0,
    "protein_iptm": 0.0,
    "complex_plddt": 0.6160864233970642,
    "complex_iplddt": 0.0,
    "complex_pde": 1.697628378868103,
    "complex_ipde": 0.0,
    "chains_ptm": {
        "0": 0.4481637179851532
    },
    "pair_chains_iptm": {
        "0": {
            "0": 0.4481637179851532
        }
    }
}