{
    "confidence_score": 0.691813588142395,
    "ptm": 0.8741129636764526,
    "iptm": 0.0,
    "ligand_iptm": 0.0,
    "protein_iptm": 0.0,
    "complex_plddt": 0.8647669553756714,
    "complex_iplddt": 0.0,
    "complex_pde": 0.5182543992996216,
    "complex_ipde": 0.0,
    "chains_ptm": {
        "0": 0.8741129636764526
    },
    "pair_chains_iptm": {
        "0": {
            "0": 0.8741129636764526
        }
    }
}