{
    "plddts": {
        "model_1_pred_0": 84.43047032792276,
        "model_2_pred_0": 83.61977609555342,
        "model_3_pred_0": 84.74683087027789,
        "model_4_pred_0": 86.07263452434253,
        "model_5_pred_0": 85.97953088186443
    },
    "order": [
        "model_4_pred_0",
        "model_5_pred_0",
        "model_3_pred_0",
        "model_1_pred_0",
        "model_2_pred_0"
    ]
}