{
    "features": 4068.893529891968,
    "process_features_model_1_pred_0": 3.6125857830047607,
    "predict_and_compile_model_1_pred_0": 2344.7133820056915,
    "process_features_model_2_pred_0": 3.7094109058380127,
    "predict_and_compile_model_2_pred_0": 1183.2519426345825,
    "process_features_model_3_pred_0": 3.1263768672943115,
    "predict_and_compile_model_3_pred_0": 1216.2724223136902,
    "process_features_model_4_pred_0": 3.209909200668335,
    "predict_and_compile_model_4_pred_0": 1081.3691658973694,
    "process_features_model_5_pred_0": 3.272735357284546,
    "predict_and_compile_model_5_pred_0": 922.3624241352081,
    "relax_model_4_pred_0": 53.65516209602356
}