{
    "confidence_score": 0.6728388667106628,
    "ptm": 0.8458418846130371,
    "iptm": 0.0,
    "ligand_iptm": 0.0,
    "protein_iptm": 0.0,
    "complex_plddt": 0.8410485982894897,
    "complex_iplddt": 0.0,
    "complex_pde": 0.6888751983642578,
    "complex_ipde": 0.0,
    "chains_ptm": {
        "0": 0.8458418846130371
    },
    "pair_chains_iptm": {
        "0": {
            "0": 0.8458418846130371
        }
    }
}