{
    "confidence_score": 0.7087754607200623,
    "ptm": 0.7157678008079529,
    "iptm": 0.0,
    "ligand_iptm": 0.0,
    "protein_iptm": 0.0,
    "complex_plddt": 0.885969340801239,
    "complex_iplddt": 0.0,
    "complex_pde": 0.4701666533946991,
    "complex_ipde": 0.0,
    "chains_ptm": {
        "0": 0.7157678008079529
    },
    "pair_chains_iptm": {
        "0": {
            "0": 0.7157678008079529
        }
    }
}