{
    "confidence_score": 0.7282182574272156,
    "ptm": 0.7996275424957275,
    "iptm": 0.0,
    "ligand_iptm": 0.0,
    "protein_iptm": 0.0,
    "complex_plddt": 0.9102728366851807,
    "complex_iplddt": 0.0,
    "complex_pde": 0.4598350524902344,
    "complex_ipde": 0.0,
    "chains_ptm": {
        "0": 0.7996275424957275
    },
    "pair_chains_iptm": {
        "0": {
            "0": 0.7996275424957275
        }
    }
}