{
    "plddts": {
        "model_1_pred_0": 80.50874125134031,
        "model_2_pred_0": 76.10951769412377,
        "model_3_pred_0": 81.66275266482455,
        "model_4_pred_0": 82.16864267903611,
        "model_5_pred_0": 78.45837629461916
    },
    "order": [
        "model_4_pred_0",
        "model_3_pred_0",
        "model_1_pred_0",
        "model_5_pred_0",
        "model_2_pred_0"
    ]
}