{
    "confidence_score": 0.6953935623168945,
    "ptm": 0.49871736764907837,
    "iptm": 0.0,
    "ligand_iptm": 0.0,
    "protein_iptm": 0.0,
    "complex_plddt": 0.8692419528961182,
    "complex_iplddt": 0.0,
    "complex_pde": 0.746172308921814,
    "complex_ipde": 0.0,
    "chains_ptm": {
        "0": 0.49871736764907837
    },
    "pair_chains_iptm": {
        "0": {
            "0": 0.49871736764907837
        }
    }
}