{
    "confidence_score": 0.7111814022064209,
    "ptm": 0.7632427215576172,
    "iptm": 0.0,
    "ligand_iptm": 0.0,
    "protein_iptm": 0.0,
    "complex_plddt": 0.8889767527580261,
    "complex_iplddt": 0.0,
    "complex_pde": 0.6338127255439758,
    "complex_ipde": 0.0,
    "chains_ptm": {
        "0": 0.7632427215576172
    },
    "pair_chains_iptm": {
        "0": {
            "0": 0.7632427215576172
        }
    }
}