{
    "confidence_score": 0.6659508943557739,
    "ptm": 0.8735985159873962,
    "iptm": 0.0,
    "ligand_iptm": 0.0,
    "protein_iptm": 0.0,
    "complex_plddt": 0.832438588142395,
    "complex_iplddt": 0.0,
    "complex_pde": 0.6699152588844299,
    "complex_ipde": 0.0,
    "chains_ptm": {
        "0": 0.8735985159873962
    },
    "pair_chains_iptm": {
        "0": {
            "0": 0.8735985159873962
        }
    }
}