{
    "confidence_score": 0.6287710070610046,
    "ptm": 0.8700766563415527,
    "iptm": 0.0,
    "ligand_iptm": 0.0,
    "protein_iptm": 0.0,
    "complex_plddt": 0.7859637141227722,
    "complex_iplddt": 0.0,
    "complex_pde": 0.4538750648498535,
    "complex_ipde": 0.0,
    "chains_ptm": {
        "0": 0.8700766563415527
    },
    "pair_chains_iptm": {
        "0": {
            "0": 0.8700766563415527
        }
    }
}