{
    "confidence_score": 0.5487344861030579,
    "ptm": 0.4504251480102539,
    "iptm": 0.0,
    "ligand_iptm": 0.0,
    "protein_iptm": 0.0,
    "complex_plddt": 0.6859180927276611,
    "complex_iplddt": 0.0,
    "complex_pde": 1.2063149213790894,
    "complex_ipde": 0.0,
    "chains_ptm": {
        "0": 0.4504251480102539
    },
    "pair_chains_iptm": {
        "0": {
            "0": 0.4504251480102539
        }
    }
}