{
    "confidence_score": 0.6431214213371277,
    "ptm": 0.5246055722236633,
    "iptm": 0.0,
    "ligand_iptm": 0.0,
    "protein_iptm": 0.0,
    "complex_plddt": 0.803901731967926,
    "complex_iplddt": 0.0,
    "complex_pde": 1.0177011489868164,
    "complex_ipde": 0.0,
    "chains_ptm": {
        "0": 0.5246055722236633
    },
    "pair_chains_iptm": {
        "0": {
            "0": 0.5246055722236633
        }
    }
}