{
    "confidence_score": 0.43821293115615845,
    "ptm": 0.3734804689884186,
    "iptm": 0.0,
    "ligand_iptm": 0.0,
    "protein_iptm": 0.0,
    "complex_plddt": 0.5477661490440369,
    "complex_iplddt": 0.0,
    "complex_pde": 2.3277881145477295,
    "complex_ipde": 0.0,
    "chains_ptm": {
        "0": 0.3734804689884186
    },
    "pair_chains_iptm": {
        "0": {
            "0": 0.3734804689884186
        }
    }
}