{
    "features": 4690.123537540436,
    "process_features_model_1_pred_0": 8.218044757843018,
    "predict_and_compile_model_1_pred_0": 617.1370613574982,
    "process_features_model_2_pred_0": 8.214442491531372,
    "predict_and_compile_model_2_pred_0": 570.909462928772,
    "process_features_model_3_pred_0": 8.179650068283081,
    "predict_and_compile_model_3_pred_0": 539.5469031333923,
    "process_features_model_4_pred_0": 7.678455352783203,
    "predict_and_compile_model_4_pred_0": 536.886385679245,
    "process_features_model_5_pred_0": 7.741368293762207,
    "predict_and_compile_model_5_pred_0": 493.3011827468872,
    "relax_model_4_pred_0": 146.04062151908875
}