{
    "confidence_score": 0.7087600827217102,
    "ptm": 0.6514934301376343,
    "iptm": 0.0,
    "ligand_iptm": 0.0,
    "protein_iptm": 0.0,
    "complex_plddt": 0.8859500885009766,
    "complex_iplddt": 0.0,
    "complex_pde": 0.5557357668876648,
    "complex_ipde": 0.0,
    "chains_ptm": {
        "0": 0.6514934301376343
    },
    "pair_chains_iptm": {
        "0": {
            "0": 0.6514934301376343
        }
    }
}