{
    "confidence_score": 0.71678227186203,
    "ptm": 0.8379938006401062,
    "iptm": 0.0,
    "ligand_iptm": 0.0,
    "protein_iptm": 0.0,
    "complex_plddt": 0.8959778547286987,
    "complex_iplddt": 0.0,
    "complex_pde": 0.440706342458725,
    "complex_ipde": 0.0,
    "chains_ptm": {
        "0": 0.8379938006401062
    },
    "pair_chains_iptm": {
        "0": {
            "0": 0.8379938006401062
        }
    }
}