{
    "plddts": {
        "model_1_pred_0": 79.09289906672919,
        "model_2_pred_0": 80.02016365383291,
        "model_3_pred_0": 78.63218823688976,
        "model_4_pred_0": 78.05717729931625,
        "model_5_pred_0": 79.60785605359764
    },
    "order": [
        "model_2_pred_0",
        "model_5_pred_0",
        "model_1_pred_0",
        "model_3_pred_0",
        "model_4_pred_0"
    ]
}