{
    "confidence_score": 0.7047145366668701,
    "ptm": 0.8864638209342957,
    "iptm": 0.0,
    "ligand_iptm": 0.0,
    "protein_iptm": 0.0,
    "complex_plddt": 0.8808931708335876,
    "complex_iplddt": 0.0,
    "complex_pde": 0.552562415599823,
    "complex_ipde": 0.0,
    "chains_ptm": {
        "0": 0.8864638209342957
    },
    "pair_chains_iptm": {
        "0": {
            "0": 0.8864638209342957
        }
    }
}