{
    "confidence_score": 0.6989059448242188,
    "ptm": 0.8978391885757446,
    "iptm": 0.0,
    "ligand_iptm": 0.0,
    "protein_iptm": 0.0,
    "complex_plddt": 0.8736324310302734,
    "complex_iplddt": 0.0,
    "complex_pde": 0.6655418872833252,
    "complex_ipde": 0.0,
    "chains_ptm": {
        "0": 0.8978391885757446
    },
    "pair_chains_iptm": {
        "0": {
            "0": 0.8978391885757446
        }
    }
}