{
    "confidence_score": 0.5654992461204529,
    "ptm": 0.35266852378845215,
    "iptm": 0.0,
    "ligand_iptm": 0.0,
    "protein_iptm": 0.0,
    "complex_plddt": 0.7068740725517273,
    "complex_iplddt": 0.0,
    "complex_pde": 2.304016590118408,
    "complex_ipde": 0.0,
    "chains_ptm": {
        "0": 0.35266852378845215
    },
    "pair_chains_iptm": {
        "0": {
            "0": 0.35266852378845215
        }
    }
}