{
    "confidence_score": 0.629317045211792,
    "ptm": 0.8223982453346252,
    "iptm": 0.0,
    "ligand_iptm": 0.0,
    "protein_iptm": 0.0,
    "complex_plddt": 0.78664630651474,
    "complex_iplddt": 0.0,
    "complex_pde": 0.5840206742286682,
    "complex_ipde": 0.0,
    "chains_ptm": {
        "0": 0.8223982453346252
    },
    "pair_chains_iptm": {
        "0": {
            "0": 0.8223982453346252
        }
    }
}