{
    "confidence_score": 0.6822148561477661,
    "ptm": 0.840382993221283,
    "iptm": 0.0,
    "ligand_iptm": 0.0,
    "protein_iptm": 0.0,
    "complex_plddt": 0.8527685403823853,
    "complex_iplddt": 0.0,
    "complex_pde": 0.5575370788574219,
    "complex_ipde": 0.0,
    "chains_ptm": {
        "0": 0.840382993221283
    },
    "pair_chains_iptm": {
        "0": {
            "0": 0.840382993221283
        }
    }
}