{
    "confidence_score": 0.49788060784339905,
    "ptm": 0.4670085310935974,
    "iptm": 0.0,
    "ligand_iptm": 0.0,
    "protein_iptm": 0.0,
    "complex_plddt": 0.6223507523536682,
    "complex_iplddt": 0.0,
    "complex_pde": 1.9284688234329224,
    "complex_ipde": 0.0,
    "chains_ptm": {
        "0": 0.4670085310935974
    },
    "pair_chains_iptm": {
        "0": {
            "0": 0.4670085310935974
        }
    }
}