{
    "confidence_score": 0.7237610816955566,
    "ptm": 0.8533442616462708,
    "iptm": 0.0,
    "ligand_iptm": 0.0,
    "protein_iptm": 0.0,
    "complex_plddt": 0.9047013521194458,
    "complex_iplddt": 0.0,
    "complex_pde": 0.40230411291122437,
    "complex_ipde": 0.0,
    "chains_ptm": {
        "0": 0.8533442616462708
    },
    "pair_chains_iptm": {
        "0": {
            "0": 0.8533442616462708
        }
    }
}