{
    "confidence_score": 0.6746396422386169,
    "ptm": 0.8147284984588623,
    "iptm": 0.0,
    "ligand_iptm": 0.0,
    "protein_iptm": 0.0,
    "complex_plddt": 0.8432995676994324,
    "complex_iplddt": 0.0,
    "complex_pde": 0.9181243181228638,
    "complex_ipde": 0.0,
    "chains_ptm": {
        "0": 0.8147284984588623
    },
    "pair_chains_iptm": {
        "0": {
            "0": 0.8147284984588623
        }
    }
}