{
    "confidence_score": 0.5907818675041199,
    "ptm": 0.6587201356887817,
    "iptm": 0.0,
    "ligand_iptm": 0.0,
    "protein_iptm": 0.0,
    "complex_plddt": 0.7384772896766663,
    "complex_iplddt": 0.0,
    "complex_pde": 1.5858604907989502,
    "complex_ipde": 0.0,
    "chains_ptm": {
        "0": 0.6587201356887817
    },
    "pair_chains_iptm": {
        "0": {
            "0": 0.6587201356887817
        }
    }
}