{
    "confidence_score": 0.6324788331985474,
    "ptm": 0.8353492617607117,
    "iptm": 0.0,
    "ligand_iptm": 0.0,
    "protein_iptm": 0.0,
    "complex_plddt": 0.7905985116958618,
    "complex_iplddt": 0.0,
    "complex_pde": 0.7748120427131653,
    "complex_ipde": 0.0,
    "chains_ptm": {
        "0": 0.8353492617607117
    },
    "pair_chains_iptm": {
        "0": {
            "0": 0.8353492617607117
        }
    }
}