{
    "confidence_score": 0.6759998202323914,
    "ptm": 0.7706873416900635,
    "iptm": 0.0,
    "ligand_iptm": 0.0,
    "protein_iptm": 0.0,
    "complex_plddt": 0.8449997901916504,
    "complex_iplddt": 0.0,
    "complex_pde": 0.6412451863288879,
    "complex_ipde": 0.0,
    "chains_ptm": {
        "0": 0.7706873416900635
    },
    "pair_chains_iptm": {
        "0": {
            "0": 0.7706873416900635
        }
    }
}