{
    "confidence_score": 0.634294331073761,
    "ptm": 0.6402304172515869,
    "iptm": 0.0,
    "ligand_iptm": 0.0,
    "protein_iptm": 0.0,
    "complex_plddt": 0.79286789894104,
    "complex_iplddt": 0.0,
    "complex_pde": 0.8255937695503235,
    "complex_ipde": 0.0,
    "chains_ptm": {
        "0": 0.6402304172515869
    },
    "pair_chains_iptm": {
        "0": {
            "0": 0.6402304172515869
        }
    }
}