{
    "confidence_score": 0.5670928955078125,
    "ptm": 0.7762030959129333,
    "iptm": 0.0,
    "ligand_iptm": 0.0,
    "protein_iptm": 0.0,
    "complex_plddt": 0.7088661193847656,
    "complex_iplddt": 0.0,
    "complex_pde": 0.6172264814376831,
    "complex_ipde": 0.0,
    "chains_ptm": {
        "0": 0.7762030959129333
    },
    "pair_chains_iptm": {
        "0": {
            "0": 0.7762030959129333
        }
    }
}