{
    "confidence_score": 0.7124799489974976,
    "ptm": 0.8959780931472778,
    "iptm": 0.0,
    "ligand_iptm": 0.0,
    "protein_iptm": 0.0,
    "complex_plddt": 0.8905999064445496,
    "complex_iplddt": 0.0,
    "complex_pde": 0.45916590094566345,
    "complex_ipde": 0.0,
    "chains_ptm": {
        "0": 0.8959780931472778
    },
    "pair_chains_iptm": {
        "0": {
            "0": 0.8959780931472778
        }
    }
}