{
    "confidence_score": 0.45396357774734497,
    "ptm": 0.30232471227645874,
    "iptm": 0.0,
    "ligand_iptm": 0.0,
    "protein_iptm": 0.0,
    "complex_plddt": 0.56745445728302,
    "complex_iplddt": 0.0,
    "complex_pde": 2.4822685718536377,
    "complex_ipde": 0.0,
    "chains_ptm": {
        "0": 0.30232471227645874
    },
    "pair_chains_iptm": {
        "0": {
            "0": 0.30232471227645874
        }
    }
}