{
    "confidence_score": 0.372645765542984,
    "ptm": 0.26609301567077637,
    "iptm": 0.0,
    "ligand_iptm": 0.0,
    "protein_iptm": 0.0,
    "complex_plddt": 0.4658071994781494,
    "complex_iplddt": 0.0,
    "complex_pde": 2.4607980251312256,
    "complex_ipde": 0.0,
    "chains_ptm": {
        "0": 0.26609301567077637
    },
    "pair_chains_iptm": {
        "0": {
            "0": 0.26609301567077637
        }
    }
}