{
    "confidence_score": 0.734309196472168,
    "ptm": 0.8101468086242676,
    "iptm": 0.0,
    "ligand_iptm": 0.0,
    "protein_iptm": 0.0,
    "complex_plddt": 0.91788649559021,
    "complex_iplddt": 0.0,
    "complex_pde": 0.42081397771835327,
    "complex_ipde": 0.0,
    "chains_ptm": {
        "0": 0.8101468086242676
    },
    "pair_chains_iptm": {
        "0": {
            "0": 0.8101468086242676
        }
    }
}