{
    "confidence_score": 0.7448428273200989,
    "ptm": 0.9492157101631165,
    "iptm": 0.0,
    "ligand_iptm": 0.0,
    "protein_iptm": 0.0,
    "complex_plddt": 0.9310535192489624,
    "complex_iplddt": 0.0,
    "complex_pde": 0.34825775027275085,
    "complex_ipde": 0.0,
    "chains_ptm": {
        "0": 0.9492157101631165
    },
    "pair_chains_iptm": {
        "0": {
            "0": 0.9492157101631165
        }
    }
}