{
    "confidence_score": 0.6580759882926941,
    "ptm": 0.5357919931411743,
    "iptm": 0.0,
    "ligand_iptm": 0.0,
    "protein_iptm": 0.0,
    "complex_plddt": 0.822594940662384,
    "complex_iplddt": 0.0,
    "complex_pde": 0.5503939986228943,
    "complex_ipde": 0.0,
    "chains_ptm": {
        "0": 0.5357919931411743
    },
    "pair_chains_iptm": {
        "0": {
            "0": 0.5357919931411743
        }
    }
}