{
    "confidence_score": 0.5251902937889099,
    "ptm": 0.4830227792263031,
    "iptm": 0.0,
    "ligand_iptm": 0.0,
    "protein_iptm": 0.0,
    "complex_plddt": 0.6564878225326538,
    "complex_iplddt": 0.0,
    "complex_pde": 1.6329939365386963,
    "complex_ipde": 0.0,
    "chains_ptm": {
        "0": 0.4830227792263031
    },
    "pair_chains_iptm": {
        "0": {
            "0": 0.4830227792263031
        }
    }
}