{
    "confidence_score": 0.6621912717819214,
    "ptm": 0.7047531604766846,
    "iptm": 0.0,
    "ligand_iptm": 0.0,
    "protein_iptm": 0.0,
    "complex_plddt": 0.8277390599250793,
    "complex_iplddt": 0.0,
    "complex_pde": 0.7175494432449341,
    "complex_ipde": 0.0,
    "chains_ptm": {
        "0": 0.7047531604766846
    },
    "pair_chains_iptm": {
        "0": {
            "0": 0.7047531604766846
        }
    }
}