{
    "confidence_score": 0.6175637245178223,
    "ptm": 0.6464265584945679,
    "iptm": 0.0,
    "ligand_iptm": 0.0,
    "protein_iptm": 0.0,
    "complex_plddt": 0.7719546556472778,
    "complex_iplddt": 0.0,
    "complex_pde": 0.9065079092979431,
    "complex_ipde": 0.0,
    "chains_ptm": {
        "0": 0.6464265584945679
    },
    "pair_chains_iptm": {
        "0": {
            "0": 0.6464265584945679
        }
    }
}