{
    "confidence_score": 0.7033502459526062,
    "ptm": 0.7590928673744202,
    "iptm": 0.0,
    "ligand_iptm": 0.0,
    "protein_iptm": 0.0,
    "complex_plddt": 0.879187822341919,
    "complex_iplddt": 0.0,
    "complex_pde": 0.586997389793396,
    "complex_ipde": 0.0,
    "chains_ptm": {
        "0": 0.7590928673744202
    },
    "pair_chains_iptm": {
        "0": {
            "0": 0.7590928673744202
        }
    }
}