{
    "confidence_score": 0.5401671528816223,
    "ptm": 0.41481781005859375,
    "iptm": 0.0,
    "ligand_iptm": 0.0,
    "protein_iptm": 0.0,
    "complex_plddt": 0.6752089262008667,
    "complex_iplddt": 0.0,
    "complex_pde": 1.3767528533935547,
    "complex_ipde": 0.0,
    "chains_ptm": {
        "0": 0.41481781005859375
    },
    "pair_chains_iptm": {
        "0": {
            "0": 0.41481781005859375
        }
    }
}