{
    "confidence_score": 0.442106157541275,
    "ptm": 0.3238454759120941,
    "iptm": 0.0,
    "ligand_iptm": 0.0,
    "protein_iptm": 0.0,
    "complex_plddt": 0.5526326894760132,
    "complex_iplddt": 0.0,
    "complex_pde": 2.991814374923706,
    "complex_ipde": 0.0,
    "chains_ptm": {
        "0": 0.3238454759120941
    },
    "pair_chains_iptm": {
        "0": {
            "0": 0.3238454759120941
        }
    }
}