{
    "confidence_score": 0.7207585573196411,
    "ptm": 0.8415428400039673,
    "iptm": 0.0,
    "ligand_iptm": 0.0,
    "protein_iptm": 0.0,
    "complex_plddt": 0.900948166847229,
    "complex_iplddt": 0.0,
    "complex_pde": 0.5149363875389099,
    "complex_ipde": 0.0,
    "chains_ptm": {
        "0": 0.8415428400039673
    },
    "pair_chains_iptm": {
        "0": {
            "0": 0.8415428400039673
        }
    }
}