{
    "confidence_score": 0.595509946346283,
    "ptm": 0.6466113924980164,
    "iptm": 0.0,
    "ligand_iptm": 0.0,
    "protein_iptm": 0.0,
    "complex_plddt": 0.7443873882293701,
    "complex_iplddt": 0.0,
    "complex_pde": 0.7744404077529907,
    "complex_ipde": 0.0,
    "chains_ptm": {
        "0": 0.6466113924980164
    },
    "pair_chains_iptm": {
        "0": {
            "0": 0.6466113924980164
        }
    }
}