{
    "confidence_score": 0.7207241058349609,
    "ptm": 0.7952623963356018,
    "iptm": 0.0,
    "ligand_iptm": 0.0,
    "protein_iptm": 0.0,
    "complex_plddt": 0.9009051322937012,
    "complex_iplddt": 0.0,
    "complex_pde": 0.5979801416397095,
    "complex_ipde": 0.0,
    "chains_ptm": {
        "0": 0.7952623963356018
    },
    "pair_chains_iptm": {
        "0": {
            "0": 0.7952623963356018
        }
    }
}