{
    "confidence_score": 0.6545761227607727,
    "ptm": 0.8483836054801941,
    "iptm": 0.0,
    "ligand_iptm": 0.0,
    "protein_iptm": 0.0,
    "complex_plddt": 0.8182201385498047,
    "complex_iplddt": 0.0,
    "complex_pde": 1.1038702726364136,
    "complex_ipde": 0.0,
    "chains_ptm": {
        "0": 0.8483836054801941
    },
    "pair_chains_iptm": {
        "0": {
            "0": 0.8483836054801941
        }
    }
}