{
    "confidence_score": 0.6075826287269592,
    "ptm": 0.755138635635376,
    "iptm": 0.0,
    "ligand_iptm": 0.0,
    "protein_iptm": 0.0,
    "complex_plddt": 0.7594782710075378,
    "complex_iplddt": 0.0,
    "complex_pde": 0.7848124504089355,
    "complex_ipde": 0.0,
    "chains_ptm": {
        "0": 0.755138635635376
    },
    "pair_chains_iptm": {
        "0": {
            "0": 0.755138635635376
        }
    }
}