{
    "confidence_score": 0.45939651131629944,
    "ptm": 0.22104671597480774,
    "iptm": 0.0,
    "ligand_iptm": 0.0,
    "protein_iptm": 0.0,
    "complex_plddt": 0.5742456316947937,
    "complex_iplddt": 0.0,
    "complex_pde": 3.9219470024108887,
    "complex_ipde": 0.0,
    "chains_ptm": {
        "0": 0.22104671597480774
    },
    "pair_chains_iptm": {
        "0": {
            "0": 0.22104671597480774
        }
    }
}