{
    "confidence_score": 0.6370683908462524,
    "ptm": 0.7799745202064514,
    "iptm": 0.0,
    "ligand_iptm": 0.0,
    "protein_iptm": 0.0,
    "complex_plddt": 0.7963354587554932,
    "complex_iplddt": 0.0,
    "complex_pde": 0.8942816257476807,
    "complex_ipde": 0.0,
    "chains_ptm": {
        "0": 0.7799745202064514
    },
    "pair_chains_iptm": {
        "0": {
            "0": 0.7799745202064514
        }
    }
}