{
    "features": 6201.463703632355,
    "process_features_model_1_pred_0": 8.054922580718994,
    "predict_and_compile_model_1_pred_0": 556.9831733703613,
    "process_features_model_2_pred_0": 8.014299392700195,
    "predict_and_compile_model_2_pred_0": 505.94850897789,
    "process_features_model_3_pred_0": 7.91504979133606,
    "predict_and_compile_model_3_pred_0": 479.20002722740173,
    "process_features_model_4_pred_0": 8.059991359710693,
    "predict_and_compile_model_4_pred_0": 486.2613570690155,
    "process_features_model_5_pred_0": 8.050842761993408,
    "predict_and_compile_model_5_pred_0": 439.87371921539307,
    "relax_model_1_pred_0": 79.73775863647461
}