{
    "confidence_score": 0.55291748046875,
    "ptm": 0.6421937346458435,
    "iptm": 0.0,
    "ligand_iptm": 0.0,
    "protein_iptm": 0.0,
    "complex_plddt": 0.6911468505859375,
    "complex_iplddt": 0.0,
    "complex_pde": 0.9924656748771667,
    "complex_ipde": 0.0,
    "chains_ptm": {
        "0": 0.6421937346458435
    },
    "pair_chains_iptm": {
        "0": {
            "0": 0.6421937346458435
        }
    }
}