{
    "confidence_score": 0.7470405697822571,
    "ptm": 0.9424601793289185,
    "iptm": 0.0,
    "ligand_iptm": 0.0,
    "protein_iptm": 0.0,
    "complex_plddt": 0.9338006973266602,
    "complex_iplddt": 0.0,
    "complex_pde": 0.35742849111557007,
    "complex_ipde": 0.0,
    "chains_ptm": {
        "0": 0.9424601793289185
    },
    "pair_chains_iptm": {
        "0": {
            "0": 0.9424601793289185
        }
    }
}