{
    "confidence_score": 0.6627454161643982,
    "ptm": 0.7900229692459106,
    "iptm": 0.0,
    "ligand_iptm": 0.0,
    "protein_iptm": 0.0,
    "complex_plddt": 0.8284317255020142,
    "complex_iplddt": 0.0,
    "complex_pde": 0.793125331401825,
    "complex_ipde": 0.0,
    "chains_ptm": {
        "0": 0.7900229692459106
    },
    "pair_chains_iptm": {
        "0": {
            "0": 0.7900229692459106
        }
    }
}