{
    "confidence_score": 0.7543201446533203,
    "ptm": 0.9369383454322815,
    "iptm": 0.0,
    "ligand_iptm": 0.0,
    "protein_iptm": 0.0,
    "complex_plddt": 0.9429001808166504,
    "complex_iplddt": 0.0,
    "complex_pde": 0.3425901234149933,
    "complex_ipde": 0.0,
    "chains_ptm": {
        "0": 0.9369383454322815
    },
    "pair_chains_iptm": {
        "0": {
            "0": 0.9369383454322815
        }
    }
}