{
    "confidence_score": 0.6647395491600037,
    "ptm": 0.8057875633239746,
    "iptm": 0.0,
    "ligand_iptm": 0.0,
    "protein_iptm": 0.0,
    "complex_plddt": 0.830924391746521,
    "complex_iplddt": 0.0,
    "complex_pde": 0.6933580636978149,
    "complex_ipde": 0.0,
    "chains_ptm": {
        "0": 0.8057875633239746
    },
    "pair_chains_iptm": {
        "0": {
            "0": 0.8057875633239746
        }
    }
}