{
    "plddts": {
        "model_1_pred_0": 71.76767575008044,
        "model_2_pred_0": 70.97688274928538,
        "model_3_pred_0": 71.59780733083774,
        "model_4_pred_0": 70.34266259845359,
        "model_5_pred_0": 71.71239855281938
    },
    "order": [
        "model_1_pred_0",
        "model_5_pred_0",
        "model_3_pred_0",
        "model_2_pred_0",
        "model_4_pred_0"
    ]
}