{
    "confidence_score": 0.5312995910644531,
    "ptm": 0.23917724192142487,
    "iptm": 0.0,
    "ligand_iptm": 0.0,
    "protein_iptm": 0.0,
    "complex_plddt": 0.6641244888305664,
    "complex_iplddt": 0.0,
    "complex_pde": 1.799993634223938,
    "complex_ipde": 0.0,
    "chains_ptm": {
        "0": 0.23917724192142487
    },
    "pair_chains_iptm": {
        "0": {
            "0": 0.23917724192142487
        }
    }
}