{
    "confidence_score": 0.5256184935569763,
    "ptm": 0.25949525833129883,
    "iptm": 0.0,
    "ligand_iptm": 0.0,
    "protein_iptm": 0.0,
    "complex_plddt": 0.6570231318473816,
    "complex_iplddt": 0.0,
    "complex_pde": 2.7490639686584473,
    "complex_ipde": 0.0,
    "chains_ptm": {
        "0": 0.25949525833129883
    },
    "pair_chains_iptm": {
        "0": {
            "0": 0.25949525833129883
        }
    }
}