{
    "confidence_score": 0.7006598114967346,
    "ptm": 0.8596745729446411,
    "iptm": 0.0,
    "ligand_iptm": 0.0,
    "protein_iptm": 0.0,
    "complex_plddt": 0.8758247494697571,
    "complex_iplddt": 0.0,
    "complex_pde": 0.41924354434013367,
    "complex_ipde": 0.0,
    "chains_ptm": {
        "0": 0.8596745729446411
    },
    "pair_chains_iptm": {
        "0": {
            "0": 0.8596745729446411
        }
    }
}