{
    "confidence_score": 0.47379475831985474,
    "ptm": 0.43310001492500305,
    "iptm": 0.0,
    "ligand_iptm": 0.0,
    "protein_iptm": 0.0,
    "complex_plddt": 0.5922434329986572,
    "complex_iplddt": 0.0,
    "complex_pde": 2.39621639251709,
    "complex_ipde": 0.0,
    "chains_ptm": {
        "0": 0.43310001492500305
    },
    "pair_chains_iptm": {
        "0": {
            "0": 0.43310001492500305
        }
    }
}