{
    "features": 3525.470230579376,
    "process_features_model_1_pred_0": 9.205621242523193,
    "predict_and_compile_model_1_pred_0": 272.51936173439026,
    "process_features_model_2_pred_0": 9.09248161315918,
    "predict_and_compile_model_2_pred_0": 269.23498916625977,
    "process_features_model_3_pred_0": 8.435551643371582,
    "predict_and_compile_model_3_pred_0": 233.93030428886414,
    "process_features_model_4_pred_0": 8.127940654754639,
    "predict_and_compile_model_4_pred_0": 232.37889909744263,
    "process_features_model_5_pred_0": 8.567973136901855,
    "predict_and_compile_model_5_pred_0": 214.4800796508789,
    "relax_model_3_pred_0": 50.02682065963745
}