{
    "confidence_score": 0.5548312067985535,
    "ptm": 0.21277284622192383,
    "iptm": 0.0,
    "ligand_iptm": 0.0,
    "protein_iptm": 0.0,
    "complex_plddt": 0.6935389637947083,
    "complex_iplddt": 0.0,
    "complex_pde": 1.1283420324325562,
    "complex_ipde": 0.0,
    "chains_ptm": {
        "0": 0.21277284622192383
    },
    "pair_chains_iptm": {
        "0": {
            "0": 0.21277284622192383
        }
    }
}