{
    "confidence_score": 0.7528207302093506,
    "ptm": 0.9517213702201843,
    "iptm": 0.0,
    "ligand_iptm": 0.0,
    "protein_iptm": 0.0,
    "complex_plddt": 0.9410259127616882,
    "complex_iplddt": 0.0,
    "complex_pde": 0.34100833535194397,
    "complex_ipde": 0.0,
    "chains_ptm": {
        "0": 0.9517213702201843
    },
    "pair_chains_iptm": {
        "0": {
            "0": 0.9517213702201843
        }
    }
}