{
    "confidence_score": 0.6329827904701233,
    "ptm": 0.6219932436943054,
    "iptm": 0.0,
    "ligand_iptm": 0.0,
    "protein_iptm": 0.0,
    "complex_plddt": 0.7912284731864929,
    "complex_iplddt": 0.0,
    "complex_pde": 1.557103157043457,
    "complex_ipde": 0.0,
    "chains_ptm": {
        "0": 0.6219932436943054
    },
    "pair_chains_iptm": {
        "0": {
            "0": 0.6219932436943054
        }
    }
}