{
    "confidence_score": 0.7319738268852234,
    "ptm": 0.9180748462677002,
    "iptm": 0.0,
    "ligand_iptm": 0.0,
    "protein_iptm": 0.0,
    "complex_plddt": 0.9149672985076904,
    "complex_iplddt": 0.0,
    "complex_pde": 0.3907846212387085,
    "complex_ipde": 0.0,
    "chains_ptm": {
        "0": 0.9180748462677002
    },
    "pair_chains_iptm": {
        "0": {
            "0": 0.9180748462677002
        }
    }
}