{
    "confidence_score": 0.7088783979415894,
    "ptm": 0.8631711602210999,
    "iptm": 0.0,
    "ligand_iptm": 0.0,
    "protein_iptm": 0.0,
    "complex_plddt": 0.8860979676246643,
    "complex_iplddt": 0.0,
    "complex_pde": 0.41607293486595154,
    "complex_ipde": 0.0,
    "chains_ptm": {
        "0": 0.8631711602210999
    },
    "pair_chains_iptm": {
        "0": {
            "0": 0.8631711602210999
        }
    }
}