{
    "confidence_score": 0.7319347262382507,
    "ptm": 0.9315053224563599,
    "iptm": 0.0,
    "ligand_iptm": 0.0,
    "protein_iptm": 0.0,
    "complex_plddt": 0.9149183630943298,
    "complex_iplddt": 0.0,
    "complex_pde": 0.35655635595321655,
    "complex_ipde": 0.0,
    "chains_ptm": {
        "0": 0.9315053224563599
    },
    "pair_chains_iptm": {
        "0": {
            "0": 0.9315053224563599
        }
    }
}