{
    "confidence_score": 0.5470731854438782,
    "ptm": 0.40981608629226685,
    "iptm": 0.0,
    "ligand_iptm": 0.0,
    "protein_iptm": 0.0,
    "complex_plddt": 0.6838414669036865,
    "complex_iplddt": 0.0,
    "complex_pde": 1.5232917070388794,
    "complex_ipde": 0.0,
    "chains_ptm": {
        "0": 0.40981608629226685
    },
    "pair_chains_iptm": {
        "0": {
            "0": 0.40981608629226685
        }
    }
}