{
    "confidence_score": 0.6769806742668152,
    "ptm": 0.9290575981140137,
    "iptm": 0.0,
    "ligand_iptm": 0.0,
    "protein_iptm": 0.0,
    "complex_plddt": 0.8462258577346802,
    "complex_iplddt": 0.0,
    "complex_pde": 0.3802567720413208,
    "complex_ipde": 0.0,
    "chains_ptm": {
        "0": 0.9290575981140137
    },
    "pair_chains_iptm": {
        "0": {
            "0": 0.9290575981140137
        }
    }
}