{
    "confidence_score": 0.5428742170333862,
    "ptm": 0.6070513129234314,
    "iptm": 0.0,
    "ligand_iptm": 0.0,
    "protein_iptm": 0.0,
    "complex_plddt": 0.6785927414894104,
    "complex_iplddt": 0.0,
    "complex_pde": 1.4017138481140137,
    "complex_ipde": 0.0,
    "chains_ptm": {
        "0": 0.6070513129234314
    },
    "pair_chains_iptm": {
        "0": {
            "0": 0.6070513129234314
        }
    }
}