{
    "confidence_score": 0.7119864821434021,
    "ptm": 0.8289548754692078,
    "iptm": 0.0,
    "ligand_iptm": 0.0,
    "protein_iptm": 0.0,
    "complex_plddt": 0.889983057975769,
    "complex_iplddt": 0.0,
    "complex_pde": 0.5486721992492676,
    "complex_ipde": 0.0,
    "chains_ptm": {
        "0": 0.8289548754692078
    },
    "pair_chains_iptm": {
        "0": {
            "0": 0.8289548754692078
        }
    }
}