{
    "confidence_score": 0.7048380374908447,
    "ptm": 0.9007248878479004,
    "iptm": 0.0,
    "ligand_iptm": 0.0,
    "protein_iptm": 0.0,
    "complex_plddt": 0.8810475468635559,
    "complex_iplddt": 0.0,
    "complex_pde": 0.7524054646492004,
    "complex_ipde": 0.0,
    "chains_ptm": {
        "0": 0.9007248878479004
    },
    "pair_chains_iptm": {
        "0": {
            "0": 0.9007248878479004
        }
    }
}