{
    "confidence_score": 0.5662204623222351,
    "ptm": 0.48267462849617004,
    "iptm": 0.0,
    "ligand_iptm": 0.0,
    "protein_iptm": 0.0,
    "complex_plddt": 0.7077755331993103,
    "complex_iplddt": 0.0,
    "complex_pde": 1.063340663909912,
    "complex_ipde": 0.0,
    "chains_ptm": {
        "0": 0.48267462849617004
    },
    "pair_chains_iptm": {
        "0": {
            "0": 0.48267462849617004
        }
    }
}