{
    "confidence_score": 0.6735948920249939,
    "ptm": 0.8520236015319824,
    "iptm": 0.0,
    "ligand_iptm": 0.0,
    "protein_iptm": 0.0,
    "complex_plddt": 0.8419936299324036,
    "complex_iplddt": 0.0,
    "complex_pde": 0.46993565559387207,
    "complex_ipde": 0.0,
    "chains_ptm": {
        "0": 0.8520236015319824
    },
    "pair_chains_iptm": {
        "0": {
            "0": 0.8520236015319824
        }
    }
}