{
    "plddts": {
        "model_1_pred_0": 81.07789692875733,
        "model_2_pred_0": 82.10663290546572,
        "model_3_pred_0": 84.04303887501534,
        "model_4_pred_0": 82.22029313964893,
        "model_5_pred_0": 83.90819559135963
    },
    "order": [
        "model_3_pred_0",
        "model_5_pred_0",
        "model_4_pred_0",
        "model_2_pred_0",
        "model_1_pred_0"
    ]
}