{
    "confidence_score": 0.6745820045471191,
    "ptm": 0.869468629360199,
    "iptm": 0.0,
    "ligand_iptm": 0.0,
    "protein_iptm": 0.0,
    "complex_plddt": 0.8432275056838989,
    "complex_iplddt": 0.0,
    "complex_pde": 0.625548243522644,
    "complex_ipde": 0.0,
    "chains_ptm": {
        "0": 0.869468629360199
    },
    "pair_chains_iptm": {
        "0": {
            "0": 0.869468629360199
        }
    }
}