{
    "confidence_score": 0.6441799402236938,
    "ptm": 0.6196203827857971,
    "iptm": 0.0,
    "ligand_iptm": 0.0,
    "protein_iptm": 0.0,
    "complex_plddt": 0.8052248954772949,
    "complex_iplddt": 0.0,
    "complex_pde": 0.8937970399856567,
    "complex_ipde": 0.0,
    "chains_ptm": {
        "0": 0.6196203827857971
    },
    "pair_chains_iptm": {
        "0": {
            "0": 0.6196203827857971
        }
    }
}