{
    "confidence_score": 0.7404162883758545,
    "ptm": 0.9425104856491089,
    "iptm": 0.0,
    "ligand_iptm": 0.0,
    "protein_iptm": 0.0,
    "complex_plddt": 0.9255203604698181,
    "complex_iplddt": 0.0,
    "complex_pde": 0.34757155179977417,
    "complex_ipde": 0.0,
    "chains_ptm": {
        "0": 0.9425104856491089
    },
    "pair_chains_iptm": {
        "0": {
            "0": 0.9425104856491089
        }
    }
}