{
    "confidence_score": 0.6275743842124939,
    "ptm": 0.7896484136581421,
    "iptm": 0.0,
    "ligand_iptm": 0.0,
    "protein_iptm": 0.0,
    "complex_plddt": 0.7844679355621338,
    "complex_iplddt": 0.0,
    "complex_pde": 1.305871844291687,
    "complex_ipde": 0.0,
    "chains_ptm": {
        "0": 0.7896484136581421
    },
    "pair_chains_iptm": {
        "0": {
            "0": 0.7896484136581421
        }
    }
}