{
    "confidence_score": 0.6560187339782715,
    "ptm": 0.874385416507721,
    "iptm": 0.0,
    "ligand_iptm": 0.0,
    "protein_iptm": 0.0,
    "complex_plddt": 0.8200234174728394,
    "complex_iplddt": 0.0,
    "complex_pde": 0.6296035051345825,
    "complex_ipde": 0.0,
    "chains_ptm": {
        "0": 0.874385416507721
    },
    "pair_chains_iptm": {
        "0": {
            "0": 0.874385416507721
        }
    }
}