{
    "confidence_score": 0.5866389274597168,
    "ptm": 0.8514577150344849,
    "iptm": 0.0,
    "ligand_iptm": 0.0,
    "protein_iptm": 0.0,
    "complex_plddt": 0.733298659324646,
    "complex_iplddt": 0.0,
    "complex_pde": 0.5967313647270203,
    "complex_ipde": 0.0,
    "chains_ptm": {
        "0": 0.8514577150344849
    },
    "pair_chains_iptm": {
        "0": {
            "0": 0.8514577150344849
        }
    }
}