{
    "confidence_score": 0.7633194327354431,
    "ptm": 0.9596049785614014,
    "iptm": 0.0,
    "ligand_iptm": 0.0,
    "protein_iptm": 0.0,
    "complex_plddt": 0.9541493058204651,
    "complex_iplddt": 0.0,
    "complex_pde": 0.30603110790252686,
    "complex_ipde": 0.0,
    "chains_ptm": {
        "0": 0.9596049785614014
    },
    "pair_chains_iptm": {
        "0": {
            "0": 0.9596049785614014
        }
    }
}