{
    "confidence_score": 0.37296637892723083,
    "ptm": 0.35253897309303284,
    "iptm": 0.0,
    "ligand_iptm": 0.0,
    "protein_iptm": 0.0,
    "complex_plddt": 0.46620798110961914,
    "complex_iplddt": 0.0,
    "complex_pde": 3.158785820007324,
    "complex_ipde": 0.0,
    "chains_ptm": {
        "0": 0.35253897309303284
    },
    "pair_chains_iptm": {
        "0": {
            "0": 0.35253897309303284
        }
    }
}