{
    "confidence_score": 0.47037768363952637,
    "ptm": 0.3025842308998108,
    "iptm": 0.0,
    "ligand_iptm": 0.0,
    "protein_iptm": 0.0,
    "complex_plddt": 0.587972104549408,
    "complex_iplddt": 0.0,
    "complex_pde": 3.0804460048675537,
    "complex_ipde": 0.0,
    "chains_ptm": {
        "0": 0.3025842308998108
    },
    "pair_chains_iptm": {
        "0": {
            "0": 0.3025842308998108
        }
    }
}