{
    "confidence_score": 0.5829972624778748,
    "ptm": 0.4248531758785248,
    "iptm": 0.0,
    "ligand_iptm": 0.0,
    "protein_iptm": 0.0,
    "complex_plddt": 0.7287465333938599,
    "complex_iplddt": 0.0,
    "complex_pde": 1.646661400794983,
    "complex_ipde": 0.0,
    "chains_ptm": {
        "0": 0.4248531758785248
    },
    "pair_chains_iptm": {
        "0": {
            "0": 0.4248531758785248
        }
    }
}