{
    "confidence_score": 0.5713117122650146,
    "ptm": 0.4881416857242584,
    "iptm": 0.0,
    "ligand_iptm": 0.0,
    "protein_iptm": 0.0,
    "complex_plddt": 0.7141396403312683,
    "complex_iplddt": 0.0,
    "complex_pde": 1.1521730422973633,
    "complex_ipde": 0.0,
    "chains_ptm": {
        "0": 0.4881416857242584
    },
    "pair_chains_iptm": {
        "0": {
            "0": 0.4881416857242584
        }
    }
}