{
    "confidence_score": 0.7272334694862366,
    "ptm": 0.9195881485939026,
    "iptm": 0.0,
    "ligand_iptm": 0.0,
    "protein_iptm": 0.0,
    "complex_plddt": 0.9090418219566345,
    "complex_iplddt": 0.0,
    "complex_pde": 0.4136511981487274,
    "complex_ipde": 0.0,
    "chains_ptm": {
        "0": 0.9195881485939026
    },
    "pair_chains_iptm": {
        "0": {
            "0": 0.9195881485939026
        }
    }
}