{
    "confidence_score": 0.6404742002487183,
    "ptm": 0.7975737452507019,
    "iptm": 0.0,
    "ligand_iptm": 0.0,
    "protein_iptm": 0.0,
    "complex_plddt": 0.8005927205085754,
    "complex_iplddt": 0.0,
    "complex_pde": 0.8672630190849304,
    "complex_ipde": 0.0,
    "chains_ptm": {
        "0": 0.7975737452507019
    },
    "pair_chains_iptm": {
        "0": {
            "0": 0.7975737452507019
        }
    }
}