{
    "confidence_score": 0.7585417628288269,
    "ptm": 0.959278404712677,
    "iptm": 0.0,
    "ligand_iptm": 0.0,
    "protein_iptm": 0.0,
    "complex_plddt": 0.9481772184371948,
    "complex_iplddt": 0.0,
    "complex_pde": 0.3297886550426483,
    "complex_ipde": 0.0,
    "chains_ptm": {
        "0": 0.959278404712677
    },
    "pair_chains_iptm": {
        "0": {
            "0": 0.959278404712677
        }
    }
}