{
    "confidence_score": 0.7534690499305725,
    "ptm": 0.9469459652900696,
    "iptm": 0.0,
    "ligand_iptm": 0.0,
    "protein_iptm": 0.0,
    "complex_plddt": 0.9418362975120544,
    "complex_iplddt": 0.0,
    "complex_pde": 0.32193270325660706,
    "complex_ipde": 0.0,
    "chains_ptm": {
        "0": 0.9469459652900696
    },
    "pair_chains_iptm": {
        "0": {
            "0": 0.9469459652900696
        }
    }
}