{
    "confidence_score": 0.7439591288566589,
    "ptm": 0.941133975982666,
    "iptm": 0.0,
    "ligand_iptm": 0.0,
    "protein_iptm": 0.0,
    "complex_plddt": 0.9299489259719849,
    "complex_iplddt": 0.0,
    "complex_pde": 0.35146209597587585,
    "complex_ipde": 0.0,
    "chains_ptm": {
        "0": 0.941133975982666
    },
    "pair_chains_iptm": {
        "0": {
            "0": 0.941133975982666
        }
    }
}