{
    "confidence_score": 0.5490745306015015,
    "ptm": 0.324095219373703,
    "iptm": 0.0,
    "ligand_iptm": 0.0,
    "protein_iptm": 0.0,
    "complex_plddt": 0.6863431334495544,
    "complex_iplddt": 0.0,
    "complex_pde": 1.8271862268447876,
    "complex_ipde": 0.0,
    "chains_ptm": {
        "0": 0.324095219373703
    },
    "pair_chains_iptm": {
        "0": {
            "0": 0.324095219373703
        }
    }
}