{
    "confidence_score": 0.5949512720108032,
    "ptm": 0.6255755424499512,
    "iptm": 0.0,
    "ligand_iptm": 0.0,
    "protein_iptm": 0.0,
    "complex_plddt": 0.7436890602111816,
    "complex_iplddt": 0.0,
    "complex_pde": 1.537256121635437,
    "complex_ipde": 0.0,
    "chains_ptm": {
        "0": 0.6255755424499512
    },
    "pair_chains_iptm": {
        "0": {
            "0": 0.6255755424499512
        }
    }
}