{
    "confidence_score": 0.4988936483860016,
    "ptm": 0.41819480061531067,
    "iptm": 0.0,
    "ligand_iptm": 0.0,
    "protein_iptm": 0.0,
    "complex_plddt": 0.6236170530319214,
    "complex_iplddt": 0.0,
    "complex_pde": 1.6563637256622314,
    "complex_ipde": 0.0,
    "chains_ptm": {
        "0": 0.41819480061531067
    },
    "pair_chains_iptm": {
        "0": {
            "0": 0.41819480061531067
        }
    }
}