{
    "confidence_score": 0.6718087792396545,
    "ptm": 0.44701871275901794,
    "iptm": 0.0,
    "ligand_iptm": 0.0,
    "protein_iptm": 0.0,
    "complex_plddt": 0.839760959148407,
    "complex_iplddt": 0.0,
    "complex_pde": 1.1731500625610352,
    "complex_ipde": 0.0,
    "chains_ptm": {
        "0": 0.44701871275901794
    },
    "pair_chains_iptm": {
        "0": {
            "0": 0.44701871275901794
        }
    }
}