{
    "confidence_score": 0.6987916827201843,
    "ptm": 0.7440224289894104,
    "iptm": 0.0,
    "ligand_iptm": 0.0,
    "protein_iptm": 0.0,
    "complex_plddt": 0.8734895586967468,
    "complex_iplddt": 0.0,
    "complex_pde": 0.6345414519309998,
    "complex_ipde": 0.0,
    "chains_ptm": {
        "0": 0.7440224289894104
    },
    "pair_chains_iptm": {
        "0": {
            "0": 0.7440224289894104
        }
    }
}