{
    "confidence_score": 0.5217955112457275,
    "ptm": 0.25366532802581787,
    "iptm": 0.0,
    "ligand_iptm": 0.0,
    "protein_iptm": 0.0,
    "complex_plddt": 0.6522443890571594,
    "complex_iplddt": 0.0,
    "complex_pde": 1.6543699502944946,
    "complex_ipde": 0.0,
    "chains_ptm": {
        "0": 0.25366532802581787
    },
    "pair_chains_iptm": {
        "0": {
            "0": 0.25366532802581787
        }
    }
}