{
    "confidence_score": 0.6264855861663818,
    "ptm": 0.5673940181732178,
    "iptm": 0.0,
    "ligand_iptm": 0.0,
    "protein_iptm": 0.0,
    "complex_plddt": 0.7831069827079773,
    "complex_iplddt": 0.0,
    "complex_pde": 0.86582350730896,
    "complex_ipde": 0.0,
    "chains_ptm": {
        "0": 0.5673940181732178
    },
    "pair_chains_iptm": {
        "0": {
            "0": 0.5673940181732178
        }
    }
}