{
    "confidence_score": 0.4132460653781891,
    "ptm": 0.31254899501800537,
    "iptm": 0.0,
    "ligand_iptm": 0.0,
    "protein_iptm": 0.0,
    "complex_plddt": 0.5165575742721558,
    "complex_iplddt": 0.0,
    "complex_pde": 2.5003015995025635,
    "complex_ipde": 0.0,
    "chains_ptm": {
        "0": 0.31254899501800537
    },
    "pair_chains_iptm": {
        "0": {
            "0": 0.31254899501800537
        }
    }
}