{
    "confidence_score": 0.44394612312316895,
    "ptm": 0.4901895821094513,
    "iptm": 0.0,
    "ligand_iptm": 0.0,
    "protein_iptm": 0.0,
    "complex_plddt": 0.5549326539039612,
    "complex_iplddt": 0.0,
    "complex_pde": 2.973362445831299,
    "complex_ipde": 0.0,
    "chains_ptm": {
        "0": 0.4901895821094513
    },
    "pair_chains_iptm": {
        "0": {
            "0": 0.4901895821094513
        }
    }
}