{
    "confidence_score": 0.6717368364334106,
    "ptm": 0.6831862330436707,
    "iptm": 0.0,
    "ligand_iptm": 0.0,
    "protein_iptm": 0.0,
    "complex_plddt": 0.8396710157394409,
    "complex_iplddt": 0.0,
    "complex_pde": 0.7019616961479187,
    "complex_ipde": 0.0,
    "chains_ptm": {
        "0": 0.6831862330436707
    },
    "pair_chains_iptm": {
        "0": {
            "0": 0.6831862330436707
        }
    }
}