{
    "confidence_score": 0.5413029789924622,
    "ptm": 0.567363977432251,
    "iptm": 0.0,
    "ligand_iptm": 0.0,
    "protein_iptm": 0.0,
    "complex_plddt": 0.6766287088394165,
    "complex_iplddt": 0.0,
    "complex_pde": 1.7683217525482178,
    "complex_ipde": 0.0,
    "chains_ptm": {
        "0": 0.567363977432251
    },
    "pair_chains_iptm": {
        "0": {
            "0": 0.567363977432251
        }
    }
}