{
    "confidence_score": 0.6657989025115967,
    "ptm": 0.8854236602783203,
    "iptm": 0.0,
    "ligand_iptm": 0.0,
    "protein_iptm": 0.0,
    "complex_plddt": 0.8322486281394958,
    "complex_iplddt": 0.0,
    "complex_pde": 0.5855050683021545,
    "complex_ipde": 0.0,
    "chains_ptm": {
        "0": 0.8854236602783203
    },
    "pair_chains_iptm": {
        "0": {
            "0": 0.8854236602783203
        }
    }
}