{
    "confidence_score": 0.7322129011154175,
    "ptm": 0.9403609037399292,
    "iptm": 0.0,
    "ligand_iptm": 0.0,
    "protein_iptm": 0.0,
    "complex_plddt": 0.9152660965919495,
    "complex_iplddt": 0.0,
    "complex_pde": 0.3899513781070709,
    "complex_ipde": 0.0,
    "chains_ptm": {
        "0": 0.9403609037399292
    },
    "pair_chains_iptm": {
        "0": {
            "0": 0.9403609037399292
        }
    }
}