{
    "confidence_score": 0.6713227033615112,
    "ptm": 0.7924637198448181,
    "iptm": 0.0,
    "ligand_iptm": 0.0,
    "protein_iptm": 0.0,
    "complex_plddt": 0.8391533493995667,
    "complex_iplddt": 0.0,
    "complex_pde": 0.7970742583274841,
    "complex_ipde": 0.0,
    "chains_ptm": {
        "0": 0.7924637198448181
    },
    "pair_chains_iptm": {
        "0": {
            "0": 0.7924637198448181
        }
    }
}