{
    "confidence_score": 0.7557418346405029,
    "ptm": 0.9389527440071106,
    "iptm": 0.0,
    "ligand_iptm": 0.0,
    "protein_iptm": 0.0,
    "complex_plddt": 0.9446772933006287,
    "complex_iplddt": 0.0,
    "complex_pde": 0.33163344860076904,
    "complex_ipde": 0.0,
    "chains_ptm": {
        "0": 0.9389527440071106
    },
    "pair_chains_iptm": {
        "0": {
            "0": 0.9389527440071106
        }
    }
}