{
    "confidence_score": 0.7079318165779114,
    "ptm": 0.9159627556800842,
    "iptm": 0.0,
    "ligand_iptm": 0.0,
    "protein_iptm": 0.0,
    "complex_plddt": 0.884914755821228,
    "complex_iplddt": 0.0,
    "complex_pde": 0.46829962730407715,
    "complex_ipde": 0.0,
    "chains_ptm": {
        "0": 0.9159627556800842
    },
    "pair_chains_iptm": {
        "0": {
            "0": 0.9159627556800842
        }
    }
}