{
    "confidence_score": 0.6838368773460388,
    "ptm": 0.8747450113296509,
    "iptm": 0.0,
    "ligand_iptm": 0.0,
    "protein_iptm": 0.0,
    "complex_plddt": 0.8547961115837097,
    "complex_iplddt": 0.0,
    "complex_pde": 0.5433467626571655,
    "complex_ipde": 0.0,
    "chains_ptm": {
        "0": 0.8747450113296509
    },
    "pair_chains_iptm": {
        "0": {
            "0": 0.8747450113296509
        }
    }
}