{
    "confidence_score": 0.5193110108375549,
    "ptm": 0.32134583592414856,
    "iptm": 0.0,
    "ligand_iptm": 0.0,
    "protein_iptm": 0.0,
    "complex_plddt": 0.6491387486457825,
    "complex_iplddt": 0.0,
    "complex_pde": 2.3280627727508545,
    "complex_ipde": 0.0,
    "chains_ptm": {
        "0": 0.32134583592414856
    },
    "pair_chains_iptm": {
        "0": {
            "0": 0.32134583592414856
        }
    }
}