{
    "confidence_score": 0.576547384262085,
    "ptm": 0.5748096704483032,
    "iptm": 0.0,
    "ligand_iptm": 0.0,
    "protein_iptm": 0.0,
    "complex_plddt": 0.7206842303276062,
    "complex_iplddt": 0.0,
    "complex_pde": 1.1976598501205444,
    "complex_ipde": 0.0,
    "chains_ptm": {
        "0": 0.5748096704483032
    },
    "pair_chains_iptm": {
        "0": {
            "0": 0.5748096704483032
        }
    }
}