{
    "confidence_score": 0.6792711019515991,
    "ptm": 0.812394380569458,
    "iptm": 0.0,
    "ligand_iptm": 0.0,
    "protein_iptm": 0.0,
    "complex_plddt": 0.8490888476371765,
    "complex_iplddt": 0.0,
    "complex_pde": 0.827551543712616,
    "complex_ipde": 0.0,
    "chains_ptm": {
        "0": 0.812394380569458
    },
    "pair_chains_iptm": {
        "0": {
            "0": 0.812394380569458
        }
    }
}