{
    "confidence_score": 0.5551976561546326,
    "ptm": 0.6824550032615662,
    "iptm": 0.0,
    "ligand_iptm": 0.0,
    "protein_iptm": 0.0,
    "complex_plddt": 0.6939970254898071,
    "complex_iplddt": 0.0,
    "complex_pde": 0.8497762084007263,
    "complex_ipde": 0.0,
    "chains_ptm": {
        "0": 0.6824550032615662
    },
    "pair_chains_iptm": {
        "0": {
            "0": 0.6824550032615662
        }
    }
}