{
    "confidence_score": 0.6482605338096619,
    "ptm": 0.6939758658409119,
    "iptm": 0.0,
    "ligand_iptm": 0.0,
    "protein_iptm": 0.0,
    "complex_plddt": 0.8103256225585938,
    "complex_iplddt": 0.0,
    "complex_pde": 0.6816219091415405,
    "complex_ipde": 0.0,
    "chains_ptm": {
        "0": 0.6939758658409119
    },
    "pair_chains_iptm": {
        "0": {
            "0": 0.6939758658409119
        }
    }
}