{
    "confidence_score": 0.5508243441581726,
    "ptm": 0.5150352716445923,
    "iptm": 0.0,
    "ligand_iptm": 0.0,
    "protein_iptm": 0.0,
    "complex_plddt": 0.688530445098877,
    "complex_iplddt": 0.0,
    "complex_pde": 0.7297885417938232,
    "complex_ipde": 0.0,
    "chains_ptm": {
        "0": 0.5150352716445923
    },
    "pair_chains_iptm": {
        "0": {
            "0": 0.5150352716445923
        }
    }
}