{
    "features": 4648.512441396713,
    "process_features_model_1_pred_0": 4.627668857574463,
    "predict_and_compile_model_1_pred_0": 269.2165219783783,
    "process_features_model_2_pred_0": 4.249698877334595,
    "predict_and_compile_model_2_pred_0": 245.3913288116455,
    "process_features_model_3_pred_0": 3.528353452682495,
    "predict_and_compile_model_3_pred_0": 223.76211667060852,
    "process_features_model_4_pred_0": 3.3826041221618652,
    "predict_and_compile_model_4_pred_0": 219.2417802810669,
    "process_features_model_5_pred_0": 3.5688586235046387,
    "predict_and_compile_model_5_pred_0": 205.76718497276306,
    "relax_model_2_pred_0": 51.18365287780762
}