{
    "confidence_score": 0.7472926378250122,
    "ptm": 0.9557808041572571,
    "iptm": 0.0,
    "ligand_iptm": 0.0,
    "protein_iptm": 0.0,
    "complex_plddt": 0.9341157674789429,
    "complex_iplddt": 0.0,
    "complex_pde": 0.3310353457927704,
    "complex_ipde": 0.0,
    "chains_ptm": {
        "0": 0.9557808041572571
    },
    "pair_chains_iptm": {
        "0": {
            "0": 0.9557808041572571
        }
    }
}