{
    "confidence_score": 0.6991421580314636,
    "ptm": 0.9122116565704346,
    "iptm": 0.0,
    "ligand_iptm": 0.0,
    "protein_iptm": 0.0,
    "complex_plddt": 0.873927652835846,
    "complex_iplddt": 0.0,
    "complex_pde": 0.41577669978141785,
    "complex_ipde": 0.0,
    "chains_ptm": {
        "0": 0.9122116565704346
    },
    "pair_chains_iptm": {
        "0": {
            "0": 0.9122116565704346
        }
    }
}