{
    "confidence_score": 0.7243351936340332,
    "ptm": 0.8872817754745483,
    "iptm": 0.0,
    "ligand_iptm": 0.0,
    "protein_iptm": 0.0,
    "complex_plddt": 0.9054189920425415,
    "complex_iplddt": 0.0,
    "complex_pde": 0.45775729417800903,
    "complex_ipde": 0.0,
    "chains_ptm": {
        "0": 0.8872817754745483
    },
    "pair_chains_iptm": {
        "0": {
            "0": 0.8872817754745483
        }
    }
}