{
    "confidence_score": 0.6293684244155884,
    "ptm": 0.826785147190094,
    "iptm": 0.0,
    "ligand_iptm": 0.0,
    "protein_iptm": 0.0,
    "complex_plddt": 0.7867105007171631,
    "complex_iplddt": 0.0,
    "complex_pde": 0.6739515662193298,
    "complex_ipde": 0.0,
    "chains_ptm": {
        "0": 0.826785147190094
    },
    "pair_chains_iptm": {
        "0": {
            "0": 0.826785147190094
        }
    }
}