{
    "plddts": {
        "model_1_pred_0": 78.32247452095227,
        "model_2_pred_0": 79.32900150468,
        "model_3_pred_0": 80.3454403117457,
        "model_4_pred_0": 79.58347387449373,
        "model_5_pred_0": 80.4362114400287
    },
    "order": [
        "model_5_pred_0",
        "model_3_pred_0",
        "model_4_pred_0",
        "model_2_pred_0",
        "model_1_pred_0"
    ]
}