{
    "features": 4892.370541810989,
    "process_features_model_1_pred_0": 8.077893018722534,
    "predict_and_compile_model_1_pred_0": 337.3286292552948,
    "process_features_model_2_pred_0": 7.7497546672821045,
    "predict_and_compile_model_2_pred_0": 308.5624053478241,
    "process_features_model_3_pred_0": 9.342688798904419,
    "predict_and_compile_model_3_pred_0": 283.555584192276,
    "process_features_model_4_pred_0": 7.617619752883911,
    "predict_and_compile_model_4_pred_0": 282.4790573120117,
    "process_features_model_5_pred_0": 7.148123502731323,
    "predict_and_compile_model_5_pred_0": 261.9119954109192,
    "relax_model_5_pred_0": 72.67297840118408
}