{
    "plddts": {
        "model_1_pred_0": 91.42828505516486,
        "model_2_pred_0": 90.54662474955128,
        "model_3_pred_0": 92.18503792425457,
        "model_4_pred_0": 91.65501301635126,
        "model_5_pred_0": 91.52290207721212
    },
    "order": [
        "model_3_pred_0",
        "model_4_pred_0",
        "model_5_pred_0",
        "model_1_pred_0",
        "model_2_pred_0"
    ]
}