{
    "confidence_score": 0.6539542078971863,
    "ptm": 0.6834171414375305,
    "iptm": 0.0,
    "ligand_iptm": 0.0,
    "protein_iptm": 0.0,
    "complex_plddt": 0.8174427151679993,
    "complex_iplddt": 0.0,
    "complex_pde": 0.8036057949066162,
    "complex_ipde": 0.0,
    "chains_ptm": {
        "0": 0.6834171414375305
    },
    "pair_chains_iptm": {
        "0": {
            "0": 0.6834171414375305
        }
    }
}