{
    "confidence_score": 0.529757022857666,
    "ptm": 0.3280733823776245,
    "iptm": 0.0,
    "ligand_iptm": 0.0,
    "protein_iptm": 0.0,
    "complex_plddt": 0.6621962785720825,
    "complex_iplddt": 0.0,
    "complex_pde": 2.048926830291748,
    "complex_ipde": 0.0,
    "chains_ptm": {
        "0": 0.3280733823776245
    },
    "pair_chains_iptm": {
        "0": {
            "0": 0.3280733823776245
        }
    }
}