{
    "confidence_score": 0.5473120808601379,
    "ptm": 0.5223755836486816,
    "iptm": 0.0,
    "ligand_iptm": 0.0,
    "protein_iptm": 0.0,
    "complex_plddt": 0.6841400861740112,
    "complex_iplddt": 0.0,
    "complex_pde": 0.7680385708808899,
    "complex_ipde": 0.0,
    "chains_ptm": {
        "0": 0.5223755836486816
    },
    "pair_chains_iptm": {
        "0": {
            "0": 0.5223755836486816
        }
    }
}