{
    "confidence_score": 0.6504481434822083,
    "ptm": 0.7916067838668823,
    "iptm": 0.0,
    "ligand_iptm": 0.0,
    "protein_iptm": 0.0,
    "complex_plddt": 0.8130601644515991,
    "complex_iplddt": 0.0,
    "complex_pde": 0.8811759948730469,
    "complex_ipde": 0.0,
    "chains_ptm": {
        "0": 0.7916067838668823
    },
    "pair_chains_iptm": {
        "0": {
            "0": 0.7916067838668823
        }
    }
}