{
    "confidence_score": 0.4498586654663086,
    "ptm": 0.48639023303985596,
    "iptm": 0.0,
    "ligand_iptm": 0.0,
    "protein_iptm": 0.0,
    "complex_plddt": 0.5623233318328857,
    "complex_iplddt": 0.0,
    "complex_pde": 1.873950481414795,
    "complex_ipde": 0.0,
    "chains_ptm": {
        "0": 0.48639023303985596
    },
    "pair_chains_iptm": {
        "0": {
            "0": 0.48639023303985596
        }
    }
}