{
    "confidence_score": 0.6299885511398315,
    "ptm": 0.47093984484672546,
    "iptm": 0.0,
    "ligand_iptm": 0.0,
    "protein_iptm": 0.0,
    "complex_plddt": 0.787485659122467,
    "complex_iplddt": 0.0,
    "complex_pde": 1.2451586723327637,
    "complex_ipde": 0.0,
    "chains_ptm": {
        "0": 0.47093984484672546
    },
    "pair_chains_iptm": {
        "0": {
            "0": 0.47093984484672546
        }
    }
}