{
    "confidence_score": 0.5748035311698914,
    "ptm": 0.3984169065952301,
    "iptm": 0.0,
    "ligand_iptm": 0.0,
    "protein_iptm": 0.0,
    "complex_plddt": 0.7185044288635254,
    "complex_iplddt": 0.0,
    "complex_pde": 1.3142379522323608,
    "complex_ipde": 0.0,
    "chains_ptm": {
        "0": 0.3984169065952301
    },
    "pair_chains_iptm": {
        "0": {
            "0": 0.3984169065952301
        }
    }
}