{
    "confidence_score": 0.7542598247528076,
    "ptm": 0.904412567615509,
    "iptm": 0.0,
    "ligand_iptm": 0.0,
    "protein_iptm": 0.0,
    "complex_plddt": 0.9428247809410095,
    "complex_iplddt": 0.0,
    "complex_pde": 0.33197543025016785,
    "complex_ipde": 0.0,
    "chains_ptm": {
        "0": 0.904412567615509
    },
    "pair_chains_iptm": {
        "0": {
            "0": 0.904412567615509
        }
    }
}