{
    "confidence_score": 0.7144887447357178,
    "ptm": 0.7776151299476624,
    "iptm": 0.0,
    "ligand_iptm": 0.0,
    "protein_iptm": 0.0,
    "complex_plddt": 0.8931109309196472,
    "complex_iplddt": 0.0,
    "complex_pde": 0.4574490487575531,
    "complex_ipde": 0.0,
    "chains_ptm": {
        "0": 0.7776151299476624
    },
    "pair_chains_iptm": {
        "0": {
            "0": 0.7776151299476624
        }
    }
}