{
    "confidence_score": 0.7395984530448914,
    "ptm": 0.9268465042114258,
    "iptm": 0.0,
    "ligand_iptm": 0.0,
    "protein_iptm": 0.0,
    "complex_plddt": 0.9244980812072754,
    "complex_iplddt": 0.0,
    "complex_pde": 0.3528817594051361,
    "complex_ipde": 0.0,
    "chains_ptm": {
        "0": 0.9268465042114258
    },
    "pair_chains_iptm": {
        "0": {
            "0": 0.9268465042114258
        }
    }
}