{
    "confidence_score": 0.5633589029312134,
    "ptm": 0.6389736533164978,
    "iptm": 0.0,
    "ligand_iptm": 0.0,
    "protein_iptm": 0.0,
    "complex_plddt": 0.7041985988616943,
    "complex_iplddt": 0.0,
    "complex_pde": 0.908951461315155,
    "complex_ipde": 0.0,
    "chains_ptm": {
        "0": 0.6389736533164978
    },
    "pair_chains_iptm": {
        "0": {
            "0": 0.6389736533164978
        }
    }
}