{
    "confidence_score": 0.41297203302383423,
    "ptm": 0.41303080320358276,
    "iptm": 0.0,
    "ligand_iptm": 0.0,
    "protein_iptm": 0.0,
    "complex_plddt": 0.5162150263786316,
    "complex_iplddt": 0.0,
    "complex_pde": 2.419552803039551,
    "complex_ipde": 0.0,
    "chains_ptm": {
        "0": 0.41303080320358276
    },
    "pair_chains_iptm": {
        "0": {
            "0": 0.41303080320358276
        }
    }
}