{
    "confidence_score": 0.7399558424949646,
    "ptm": 0.9447646737098694,
    "iptm": 0.0,
    "ligand_iptm": 0.0,
    "protein_iptm": 0.0,
    "complex_plddt": 0.9249447584152222,
    "complex_iplddt": 0.0,
    "complex_pde": 0.3659018874168396,
    "complex_ipde": 0.0,
    "chains_ptm": {
        "0": 0.9447646737098694
    },
    "pair_chains_iptm": {
        "0": {
            "0": 0.9447646737098694
        }
    }
}