{
    "confidence_score": 0.6569004058837891,
    "ptm": 0.8848255276679993,
    "iptm": 0.0,
    "ligand_iptm": 0.0,
    "protein_iptm": 0.0,
    "complex_plddt": 0.8211255073547363,
    "complex_iplddt": 0.0,
    "complex_pde": 0.6455761194229126,
    "complex_ipde": 0.0,
    "chains_ptm": {
        "0": 0.8848255276679993
    },
    "pair_chains_iptm": {
        "0": {
            "0": 0.8848255276679993
        }
    }
}