{
    "confidence_score": 0.4580185115337372,
    "ptm": 0.23646046221256256,
    "iptm": 0.0,
    "ligand_iptm": 0.0,
    "protein_iptm": 0.0,
    "complex_plddt": 0.5725231170654297,
    "complex_iplddt": 0.0,
    "complex_pde": 1.1886827945709229,
    "complex_ipde": 0.0,
    "chains_ptm": {
        "0": 0.23646046221256256
    },
    "pair_chains_iptm": {
        "0": {
            "0": 0.23646046221256256
        }
    }
}