{
    "confidence_score": 0.6497966647148132,
    "ptm": 0.6987830400466919,
    "iptm": 0.0,
    "ligand_iptm": 0.0,
    "protein_iptm": 0.0,
    "complex_plddt": 0.812245786190033,
    "complex_iplddt": 0.0,
    "complex_pde": 0.9904612898826599,
    "complex_ipde": 0.0,
    "chains_ptm": {
        "0": 0.6987830400466919
    },
    "pair_chains_iptm": {
        "0": {
            "0": 0.6987830400466919
        }
    }
}