{
    "confidence_score": 0.581238329410553,
    "ptm": 0.5672754645347595,
    "iptm": 0.0,
    "ligand_iptm": 0.0,
    "protein_iptm": 0.0,
    "complex_plddt": 0.72654789686203,
    "complex_iplddt": 0.0,
    "complex_pde": 1.5666065216064453,
    "complex_ipde": 0.0,
    "chains_ptm": {
        "0": 0.5672754645347595
    },
    "pair_chains_iptm": {
        "0": {
            "0": 0.5672754645347595
        }
    }
}