{
    "confidence_score": 0.47106727957725525,
    "ptm": 0.38518980145454407,
    "iptm": 0.0,
    "ligand_iptm": 0.0,
    "protein_iptm": 0.0,
    "complex_plddt": 0.5888341069221497,
    "complex_iplddt": 0.0,
    "complex_pde": 2.3157286643981934,
    "complex_ipde": 0.0,
    "chains_ptm": {
        "0": 0.38518980145454407
    },
    "pair_chains_iptm": {
        "0": {
            "0": 0.38518980145454407
        }
    }
}