{
    "confidence_score": 0.7428750395774841,
    "ptm": 0.9428709149360657,
    "iptm": 0.0,
    "ligand_iptm": 0.0,
    "protein_iptm": 0.0,
    "complex_plddt": 0.9285937547683716,
    "complex_iplddt": 0.0,
    "complex_pde": 0.374292254447937,
    "complex_ipde": 0.0,
    "chains_ptm": {
        "0": 0.9428709149360657
    },
    "pair_chains_iptm": {
        "0": {
            "0": 0.9428709149360657
        }
    }
}