{
    "confidence_score": 0.4916432499885559,
    "ptm": 0.301310658454895,
    "iptm": 0.0,
    "ligand_iptm": 0.0,
    "protein_iptm": 0.0,
    "complex_plddt": 0.6145540475845337,
    "complex_iplddt": 0.0,
    "complex_pde": 2.030116558074951,
    "complex_ipde": 0.0,
    "chains_ptm": {
        "0": 0.301310658454895
    },
    "pair_chains_iptm": {
        "0": {
            "0": 0.301310658454895
        }
    }
}