{
    "confidence_score": 0.5064113140106201,
    "ptm": 0.5166804194450378,
    "iptm": 0.0,
    "ligand_iptm": 0.0,
    "protein_iptm": 0.0,
    "complex_plddt": 0.6330141425132751,
    "complex_iplddt": 0.0,
    "complex_pde": 1.5046629905700684,
    "complex_ipde": 0.0,
    "chains_ptm": {
        "0": 0.5166804194450378
    },
    "pair_chains_iptm": {
        "0": {
            "0": 0.5166804194450378
        }
    }
}