{
    "confidence_score": 0.657204270362854,
    "ptm": 0.9035905599594116,
    "iptm": 0.0,
    "ligand_iptm": 0.0,
    "protein_iptm": 0.0,
    "complex_plddt": 0.8215053081512451,
    "complex_iplddt": 0.0,
    "complex_pde": 0.4733469784259796,
    "complex_ipde": 0.0,
    "chains_ptm": {
        "0": 0.9035905599594116
    },
    "pair_chains_iptm": {
        "0": {
            "0": 0.9035905599594116
        }
    }
}