{
    "confidence_score": 0.58444744348526,
    "ptm": 0.6257634162902832,
    "iptm": 0.0,
    "ligand_iptm": 0.0,
    "protein_iptm": 0.0,
    "complex_plddt": 0.7305592894554138,
    "complex_iplddt": 0.0,
    "complex_pde": 0.80277019739151,
    "complex_ipde": 0.0,
    "chains_ptm": {
        "0": 0.6257634162902832
    },
    "pair_chains_iptm": {
        "0": {
            "0": 0.6257634162902832
        }
    }
}