{
    "confidence_score": 0.6964778304100037,
    "ptm": 0.7868594527244568,
    "iptm": 0.0,
    "ligand_iptm": 0.0,
    "protein_iptm": 0.0,
    "complex_plddt": 0.870597243309021,
    "complex_iplddt": 0.0,
    "complex_pde": 0.4911053478717804,
    "complex_ipde": 0.0,
    "chains_ptm": {
        "0": 0.7868594527244568
    },
    "pair_chains_iptm": {
        "0": {
            "0": 0.7868594527244568
        }
    }
}