{
    "confidence_score": 0.4625280797481537,
    "ptm": 0.3259827494621277,
    "iptm": 0.0,
    "ligand_iptm": 0.0,
    "protein_iptm": 0.0,
    "complex_plddt": 0.5781601071357727,
    "complex_iplddt": 0.0,
    "complex_pde": 2.273097276687622,
    "complex_ipde": 0.0,
    "chains_ptm": {
        "0": 0.3259827494621277
    },
    "pair_chains_iptm": {
        "0": {
            "0": 0.3259827494621277
        }
    }
}