{
    "confidence_score": 0.6378790140151978,
    "ptm": 0.8625004291534424,
    "iptm": 0.0,
    "ligand_iptm": 0.0,
    "protein_iptm": 0.0,
    "complex_plddt": 0.7973487377166748,
    "complex_iplddt": 0.0,
    "complex_pde": 0.5930002927780151,
    "complex_ipde": 0.0,
    "chains_ptm": {
        "0": 0.8625004291534424
    },
    "pair_chains_iptm": {
        "0": {
            "0": 0.8625004291534424
        }
    }
}