{
    "confidence_score": 0.7485586404800415,
    "ptm": 0.9457911849021912,
    "iptm": 0.0,
    "ligand_iptm": 0.0,
    "protein_iptm": 0.0,
    "complex_plddt": 0.9356982707977295,
    "complex_iplddt": 0.0,
    "complex_pde": 0.36943066120147705,
    "complex_ipde": 0.0,
    "chains_ptm": {
        "0": 0.9457911849021912
    },
    "pair_chains_iptm": {
        "0": {
            "0": 0.9457911849021912
        }
    }
}