{
    "plddts": {
        "model_1_pred_0": 74.42536968986101,
        "model_2_pred_0": 75.49590836155429,
        "model_3_pred_0": 76.102317965757,
        "model_4_pred_0": 76.18056286261823,
        "model_5_pred_0": 76.86743537826749
    },
    "order": [
        "model_5_pred_0",
        "model_4_pred_0",
        "model_3_pred_0",
        "model_2_pred_0",
        "model_1_pred_0"
    ]
}