{
    "features": 5016.1661965847015,
    "process_features_model_1_pred_0": 4.527775526046753,
    "predict_and_compile_model_1_pred_0": 515.5349805355072,
    "process_features_model_2_pred_0": 4.335546016693115,
    "predict_and_compile_model_2_pred_0": 472.31616258621216,
    "process_features_model_3_pred_0": 4.060666561126709,
    "predict_and_compile_model_3_pred_0": 432.5543849468231,
    "process_features_model_4_pred_0": 3.935969114303589,
    "predict_and_compile_model_4_pred_0": 435.92487049102783,
    "process_features_model_5_pred_0": 3.969698429107666,
    "predict_and_compile_model_5_pred_0": 399.9685456752777,
    "relax_model_5_pred_0": 112.83888339996338
}