{
    "confidence_score": 0.6242029070854187,
    "ptm": 0.8645812273025513,
    "iptm": 0.0,
    "ligand_iptm": 0.0,
    "protein_iptm": 0.0,
    "complex_plddt": 0.7802536487579346,
    "complex_iplddt": 0.0,
    "complex_pde": 0.6130232214927673,
    "complex_ipde": 0.0,
    "chains_ptm": {
        "0": 0.8645812273025513
    },
    "pair_chains_iptm": {
        "0": {
            "0": 0.8645812273025513
        }
    }
}