{
    "confidence_score": 0.5703176856040955,
    "ptm": 0.5975927710533142,
    "iptm": 0.0,
    "ligand_iptm": 0.0,
    "protein_iptm": 0.0,
    "complex_plddt": 0.7128971219062805,
    "complex_iplddt": 0.0,
    "complex_pde": 1.743980050086975,
    "complex_ipde": 0.0,
    "chains_ptm": {
        "0": 0.5975927710533142
    },
    "pair_chains_iptm": {
        "0": {
            "0": 0.5975927710533142
        }
    }
}