{
    "confidence_score": 0.6314066052436829,
    "ptm": 0.7392298579216003,
    "iptm": 0.0,
    "ligand_iptm": 0.0,
    "protein_iptm": 0.0,
    "complex_plddt": 0.7892582416534424,
    "complex_iplddt": 0.0,
    "complex_pde": 1.2935718297958374,
    "complex_ipde": 0.0,
    "chains_ptm": {
        "0": 0.7392298579216003
    },
    "pair_chains_iptm": {
        "0": {
            "0": 0.7392298579216003
        }
    }
}