{
    "confidence_score": 0.5718272924423218,
    "ptm": 0.756127655506134,
    "iptm": 0.0,
    "ligand_iptm": 0.0,
    "protein_iptm": 0.0,
    "complex_plddt": 0.7147840857505798,
    "complex_iplddt": 0.0,
    "complex_pde": 1.4057451486587524,
    "complex_ipde": 0.0,
    "chains_ptm": {
        "0": 0.756127655506134
    },
    "pair_chains_iptm": {
        "0": {
            "0": 0.756127655506134
        }
    }
}