{
    "confidence_score": 0.587136447429657,
    "ptm": 0.6135982871055603,
    "iptm": 0.0,
    "ligand_iptm": 0.0,
    "protein_iptm": 0.0,
    "complex_plddt": 0.7339205145835876,
    "complex_iplddt": 0.0,
    "complex_pde": 0.9897595047950745,
    "complex_ipde": 0.0,
    "chains_ptm": {
        "0": 0.6135982871055603
    },
    "pair_chains_iptm": {
        "0": {
            "0": 0.6135982871055603
        }
    }
}