{
    "confidence_score": 0.5945548415184021,
    "ptm": 0.8016858696937561,
    "iptm": 0.0,
    "ligand_iptm": 0.0,
    "protein_iptm": 0.0,
    "complex_plddt": 0.7431935667991638,
    "complex_iplddt": 0.0,
    "complex_pde": 0.6843172907829285,
    "complex_ipde": 0.0,
    "chains_ptm": {
        "0": 0.8016858696937561
    },
    "pair_chains_iptm": {
        "0": {
            "0": 0.8016858696937561
        }
    }
}