{
    "confidence_score": 0.7259534001350403,
    "ptm": 0.8999990820884705,
    "iptm": 0.0,
    "ligand_iptm": 0.0,
    "protein_iptm": 0.0,
    "complex_plddt": 0.9074417352676392,
    "complex_iplddt": 0.0,
    "complex_pde": 0.46159088611602783,
    "complex_ipde": 0.0,
    "chains_ptm": {
        "0": 0.8999990820884705
    },
    "pair_chains_iptm": {
        "0": {
            "0": 0.8999990820884705
        }
    }
}