{
    "confidence_score": 0.6204758286476135,
    "ptm": 0.681098222732544,
    "iptm": 0.0,
    "ligand_iptm": 0.0,
    "protein_iptm": 0.0,
    "complex_plddt": 0.7755947709083557,
    "complex_iplddt": 0.0,
    "complex_pde": 0.9137153625488281,
    "complex_ipde": 0.0,
    "chains_ptm": {
        "0": 0.681098222732544
    },
    "pair_chains_iptm": {
        "0": {
            "0": 0.681098222732544
        }
    }
}