{
    "confidence_score": 0.7443417310714722,
    "ptm": 0.9574788808822632,
    "iptm": 0.0,
    "ligand_iptm": 0.0,
    "protein_iptm": 0.0,
    "complex_plddt": 0.9304271340370178,
    "complex_iplddt": 0.0,
    "complex_pde": 0.3374561667442322,
    "complex_ipde": 0.0,
    "chains_ptm": {
        "0": 0.9574788808822632
    },
    "pair_chains_iptm": {
        "0": {
            "0": 0.9574788808822632
        }
    }
}