{
    "confidence_score": 0.7284368872642517,
    "ptm": 0.9332603216171265,
    "iptm": 0.0,
    "ligand_iptm": 0.0,
    "protein_iptm": 0.0,
    "complex_plddt": 0.9105461239814758,
    "complex_iplddt": 0.0,
    "complex_pde": 0.39275994896888733,
    "complex_ipde": 0.0,
    "chains_ptm": {
        "0": 0.9332603216171265
    },
    "pair_chains_iptm": {
        "0": {
            "0": 0.9332603216171265
        }
    }
}