{
    "confidence_score": 0.5481405854225159,
    "ptm": 0.5457029938697815,
    "iptm": 0.0,
    "ligand_iptm": 0.0,
    "protein_iptm": 0.0,
    "complex_plddt": 0.6851757168769836,
    "complex_iplddt": 0.0,
    "complex_pde": 2.1599886417388916,
    "complex_ipde": 0.0,
    "chains_ptm": {
        "0": 0.5457029938697815
    },
    "pair_chains_iptm": {
        "0": {
            "0": 0.5457029938697815
        }
    }
}