{
    "confidence_score": 0.5571165680885315,
    "ptm": 0.6896041631698608,
    "iptm": 0.0,
    "ligand_iptm": 0.0,
    "protein_iptm": 0.0,
    "complex_plddt": 0.6963956952095032,
    "complex_iplddt": 0.0,
    "complex_pde": 1.0005816221237183,
    "complex_ipde": 0.0,
    "chains_ptm": {
        "0": 0.6896041631698608
    },
    "pair_chains_iptm": {
        "0": {
            "0": 0.6896041631698608
        }
    }
}