{
    "confidence_score": 0.7231794595718384,
    "ptm": 0.9166083335876465,
    "iptm": 0.0,
    "ligand_iptm": 0.0,
    "protein_iptm": 0.0,
    "complex_plddt": 0.9039742946624756,
    "complex_iplddt": 0.0,
    "complex_pde": 0.4052773118019104,
    "complex_ipde": 0.0,
    "chains_ptm": {
        "0": 0.9166083335876465
    },
    "pair_chains_iptm": {
        "0": {
            "0": 0.9166083335876465
        }
    }
}