{
    "confidence_score": 0.6097774505615234,
    "ptm": 0.5906749367713928,
    "iptm": 0.0,
    "ligand_iptm": 0.0,
    "protein_iptm": 0.0,
    "complex_plddt": 0.7622218132019043,
    "complex_iplddt": 0.0,
    "complex_pde": 1.1900745630264282,
    "complex_ipde": 0.0,
    "chains_ptm": {
        "0": 0.5906749367713928
    },
    "pair_chains_iptm": {
        "0": {
            "0": 0.5906749367713928
        }
    }
}