{
    "confidence_score": 0.708906352519989,
    "ptm": 0.9011788964271545,
    "iptm": 0.0,
    "ligand_iptm": 0.0,
    "protein_iptm": 0.0,
    "complex_plddt": 0.8861329555511475,
    "complex_iplddt": 0.0,
    "complex_pde": 0.5417364239692688,
    "complex_ipde": 0.0,
    "chains_ptm": {
        "0": 0.9011788964271545
    },
    "pair_chains_iptm": {
        "0": {
            "0": 0.9011788964271545
        }
    }
}