{
    "confidence_score": 0.6066773533821106,
    "ptm": 0.49428945779800415,
    "iptm": 0.0,
    "ligand_iptm": 0.0,
    "protein_iptm": 0.0,
    "complex_plddt": 0.758346676826477,
    "complex_iplddt": 0.0,
    "complex_pde": 0.9288532733917236,
    "complex_ipde": 0.0,
    "chains_ptm": {
        "0": 0.49428945779800415
    },
    "pair_chains_iptm": {
        "0": {
            "0": 0.49428945779800415
        }
    }
}