{
    "confidence_score": 0.6820099353790283,
    "ptm": 0.7165718078613281,
    "iptm": 0.0,
    "ligand_iptm": 0.0,
    "protein_iptm": 0.0,
    "complex_plddt": 0.8525124192237854,
    "complex_iplddt": 0.0,
    "complex_pde": 0.513065755367279,
    "complex_ipde": 0.0,
    "chains_ptm": {
        "0": 0.7165718078613281
    },
    "pair_chains_iptm": {
        "0": {
            "0": 0.7165718078613281
        }
    }
}