{
    "confidence_score": 0.6287461519241333,
    "ptm": 0.5337547659873962,
    "iptm": 0.0,
    "ligand_iptm": 0.0,
    "protein_iptm": 0.0,
    "complex_plddt": 0.7859326601028442,
    "complex_iplddt": 0.0,
    "complex_pde": 1.3508588075637817,
    "complex_ipde": 0.0,
    "chains_ptm": {
        "0": 0.5337547659873962
    },
    "pair_chains_iptm": {
        "0": {
            "0": 0.5337547659873962
        }
    }
}