{
    "confidence_score": 0.5200351476669312,
    "ptm": 0.28898271918296814,
    "iptm": 0.0,
    "ligand_iptm": 0.0,
    "protein_iptm": 0.0,
    "complex_plddt": 0.6500439047813416,
    "complex_iplddt": 0.0,
    "complex_pde": 1.6569219827651978,
    "complex_ipde": 0.0,
    "chains_ptm": {
        "0": 0.28898271918296814
    },
    "pair_chains_iptm": {
        "0": {
            "0": 0.28898271918296814
        }
    }
}