{
    "confidence_score": 0.6479489207267761,
    "ptm": 0.8094223737716675,
    "iptm": 0.0,
    "ligand_iptm": 0.0,
    "protein_iptm": 0.0,
    "complex_plddt": 0.8099361062049866,
    "complex_iplddt": 0.0,
    "complex_pde": 0.9507591128349304,
    "complex_ipde": 0.0,
    "chains_ptm": {
        "0": 0.8094223737716675
    },
    "pair_chains_iptm": {
        "0": {
            "0": 0.8094223737716675
        }
    }
}