{
    "confidence_score": 0.7032064199447632,
    "ptm": 0.7865958213806152,
    "iptm": 0.0,
    "ligand_iptm": 0.0,
    "protein_iptm": 0.0,
    "complex_plddt": 0.8790079951286316,
    "complex_iplddt": 0.0,
    "complex_pde": 0.5974172353744507,
    "complex_ipde": 0.0,
    "chains_ptm": {
        "0": 0.7865958213806152
    },
    "pair_chains_iptm": {
        "0": {
            "0": 0.7865958213806152
        }
    }
}