{
    "confidence_score": 0.6384944915771484,
    "ptm": 0.7872039079666138,
    "iptm": 0.0,
    "ligand_iptm": 0.0,
    "protein_iptm": 0.0,
    "complex_plddt": 0.7981181144714355,
    "complex_iplddt": 0.0,
    "complex_pde": 0.7785759568214417,
    "complex_ipde": 0.0,
    "chains_ptm": {
        "0": 0.7872039079666138
    },
    "pair_chains_iptm": {
        "0": {
            "0": 0.7872039079666138
        }
    }
}