{
    "confidence_score": 0.7713544964790344,
    "ptm": 0.9682040214538574,
    "iptm": 0.0,
    "ligand_iptm": 0.0,
    "protein_iptm": 0.0,
    "complex_plddt": 0.9641931056976318,
    "complex_iplddt": 0.0,
    "complex_pde": 0.3014661371707916,
    "complex_ipde": 0.0,
    "chains_ptm": {
        "0": 0.9682040214538574
    },
    "pair_chains_iptm": {
        "0": {
            "0": 0.9682040214538574
        }
    }
}