{
    "plddts": {
        "model_1_pred_0": 68.67280595063825,
        "model_2_pred_0": 64.04988049712603,
        "model_3_pred_0": 66.62279596019991,
        "model_4_pred_0": 65.33579738159536,
        "model_5_pred_0": 63.0389469285022
    },
    "order": [
        "model_1_pred_0",
        "model_3_pred_0",
        "model_4_pred_0",
        "model_2_pred_0",
        "model_5_pred_0"
    ]
}