{
    "features": 8736.171288013458,
    "process_features_model_1_pred_0": 27.02594256401062,
    "predict_and_compile_model_1_pred_0": 1149.2240586280823,
    "process_features_model_2_pred_0": 32.845924854278564,
    "predict_and_compile_model_2_pred_0": 1053.7463533878326,
    "process_features_model_3_pred_0": 36.64282250404358,
    "predict_and_compile_model_3_pred_0": 1006.266838312149,
    "process_features_model_4_pred_0": 37.835336685180664,
    "predict_and_compile_model_4_pred_0": 1001.8592669963837,
    "process_features_model_5_pred_0": 34.71053218841553,
    "predict_and_compile_model_5_pred_0": 929.491857290268,
    "relax_model_1_pred_0": 4042.6356608867645
}