{
    "confidence_score": 0.6353468298912048,
    "ptm": 0.5422808527946472,
    "iptm": 0.0,
    "ligand_iptm": 0.0,
    "protein_iptm": 0.0,
    "complex_plddt": 0.7941834926605225,
    "complex_iplddt": 0.0,
    "complex_pde": 0.9218710660934448,
    "complex_ipde": 0.0,
    "chains_ptm": {
        "0": 0.5422808527946472
    },
    "pair_chains_iptm": {
        "0": {
            "0": 0.5422808527946472
        }
    }
}