{
    "confidence_score": 0.46196848154067993,
    "ptm": 0.3244684040546417,
    "iptm": 0.0,
    "ligand_iptm": 0.0,
    "protein_iptm": 0.0,
    "complex_plddt": 0.5774605870246887,
    "complex_iplddt": 0.0,
    "complex_pde": 2.4282376766204834,
    "complex_ipde": 0.0,
    "chains_ptm": {
        "0": 0.3244684040546417
    },
    "pair_chains_iptm": {
        "0": {
            "0": 0.3244684040546417
        }
    }
}