{
    "confidence_score": 0.5384925007820129,
    "ptm": 0.4053327143192291,
    "iptm": 0.0,
    "ligand_iptm": 0.0,
    "protein_iptm": 0.0,
    "complex_plddt": 0.673115611076355,
    "complex_iplddt": 0.0,
    "complex_pde": 1.672753095626831,
    "complex_ipde": 0.0,
    "chains_ptm": {
        "0": 0.4053327143192291
    },
    "pair_chains_iptm": {
        "0": {
            "0": 0.4053327143192291
        }
    }
}