{
    "confidence_score": 0.546801745891571,
    "ptm": 0.7009606957435608,
    "iptm": 0.0,
    "ligand_iptm": 0.0,
    "protein_iptm": 0.0,
    "complex_plddt": 0.683502197265625,
    "complex_iplddt": 0.0,
    "complex_pde": 1.2308465242385864,
    "complex_ipde": 0.0,
    "chains_ptm": {
        "0": 0.7009606957435608
    },
    "pair_chains_iptm": {
        "0": {
            "0": 0.7009606957435608
        }
    }
}