{
    "features": 15604.380880594254,
    "process_features_model_1_pred_0": 22.844475746154785,
    "predict_and_compile_model_1_pred_0": 603.5081260204315,
    "process_features_model_2_pred_0": 20.803348064422607,
    "predict_and_compile_model_2_pred_0": 543.2004463672638,
    "process_features_model_3_pred_0": 20.216175317764282,
    "predict_and_compile_model_3_pred_0": 515.3125,
    "process_features_model_4_pred_0": 19.666370153427124,
    "predict_and_compile_model_4_pred_0": 515.459495306015,
    "process_features_model_5_pred_0": 21.37440013885498,
    "predict_and_compile_model_5_pred_0": 475.7308280467987,
    "relax_model_4_pred_0": 135.78042602539062
}