{
    "confidence_score": 0.6344253420829773,
    "ptm": 0.7773646116256714,
    "iptm": 0.0,
    "ligand_iptm": 0.0,
    "protein_iptm": 0.0,
    "complex_plddt": 0.7930316925048828,
    "complex_iplddt": 0.0,
    "complex_pde": 0.8262559175491333,
    "complex_ipde": 0.0,
    "chains_ptm": {
        "0": 0.7773646116256714
    },
    "pair_chains_iptm": {
        "0": {
            "0": 0.7773646116256714
        }
    }
}