{
    "confidence_score": 0.5495322346687317,
    "ptm": 0.6849687099456787,
    "iptm": 0.0,
    "ligand_iptm": 0.0,
    "protein_iptm": 0.0,
    "complex_plddt": 0.6869152784347534,
    "complex_iplddt": 0.0,
    "complex_pde": 0.6720540523529053,
    "complex_ipde": 0.0,
    "chains_ptm": {
        "0": 0.6849687099456787
    },
    "pair_chains_iptm": {
        "0": {
            "0": 0.6849687099456787
        }
    }
}