{
    "confidence_score": 0.45189133286476135,
    "ptm": 0.27362895011901855,
    "iptm": 0.0,
    "ligand_iptm": 0.0,
    "protein_iptm": 0.0,
    "complex_plddt": 0.5648641586303711,
    "complex_iplddt": 0.0,
    "complex_pde": 4.075420379638672,
    "complex_ipde": 0.0,
    "chains_ptm": {
        "0": 0.27362895011901855
    },
    "pair_chains_iptm": {
        "0": {
            "0": 0.27362895011901855
        }
    }
}