{
    "confidence_score": 0.49718019366264343,
    "ptm": 0.23217369616031647,
    "iptm": 0.0,
    "ligand_iptm": 0.0,
    "protein_iptm": 0.0,
    "complex_plddt": 0.6214752197265625,
    "complex_iplddt": 0.0,
    "complex_pde": 2.7393269538879395,
    "complex_ipde": 0.0,
    "chains_ptm": {
        "0": 0.23217369616031647
    },
    "pair_chains_iptm": {
        "0": {
            "0": 0.23217369616031647
        }
    }
}