{
    "confidence_score": 0.6482930779457092,
    "ptm": 0.8692227005958557,
    "iptm": 0.0,
    "ligand_iptm": 0.0,
    "protein_iptm": 0.0,
    "complex_plddt": 0.8103663325309753,
    "complex_iplddt": 0.0,
    "complex_pde": 0.645673930644989,
    "complex_ipde": 0.0,
    "chains_ptm": {
        "0": 0.8692227005958557
    },
    "pair_chains_iptm": {
        "0": {
            "0": 0.8692227005958557
        }
    }
}