{
    "confidence_score": 0.5916311740875244,
    "ptm": 0.38733038306236267,
    "iptm": 0.0,
    "ligand_iptm": 0.0,
    "protein_iptm": 0.0,
    "complex_plddt": 0.7395389676094055,
    "complex_iplddt": 0.0,
    "complex_pde": 2.3336172103881836,
    "complex_ipde": 0.0,
    "chains_ptm": {
        "0": 0.38733038306236267
    },
    "pair_chains_iptm": {
        "0": {
            "0": 0.38733038306236267
        }
    }
}