{
    "confidence_score": 0.6726159453392029,
    "ptm": 0.845244288444519,
    "iptm": 0.0,
    "ligand_iptm": 0.0,
    "protein_iptm": 0.0,
    "complex_plddt": 0.8407699465751648,
    "complex_iplddt": 0.0,
    "complex_pde": 0.6227744817733765,
    "complex_ipde": 0.0,
    "chains_ptm": {
        "0": 0.845244288444519
    },
    "pair_chains_iptm": {
        "0": {
            "0": 0.845244288444519
        }
    }
}