{
    "confidence_score": 0.6486179828643799,
    "ptm": 0.8616493940353394,
    "iptm": 0.0,
    "ligand_iptm": 0.0,
    "protein_iptm": 0.0,
    "complex_plddt": 0.8107724785804749,
    "complex_iplddt": 0.0,
    "complex_pde": 0.7583953142166138,
    "complex_ipde": 0.0,
    "chains_ptm": {
        "0": 0.8616493940353394
    },
    "pair_chains_iptm": {
        "0": {
            "0": 0.8616493940353394
        }
    }
}