{
    "confidence_score": 0.49009305238723755,
    "ptm": 0.3975808024406433,
    "iptm": 0.0,
    "ligand_iptm": 0.0,
    "protein_iptm": 0.0,
    "complex_plddt": 0.6126163005828857,
    "complex_iplddt": 0.0,
    "complex_pde": 2.217420816421509,
    "complex_ipde": 0.0,
    "chains_ptm": {
        "0": 0.3975808024406433
    },
    "pair_chains_iptm": {
        "0": {
            "0": 0.3975808024406433
        }
    }
}