{
    "confidence_score": 0.7351315021514893,
    "ptm": 0.8865162134170532,
    "iptm": 0.0,
    "ligand_iptm": 0.0,
    "protein_iptm": 0.0,
    "complex_plddt": 0.9189143776893616,
    "complex_iplddt": 0.0,
    "complex_pde": 0.3842669427394867,
    "complex_ipde": 0.0,
    "chains_ptm": {
        "0": 0.8865162134170532
    },
    "pair_chains_iptm": {
        "0": {
            "0": 0.8865162134170532
        }
    }
}