{
    "confidence_score": 0.5867694020271301,
    "ptm": 0.508971631526947,
    "iptm": 0.0,
    "ligand_iptm": 0.0,
    "protein_iptm": 0.0,
    "complex_plddt": 0.7334617376327515,
    "complex_iplddt": 0.0,
    "complex_pde": 1.2432326078414917,
    "complex_ipde": 0.0,
    "chains_ptm": {
        "0": 0.508971631526947
    },
    "pair_chains_iptm": {
        "0": {
            "0": 0.508971631526947
        }
    }
}