{
    "confidence_score": 0.7367869019508362,
    "ptm": 0.948432207107544,
    "iptm": 0.0,
    "ligand_iptm": 0.0,
    "protein_iptm": 0.0,
    "complex_plddt": 0.920983612537384,
    "complex_iplddt": 0.0,
    "complex_pde": 0.34594470262527466,
    "complex_ipde": 0.0,
    "chains_ptm": {
        "0": 0.948432207107544
    },
    "pair_chains_iptm": {
        "0": {
            "0": 0.948432207107544
        }
    }
}