{
    "confidence_score": 0.6066626906394958,
    "ptm": 0.7138625383377075,
    "iptm": 0.0,
    "ligand_iptm": 0.0,
    "protein_iptm": 0.0,
    "complex_plddt": 0.758328378200531,
    "complex_iplddt": 0.0,
    "complex_pde": 0.8740191459655762,
    "complex_ipde": 0.0,
    "chains_ptm": {
        "0": 0.7138625383377075
    },
    "pair_chains_iptm": {
        "0": {
            "0": 0.7138625383377075
        }
    }
}