{
    "confidence_score": 0.7161182761192322,
    "ptm": 0.9074134230613708,
    "iptm": 0.0,
    "ligand_iptm": 0.0,
    "protein_iptm": 0.0,
    "complex_plddt": 0.8951478600502014,
    "complex_iplddt": 0.0,
    "complex_pde": 0.5232282280921936,
    "complex_ipde": 0.0,
    "chains_ptm": {
        "0": 0.9074134230613708
    },
    "pair_chains_iptm": {
        "0": {
            "0": 0.9074134230613708
        }
    }
}