{
    "confidence_score": 0.6842798590660095,
    "ptm": 0.8185024857521057,
    "iptm": 0.0,
    "ligand_iptm": 0.0,
    "protein_iptm": 0.0,
    "complex_plddt": 0.8553498387336731,
    "complex_iplddt": 0.0,
    "complex_pde": 0.43349751830101013,
    "complex_ipde": 0.0,
    "chains_ptm": {
        "0": 0.8185024857521057
    },
    "pair_chains_iptm": {
        "0": {
            "0": 0.8185024857521057
        }
    }
}