{
    "confidence_score": 0.7329472899436951,
    "ptm": 0.9102716445922852,
    "iptm": 0.0,
    "ligand_iptm": 0.0,
    "protein_iptm": 0.0,
    "complex_plddt": 0.91618412733078,
    "complex_iplddt": 0.0,
    "complex_pde": 0.38855695724487305,
    "complex_ipde": 0.0,
    "chains_ptm": {
        "0": 0.9102716445922852
    },
    "pair_chains_iptm": {
        "0": {
            "0": 0.9102716445922852
        }
    }
}