{
    "confidence_score": 0.6755472421646118,
    "ptm": 0.812998354434967,
    "iptm": 0.0,
    "ligand_iptm": 0.0,
    "protein_iptm": 0.0,
    "complex_plddt": 0.8444340229034424,
    "complex_iplddt": 0.0,
    "complex_pde": 0.7490082383155823,
    "complex_ipde": 0.0,
    "chains_ptm": {
        "0": 0.812998354434967
    },
    "pair_chains_iptm": {
        "0": {
            "0": 0.812998354434967
        }
    }
}