{
    "plddts": {
        "model_1_pred_0": 82.65562667566799,
        "model_2_pred_0": 84.23977786004967,
        "model_3_pred_0": 85.44553704114942,
        "model_4_pred_0": 83.62767234366933,
        "model_5_pred_0": 84.08661051300659
    },
    "order": [
        "model_3_pred_0",
        "model_2_pred_0",
        "model_5_pred_0",
        "model_4_pred_0",
        "model_1_pred_0"
    ]
}