{
    "features": 5765.350291490555,
    "process_features_model_1_pred_0": 13.252755165100098,
    "predict_and_compile_model_1_pred_0": 397.37281942367554,
    "process_features_model_2_pred_0": 13.353339910507202,
    "predict_and_compile_model_2_pred_0": 358.7984640598297,
    "process_features_model_3_pred_0": 12.644985675811768,
    "predict_and_compile_model_3_pred_0": 329.2793400287628,
    "process_features_model_4_pred_0": 12.465018033981323,
    "predict_and_compile_model_4_pred_0": 324.01548171043396,
    "process_features_model_5_pred_0": 13.658933877944946,
    "predict_and_compile_model_5_pred_0": 299.29117703437805,
    "relax_model_3_pred_0": 67.06270670890808
}