{
    "confidence_score": 0.5613172650337219,
    "ptm": 0.6515358090400696,
    "iptm": 0.0,
    "ligand_iptm": 0.0,
    "protein_iptm": 0.0,
    "complex_plddt": 0.7016465663909912,
    "complex_iplddt": 0.0,
    "complex_pde": 1.6086745262145996,
    "complex_ipde": 0.0,
    "chains_ptm": {
        "0": 0.6515358090400696
    },
    "pair_chains_iptm": {
        "0": {
            "0": 0.6515358090400696
        }
    }
}