{
    "plddts": {
        "model_1_pred_0": 76.51226579350946,
        "model_2_pred_0": 78.01251739588426,
        "model_3_pred_0": 78.02803909943717,
        "model_4_pred_0": 81.74749748934751,
        "model_5_pred_0": 78.06534193154285
    },
    "order": [
        "model_4_pred_0",
        "model_5_pred_0",
        "model_3_pred_0",
        "model_2_pred_0",
        "model_1_pred_0"
    ]
}