{
    "features": 6721.345978975296,
    "process_features_model_1_pred_0": 11.2455415725708,
    "predict_and_compile_model_1_pred_0": 251.42453241348267,
    "process_features_model_2_pred_0": 10.330655336380005,
    "predict_and_compile_model_2_pred_0": 253.7882022857666,
    "process_features_model_3_pred_0": 9.481087923049927,
    "predict_and_compile_model_3_pred_0": 227.61479091644287,
    "process_features_model_4_pred_0": 9.471731185913086,
    "predict_and_compile_model_4_pred_0": 222.89841532707214,
    "process_features_model_5_pred_0": 9.610249280929565,
    "predict_and_compile_model_5_pred_0": 207.45281171798706,
    "relax_model_4_pred_0": 41.803224325180054
}