{
    "confidence_score": 0.6492778658866882,
    "ptm": 0.8369784355163574,
    "iptm": 0.0,
    "ligand_iptm": 0.0,
    "protein_iptm": 0.0,
    "complex_plddt": 0.8115972876548767,
    "complex_iplddt": 0.0,
    "complex_pde": 0.5954997539520264,
    "complex_ipde": 0.0,
    "chains_ptm": {
        "0": 0.8369784355163574
    },
    "pair_chains_iptm": {
        "0": {
            "0": 0.8369784355163574
        }
    }
}