{
    "confidence_score": 0.6998624205589294,
    "ptm": 0.5956829190254211,
    "iptm": 0.0,
    "ligand_iptm": 0.0,
    "protein_iptm": 0.0,
    "complex_plddt": 0.874828040599823,
    "complex_iplddt": 0.0,
    "complex_pde": 0.6241051554679871,
    "complex_ipde": 0.0,
    "chains_ptm": {
        "0": 0.5956829190254211
    },
    "pair_chains_iptm": {
        "0": {
            "0": 0.5956829190254211
        }
    }
}