{
    "confidence_score": 0.5386200547218323,
    "ptm": 0.625275194644928,
    "iptm": 0.0,
    "ligand_iptm": 0.0,
    "protein_iptm": 0.0,
    "complex_plddt": 0.6732750535011292,
    "complex_iplddt": 0.0,
    "complex_pde": 1.1122026443481445,
    "complex_ipde": 0.0,
    "chains_ptm": {
        "0": 0.625275194644928
    },
    "pair_chains_iptm": {
        "0": {
            "0": 0.625275194644928
        }
    }
}