{
    "confidence_score": 0.3937751352787018,
    "ptm": 0.26652052998542786,
    "iptm": 0.0,
    "ligand_iptm": 0.0,
    "protein_iptm": 0.0,
    "complex_plddt": 0.49221891164779663,
    "complex_iplddt": 0.0,
    "complex_pde": 3.019590377807617,
    "complex_ipde": 0.0,
    "chains_ptm": {
        "0": 0.26652052998542786
    },
    "pair_chains_iptm": {
        "0": {
            "0": 0.26652052998542786
        }
    }
}