{
    "confidence_score": 0.6709205508232117,
    "ptm": 0.7108542323112488,
    "iptm": 0.0,
    "ligand_iptm": 0.0,
    "protein_iptm": 0.0,
    "complex_plddt": 0.838650643825531,
    "complex_iplddt": 0.0,
    "complex_pde": 0.7406399846076965,
    "complex_ipde": 0.0,
    "chains_ptm": {
        "0": 0.7108542323112488
    },
    "pair_chains_iptm": {
        "0": {
            "0": 0.7108542323112488
        }
    }
}