{
    "confidence_score": 0.5464066863059998,
    "ptm": 0.39438608288764954,
    "iptm": 0.0,
    "ligand_iptm": 0.0,
    "protein_iptm": 0.0,
    "complex_plddt": 0.6830083727836609,
    "complex_iplddt": 0.0,
    "complex_pde": 1.5821880102157593,
    "complex_ipde": 0.0,
    "chains_ptm": {
        "0": 0.39438608288764954
    },
    "pair_chains_iptm": {
        "0": {
            "0": 0.39438608288764954
        }
    }
}