{
    "confidence_score": 0.7358132600784302,
    "ptm": 0.9613617658615112,
    "iptm": 0.0,
    "ligand_iptm": 0.0,
    "protein_iptm": 0.0,
    "complex_plddt": 0.9197665452957153,
    "complex_iplddt": 0.0,
    "complex_pde": 0.3882838487625122,
    "complex_ipde": 0.0,
    "chains_ptm": {
        "0": 0.9613617658615112
    },
    "pair_chains_iptm": {
        "0": {
            "0": 0.9613617658615112
        }
    }
}