{
    "confidence_score": 0.7316511869430542,
    "ptm": 0.9227213859558105,
    "iptm": 0.0,
    "ligand_iptm": 0.0,
    "protein_iptm": 0.0,
    "complex_plddt": 0.9145639538764954,
    "complex_iplddt": 0.0,
    "complex_pde": 0.3879395127296448,
    "complex_ipde": 0.0,
    "chains_ptm": {
        "0": 0.9227213859558105
    },
    "pair_chains_iptm": {
        "0": {
            "0": 0.9227213859558105
        }
    }
}