{
    "confidence_score": 0.6517461538314819,
    "ptm": 0.7072682976722717,
    "iptm": 0.0,
    "ligand_iptm": 0.0,
    "protein_iptm": 0.0,
    "complex_plddt": 0.81468266248703,
    "complex_iplddt": 0.0,
    "complex_pde": 0.9710845947265625,
    "complex_ipde": 0.0,
    "chains_ptm": {
        "0": 0.7072682976722717
    },
    "pair_chains_iptm": {
        "0": {
            "0": 0.7072682976722717
        }
    }
}