{
    "confidence_score": 0.6712930798530579,
    "ptm": 0.7184068560600281,
    "iptm": 0.0,
    "ligand_iptm": 0.0,
    "protein_iptm": 0.0,
    "complex_plddt": 0.8391163349151611,
    "complex_iplddt": 0.0,
    "complex_pde": 0.608392059803009,
    "complex_ipde": 0.0,
    "chains_ptm": {
        "0": 0.7184068560600281
    },
    "pair_chains_iptm": {
        "0": {
            "0": 0.7184068560600281
        }
    }
}