{
    "confidence_score": 0.7160753607749939,
    "ptm": 0.9095183610916138,
    "iptm": 0.0,
    "ligand_iptm": 0.0,
    "protein_iptm": 0.0,
    "complex_plddt": 0.8950941562652588,
    "complex_iplddt": 0.0,
    "complex_pde": 0.5436208248138428,
    "complex_ipde": 0.0,
    "chains_ptm": {
        "0": 0.9095183610916138
    },
    "pair_chains_iptm": {
        "0": {
            "0": 0.9095183610916138
        }
    }
}