{
    "confidence_score": 0.6799013018608093,
    "ptm": 0.49517059326171875,
    "iptm": 0.0,
    "ligand_iptm": 0.0,
    "protein_iptm": 0.0,
    "complex_plddt": 0.8498765826225281,
    "complex_iplddt": 0.0,
    "complex_pde": 0.3347153067588806,
    "complex_ipde": 0.0,
    "chains_ptm": {
        "0": 0.49517059326171875
    },
    "pair_chains_iptm": {
        "0": {
            "0": 0.49517059326171875
        }
    }
}