{
    "confidence_score": 0.40461793541908264,
    "ptm": 0.4301823377609253,
    "iptm": 0.0,
    "ligand_iptm": 0.0,
    "protein_iptm": 0.0,
    "complex_plddt": 0.5057724118232727,
    "complex_iplddt": 0.0,
    "complex_pde": 2.1801137924194336,
    "complex_ipde": 0.0,
    "chains_ptm": {
        "0": 0.4301823377609253
    },
    "pair_chains_iptm": {
        "0": {
            "0": 0.4301823377609253
        }
    }
}