{
    "confidence_score": 0.36370649933815,
    "ptm": 0.365995854139328,
    "iptm": 0.0,
    "ligand_iptm": 0.0,
    "protein_iptm": 0.0,
    "complex_plddt": 0.45463311672210693,
    "complex_iplddt": 0.0,
    "complex_pde": 2.7491865158081055,
    "complex_ipde": 0.0,
    "chains_ptm": {
        "0": 0.365995854139328
    },
    "pair_chains_iptm": {
        "0": {
            "0": 0.365995854139328
        }
    }
}