{
    "confidence_score": 0.6567105054855347,
    "ptm": 0.6749988198280334,
    "iptm": 0.0,
    "ligand_iptm": 0.0,
    "protein_iptm": 0.0,
    "complex_plddt": 0.820888102054596,
    "complex_iplddt": 0.0,
    "complex_pde": 0.6849319934844971,
    "complex_ipde": 0.0,
    "chains_ptm": {
        "0": 0.6749988198280334
    },
    "pair_chains_iptm": {
        "0": {
            "0": 0.6749988198280334
        }
    }
}