{
    "confidence_score": 0.5474132299423218,
    "ptm": 0.275042861700058,
    "iptm": 0.0,
    "ligand_iptm": 0.0,
    "protein_iptm": 0.0,
    "complex_plddt": 0.6842665076255798,
    "complex_iplddt": 0.0,
    "complex_pde": 1.390900731086731,
    "complex_ipde": 0.0,
    "chains_ptm": {
        "0": 0.275042861700058
    },
    "pair_chains_iptm": {
        "0": {
            "0": 0.275042861700058
        }
    }
}