{
    "confidence_score": 0.6812458038330078,
    "ptm": 0.7683539986610413,
    "iptm": 0.0,
    "ligand_iptm": 0.0,
    "protein_iptm": 0.0,
    "complex_plddt": 0.8515572547912598,
    "complex_iplddt": 0.0,
    "complex_pde": 0.5665445923805237,
    "complex_ipde": 0.0,
    "chains_ptm": {
        "0": 0.7683539986610413
    },
    "pair_chains_iptm": {
        "0": {
            "0": 0.7683539986610413
        }
    }
}