{
    "confidence_score": 0.6852584481239319,
    "ptm": 0.8932721018791199,
    "iptm": 0.0,
    "ligand_iptm": 0.0,
    "protein_iptm": 0.0,
    "complex_plddt": 0.8565730452537537,
    "complex_iplddt": 0.0,
    "complex_pde": 0.7396565675735474,
    "complex_ipde": 0.0,
    "chains_ptm": {
        "0": 0.8932721018791199
    },
    "pair_chains_iptm": {
        "0": {
            "0": 0.8932721018791199
        }
    }
}