{
    "confidence_score": 0.6521552205085754,
    "ptm": 0.7293828725814819,
    "iptm": 0.0,
    "ligand_iptm": 0.0,
    "protein_iptm": 0.0,
    "complex_plddt": 0.8151940107345581,
    "complex_iplddt": 0.0,
    "complex_pde": 1.2880077362060547,
    "complex_ipde": 0.0,
    "chains_ptm": {
        "0": 0.7293828725814819
    },
    "pair_chains_iptm": {
        "0": {
            "0": 0.7293828725814819
        }
    }
}