{
    "confidence_score": 0.558357298374176,
    "ptm": 0.33979395031929016,
    "iptm": 0.0,
    "ligand_iptm": 0.0,
    "protein_iptm": 0.0,
    "complex_plddt": 0.6979466080665588,
    "complex_iplddt": 0.0,
    "complex_pde": 1.8051363229751587,
    "complex_ipde": 0.0,
    "chains_ptm": {
        "0": 0.33979395031929016
    },
    "pair_chains_iptm": {
        "0": {
            "0": 0.33979395031929016
        }
    }
}