{
    "plddts": {
        "model_1_pred_0": 82.53040094799815,
        "model_2_pred_0": 82.71498171619915,
        "model_3_pred_0": 83.42131665325098,
        "model_4_pred_0": 83.9742763975896,
        "model_5_pred_0": 82.08558428890026
    },
    "order": [
        "model_4_pred_0",
        "model_3_pred_0",
        "model_2_pred_0",
        "model_1_pred_0",
        "model_5_pred_0"
    ]
}