{
    "features": 4513.812160730362,
    "process_features_model_1_pred_0": 11.490290880203247,
    "predict_and_compile_model_1_pred_0": 310.29403042793274,
    "process_features_model_2_pred_0": 14.505995035171509,
    "predict_and_compile_model_2_pred_0": 285.72422432899475,
    "process_features_model_3_pred_0": 16.166252613067627,
    "predict_and_compile_model_3_pred_0": 258.15574955940247,
    "process_features_model_4_pred_0": 11.642447233200073,
    "predict_and_compile_model_4_pred_0": 255.11881256103516,
    "process_features_model_5_pred_0": 11.473731994628906,
    "predict_and_compile_model_5_pred_0": 236.59079217910767,
    "relax_model_4_pred_0": 42.34603691101074
}