{
    "confidence_score": 0.6607475876808167,
    "ptm": 0.8850526809692383,
    "iptm": 0.0,
    "ligand_iptm": 0.0,
    "protein_iptm": 0.0,
    "complex_plddt": 0.8259344696998596,
    "complex_iplddt": 0.0,
    "complex_pde": 0.5951222777366638,
    "complex_ipde": 0.0,
    "chains_ptm": {
        "0": 0.8850526809692383
    },
    "pair_chains_iptm": {
        "0": {
            "0": 0.8850526809692383
        }
    }
}