{
    "confidence_score": 0.7536052465438843,
    "ptm": 0.9341005086898804,
    "iptm": 0.0,
    "ligand_iptm": 0.0,
    "protein_iptm": 0.0,
    "complex_plddt": 0.942006528377533,
    "complex_iplddt": 0.0,
    "complex_pde": 0.31437522172927856,
    "complex_ipde": 0.0,
    "chains_ptm": {
        "0": 0.9341005086898804
    },
    "pair_chains_iptm": {
        "0": {
            "0": 0.9341005086898804
        }
    }
}