{
    "confidence_score": 0.6251692175865173,
    "ptm": 0.7558983564376831,
    "iptm": 0.0,
    "ligand_iptm": 0.0,
    "protein_iptm": 0.0,
    "complex_plddt": 0.7814614772796631,
    "complex_iplddt": 0.0,
    "complex_pde": 0.9833361506462097,
    "complex_ipde": 0.0,
    "chains_ptm": {
        "0": 0.7558983564376831
    },
    "pair_chains_iptm": {
        "0": {
            "0": 0.7558983564376831
        }
    }
}