{
    "confidence_score": 0.5778506398200989,
    "ptm": 0.7619860172271729,
    "iptm": 0.0,
    "ligand_iptm": 0.0,
    "protein_iptm": 0.0,
    "complex_plddt": 0.7223132848739624,
    "complex_iplddt": 0.0,
    "complex_pde": 0.6609376668930054,
    "complex_ipde": 0.0,
    "chains_ptm": {
        "0": 0.7619860172271729
    },
    "pair_chains_iptm": {
        "0": {
            "0": 0.7619860172271729
        }
    }
}