{
    "confidence_score": 0.5498579144477844,
    "ptm": 0.5335033535957336,
    "iptm": 0.0,
    "ligand_iptm": 0.0,
    "protein_iptm": 0.0,
    "complex_plddt": 0.6873223781585693,
    "complex_iplddt": 0.0,
    "complex_pde": 2.1920299530029297,
    "complex_ipde": 0.0,
    "chains_ptm": {
        "0": 0.5335033535957336
    },
    "pair_chains_iptm": {
        "0": {
            "0": 0.5335033535957336
        }
    }
}