{
    "confidence_score": 0.44599732756614685,
    "ptm": 0.581267774105072,
    "iptm": 0.0,
    "ligand_iptm": 0.0,
    "protein_iptm": 0.0,
    "complex_plddt": 0.5574966669082642,
    "complex_iplddt": 0.0,
    "complex_pde": 2.59999942779541,
    "complex_ipde": 0.0,
    "chains_ptm": {
        "0": 0.581267774105072
    },
    "pair_chains_iptm": {
        "0": {
            "0": 0.581267774105072
        }
    }
}