{
    "confidence_score": 0.5774402022361755,
    "ptm": 0.6103050708770752,
    "iptm": 0.0,
    "ligand_iptm": 0.0,
    "protein_iptm": 0.0,
    "complex_plddt": 0.7218002080917358,
    "complex_iplddt": 0.0,
    "complex_pde": 1.2515530586242676,
    "complex_ipde": 0.0,
    "chains_ptm": {
        "0": 0.6103050708770752
    },
    "pair_chains_iptm": {
        "0": {
            "0": 0.6103050708770752
        }
    }
}