{
    "confidence_score": 0.3424049913883209,
    "ptm": 0.22076170146465302,
    "iptm": 0.0,
    "ligand_iptm": 0.0,
    "protein_iptm": 0.0,
    "complex_plddt": 0.42800623178482056,
    "complex_iplddt": 0.0,
    "complex_pde": 3.2401864528656006,
    "complex_ipde": 0.0,
    "chains_ptm": {
        "0": 0.22076170146465302
    },
    "pair_chains_iptm": {
        "0": {
            "0": 0.22076170146465302
        }
    }
}