{
    "confidence_score": 0.5032811760902405,
    "ptm": 0.34857165813446045,
    "iptm": 0.0,
    "ligand_iptm": 0.0,
    "protein_iptm": 0.0,
    "complex_plddt": 0.6291014552116394,
    "complex_iplddt": 0.0,
    "complex_pde": 1.419067144393921,
    "complex_ipde": 0.0,
    "chains_ptm": {
        "0": 0.34857165813446045
    },
    "pair_chains_iptm": {
        "0": {
            "0": 0.34857165813446045
        }
    }
}