{
    "confidence_score": 0.6653298735618591,
    "ptm": 0.408814400434494,
    "iptm": 0.0,
    "ligand_iptm": 0.0,
    "protein_iptm": 0.0,
    "complex_plddt": 0.8316623568534851,
    "complex_iplddt": 0.0,
    "complex_pde": 0.6062737107276917,
    "complex_ipde": 0.0,
    "chains_ptm": {
        "0": 0.408814400434494
    },
    "pair_chains_iptm": {
        "0": {
            "0": 0.408814400434494
        }
    }
}