{
    "confidence_score": 0.567093551158905,
    "ptm": 0.49722954630851746,
    "iptm": 0.0,
    "ligand_iptm": 0.0,
    "protein_iptm": 0.0,
    "complex_plddt": 0.7088669538497925,
    "complex_iplddt": 0.0,
    "complex_pde": 1.3042442798614502,
    "complex_ipde": 0.0,
    "chains_ptm": {
        "0": 0.49722954630851746
    },
    "pair_chains_iptm": {
        "0": {
            "0": 0.49722954630851746
        }
    }
}