{
    "features": 4101.8188996315,
    "process_features_model_1_pred_0": 2.964834213256836,
    "predict_and_compile_model_1_pred_0": 519.6800298690796,
    "process_features_model_2_pred_0": 3.144782781600952,
    "predict_and_compile_model_2_pred_0": 470.8393337726593,
    "process_features_model_3_pred_0": 2.683558940887451,
    "predict_and_compile_model_3_pred_0": 442.69537329673767,
    "process_features_model_4_pred_0": 2.7324376106262207,
    "predict_and_compile_model_4_pred_0": 440.9139051437378,
    "process_features_model_5_pred_0": 2.614781618118286,
    "predict_and_compile_model_5_pred_0": 405.47759556770325,
    "relax_model_4_pred_0": 79.52873229980469
}