{
    "confidence_score": 0.6481587886810303,
    "ptm": 0.7759925127029419,
    "iptm": 0.0,
    "ligand_iptm": 0.0,
    "protein_iptm": 0.0,
    "complex_plddt": 0.8101984858512878,
    "complex_iplddt": 0.0,
    "complex_pde": 0.632533609867096,
    "complex_ipde": 0.0,
    "chains_ptm": {
        "0": 0.7759925127029419
    },
    "pair_chains_iptm": {
        "0": {
            "0": 0.7759925127029419
        }
    }
}