{
    "confidence_score": 0.7017046809196472,
    "ptm": 0.8751264214515686,
    "iptm": 0.0,
    "ligand_iptm": 0.0,
    "protein_iptm": 0.0,
    "complex_plddt": 0.8771308064460754,
    "complex_iplddt": 0.0,
    "complex_pde": 0.42001113295555115,
    "complex_ipde": 0.0,
    "chains_ptm": {
        "0": 0.8751264214515686
    },
    "pair_chains_iptm": {
        "0": {
            "0": 0.8751264214515686
        }
    }
}