{
    "confidence_score": 0.6008667349815369,
    "ptm": 0.715811014175415,
    "iptm": 0.0,
    "ligand_iptm": 0.0,
    "protein_iptm": 0.0,
    "complex_plddt": 0.7510833740234375,
    "complex_iplddt": 0.0,
    "complex_pde": 1.026275396347046,
    "complex_ipde": 0.0,
    "chains_ptm": {
        "0": 0.715811014175415
    },
    "pair_chains_iptm": {
        "0": {
            "0": 0.715811014175415
        }
    }
}