{
    "confidence_score": 0.6043791174888611,
    "ptm": 0.34081020951271057,
    "iptm": 0.0,
    "ligand_iptm": 0.0,
    "protein_iptm": 0.0,
    "complex_plddt": 0.7554738521575928,
    "complex_iplddt": 0.0,
    "complex_pde": 1.2984455823898315,
    "complex_ipde": 0.0,
    "chains_ptm": {
        "0": 0.34081020951271057
    },
    "pair_chains_iptm": {
        "0": {
            "0": 0.34081020951271057
        }
    }
}