{
    "confidence_score": 0.6308029890060425,
    "ptm": 0.751484215259552,
    "iptm": 0.0,
    "ligand_iptm": 0.0,
    "protein_iptm": 0.0,
    "complex_plddt": 0.7885037064552307,
    "complex_iplddt": 0.0,
    "complex_pde": 0.8140485882759094,
    "complex_ipde": 0.0,
    "chains_ptm": {
        "0": 0.751484215259552
    },
    "pair_chains_iptm": {
        "0": {
            "0": 0.751484215259552
        }
    }
}