{
    "confidence_score": 0.7359002828598022,
    "ptm": 0.9607897996902466,
    "iptm": 0.0,
    "ligand_iptm": 0.0,
    "protein_iptm": 0.0,
    "complex_plddt": 0.9198753237724304,
    "complex_iplddt": 0.0,
    "complex_pde": 0.3594318926334381,
    "complex_ipde": 0.0,
    "chains_ptm": {
        "0": 0.9607897996902466
    },
    "pair_chains_iptm": {
        "0": {
            "0": 0.9607897996902466
        }
    }
}