{
    "confidence_score": 0.37560102343559265,
    "ptm": 0.46093273162841797,
    "iptm": 0.0,
    "ligand_iptm": 0.0,
    "protein_iptm": 0.0,
    "complex_plddt": 0.4695012867450714,
    "complex_iplddt": 0.0,
    "complex_pde": 3.78297758102417,
    "complex_ipde": 0.0,
    "chains_ptm": {
        "0": 0.46093273162841797
    },
    "pair_chains_iptm": {
        "0": {
            "0": 0.46093273162841797
        }
    }
}