{
    "confidence_score": 0.645667314529419,
    "ptm": 0.792168915271759,
    "iptm": 0.0,
    "ligand_iptm": 0.0,
    "protein_iptm": 0.0,
    "complex_plddt": 0.8070841431617737,
    "complex_iplddt": 0.0,
    "complex_pde": 0.6468250751495361,
    "complex_ipde": 0.0,
    "chains_ptm": {
        "0": 0.792168915271759
    },
    "pair_chains_iptm": {
        "0": {
            "0": 0.792168915271759
        }
    }
}