{
    "confidence_score": 0.5621541142463684,
    "ptm": 0.4965265095233917,
    "iptm": 0.0,
    "ligand_iptm": 0.0,
    "protein_iptm": 0.0,
    "complex_plddt": 0.7026926279067993,
    "complex_iplddt": 0.0,
    "complex_pde": 1.6152477264404297,
    "complex_ipde": 0.0,
    "chains_ptm": {
        "0": 0.4965265095233917
    },
    "pair_chains_iptm": {
        "0": {
            "0": 0.4965265095233917
        }
    }
}