{
    "confidence_score": 0.6504456400871277,
    "ptm": 0.7581776976585388,
    "iptm": 0.0,
    "ligand_iptm": 0.0,
    "protein_iptm": 0.0,
    "complex_plddt": 0.8130570650100708,
    "complex_iplddt": 0.0,
    "complex_pde": 1.0095717906951904,
    "complex_ipde": 0.0,
    "chains_ptm": {
        "0": 0.7581776976585388
    },
    "pair_chains_iptm": {
        "0": {
            "0": 0.7581776976585388
        }
    }
}