{
    "confidence_score": 0.7479562163352966,
    "ptm": 0.9477753043174744,
    "iptm": 0.0,
    "ligand_iptm": 0.0,
    "protein_iptm": 0.0,
    "complex_plddt": 0.934945285320282,
    "complex_iplddt": 0.0,
    "complex_pde": 0.3433120846748352,
    "complex_ipde": 0.0,
    "chains_ptm": {
        "0": 0.9477753043174744
    },
    "pair_chains_iptm": {
        "0": {
            "0": 0.9477753043174744
        }
    }
}