{
    "confidence_score": 0.4833647906780243,
    "ptm": 0.28989166021347046,
    "iptm": 0.0,
    "ligand_iptm": 0.0,
    "protein_iptm": 0.0,
    "complex_plddt": 0.6042059659957886,
    "complex_iplddt": 0.0,
    "complex_pde": 2.3503990173339844,
    "complex_ipde": 0.0,
    "chains_ptm": {
        "0": 0.28989166021347046
    },
    "pair_chains_iptm": {
        "0": {
            "0": 0.28989166021347046
        }
    }
}