{
    "confidence_score": 0.49628210067749023,
    "ptm": 0.31446290016174316,
    "iptm": 0.0,
    "ligand_iptm": 0.0,
    "protein_iptm": 0.0,
    "complex_plddt": 0.6203526258468628,
    "complex_iplddt": 0.0,
    "complex_pde": 3.592254400253296,
    "complex_ipde": 0.0,
    "chains_ptm": {
        "0": 0.31446290016174316
    },
    "pair_chains_iptm": {
        "0": {
            "0": 0.31446290016174316
        }
    }
}