{
    "confidence_score": 0.7003315687179565,
    "ptm": 0.8780526518821716,
    "iptm": 0.0,
    "ligand_iptm": 0.0,
    "protein_iptm": 0.0,
    "complex_plddt": 0.8754144310951233,
    "complex_iplddt": 0.0,
    "complex_pde": 0.431135356426239,
    "complex_ipde": 0.0,
    "chains_ptm": {
        "0": 0.8780526518821716
    },
    "pair_chains_iptm": {
        "0": {
            "0": 0.8780526518821716
        }
    }
}