{
    "confidence_score": 0.7710107564926147,
    "ptm": 0.9720906019210815,
    "iptm": 0.0,
    "ligand_iptm": 0.0,
    "protein_iptm": 0.0,
    "complex_plddt": 0.963763415813446,
    "complex_iplddt": 0.0,
    "complex_pde": 0.2976321280002594,
    "complex_ipde": 0.0,
    "chains_ptm": {
        "0": 0.9720906019210815
    },
    "pair_chains_iptm": {
        "0": {
            "0": 0.9720906019210815
        }
    }
}