{
    "confidence_score": 0.6980268955230713,
    "ptm": 0.9071279764175415,
    "iptm": 0.0,
    "ligand_iptm": 0.0,
    "protein_iptm": 0.0,
    "complex_plddt": 0.8725336194038391,
    "complex_iplddt": 0.0,
    "complex_pde": 0.38644224405288696,
    "complex_ipde": 0.0,
    "chains_ptm": {
        "0": 0.9071279764175415
    },
    "pair_chains_iptm": {
        "0": {
            "0": 0.9071279764175415
        }
    }
}