{
    "confidence_score": 0.466325581073761,
    "ptm": 0.26834172010421753,
    "iptm": 0.0,
    "ligand_iptm": 0.0,
    "protein_iptm": 0.0,
    "complex_plddt": 0.58290696144104,
    "complex_iplddt": 0.0,
    "complex_pde": 2.1260385513305664,
    "complex_ipde": 0.0,
    "chains_ptm": {
        "0": 0.26834172010421753
    },
    "pair_chains_iptm": {
        "0": {
            "0": 0.26834172010421753
        }
    }
}