{
    "confidence_score": 0.656884491443634,
    "ptm": 0.726226806640625,
    "iptm": 0.0,
    "ligand_iptm": 0.0,
    "protein_iptm": 0.0,
    "complex_plddt": 0.8211055994033813,
    "complex_iplddt": 0.0,
    "complex_pde": 0.5079572796821594,
    "complex_ipde": 0.0,
    "chains_ptm": {
        "0": 0.726226806640625
    },
    "pair_chains_iptm": {
        "0": {
            "0": 0.726226806640625
        }
    }
}