{
    "features": 8210.394221782684,
    "process_features_model_1_pred_0": 10.33355712890625,
    "predict_and_compile_model_1_pred_0": 309.70548248291016,
    "process_features_model_2_pred_0": 10.304267406463623,
    "predict_and_compile_model_2_pred_0": 283.18872809410095,
    "process_features_model_3_pred_0": 9.605875968933105,
    "predict_and_compile_model_3_pred_0": 256.8806104660034,
    "process_features_model_4_pred_0": 10.81775450706482,
    "predict_and_compile_model_4_pred_0": 258.8141884803772,
    "process_features_model_5_pred_0": 9.13086462020874,
    "predict_and_compile_model_5_pred_0": 238.5592942237854,
    "relax_model_4_pred_0": 47.88438034057617
}