{
    "confidence_score": 0.5682276487350464,
    "ptm": 0.6198984980583191,
    "iptm": 0.0,
    "ligand_iptm": 0.0,
    "protein_iptm": 0.0,
    "complex_plddt": 0.7102845311164856,
    "complex_iplddt": 0.0,
    "complex_pde": 1.1876479387283325,
    "complex_ipde": 0.0,
    "chains_ptm": {
        "0": 0.6198984980583191
    },
    "pair_chains_iptm": {
        "0": {
            "0": 0.6198984980583191
        }
    }
}