{
    "confidence_score": 0.7085362672805786,
    "ptm": 0.9175694584846497,
    "iptm": 0.0,
    "ligand_iptm": 0.0,
    "protein_iptm": 0.0,
    "complex_plddt": 0.8856703042984009,
    "complex_iplddt": 0.0,
    "complex_pde": 0.4241292476654053,
    "complex_ipde": 0.0,
    "chains_ptm": {
        "0": 0.9175694584846497
    },
    "pair_chains_iptm": {
        "0": {
            "0": 0.9175694584846497
        }
    }
}