{
    "confidence_score": 0.5825626850128174,
    "ptm": 0.510149359703064,
    "iptm": 0.0,
    "ligand_iptm": 0.0,
    "protein_iptm": 0.0,
    "complex_plddt": 0.7282033562660217,
    "complex_iplddt": 0.0,
    "complex_pde": 2.073956251144409,
    "complex_ipde": 0.0,
    "chains_ptm": {
        "0": 0.510149359703064
    },
    "pair_chains_iptm": {
        "0": {
            "0": 0.510149359703064
        }
    }
}