{
    "plddts": {
        "model_1_pred_0": 91.60009089507878,
        "model_2_pred_0": 92.36026434489754,
        "model_3_pred_0": 92.41045252215356,
        "model_4_pred_0": 91.86050079101753,
        "model_5_pred_0": 91.19369926790418
    },
    "order": [
        "model_3_pred_0",
        "model_2_pred_0",
        "model_4_pred_0",
        "model_1_pred_0",
        "model_5_pred_0"
    ]
}