{
    "confidence_score": 0.6224385499954224,
    "ptm": 0.5678904056549072,
    "iptm": 0.0,
    "ligand_iptm": 0.0,
    "protein_iptm": 0.0,
    "complex_plddt": 0.7780481576919556,
    "complex_iplddt": 0.0,
    "complex_pde": 1.105000376701355,
    "complex_ipde": 0.0,
    "chains_ptm": {
        "0": 0.5678904056549072
    },
    "pair_chains_iptm": {
        "0": {
            "0": 0.5678904056549072
        }
    }
}