{
    "confidence_score": 0.7516192197799683,
    "ptm": 0.9317454099655151,
    "iptm": 0.0,
    "ligand_iptm": 0.0,
    "protein_iptm": 0.0,
    "complex_plddt": 0.9395239949226379,
    "complex_iplddt": 0.0,
    "complex_pde": 0.334414005279541,
    "complex_ipde": 0.0,
    "chains_ptm": {
        "0": 0.9317454099655151
    },
    "pair_chains_iptm": {
        "0": {
            "0": 0.9317454099655151
        }
    }
}