{
    "confidence_score": 0.7513777613639832,
    "ptm": 0.8929533958435059,
    "iptm": 0.0,
    "ligand_iptm": 0.0,
    "protein_iptm": 0.0,
    "complex_plddt": 0.9392222166061401,
    "complex_iplddt": 0.0,
    "complex_pde": 0.33948150277137756,
    "complex_ipde": 0.0,
    "chains_ptm": {
        "0": 0.8929533958435059
    },
    "pair_chains_iptm": {
        "0": {
            "0": 0.8929533958435059
        }
    }
}