{
    "confidence_score": 0.6997496485710144,
    "ptm": 0.8540880084037781,
    "iptm": 0.0,
    "ligand_iptm": 0.0,
    "protein_iptm": 0.0,
    "complex_plddt": 0.8746870160102844,
    "complex_iplddt": 0.0,
    "complex_pde": 0.7550024390220642,
    "complex_ipde": 0.0,
    "chains_ptm": {
        "0": 0.8540880084037781
    },
    "pair_chains_iptm": {
        "0": {
            "0": 0.8540880084037781
        }
    }
}