{
    "confidence_score": 0.7622408270835876,
    "ptm": 0.9400462508201599,
    "iptm": 0.0,
    "ligand_iptm": 0.0,
    "protein_iptm": 0.0,
    "complex_plddt": 0.952800989151001,
    "complex_iplddt": 0.0,
    "complex_pde": 0.31554698944091797,
    "complex_ipde": 0.0,
    "chains_ptm": {
        "0": 0.9400462508201599
    },
    "pair_chains_iptm": {
        "0": {
            "0": 0.9400462508201599
        }
    }
}