{
    "confidence_score": 0.6820769906044006,
    "ptm": 0.822036862373352,
    "iptm": 0.0,
    "ligand_iptm": 0.0,
    "protein_iptm": 0.0,
    "complex_plddt": 0.8525962233543396,
    "complex_iplddt": 0.0,
    "complex_pde": 0.6626392602920532,
    "complex_ipde": 0.0,
    "chains_ptm": {
        "0": 0.822036862373352
    },
    "pair_chains_iptm": {
        "0": {
            "0": 0.822036862373352
        }
    }
}