{
    "confidence_score": 0.39581701159477234,
    "ptm": 0.2018478959798813,
    "iptm": 0.0,
    "ligand_iptm": 0.0,
    "protein_iptm": 0.0,
    "complex_plddt": 0.49477124214172363,
    "complex_iplddt": 0.0,
    "complex_pde": 4.086878299713135,
    "complex_ipde": 0.0,
    "chains_ptm": {
        "0": 0.2018478959798813
    },
    "pair_chains_iptm": {
        "0": {
            "0": 0.2018478959798813
        }
    }
}