{
    "confidence_score": 0.5121548175811768,
    "ptm": 0.3478073477745056,
    "iptm": 0.0,
    "ligand_iptm": 0.0,
    "protein_iptm": 0.0,
    "complex_plddt": 0.640193521976471,
    "complex_iplddt": 0.0,
    "complex_pde": 2.2127699851989746,
    "complex_ipde": 0.0,
    "chains_ptm": {
        "0": 0.3478073477745056
    },
    "pair_chains_iptm": {
        "0": {
            "0": 0.3478073477745056
        }
    }
}