{
    "confidence_score": 0.4488014876842499,
    "ptm": 0.5501084327697754,
    "iptm": 0.0,
    "ligand_iptm": 0.0,
    "protein_iptm": 0.0,
    "complex_plddt": 0.5610018372535706,
    "complex_iplddt": 0.0,
    "complex_pde": 2.2148170471191406,
    "complex_ipde": 0.0,
    "chains_ptm": {
        "0": 0.5501084327697754
    },
    "pair_chains_iptm": {
        "0": {
            "0": 0.5501084327697754
        }
    }
}