{
    "plddts": {
        "model_1_pred_0": 83.30623829376157,
        "model_2_pred_0": 83.20705575568918,
        "model_3_pred_0": 85.17969916785606,
        "model_4_pred_0": 83.39208798570482,
        "model_5_pred_0": 83.82200066927012
    },
    "order": [
        "model_3_pred_0",
        "model_5_pred_0",
        "model_4_pred_0",
        "model_1_pred_0",
        "model_2_pred_0"
    ]
}