{
    "features": 4123.2030239105225,
    "process_features_model_1_pred_0": 12.997164487838745,
    "predict_and_compile_model_1_pred_0": 353.5411672592163,
    "process_features_model_2_pred_0": 17.582396030426025,
    "predict_and_compile_model_2_pred_0": 320.3364007472992,
    "process_features_model_3_pred_0": 13.782049417495728,
    "predict_and_compile_model_3_pred_0": 298.46203422546387,
    "process_features_model_4_pred_0": 14.44236421585083,
    "predict_and_compile_model_4_pred_0": 299.32324290275574,
    "process_features_model_5_pred_0": 15.631012439727783,
    "predict_and_compile_model_5_pred_0": 282.28497886657715,
    "relax_model_3_pred_0": 60.977792263031006
}