{
    "confidence_score": 0.7363398671150208,
    "ptm": 0.9337279796600342,
    "iptm": 0.0,
    "ligand_iptm": 0.0,
    "protein_iptm": 0.0,
    "complex_plddt": 0.9204248189926147,
    "complex_iplddt": 0.0,
    "complex_pde": 0.4361860454082489,
    "complex_ipde": 0.0,
    "chains_ptm": {
        "0": 0.9337279796600342
    },
    "pair_chains_iptm": {
        "0": {
            "0": 0.9337279796600342
        }
    }
}