{
    "confidence_score": 0.6491456031799316,
    "ptm": 0.7502783536911011,
    "iptm": 0.0,
    "ligand_iptm": 0.0,
    "protein_iptm": 0.0,
    "complex_plddt": 0.8114320039749146,
    "complex_iplddt": 0.0,
    "complex_pde": 1.034998893737793,
    "complex_ipde": 0.0,
    "chains_ptm": {
        "0": 0.7502783536911011
    },
    "pair_chains_iptm": {
        "0": {
            "0": 0.7502783536911011
        }
    }
}