{
    "confidence_score": 0.7580839991569519,
    "ptm": 0.9390255808830261,
    "iptm": 0.0,
    "ligand_iptm": 0.0,
    "protein_iptm": 0.0,
    "complex_plddt": 0.9476049542427063,
    "complex_iplddt": 0.0,
    "complex_pde": 0.3239539861679077,
    "complex_ipde": 0.0,
    "chains_ptm": {
        "0": 0.9390255808830261
    },
    "pair_chains_iptm": {
        "0": {
            "0": 0.9390255808830261
        }
    }
}