{
    "confidence_score": 0.7368967533111572,
    "ptm": 0.8986908197402954,
    "iptm": 0.0,
    "ligand_iptm": 0.0,
    "protein_iptm": 0.0,
    "complex_plddt": 0.9211209416389465,
    "complex_iplddt": 0.0,
    "complex_pde": 0.3606254458427429,
    "complex_ipde": 0.0,
    "chains_ptm": {
        "0": 0.8986908197402954
    },
    "pair_chains_iptm": {
        "0": {
            "0": 0.8986908197402954
        }
    }
}