{
    "confidence_score": 0.6171369552612305,
    "ptm": 0.8036853075027466,
    "iptm": 0.0,
    "ligand_iptm": 0.0,
    "protein_iptm": 0.0,
    "complex_plddt": 0.7714211940765381,
    "complex_iplddt": 0.0,
    "complex_pde": 1.1277108192443848,
    "complex_ipde": 0.0,
    "chains_ptm": {
        "0": 0.8036853075027466
    },
    "pair_chains_iptm": {
        "0": {
            "0": 0.8036853075027466
        }
    }
}