{
    "confidence_score": 0.6120938658714294,
    "ptm": 0.8538000583648682,
    "iptm": 0.0,
    "ligand_iptm": 0.0,
    "protein_iptm": 0.0,
    "complex_plddt": 0.765117347240448,
    "complex_iplddt": 0.0,
    "complex_pde": 0.6528085470199585,
    "complex_ipde": 0.0,
    "chains_ptm": {
        "0": 0.8538000583648682
    },
    "pair_chains_iptm": {
        "0": {
            "0": 0.8538000583648682
        }
    }
}