{
    "confidence_score": 0.6580408215522766,
    "ptm": 0.7077164053916931,
    "iptm": 0.0,
    "ligand_iptm": 0.0,
    "protein_iptm": 0.0,
    "complex_plddt": 0.8225510120391846,
    "complex_iplddt": 0.0,
    "complex_pde": 0.8130306601524353,
    "complex_ipde": 0.0,
    "chains_ptm": {
        "0": 0.7077164053916931
    },
    "pair_chains_iptm": {
        "0": {
            "0": 0.7077164053916931
        }
    }
}