{
    "confidence_score": 0.5831800699234009,
    "ptm": 0.5163267254829407,
    "iptm": 0.0,
    "ligand_iptm": 0.0,
    "protein_iptm": 0.0,
    "complex_plddt": 0.7289750576019287,
    "complex_iplddt": 0.0,
    "complex_pde": 0.8139883279800415,
    "complex_ipde": 0.0,
    "chains_ptm": {
        "0": 0.5163267254829407
    },
    "pair_chains_iptm": {
        "0": {
            "0": 0.5163267254829407
        }
    }
}