{
    "confidence_score": 0.4287731647491455,
    "ptm": 0.41068825125694275,
    "iptm": 0.0,
    "ligand_iptm": 0.0,
    "protein_iptm": 0.0,
    "complex_plddt": 0.5359664559364319,
    "complex_iplddt": 0.0,
    "complex_pde": 3.3758175373077393,
    "complex_ipde": 0.0,
    "chains_ptm": {
        "0": 0.41068825125694275
    },
    "pair_chains_iptm": {
        "0": {
            "0": 0.41068825125694275
        }
    }
}