{
    "confidence_score": 0.6888386011123657,
    "ptm": 0.7785214185714722,
    "iptm": 0.0,
    "ligand_iptm": 0.0,
    "protein_iptm": 0.0,
    "complex_plddt": 0.8610482215881348,
    "complex_iplddt": 0.0,
    "complex_pde": 0.5266682505607605,
    "complex_ipde": 0.0,
    "chains_ptm": {
        "0": 0.7785214185714722
    },
    "pair_chains_iptm": {
        "0": {
            "0": 0.7785214185714722
        }
    }
}