{
    "confidence_score": 0.6027757525444031,
    "ptm": 0.6886764764785767,
    "iptm": 0.0,
    "ligand_iptm": 0.0,
    "protein_iptm": 0.0,
    "complex_plddt": 0.7534696459770203,
    "complex_iplddt": 0.0,
    "complex_pde": 1.0754382610321045,
    "complex_ipde": 0.0,
    "chains_ptm": {
        "0": 0.6886764764785767
    },
    "pair_chains_iptm": {
        "0": {
            "0": 0.6886764764785767
        }
    }
}