{
    "plddts": {
        "model_1_pred_0": 91.75376143314634,
        "model_2_pred_0": 92.3513985962858,
        "model_3_pred_0": 92.38370453232163,
        "model_4_pred_0": 91.59437666487729,
        "model_5_pred_0": 90.41974854857114
    },
    "order": [
        "model_3_pred_0",
        "model_2_pred_0",
        "model_1_pred_0",
        "model_4_pred_0",
        "model_5_pred_0"
    ]
}