{
    "features": 4247.591016292572,
    "process_features_model_1_pred_0": 11.187992811203003,
    "predict_and_compile_model_1_pred_0": 2600.155757665634,
    "process_features_model_2_pred_0": 11.171131372451782,
    "predict_and_compile_model_2_pred_0": 1166.6015417575836,
    "process_features_model_3_pred_0": 10.318420648574829,
    "predict_and_compile_model_3_pred_0": 1223.8303055763245,
    "process_features_model_4_pred_0": 10.659133911132812,
    "predict_and_compile_model_4_pred_0": 1074.1766016483307,
    "process_features_model_5_pred_0": 10.894299745559692,
    "predict_and_compile_model_5_pred_0": 1010.2673239707947,
    "relax_model_3_pred_0": 97.34997510910034
}