{
    "features": 5004.445397615433,
    "process_features_model_1_pred_0": 11.94213604927063,
    "predict_and_compile_model_1_pred_0": 279.60718989372253,
    "process_features_model_2_pred_0": 11.614715814590454,
    "predict_and_compile_model_2_pred_0": 260.3144176006317,
    "process_features_model_3_pred_0": 11.404064416885376,
    "predict_and_compile_model_3_pred_0": 232.20565509796143,
    "process_features_model_4_pred_0": 12.084681987762451,
    "predict_and_compile_model_4_pred_0": 231.5937123298645,
    "process_features_model_5_pred_0": 11.74821400642395,
    "predict_and_compile_model_5_pred_0": 227.58628392219543,
    "relax_model_1_pred_0": 46.93988108634949
}