{
    "confidence_score": 0.43920379877090454,
    "ptm": 0.35012441873550415,
    "iptm": 0.0,
    "ligand_iptm": 0.0,
    "protein_iptm": 0.0,
    "complex_plddt": 0.5490047335624695,
    "complex_iplddt": 0.0,
    "complex_pde": 2.3661246299743652,
    "complex_ipde": 0.0,
    "chains_ptm": {
        "0": 0.35012441873550415
    },
    "pair_chains_iptm": {
        "0": {
            "0": 0.35012441873550415
        }
    }
}