{
    "plddts": {
        "model_1_pred_0": 88.24511337087759,
        "model_2_pred_0": 88.51804033138022,
        "model_3_pred_0": 88.7302471710378,
        "model_4_pred_0": 87.28793095900028,
        "model_5_pred_0": 87.8817764285183
    },
    "order": [
        "model_3_pred_0",
        "model_2_pred_0",
        "model_1_pred_0",
        "model_5_pred_0",
        "model_4_pred_0"
    ]
}