{
    "confidence_score": 0.4759986400604248,
    "ptm": 0.23848721385002136,
    "iptm": 0.0,
    "ligand_iptm": 0.0,
    "protein_iptm": 0.0,
    "complex_plddt": 0.594998300075531,
    "complex_iplddt": 0.0,
    "complex_pde": 1.786983609199524,
    "complex_ipde": 0.0,
    "chains_ptm": {
        "0": 0.23848721385002136
    },
    "pair_chains_iptm": {
        "0": {
            "0": 0.23848721385002136
        }
    }
}