{
    "confidence_score": 0.613832414150238,
    "ptm": 0.7497552037239075,
    "iptm": 0.0,
    "ligand_iptm": 0.0,
    "protein_iptm": 0.0,
    "complex_plddt": 0.767290472984314,
    "complex_iplddt": 0.0,
    "complex_pde": 0.5613136887550354,
    "complex_ipde": 0.0,
    "chains_ptm": {
        "0": 0.7497552037239075
    },
    "pair_chains_iptm": {
        "0": {
            "0": 0.7497552037239075
        }
    }
}