{
    "confidence_score": 0.7394132018089294,
    "ptm": 0.9469894170761108,
    "iptm": 0.0,
    "ligand_iptm": 0.0,
    "protein_iptm": 0.0,
    "complex_plddt": 0.9242664575576782,
    "complex_iplddt": 0.0,
    "complex_pde": 0.3642710745334625,
    "complex_ipde": 0.0,
    "chains_ptm": {
        "0": 0.9469894170761108
    },
    "pair_chains_iptm": {
        "0": {
            "0": 0.9469894170761108
        }
    }
}