{
    "confidence_score": 0.7053980827331543,
    "ptm": 0.8829142451286316,
    "iptm": 0.0,
    "ligand_iptm": 0.0,
    "protein_iptm": 0.0,
    "complex_plddt": 0.8817476034164429,
    "complex_iplddt": 0.0,
    "complex_pde": 0.6318356990814209,
    "complex_ipde": 0.0,
    "chains_ptm": {
        "0": 0.8829142451286316
    },
    "pair_chains_iptm": {
        "0": {
            "0": 0.8829142451286316
        }
    }
}