{
    "confidence_score": 0.6231769919395447,
    "ptm": 0.8372624516487122,
    "iptm": 0.0,
    "ligand_iptm": 0.0,
    "protein_iptm": 0.0,
    "complex_plddt": 0.778971254825592,
    "complex_iplddt": 0.0,
    "complex_pde": 0.7978114485740662,
    "complex_ipde": 0.0,
    "chains_ptm": {
        "0": 0.8372624516487122
    },
    "pair_chains_iptm": {
        "0": {
            "0": 0.8372624516487122
        }
    }
}