{
    "confidence_score": 0.590279757976532,
    "ptm": 0.8137766122817993,
    "iptm": 0.0,
    "ligand_iptm": 0.0,
    "protein_iptm": 0.0,
    "complex_plddt": 0.7378496527671814,
    "complex_iplddt": 0.0,
    "complex_pde": 0.5569179058074951,
    "complex_ipde": 0.0,
    "chains_ptm": {
        "0": 0.8137766122817993
    },
    "pair_chains_iptm": {
        "0": {
            "0": 0.8137766122817993
        }
    }
}