{
    "confidence_score": 0.7506676316261292,
    "ptm": 0.9227503538131714,
    "iptm": 0.0,
    "ligand_iptm": 0.0,
    "protein_iptm": 0.0,
    "complex_plddt": 0.9383345246315002,
    "complex_iplddt": 0.0,
    "complex_pde": 0.3354465365409851,
    "complex_ipde": 0.0,
    "chains_ptm": {
        "0": 0.9227503538131714
    },
    "pair_chains_iptm": {
        "0": {
            "0": 0.9227503538131714
        }
    }
}