{
    "confidence_score": 0.7070300579071045,
    "ptm": 0.927855372428894,
    "iptm": 0.0,
    "ligand_iptm": 0.0,
    "protein_iptm": 0.0,
    "complex_plddt": 0.8837875723838806,
    "complex_iplddt": 0.0,
    "complex_pde": 0.3595119118690491,
    "complex_ipde": 0.0,
    "chains_ptm": {
        "0": 0.927855372428894
    },
    "pair_chains_iptm": {
        "0": {
            "0": 0.927855372428894
        }
    }
}