{
    "confidence_score": 0.653100848197937,
    "ptm": 0.7832427024841309,
    "iptm": 0.0,
    "ligand_iptm": 0.0,
    "protein_iptm": 0.0,
    "complex_plddt": 0.8163760304450989,
    "complex_iplddt": 0.0,
    "complex_pde": 0.7264922261238098,
    "complex_ipde": 0.0,
    "chains_ptm": {
        "0": 0.7832427024841309
    },
    "pair_chains_iptm": {
        "0": {
            "0": 0.7832427024841309
        }
    }
}