{
    "confidence_score": 0.7237794399261475,
    "ptm": 0.9237265586853027,
    "iptm": 0.0,
    "ligand_iptm": 0.0,
    "protein_iptm": 0.0,
    "complex_plddt": 0.9047242999076843,
    "complex_iplddt": 0.0,
    "complex_pde": 0.4627215564250946,
    "complex_ipde": 0.0,
    "chains_ptm": {
        "0": 0.9237265586853027
    },
    "pair_chains_iptm": {
        "0": {
            "0": 0.9237265586853027
        }
    }
}