{
    "confidence_score": 0.6934375166893005,
    "ptm": 0.5126581788063049,
    "iptm": 0.0,
    "ligand_iptm": 0.0,
    "protein_iptm": 0.0,
    "complex_plddt": 0.8667969107627869,
    "complex_iplddt": 0.0,
    "complex_pde": 0.586948037147522,
    "complex_ipde": 0.0,
    "chains_ptm": {
        "0": 0.5126581788063049
    },
    "pair_chains_iptm": {
        "0": {
            "0": 0.5126581788063049
        }
    }
}