{
    "confidence_score": 0.6916585564613342,
    "ptm": 0.8662646412849426,
    "iptm": 0.0,
    "ligand_iptm": 0.0,
    "protein_iptm": 0.0,
    "complex_plddt": 0.8645731806755066,
    "complex_iplddt": 0.0,
    "complex_pde": 0.5873129963874817,
    "complex_ipde": 0.0,
    "chains_ptm": {
        "0": 0.8662646412849426
    },
    "pair_chains_iptm": {
        "0": {
            "0": 0.8662646412849426
        }
    }
}