{
    "confidence_score": 0.6365098357200623,
    "ptm": 0.8052343130111694,
    "iptm": 0.0,
    "ligand_iptm": 0.0,
    "protein_iptm": 0.0,
    "complex_plddt": 0.795637309551239,
    "complex_iplddt": 0.0,
    "complex_pde": 0.5886192321777344,
    "complex_ipde": 0.0,
    "chains_ptm": {
        "0": 0.8052343130111694
    },
    "pair_chains_iptm": {
        "0": {
            "0": 0.8052343130111694
        }
    }
}