{
    "confidence_score": 0.499286949634552,
    "ptm": 0.39153483510017395,
    "iptm": 0.0,
    "ligand_iptm": 0.0,
    "protein_iptm": 0.0,
    "complex_plddt": 0.6241086721420288,
    "complex_iplddt": 0.0,
    "complex_pde": 1.7915836572647095,
    "complex_ipde": 0.0,
    "chains_ptm": {
        "0": 0.39153483510017395
    },
    "pair_chains_iptm": {
        "0": {
            "0": 0.39153483510017395
        }
    }
}