{
    "confidence_score": 0.6090625524520874,
    "ptm": 0.47794151306152344,
    "iptm": 0.0,
    "ligand_iptm": 0.0,
    "protein_iptm": 0.0,
    "complex_plddt": 0.7613281607627869,
    "complex_iplddt": 0.0,
    "complex_pde": 1.4684498310089111,
    "complex_ipde": 0.0,
    "chains_ptm": {
        "0": 0.47794151306152344
    },
    "pair_chains_iptm": {
        "0": {
            "0": 0.47794151306152344
        }
    }
}