{
    "confidence_score": 0.571485161781311,
    "ptm": 0.6564430594444275,
    "iptm": 0.0,
    "ligand_iptm": 0.0,
    "protein_iptm": 0.0,
    "complex_plddt": 0.7143564224243164,
    "complex_iplddt": 0.0,
    "complex_pde": 0.6450956463813782,
    "complex_ipde": 0.0,
    "chains_ptm": {
        "0": 0.6564430594444275
    },
    "pair_chains_iptm": {
        "0": {
            "0": 0.6564430594444275
        }
    }
}