{
    "confidence_score": 0.5429245829582214,
    "ptm": 0.6135499477386475,
    "iptm": 0.0,
    "ligand_iptm": 0.0,
    "protein_iptm": 0.0,
    "complex_plddt": 0.678655743598938,
    "complex_iplddt": 0.0,
    "complex_pde": 1.5542739629745483,
    "complex_ipde": 0.0,
    "chains_ptm": {
        "0": 0.6135499477386475
    },
    "pair_chains_iptm": {
        "0": {
            "0": 0.6135499477386475
        }
    }
}