{
    "confidence_score": 0.6428983807563782,
    "ptm": 0.5056555867195129,
    "iptm": 0.0,
    "ligand_iptm": 0.0,
    "protein_iptm": 0.0,
    "complex_plddt": 0.8036229610443115,
    "complex_iplddt": 0.0,
    "complex_pde": 1.5026836395263672,
    "complex_ipde": 0.0,
    "chains_ptm": {
        "0": 0.5056555867195129
    },
    "pair_chains_iptm": {
        "0": {
            "0": 0.5056555867195129
        }
    }
}