{
    "confidence_score": 0.6411740183830261,
    "ptm": 0.8735029697418213,
    "iptm": 0.0,
    "ligand_iptm": 0.0,
    "protein_iptm": 0.0,
    "complex_plddt": 0.8014674782752991,
    "complex_iplddt": 0.0,
    "complex_pde": 0.5753173232078552,
    "complex_ipde": 0.0,
    "chains_ptm": {
        "0": 0.8735029697418213
    },
    "pair_chains_iptm": {
        "0": {
            "0": 0.8735029697418213
        }
    }
}