{
    "confidence_score": 0.3163638114929199,
    "ptm": 0.25678107142448425,
    "iptm": 0.0,
    "ligand_iptm": 0.0,
    "protein_iptm": 0.0,
    "complex_plddt": 0.3954547643661499,
    "complex_iplddt": 0.0,
    "complex_pde": 3.5141427516937256,
    "complex_ipde": 0.0,
    "chains_ptm": {
        "0": 0.25678107142448425
    },
    "pair_chains_iptm": {
        "0": {
            "0": 0.25678107142448425
        }
    }
}