{
    "confidence_score": 0.7409853339195251,
    "ptm": 0.942624568939209,
    "iptm": 0.0,
    "ligand_iptm": 0.0,
    "protein_iptm": 0.0,
    "complex_plddt": 0.9262316226959229,
    "complex_iplddt": 0.0,
    "complex_pde": 0.3953302800655365,
    "complex_ipde": 0.0,
    "chains_ptm": {
        "0": 0.942624568939209
    },
    "pair_chains_iptm": {
        "0": {
            "0": 0.942624568939209
        }
    }
}