{
    "confidence_score": 0.7134763598442078,
    "ptm": 0.8549426794052124,
    "iptm": 0.0,
    "ligand_iptm": 0.0,
    "protein_iptm": 0.0,
    "complex_plddt": 0.8918454051017761,
    "complex_iplddt": 0.0,
    "complex_pde": 0.46386241912841797,
    "complex_ipde": 0.0,
    "chains_ptm": {
        "0": 0.8549426794052124
    },
    "pair_chains_iptm": {
        "0": {
            "0": 0.8549426794052124
        }
    }
}