{
    "confidence_score": 0.6213939785957336,
    "ptm": 0.6996541023254395,
    "iptm": 0.0,
    "ligand_iptm": 0.0,
    "protein_iptm": 0.0,
    "complex_plddt": 0.7767424583435059,
    "complex_iplddt": 0.0,
    "complex_pde": 0.7394915223121643,
    "complex_ipde": 0.0,
    "chains_ptm": {
        "0": 0.6996541023254395
    },
    "pair_chains_iptm": {
        "0": {
            "0": 0.6996541023254395
        }
    }
}