{
    "plddts": {
        "model_1_pred_0": 91.13916119058638,
        "model_2_pred_0": 91.46820111337883,
        "model_3_pred_0": 91.62499890729737,
        "model_4_pred_0": 90.52756844836203,
        "model_5_pred_0": 90.68031786397667
    },
    "order": [
        "model_3_pred_0",
        "model_2_pred_0",
        "model_1_pred_0",
        "model_5_pred_0",
        "model_4_pred_0"
    ]
}