{
    "features": 3575.2076473236084,
    "process_features_model_1_pred_0": 9.876584768295288,
    "predict_and_compile_model_1_pred_0": 290.2764377593994,
    "process_features_model_2_pred_0": 10.265667200088501,
    "predict_and_compile_model_2_pred_0": 255.0893805027008,
    "process_features_model_3_pred_0": 9.09318995475769,
    "predict_and_compile_model_3_pred_0": 227.49213528633118,
    "process_features_model_4_pred_0": 9.854045152664185,
    "predict_and_compile_model_4_pred_0": 240.4299671649933,
    "process_features_model_5_pred_0": 9.219702243804932,
    "predict_and_compile_model_5_pred_0": 215.1542146205902,
    "relax_model_3_pred_0": 60.07907199859619
}