{
    "confidence_score": 0.6160039305686951,
    "ptm": 0.791232705116272,
    "iptm": 0.0,
    "ligand_iptm": 0.0,
    "protein_iptm": 0.0,
    "complex_plddt": 0.77000492811203,
    "complex_iplddt": 0.0,
    "complex_pde": 1.0468512773513794,
    "complex_ipde": 0.0,
    "chains_ptm": {
        "0": 0.791232705116272
    },
    "pair_chains_iptm": {
        "0": {
            "0": 0.791232705116272
        }
    }
}