{
    "confidence_score": 0.6655716300010681,
    "ptm": 0.7487187385559082,
    "iptm": 0.0,
    "ligand_iptm": 0.0,
    "protein_iptm": 0.0,
    "complex_plddt": 0.8319644927978516,
    "complex_iplddt": 0.0,
    "complex_pde": 0.6661604642868042,
    "complex_ipde": 0.0,
    "chains_ptm": {
        "0": 0.7487187385559082
    },
    "pair_chains_iptm": {
        "0": {
            "0": 0.7487187385559082
        }
    }
}