{
    "confidence_score": 0.7021695375442505,
    "ptm": 0.8982837796211243,
    "iptm": 0.0,
    "ligand_iptm": 0.0,
    "protein_iptm": 0.0,
    "complex_plddt": 0.8777118921279907,
    "complex_iplddt": 0.0,
    "complex_pde": 0.5235391855239868,
    "complex_ipde": 0.0,
    "chains_ptm": {
        "0": 0.8982837796211243
    },
    "pair_chains_iptm": {
        "0": {
            "0": 0.8982837796211243
        }
    }
}