{
    "confidence_score": 0.6397761702537537,
    "ptm": 0.41003382205963135,
    "iptm": 0.0,
    "ligand_iptm": 0.0,
    "protein_iptm": 0.0,
    "complex_plddt": 0.7997201681137085,
    "complex_iplddt": 0.0,
    "complex_pde": 1.5991548299789429,
    "complex_ipde": 0.0,
    "chains_ptm": {
        "0": 0.41003382205963135
    },
    "pair_chains_iptm": {
        "0": {
            "0": 0.41003382205963135
        }
    }
}