{
    "confidence_score": 0.6590619087219238,
    "ptm": 0.702744722366333,
    "iptm": 0.0,
    "ligand_iptm": 0.0,
    "protein_iptm": 0.0,
    "complex_plddt": 0.8238273859024048,
    "complex_iplddt": 0.0,
    "complex_pde": 0.8850736618041992,
    "complex_ipde": 0.0,
    "chains_ptm": {
        "0": 0.702744722366333
    },
    "pair_chains_iptm": {
        "0": {
            "0": 0.702744722366333
        }
    }
}