{
    "confidence_score": 0.7351853251457214,
    "ptm": 0.9088423848152161,
    "iptm": 0.0,
    "ligand_iptm": 0.0,
    "protein_iptm": 0.0,
    "complex_plddt": 0.9189816117286682,
    "complex_iplddt": 0.0,
    "complex_pde": 0.43671220541000366,
    "complex_ipde": 0.0,
    "chains_ptm": {
        "0": 0.9088423848152161
    },
    "pair_chains_iptm": {
        "0": {
            "0": 0.9088423848152161
        }
    }
}