{
    "confidence_score": 0.6663810014724731,
    "ptm": 0.8395013213157654,
    "iptm": 0.0,
    "ligand_iptm": 0.0,
    "protein_iptm": 0.0,
    "complex_plddt": 0.832976222038269,
    "complex_iplddt": 0.0,
    "complex_pde": 0.8914980888366699,
    "complex_ipde": 0.0,
    "chains_ptm": {
        "0": 0.8395013213157654
    },
    "pair_chains_iptm": {
        "0": {
            "0": 0.8395013213157654
        }
    }
}