{
    "confidence_score": 0.6393901109695435,
    "ptm": 0.667448878288269,
    "iptm": 0.0,
    "ligand_iptm": 0.0,
    "protein_iptm": 0.0,
    "complex_plddt": 0.7992376089096069,
    "complex_iplddt": 0.0,
    "complex_pde": 0.8046217560768127,
    "complex_ipde": 0.0,
    "chains_ptm": {
        "0": 0.667448878288269
    },
    "pair_chains_iptm": {
        "0": {
            "0": 0.667448878288269
        }
    }
}