{
    "confidence_score": 0.7219274044036865,
    "ptm": 0.9000846743583679,
    "iptm": 0.0,
    "ligand_iptm": 0.0,
    "protein_iptm": 0.0,
    "complex_plddt": 0.9024092555046082,
    "complex_iplddt": 0.0,
    "complex_pde": 0.39041730761528015,
    "complex_ipde": 0.0,
    "chains_ptm": {
        "0": 0.9000846743583679
    },
    "pair_chains_iptm": {
        "0": {
            "0": 0.9000846743583679
        }
    }
}