{
    "confidence_score": 0.7240089774131775,
    "ptm": 0.9087814688682556,
    "iptm": 0.0,
    "ligand_iptm": 0.0,
    "protein_iptm": 0.0,
    "complex_plddt": 0.9050111770629883,
    "complex_iplddt": 0.0,
    "complex_pde": 0.5686108469963074,
    "complex_ipde": 0.0,
    "chains_ptm": {
        "0": 0.9087814688682556
    },
    "pair_chains_iptm": {
        "0": {
            "0": 0.9087814688682556
        }
    }
}