{
    "confidence_score": 0.7295505404472351,
    "ptm": 0.9406182765960693,
    "iptm": 0.0,
    "ligand_iptm": 0.0,
    "protein_iptm": 0.0,
    "complex_plddt": 0.9119381308555603,
    "complex_iplddt": 0.0,
    "complex_pde": 0.4038660526275635,
    "complex_ipde": 0.0,
    "chains_ptm": {
        "0": 0.9406182765960693
    },
    "pair_chains_iptm": {
        "0": {
            "0": 0.9406182765960693
        }
    }
}