{
    "confidence_score": 0.6359609961509705,
    "ptm": 0.7790060639381409,
    "iptm": 0.0,
    "ligand_iptm": 0.0,
    "protein_iptm": 0.0,
    "complex_plddt": 0.7949512600898743,
    "complex_iplddt": 0.0,
    "complex_pde": 0.5462572574615479,
    "complex_ipde": 0.0,
    "chains_ptm": {
        "0": 0.7790060639381409
    },
    "pair_chains_iptm": {
        "0": {
            "0": 0.7790060639381409
        }
    }
}