{
    "confidence_score": 0.7667576670646667,
    "ptm": 0.9591960906982422,
    "iptm": 0.0,
    "ligand_iptm": 0.0,
    "protein_iptm": 0.0,
    "complex_plddt": 0.9584470987319946,
    "complex_iplddt": 0.0,
    "complex_pde": 0.3053043484687805,
    "complex_ipde": 0.0,
    "chains_ptm": {
        "0": 0.9591960906982422
    },
    "pair_chains_iptm": {
        "0": {
            "0": 0.9591960906982422
        }
    }
}