{
    "confidence_score": 0.294464647769928,
    "ptm": 0.24202872812747955,
    "iptm": 0.0,
    "ligand_iptm": 0.0,
    "protein_iptm": 0.0,
    "complex_plddt": 0.3680807948112488,
    "complex_iplddt": 0.0,
    "complex_pde": 3.5635509490966797,
    "complex_ipde": 0.0,
    "chains_ptm": {
        "0": 0.24202872812747955
    },
    "pair_chains_iptm": {
        "0": {
            "0": 0.24202872812747955
        }
    }
}