{
    "confidence_score": 0.5383840203285217,
    "ptm": 0.38788294792175293,
    "iptm": 0.0,
    "ligand_iptm": 0.0,
    "protein_iptm": 0.0,
    "complex_plddt": 0.672980010509491,
    "complex_iplddt": 0.0,
    "complex_pde": 1.7890585660934448,
    "complex_ipde": 0.0,
    "chains_ptm": {
        "0": 0.38788294792175293
    },
    "pair_chains_iptm": {
        "0": {
            "0": 0.38788294792175293
        }
    }
}