{
    "confidence_score": 0.5003334283828735,
    "ptm": 0.31318557262420654,
    "iptm": 0.0,
    "ligand_iptm": 0.0,
    "protein_iptm": 0.0,
    "complex_plddt": 0.6254167556762695,
    "complex_iplddt": 0.0,
    "complex_pde": 1.1052988767623901,
    "complex_ipde": 0.0,
    "chains_ptm": {
        "0": 0.31318557262420654
    },
    "pair_chains_iptm": {
        "0": {
            "0": 0.31318557262420654
        }
    }
}