{
    "confidence_score": 0.5369135141372681,
    "ptm": 0.33913061022758484,
    "iptm": 0.0,
    "ligand_iptm": 0.0,
    "protein_iptm": 0.0,
    "complex_plddt": 0.6711418628692627,
    "complex_iplddt": 0.0,
    "complex_pde": 1.286024570465088,
    "complex_ipde": 0.0,
    "chains_ptm": {
        "0": 0.33913061022758484
    },
    "pair_chains_iptm": {
        "0": {
            "0": 0.33913061022758484
        }
    }
}