{
    "confidence_score": 0.6914941668510437,
    "ptm": 0.8975655436515808,
    "iptm": 0.0,
    "ligand_iptm": 0.0,
    "protein_iptm": 0.0,
    "complex_plddt": 0.864367663860321,
    "complex_iplddt": 0.0,
    "complex_pde": 0.4223679304122925,
    "complex_ipde": 0.0,
    "chains_ptm": {
        "0": 0.8975655436515808
    },
    "pair_chains_iptm": {
        "0": {
            "0": 0.8975655436515808
        }
    }
}