{
    "confidence_score": 0.542557418346405,
    "ptm": 0.4810888171195984,
    "iptm": 0.0,
    "ligand_iptm": 0.0,
    "protein_iptm": 0.0,
    "complex_plddt": 0.6781967282295227,
    "complex_iplddt": 0.0,
    "complex_pde": 1.3742655515670776,
    "complex_ipde": 0.0,
    "chains_ptm": {
        "0": 0.4810888171195984
    },
    "pair_chains_iptm": {
        "0": {
            "0": 0.4810888171195984
        }
    }
}