{
    "confidence_score": 0.5356578826904297,
    "ptm": 0.3080623149871826,
    "iptm": 0.0,
    "ligand_iptm": 0.0,
    "protein_iptm": 0.0,
    "complex_plddt": 0.6695723533630371,
    "complex_iplddt": 0.0,
    "complex_pde": 1.4416325092315674,
    "complex_ipde": 0.0,
    "chains_ptm": {
        "0": 0.3080623149871826
    },
    "pair_chains_iptm": {
        "0": {
            "0": 0.3080623149871826
        }
    }
}