{
    "confidence_score": 0.6856979727745056,
    "ptm": 0.7671248912811279,
    "iptm": 0.0,
    "ligand_iptm": 0.0,
    "protein_iptm": 0.0,
    "complex_plddt": 0.8571224212646484,
    "complex_iplddt": 0.0,
    "complex_pde": 0.8330915570259094,
    "complex_ipde": 0.0,
    "chains_ptm": {
        "0": 0.7671248912811279
    },
    "pair_chains_iptm": {
        "0": {
            "0": 0.7671248912811279
        }
    }
}