{
    "confidence_score": 0.32479390501976013,
    "ptm": 0.36607441306114197,
    "iptm": 0.0,
    "ligand_iptm": 0.0,
    "protein_iptm": 0.0,
    "complex_plddt": 0.4059923589229584,
    "complex_iplddt": 0.0,
    "complex_pde": 3.6843056678771973,
    "complex_ipde": 0.0,
    "chains_ptm": {
        "0": 0.36607441306114197
    },
    "pair_chains_iptm": {
        "0": {
            "0": 0.36607441306114197
        }
    }
}