{
    "confidence_score": 0.6386030912399292,
    "ptm": 0.8172882795333862,
    "iptm": 0.0,
    "ligand_iptm": 0.0,
    "protein_iptm": 0.0,
    "complex_plddt": 0.7982538342475891,
    "complex_iplddt": 0.0,
    "complex_pde": 0.5484317541122437,
    "complex_ipde": 0.0,
    "chains_ptm": {
        "0": 0.8172882795333862
    },
    "pair_chains_iptm": {
        "0": {
            "0": 0.8172882795333862
        }
    }
}