{
    "confidence_score": 0.6428029537200928,
    "ptm": 0.6522381901741028,
    "iptm": 0.0,
    "ligand_iptm": 0.0,
    "protein_iptm": 0.0,
    "complex_plddt": 0.803503692150116,
    "complex_iplddt": 0.0,
    "complex_pde": 0.5766297578811646,
    "complex_ipde": 0.0,
    "chains_ptm": {
        "0": 0.6522381901741028
    },
    "pair_chains_iptm": {
        "0": {
            "0": 0.6522381901741028
        }
    }
}