{
    "confidence_score": 0.5170692205429077,
    "ptm": 0.3202279210090637,
    "iptm": 0.0,
    "ligand_iptm": 0.0,
    "protein_iptm": 0.0,
    "complex_plddt": 0.6463364958763123,
    "complex_iplddt": 0.0,
    "complex_pde": 1.9625295400619507,
    "complex_ipde": 0.0,
    "chains_ptm": {
        "0": 0.3202279210090637
    },
    "pair_chains_iptm": {
        "0": {
            "0": 0.3202279210090637
        }
    }
}