{
    "confidence_score": 0.7069382071495056,
    "ptm": 0.8878112435340881,
    "iptm": 0.0,
    "ligand_iptm": 0.0,
    "protein_iptm": 0.0,
    "complex_plddt": 0.8836727738380432,
    "complex_iplddt": 0.0,
    "complex_pde": 0.6387054324150085,
    "complex_ipde": 0.0,
    "chains_ptm": {
        "0": 0.8878112435340881
    },
    "pair_chains_iptm": {
        "0": {
            "0": 0.8878112435340881
        }
    }
}