{
    "confidence_score": 0.7430946230888367,
    "ptm": 0.8514859080314636,
    "iptm": 0.0,
    "ligand_iptm": 0.0,
    "protein_iptm": 0.0,
    "complex_plddt": 0.928868293762207,
    "complex_iplddt": 0.0,
    "complex_pde": 0.3541375398635864,
    "complex_ipde": 0.0,
    "chains_ptm": {
        "0": 0.8514859080314636
    },
    "pair_chains_iptm": {
        "0": {
            "0": 0.8514859080314636
        }
    }
}