{
    "confidence_score": 0.6103150248527527,
    "ptm": 0.7040935158729553,
    "iptm": 0.0,
    "ligand_iptm": 0.0,
    "protein_iptm": 0.0,
    "complex_plddt": 0.7628937363624573,
    "complex_iplddt": 0.0,
    "complex_pde": 1.8394728899002075,
    "complex_ipde": 0.0,
    "chains_ptm": {
        "0": 0.7040935158729553
    },
    "pair_chains_iptm": {
        "0": {
            "0": 0.7040935158729553
        }
    }
}