{
    "confidence_score": 0.7066988348960876,
    "ptm": 0.8229856491088867,
    "iptm": 0.0,
    "ligand_iptm": 0.0,
    "protein_iptm": 0.0,
    "complex_plddt": 0.8833735585212708,
    "complex_iplddt": 0.0,
    "complex_pde": 0.47136783599853516,
    "complex_ipde": 0.0,
    "chains_ptm": {
        "0": 0.8229856491088867
    },
    "pair_chains_iptm": {
        "0": {
            "0": 0.8229856491088867
        }
    }
}