{
    "confidence_score": 0.7137702703475952,
    "ptm": 0.8793133497238159,
    "iptm": 0.0,
    "ligand_iptm": 0.0,
    "protein_iptm": 0.0,
    "complex_plddt": 0.8922128081321716,
    "complex_iplddt": 0.0,
    "complex_pde": 0.5336767435073853,
    "complex_ipde": 0.0,
    "chains_ptm": {
        "0": 0.8793133497238159
    },
    "pair_chains_iptm": {
        "0": {
            "0": 0.8793133497238159
        }
    }
}