{
    "confidence_score": 0.7105352282524109,
    "ptm": 0.934847891330719,
    "iptm": 0.0,
    "ligand_iptm": 0.0,
    "protein_iptm": 0.0,
    "complex_plddt": 0.8881690502166748,
    "complex_iplddt": 0.0,
    "complex_pde": 0.39152687788009644,
    "complex_ipde": 0.0,
    "chains_ptm": {
        "0": 0.934847891330719
    },
    "pair_chains_iptm": {
        "0": {
            "0": 0.934847891330719
        }
    }
}