{
    "confidence_score": 0.6671885848045349,
    "ptm": 0.7998588681221008,
    "iptm": 0.0,
    "ligand_iptm": 0.0,
    "protein_iptm": 0.0,
    "complex_plddt": 0.8339856863021851,
    "complex_iplddt": 0.0,
    "complex_pde": 1.0718413591384888,
    "complex_ipde": 0.0,
    "chains_ptm": {
        "0": 0.7998588681221008
    },
    "pair_chains_iptm": {
        "0": {
            "0": 0.7998588681221008
        }
    }
}