{
    "confidence_score": 0.460728257894516,
    "ptm": 0.5812015533447266,
    "iptm": 0.0,
    "ligand_iptm": 0.0,
    "protein_iptm": 0.0,
    "complex_plddt": 0.5759103298187256,
    "complex_iplddt": 0.0,
    "complex_pde": 2.595582962036133,
    "complex_ipde": 0.0,
    "chains_ptm": {
        "0": 0.5812015533447266
    },
    "pair_chains_iptm": {
        "0": {
            "0": 0.5812015533447266
        }
    }
}