{
    "confidence_score": 0.6915758848190308,
    "ptm": 0.8309224247932434,
    "iptm": 0.0,
    "ligand_iptm": 0.0,
    "protein_iptm": 0.0,
    "complex_plddt": 0.8644698262214661,
    "complex_iplddt": 0.0,
    "complex_pde": 0.5054944753646851,
    "complex_ipde": 0.0,
    "chains_ptm": {
        "0": 0.8309224247932434
    },
    "pair_chains_iptm": {
        "0": {
            "0": 0.8309224247932434
        }
    }
}