{
    "confidence_score": 0.7288244366645813,
    "ptm": 0.8219916224479675,
    "iptm": 0.0,
    "ligand_iptm": 0.0,
    "protein_iptm": 0.0,
    "complex_plddt": 0.9110305309295654,
    "complex_iplddt": 0.0,
    "complex_pde": 0.7283263802528381,
    "complex_ipde": 0.0,
    "chains_ptm": {
        "0": 0.8219916224479675
    },
    "pair_chains_iptm": {
        "0": {
            "0": 0.8219916224479675
        }
    }
}