{
    "confidence_score": 0.6632297039031982,
    "ptm": 0.8383930325508118,
    "iptm": 0.0,
    "ligand_iptm": 0.0,
    "protein_iptm": 0.0,
    "complex_plddt": 0.8290371298789978,
    "complex_iplddt": 0.0,
    "complex_pde": 0.5448035001754761,
    "complex_ipde": 0.0,
    "chains_ptm": {
        "0": 0.8383930325508118
    },
    "pair_chains_iptm": {
        "0": {
            "0": 0.8383930325508118
        }
    }
}