{
    "confidence_score": 0.6248056888580322,
    "ptm": 0.7103762030601501,
    "iptm": 0.0,
    "ligand_iptm": 0.0,
    "protein_iptm": 0.0,
    "complex_plddt": 0.7810071110725403,
    "complex_iplddt": 0.0,
    "complex_pde": 1.2297674417495728,
    "complex_ipde": 0.0,
    "chains_ptm": {
        "0": 0.7103762030601501
    },
    "pair_chains_iptm": {
        "0": {
            "0": 0.7103762030601501
        }
    }
}