{
    "confidence_score": 0.3315957188606262,
    "ptm": 0.2617686092853546,
    "iptm": 0.0,
    "ligand_iptm": 0.0,
    "protein_iptm": 0.0,
    "complex_plddt": 0.4144946336746216,
    "complex_iplddt": 0.0,
    "complex_pde": 3.786273241043091,
    "complex_ipde": 0.0,
    "chains_ptm": {
        "0": 0.2617686092853546
    },
    "pair_chains_iptm": {
        "0": {
            "0": 0.2617686092853546
        }
    }
}