{
    "confidence_score": 0.5643932223320007,
    "ptm": 0.8560355305671692,
    "iptm": 0.0,
    "ligand_iptm": 0.0,
    "protein_iptm": 0.0,
    "complex_plddt": 0.7054915428161621,
    "complex_iplddt": 0.0,
    "complex_pde": 0.5396918058395386,
    "complex_ipde": 0.0,
    "chains_ptm": {
        "0": 0.8560355305671692
    },
    "pair_chains_iptm": {
        "0": {
            "0": 0.8560355305671692
        }
    }
}