{
    "confidence_score": 0.569912850856781,
    "ptm": 0.6429917812347412,
    "iptm": 0.0,
    "ligand_iptm": 0.0,
    "protein_iptm": 0.0,
    "complex_plddt": 0.7123910188674927,
    "complex_iplddt": 0.0,
    "complex_pde": 1.1687402725219727,
    "complex_ipde": 0.0,
    "chains_ptm": {
        "0": 0.6429917812347412
    },
    "pair_chains_iptm": {
        "0": {
            "0": 0.6429917812347412
        }
    }
}