{
    "confidence_score": 0.44440627098083496,
    "ptm": 0.23436133563518524,
    "iptm": 0.0,
    "ligand_iptm": 0.0,
    "protein_iptm": 0.0,
    "complex_plddt": 0.5555078387260437,
    "complex_iplddt": 0.0,
    "complex_pde": 1.940954327583313,
    "complex_ipde": 0.0,
    "chains_ptm": {
        "0": 0.23436133563518524
    },
    "pair_chains_iptm": {
        "0": {
            "0": 0.23436133563518524
        }
    }
}