{
    "confidence_score": 0.5681377649307251,
    "ptm": 0.8064453601837158,
    "iptm": 0.0,
    "ligand_iptm": 0.0,
    "protein_iptm": 0.0,
    "complex_plddt": 0.710172176361084,
    "complex_iplddt": 0.0,
    "complex_pde": 0.86477130651474,
    "complex_ipde": 0.0,
    "chains_ptm": {
        "0": 0.8064453601837158
    },
    "pair_chains_iptm": {
        "0": {
            "0": 0.8064453601837158
        }
    }
}