{
    "confidence_score": 0.6533635854721069,
    "ptm": 0.8018413782119751,
    "iptm": 0.0,
    "ligand_iptm": 0.0,
    "protein_iptm": 0.0,
    "complex_plddt": 0.8167044520378113,
    "complex_iplddt": 0.0,
    "complex_pde": 0.5191143751144409,
    "complex_ipde": 0.0,
    "chains_ptm": {
        "0": 0.8018413782119751
    },
    "pair_chains_iptm": {
        "0": {
            "0": 0.8018413782119751
        }
    }
}