{
    "confidence_score": 0.7105374932289124,
    "ptm": 0.836142361164093,
    "iptm": 0.0,
    "ligand_iptm": 0.0,
    "protein_iptm": 0.0,
    "complex_plddt": 0.8881718516349792,
    "complex_iplddt": 0.0,
    "complex_pde": 0.5367249846458435,
    "complex_ipde": 0.0,
    "chains_ptm": {
        "0": 0.836142361164093
    },
    "pair_chains_iptm": {
        "0": {
            "0": 0.836142361164093
        }
    }
}