{
    "confidence_score": 0.5824530720710754,
    "ptm": 0.769352376461029,
    "iptm": 0.0,
    "ligand_iptm": 0.0,
    "protein_iptm": 0.0,
    "complex_plddt": 0.7280663251876831,
    "complex_iplddt": 0.0,
    "complex_pde": 0.9522038698196411,
    "complex_ipde": 0.0,
    "chains_ptm": {
        "0": 0.769352376461029
    },
    "pair_chains_iptm": {
        "0": {
            "0": 0.769352376461029
        }
    }
}