{
    "confidence_score": 0.5607500076293945,
    "ptm": 0.3344196379184723,
    "iptm": 0.0,
    "ligand_iptm": 0.0,
    "protein_iptm": 0.0,
    "complex_plddt": 0.7009375095367432,
    "complex_iplddt": 0.0,
    "complex_pde": 1.0754038095474243,
    "complex_ipde": 0.0,
    "chains_ptm": {
        "0": 0.3344196379184723
    },
    "pair_chains_iptm": {
        "0": {
            "0": 0.3344196379184723
        }
    }
}