{
    "confidence_score": 0.6370860934257507,
    "ptm": 0.5344334244728088,
    "iptm": 0.0,
    "ligand_iptm": 0.0,
    "protein_iptm": 0.0,
    "complex_plddt": 0.7963575720787048,
    "complex_iplddt": 0.0,
    "complex_pde": 1.3598967790603638,
    "complex_ipde": 0.0,
    "chains_ptm": {
        "0": 0.5344334244728088
    },
    "pair_chains_iptm": {
        "0": {
            "0": 0.5344334244728088
        }
    }
}