{
    "confidence_score": 0.6708400249481201,
    "ptm": 0.8931990265846252,
    "iptm": 0.0,
    "ligand_iptm": 0.0,
    "protein_iptm": 0.0,
    "complex_plddt": 0.8385500311851501,
    "complex_iplddt": 0.0,
    "complex_pde": 0.6819550395011902,
    "complex_ipde": 0.0,
    "chains_ptm": {
        "0": 0.8931990265846252
    },
    "pair_chains_iptm": {
        "0": {
            "0": 0.8931990265846252
        }
    }
}