{
    "confidence_score": 0.5790017247200012,
    "ptm": 0.3000696301460266,
    "iptm": 0.0,
    "ligand_iptm": 0.0,
    "protein_iptm": 0.0,
    "complex_plddt": 0.7237521409988403,
    "complex_iplddt": 0.0,
    "complex_pde": 1.1071127653121948,
    "complex_ipde": 0.0,
    "chains_ptm": {
        "0": 0.3000696301460266
    },
    "pair_chains_iptm": {
        "0": {
            "0": 0.3000696301460266
        }
    }
}