{
    "confidence_score": 0.643222987651825,
    "ptm": 0.8334509134292603,
    "iptm": 0.0,
    "ligand_iptm": 0.0,
    "protein_iptm": 0.0,
    "complex_plddt": 0.8040287494659424,
    "complex_iplddt": 0.0,
    "complex_pde": 0.9775108695030212,
    "complex_ipde": 0.0,
    "chains_ptm": {
        "0": 0.8334509134292603
    },
    "pair_chains_iptm": {
        "0": {
            "0": 0.8334509134292603
        }
    }
}