{
    "confidence_score": 0.7162629961967468,
    "ptm": 0.9256094098091125,
    "iptm": 0.0,
    "ligand_iptm": 0.0,
    "protein_iptm": 0.0,
    "complex_plddt": 0.89532870054245,
    "complex_iplddt": 0.0,
    "complex_pde": 0.3840301036834717,
    "complex_ipde": 0.0,
    "chains_ptm": {
        "0": 0.9256094098091125
    },
    "pair_chains_iptm": {
        "0": {
            "0": 0.9256094098091125
        }
    }
}