{
    "confidence_score": 0.5353671908378601,
    "ptm": 0.29782143235206604,
    "iptm": 0.0,
    "ligand_iptm": 0.0,
    "protein_iptm": 0.0,
    "complex_plddt": 0.6692089438438416,
    "complex_iplddt": 0.0,
    "complex_pde": 1.5021710395812988,
    "complex_ipde": 0.0,
    "chains_ptm": {
        "0": 0.29782143235206604
    },
    "pair_chains_iptm": {
        "0": {
            "0": 0.29782143235206604
        }
    }
}