{
    "confidence_score": 0.6032828688621521,
    "ptm": 0.7720268368721008,
    "iptm": 0.0,
    "ligand_iptm": 0.0,
    "protein_iptm": 0.0,
    "complex_plddt": 0.7541035413742065,
    "complex_iplddt": 0.0,
    "complex_pde": 1.356152057647705,
    "complex_ipde": 0.0,
    "chains_ptm": {
        "0": 0.7720268368721008
    },
    "pair_chains_iptm": {
        "0": {
            "0": 0.7720268368721008
        }
    }
}