{
    "confidence_score": 0.626651406288147,
    "ptm": 0.7520367503166199,
    "iptm": 0.0,
    "ligand_iptm": 0.0,
    "protein_iptm": 0.0,
    "complex_plddt": 0.7833142280578613,
    "complex_iplddt": 0.0,
    "complex_pde": 0.566356897354126,
    "complex_ipde": 0.0,
    "chains_ptm": {
        "0": 0.7520367503166199
    },
    "pair_chains_iptm": {
        "0": {
            "0": 0.7520367503166199
        }
    }
}