{
    "confidence_score": 0.5870096683502197,
    "ptm": 0.6122713088989258,
    "iptm": 0.0,
    "ligand_iptm": 0.0,
    "protein_iptm": 0.0,
    "complex_plddt": 0.7337620854377747,
    "complex_iplddt": 0.0,
    "complex_pde": 1.380123257637024,
    "complex_ipde": 0.0,
    "chains_ptm": {
        "0": 0.6122713088989258
    },
    "pair_chains_iptm": {
        "0": {
            "0": 0.6122713088989258
        }
    }
}