{
    "confidence_score": 0.6708469390869141,
    "ptm": 0.8815987706184387,
    "iptm": 0.0,
    "ligand_iptm": 0.0,
    "protein_iptm": 0.0,
    "complex_plddt": 0.8385586738586426,
    "complex_iplddt": 0.0,
    "complex_pde": 0.6006245017051697,
    "complex_ipde": 0.0,
    "chains_ptm": {
        "0": 0.8815987706184387
    },
    "pair_chains_iptm": {
        "0": {
            "0": 0.8815987706184387
        }
    }
}