{
    "confidence_score": 0.688988983631134,
    "ptm": 0.8895171284675598,
    "iptm": 0.0,
    "ligand_iptm": 0.0,
    "protein_iptm": 0.0,
    "complex_plddt": 0.8612362146377563,
    "complex_iplddt": 0.0,
    "complex_pde": 0.44364121556282043,
    "complex_ipde": 0.0,
    "chains_ptm": {
        "0": 0.8895171284675598
    },
    "pair_chains_iptm": {
        "0": {
            "0": 0.8895171284675598
        }
    }
}