{
    "confidence_score": 0.5300999283790588,
    "ptm": 0.45765405893325806,
    "iptm": 0.0,
    "ligand_iptm": 0.0,
    "protein_iptm": 0.0,
    "complex_plddt": 0.6626248955726624,
    "complex_iplddt": 0.0,
    "complex_pde": 1.1592108011245728,
    "complex_ipde": 0.0,
    "chains_ptm": {
        "0": 0.45765405893325806
    },
    "pair_chains_iptm": {
        "0": {
            "0": 0.45765405893325806
        }
    }
}