{
    "confidence_score": 0.5530961751937866,
    "ptm": 0.5878308415412903,
    "iptm": 0.0,
    "ligand_iptm": 0.0,
    "protein_iptm": 0.0,
    "complex_plddt": 0.6913701891899109,
    "complex_iplddt": 0.0,
    "complex_pde": 1.6243617534637451,
    "complex_ipde": 0.0,
    "chains_ptm": {
        "0": 0.5878308415412903
    },
    "pair_chains_iptm": {
        "0": {
            "0": 0.5878308415412903
        }
    }
}