{
    "confidence_score": 0.7495137453079224,
    "ptm": 0.7584717273712158,
    "iptm": 0.0,
    "ligand_iptm": 0.0,
    "protein_iptm": 0.0,
    "complex_plddt": 0.9368921518325806,
    "complex_iplddt": 0.0,
    "complex_pde": 0.4702942371368408,
    "complex_ipde": 0.0,
    "chains_ptm": {
        "0": 0.7584717273712158
    },
    "pair_chains_iptm": {
        "0": {
            "0": 0.7584717273712158
        }
    }
}