{
    "confidence_score": 0.7469894886016846,
    "ptm": 0.9344367384910583,
    "iptm": 0.0,
    "ligand_iptm": 0.0,
    "protein_iptm": 0.0,
    "complex_plddt": 0.9337368607521057,
    "complex_iplddt": 0.0,
    "complex_pde": 0.42973023653030396,
    "complex_ipde": 0.0,
    "chains_ptm": {
        "0": 0.9344367384910583
    },
    "pair_chains_iptm": {
        "0": {
            "0": 0.9344367384910583
        }
    }
}