{
    "confidence_score": 0.5552745461463928,
    "ptm": 0.5571949481964111,
    "iptm": 0.0,
    "ligand_iptm": 0.0,
    "protein_iptm": 0.0,
    "complex_plddt": 0.6940931677818298,
    "complex_iplddt": 0.0,
    "complex_pde": 1.6946818828582764,
    "complex_ipde": 0.0,
    "chains_ptm": {
        "0": 0.5571949481964111
    },
    "pair_chains_iptm": {
        "0": {
            "0": 0.5571949481964111
        }
    }
}