{
    "confidence_score": 0.3471684753894806,
    "ptm": 0.2951601445674896,
    "iptm": 0.0,
    "ligand_iptm": 0.0,
    "protein_iptm": 0.0,
    "complex_plddt": 0.43396058678627014,
    "complex_iplddt": 0.0,
    "complex_pde": 2.8262550830841064,
    "complex_ipde": 0.0,
    "chains_ptm": {
        "0": 0.2951601445674896
    },
    "pair_chains_iptm": {
        "0": {
            "0": 0.2951601445674896
        }
    }
}