{
    "confidence_score": 0.6753191947937012,
    "ptm": 0.7582839131355286,
    "iptm": 0.0,
    "ligand_iptm": 0.0,
    "protein_iptm": 0.0,
    "complex_plddt": 0.8441489934921265,
    "complex_iplddt": 0.0,
    "complex_pde": 0.5474563241004944,
    "complex_ipde": 0.0,
    "chains_ptm": {
        "0": 0.7582839131355286
    },
    "pair_chains_iptm": {
        "0": {
            "0": 0.7582839131355286
        }
    }
}