{
    "confidence_score": 0.6740624308586121,
    "ptm": 0.5692574977874756,
    "iptm": 0.0,
    "ligand_iptm": 0.0,
    "protein_iptm": 0.0,
    "complex_plddt": 0.8425780534744263,
    "complex_iplddt": 0.0,
    "complex_pde": 0.9311985969543457,
    "complex_ipde": 0.0,
    "chains_ptm": {
        "0": 0.5692574977874756
    },
    "pair_chains_iptm": {
        "0": {
            "0": 0.5692574977874756
        }
    }
}