{
    "confidence_score": 0.5256883502006531,
    "ptm": 0.2879820466041565,
    "iptm": 0.0,
    "ligand_iptm": 0.0,
    "protein_iptm": 0.0,
    "complex_plddt": 0.6571103930473328,
    "complex_iplddt": 0.0,
    "complex_pde": 1.4862749576568604,
    "complex_ipde": 0.0,
    "chains_ptm": {
        "0": 0.2879820466041565
    },
    "pair_chains_iptm": {
        "0": {
            "0": 0.2879820466041565
        }
    }
}