{
    "confidence_score": 0.5680239200592041,
    "ptm": 0.6199927926063538,
    "iptm": 0.0,
    "ligand_iptm": 0.0,
    "protein_iptm": 0.0,
    "complex_plddt": 0.7100299000740051,
    "complex_iplddt": 0.0,
    "complex_pde": 1.4694058895111084,
    "complex_ipde": 0.0,
    "chains_ptm": {
        "0": 0.6199927926063538
    },
    "pair_chains_iptm": {
        "0": {
            "0": 0.6199927926063538
        }
    }
}