{
    "confidence_score": 0.45604372024536133,
    "ptm": 0.40178433060646057,
    "iptm": 0.0,
    "ligand_iptm": 0.0,
    "protein_iptm": 0.0,
    "complex_plddt": 0.5700546503067017,
    "complex_iplddt": 0.0,
    "complex_pde": 2.660646438598633,
    "complex_ipde": 0.0,
    "chains_ptm": {
        "0": 0.40178433060646057
    },
    "pair_chains_iptm": {
        "0": {
            "0": 0.40178433060646057
        }
    }
}