{
    "confidence_score": 0.7111660838127136,
    "ptm": 0.8988223075866699,
    "iptm": 0.0,
    "ligand_iptm": 0.0,
    "protein_iptm": 0.0,
    "complex_plddt": 0.8889575600624084,
    "complex_iplddt": 0.0,
    "complex_pde": 0.52952641248703,
    "complex_ipde": 0.0,
    "chains_ptm": {
        "0": 0.8988223075866699
    },
    "pair_chains_iptm": {
        "0": {
            "0": 0.8988223075866699
        }
    }
}