{
    "confidence_score": 0.7542526125907898,
    "ptm": 0.9511196613311768,
    "iptm": 0.0,
    "ligand_iptm": 0.0,
    "protein_iptm": 0.0,
    "complex_plddt": 0.9428157806396484,
    "complex_iplddt": 0.0,
    "complex_pde": 0.35552698373794556,
    "complex_ipde": 0.0,
    "chains_ptm": {
        "0": 0.9511196613311768
    },
    "pair_chains_iptm": {
        "0": {
            "0": 0.9511196613311768
        }
    }
}