{
    "confidence_score": 0.6863695383071899,
    "ptm": 0.8771228790283203,
    "iptm": 0.0,
    "ligand_iptm": 0.0,
    "protein_iptm": 0.0,
    "complex_plddt": 0.857961893081665,
    "complex_iplddt": 0.0,
    "complex_pde": 0.44837498664855957,
    "complex_ipde": 0.0,
    "chains_ptm": {
        "0": 0.8771228790283203
    },
    "pair_chains_iptm": {
        "0": {
            "0": 0.8771228790283203
        }
    }
}