{
    "plddts": {
        "model_1_pred_0": 94.02471775080927,
        "model_2_pred_0": 94.13610802464032,
        "model_3_pred_0": 94.35981820423068,
        "model_4_pred_0": 94.08334177339165,
        "model_5_pred_0": 93.93023410299536
    },
    "order": [
        "model_3_pred_0",
        "model_2_pred_0",
        "model_4_pred_0",
        "model_1_pred_0",
        "model_5_pred_0"
    ]
}