{
    "features": 4068.2076938152313,
    "process_features_model_1_pred_0": 11.92144775390625,
    "predict_and_compile_model_1_pred_0": 328.09071469306946,
    "process_features_model_2_pred_0": 11.482906579971313,
    "predict_and_compile_model_2_pred_0": 310.80398893356323,
    "process_features_model_3_pred_0": 11.229276657104492,
    "predict_and_compile_model_3_pred_0": 277.89019894599915,
    "process_features_model_4_pred_0": 13.556017875671387,
    "predict_and_compile_model_4_pred_0": 275.8227450847626,
    "process_features_model_5_pred_0": 17.333336114883423,
    "predict_and_compile_model_5_pred_0": 259.8158040046692,
    "relax_model_3_pred_0": 59.829407691955566
}