{
    "confidence_score": 0.5621944665908813,
    "ptm": 0.30043086409568787,
    "iptm": 0.0,
    "ligand_iptm": 0.0,
    "protein_iptm": 0.0,
    "complex_plddt": 0.7027430534362793,
    "complex_iplddt": 0.0,
    "complex_pde": 1.0556730031967163,
    "complex_ipde": 0.0,
    "chains_ptm": {
        "0": 0.30043086409568787
    },
    "pair_chains_iptm": {
        "0": {
            "0": 0.30043086409568787
        }
    }
}