{
    "confidence_score": 0.7228189706802368,
    "ptm": 0.9237394332885742,
    "iptm": 0.0,
    "ligand_iptm": 0.0,
    "protein_iptm": 0.0,
    "complex_plddt": 0.9035236835479736,
    "complex_iplddt": 0.0,
    "complex_pde": 0.38028234243392944,
    "complex_ipde": 0.0,
    "chains_ptm": {
        "0": 0.9237394332885742
    },
    "pair_chains_iptm": {
        "0": {
            "0": 0.9237394332885742
        }
    }
}