{
    "confidence_score": 0.6576459407806396,
    "ptm": 0.8695375919342041,
    "iptm": 0.0,
    "ligand_iptm": 0.0,
    "protein_iptm": 0.0,
    "complex_plddt": 0.8220574259757996,
    "complex_iplddt": 0.0,
    "complex_pde": 1.1126110553741455,
    "complex_ipde": 0.0,
    "chains_ptm": {
        "0": 0.8695375919342041
    },
    "pair_chains_iptm": {
        "0": {
            "0": 0.8695375919342041
        }
    }
}