{
    "confidence_score": 0.5935596823692322,
    "ptm": 0.39343225955963135,
    "iptm": 0.0,
    "ligand_iptm": 0.0,
    "protein_iptm": 0.0,
    "complex_plddt": 0.7419496178627014,
    "complex_iplddt": 0.0,
    "complex_pde": 1.6117194890975952,
    "complex_ipde": 0.0,
    "chains_ptm": {
        "0": 0.39343225955963135
    },
    "pair_chains_iptm": {
        "0": {
            "0": 0.39343225955963135
        }
    }
}