{
    "confidence_score": 0.5447656512260437,
    "ptm": 0.6390252113342285,
    "iptm": 0.0,
    "ligand_iptm": 0.0,
    "protein_iptm": 0.0,
    "complex_plddt": 0.680957019329071,
    "complex_iplddt": 0.0,
    "complex_pde": 1.4263975620269775,
    "complex_ipde": 0.0,
    "chains_ptm": {
        "0": 0.6390252113342285
    },
    "pair_chains_iptm": {
        "0": {
            "0": 0.6390252113342285
        }
    }
}