{
    "confidence_score": 0.6249018907546997,
    "ptm": 0.825363039970398,
    "iptm": 0.0,
    "ligand_iptm": 0.0,
    "protein_iptm": 0.0,
    "complex_plddt": 0.7811273336410522,
    "complex_iplddt": 0.0,
    "complex_pde": 0.5396321415901184,
    "complex_ipde": 0.0,
    "chains_ptm": {
        "0": 0.825363039970398
    },
    "pair_chains_iptm": {
        "0": {
            "0": 0.825363039970398
        }
    }
}