{
    "confidence_score": 0.5110759139060974,
    "ptm": 0.3206127882003784,
    "iptm": 0.0,
    "ligand_iptm": 0.0,
    "protein_iptm": 0.0,
    "complex_plddt": 0.638844907283783,
    "complex_iplddt": 0.0,
    "complex_pde": 1.621166467666626,
    "complex_ipde": 0.0,
    "chains_ptm": {
        "0": 0.3206127882003784
    },
    "pair_chains_iptm": {
        "0": {
            "0": 0.3206127882003784
        }
    }
}