{
    "confidence_score": 0.6953428387641907,
    "ptm": 0.7813836336135864,
    "iptm": 0.0,
    "ligand_iptm": 0.0,
    "protein_iptm": 0.0,
    "complex_plddt": 0.8691785335540771,
    "complex_iplddt": 0.0,
    "complex_pde": 0.5739246606826782,
    "complex_ipde": 0.0,
    "chains_ptm": {
        "0": 0.7813836336135864
    },
    "pair_chains_iptm": {
        "0": {
            "0": 0.7813836336135864
        }
    }
}