{
    "confidence_score": 0.7329267859458923,
    "ptm": 0.7682260870933533,
    "iptm": 0.0,
    "ligand_iptm": 0.0,
    "protein_iptm": 0.0,
    "complex_plddt": 0.9161584377288818,
    "complex_iplddt": 0.0,
    "complex_pde": 0.4114505648612976,
    "complex_ipde": 0.0,
    "chains_ptm": {
        "0": 0.7682260870933533
    },
    "pair_chains_iptm": {
        "0": {
            "0": 0.7682260870933533
        }
    }
}