{
    "confidence_score": 0.6672030091285706,
    "ptm": 0.8426543474197388,
    "iptm": 0.0,
    "ligand_iptm": 0.0,
    "protein_iptm": 0.0,
    "complex_plddt": 0.834003746509552,
    "complex_iplddt": 0.0,
    "complex_pde": 0.6236333250999451,
    "complex_ipde": 0.0,
    "chains_ptm": {
        "0": 0.8426543474197388
    },
    "pair_chains_iptm": {
        "0": {
            "0": 0.8426543474197388
        }
    }
}