{
    "confidence_score": 0.6488394141197205,
    "ptm": 0.9022394418716431,
    "iptm": 0.0,
    "ligand_iptm": 0.0,
    "protein_iptm": 0.0,
    "complex_plddt": 0.811049222946167,
    "complex_iplddt": 0.0,
    "complex_pde": 0.4967145621776581,
    "complex_ipde": 0.0,
    "chains_ptm": {
        "0": 0.9022394418716431
    },
    "pair_chains_iptm": {
        "0": {
            "0": 0.9022394418716431
        }
    }
}