{
    "confidence_score": 0.7775601744651794,
    "ptm": 0.9711924195289612,
    "iptm": 0.0,
    "ligand_iptm": 0.0,
    "protein_iptm": 0.0,
    "complex_plddt": 0.9719501733779907,
    "complex_iplddt": 0.0,
    "complex_pde": 0.28048673272132874,
    "complex_ipde": 0.0,
    "chains_ptm": {
        "0": 0.9711924195289612
    },
    "pair_chains_iptm": {
        "0": {
            "0": 0.9711924195289612
        }
    }
}