{
    "confidence_score": 0.5910347700119019,
    "ptm": 0.6805260181427002,
    "iptm": 0.0,
    "ligand_iptm": 0.0,
    "protein_iptm": 0.0,
    "complex_plddt": 0.7387934327125549,
    "complex_iplddt": 0.0,
    "complex_pde": 0.9187541007995605,
    "complex_ipde": 0.0,
    "chains_ptm": {
        "0": 0.6805260181427002
    },
    "pair_chains_iptm": {
        "0": {
            "0": 0.6805260181427002
        }
    }
}