{
    "confidence_score": 0.7514364123344421,
    "ptm": 0.9106271862983704,
    "iptm": 0.0,
    "ligand_iptm": 0.0,
    "protein_iptm": 0.0,
    "complex_plddt": 0.9392954707145691,
    "complex_iplddt": 0.0,
    "complex_pde": 0.3275955021381378,
    "complex_ipde": 0.0,
    "chains_ptm": {
        "0": 0.9106271862983704
    },
    "pair_chains_iptm": {
        "0": {
            "0": 0.9106271862983704
        }
    }
}