{
    "confidence_score": 0.6914926767349243,
    "ptm": 0.775123119354248,
    "iptm": 0.0,
    "ligand_iptm": 0.0,
    "protein_iptm": 0.0,
    "complex_plddt": 0.864365816116333,
    "complex_iplddt": 0.0,
    "complex_pde": 0.4076938033103943,
    "complex_ipde": 0.0,
    "chains_ptm": {
        "0": 0.775123119354248
    },
    "pair_chains_iptm": {
        "0": {
            "0": 0.775123119354248
        }
    }
}