{
    "confidence_score": 0.7309106588363647,
    "ptm": 0.9506738781929016,
    "iptm": 0.0,
    "ligand_iptm": 0.0,
    "protein_iptm": 0.0,
    "complex_plddt": 0.9136382937431335,
    "complex_iplddt": 0.0,
    "complex_pde": 0.34271517395973206,
    "complex_ipde": 0.0,
    "chains_ptm": {
        "0": 0.9506738781929016
    },
    "pair_chains_iptm": {
        "0": {
            "0": 0.9506738781929016
        }
    }
}