{
    "confidence_score": 0.5387224555015564,
    "ptm": 0.6192203760147095,
    "iptm": 0.0,
    "ligand_iptm": 0.0,
    "protein_iptm": 0.0,
    "complex_plddt": 0.6734030246734619,
    "complex_iplddt": 0.0,
    "complex_pde": 2.2641029357910156,
    "complex_ipde": 0.0,
    "chains_ptm": {
        "0": 0.6192203760147095
    },
    "pair_chains_iptm": {
        "0": {
            "0": 0.6192203760147095
        }
    }
}