{
    "confidence_score": 0.5701402425765991,
    "ptm": 0.41584402322769165,
    "iptm": 0.0,
    "ligand_iptm": 0.0,
    "protein_iptm": 0.0,
    "complex_plddt": 0.7126752734184265,
    "complex_iplddt": 0.0,
    "complex_pde": 0.8477005958557129,
    "complex_ipde": 0.0,
    "chains_ptm": {
        "0": 0.41584402322769165
    },
    "pair_chains_iptm": {
        "0": {
            "0": 0.41584402322769165
        }
    }
}