{
    "confidence_score": 0.4437870979309082,
    "ptm": 0.29871851205825806,
    "iptm": 0.0,
    "ligand_iptm": 0.0,
    "protein_iptm": 0.0,
    "complex_plddt": 0.5547338724136353,
    "complex_iplddt": 0.0,
    "complex_pde": 2.5902085304260254,
    "complex_ipde": 0.0,
    "chains_ptm": {
        "0": 0.29871851205825806
    },
    "pair_chains_iptm": {
        "0": {
            "0": 0.29871851205825806
        }
    }
}