{
    "confidence_score": 0.5801448225975037,
    "ptm": 0.6894450783729553,
    "iptm": 0.0,
    "ligand_iptm": 0.0,
    "protein_iptm": 0.0,
    "complex_plddt": 0.7251810431480408,
    "complex_iplddt": 0.0,
    "complex_pde": 1.1001944541931152,
    "complex_ipde": 0.0,
    "chains_ptm": {
        "0": 0.6894450783729553
    },
    "pair_chains_iptm": {
        "0": {
            "0": 0.6894450783729553
        }
    }
}