{
    "confidence_score": 0.6565080881118774,
    "ptm": 0.902309000492096,
    "iptm": 0.0,
    "ligand_iptm": 0.0,
    "protein_iptm": 0.0,
    "complex_plddt": 0.8206350803375244,
    "complex_iplddt": 0.0,
    "complex_pde": 0.7154505252838135,
    "complex_ipde": 0.0,
    "chains_ptm": {
        "0": 0.902309000492096
    },
    "pair_chains_iptm": {
        "0": {
            "0": 0.902309000492096
        }
    }
}