{
    "confidence_score": 0.5763342976570129,
    "ptm": 0.5687465667724609,
    "iptm": 0.0,
    "ligand_iptm": 0.0,
    "protein_iptm": 0.0,
    "complex_plddt": 0.720417857170105,
    "complex_iplddt": 0.0,
    "complex_pde": 0.9372885823249817,
    "complex_ipde": 0.0,
    "chains_ptm": {
        "0": 0.5687465667724609
    },
    "pair_chains_iptm": {
        "0": {
            "0": 0.5687465667724609
        }
    }
}