{
    "confidence_score": 0.44650527834892273,
    "ptm": 0.38433942198753357,
    "iptm": 0.0,
    "ligand_iptm": 0.0,
    "protein_iptm": 0.0,
    "complex_plddt": 0.5581315755844116,
    "complex_iplddt": 0.0,
    "complex_pde": 2.0553340911865234,
    "complex_ipde": 0.0,
    "chains_ptm": {
        "0": 0.38433942198753357
    },
    "pair_chains_iptm": {
        "0": {
            "0": 0.38433942198753357
        }
    }
}