{
    "plddts": {
        "model_1_pred_0": 66.02279129862427,
        "model_2_pred_0": 64.82949427584485,
        "model_3_pred_0": 62.16169781067584,
        "model_4_pred_0": 64.53838808300691,
        "model_5_pred_0": 58.81776522642324
    },
    "order": [
        "model_1_pred_0",
        "model_2_pred_0",
        "model_4_pred_0",
        "model_3_pred_0",
        "model_5_pred_0"
    ]
}