{
    "features": 8715.075335502625,
    "process_features_model_1_pred_0": 22.202775955200195,
    "predict_and_compile_model_1_pred_0": 837.7230260372162,
    "process_features_model_2_pred_0": 28.655625581741333,
    "predict_and_compile_model_2_pred_0": 776.9037187099457,
    "process_features_model_3_pred_0": 22.54405450820923,
    "predict_and_compile_model_3_pred_0": 740.7190234661102,
    "process_features_model_4_pred_0": 28.7175509929657,
    "predict_and_compile_model_4_pred_0": 733.2131476402283,
    "process_features_model_5_pred_0": 29.992456436157227,
    "predict_and_compile_model_5_pred_0": 678.0826072692871,
    "relax_model_1_pred_0": 212.65119338035583
}