{
    "confidence_score": 0.5984236598014832,
    "ptm": 0.7051090598106384,
    "iptm": 0.0,
    "ligand_iptm": 0.0,
    "protein_iptm": 0.0,
    "complex_plddt": 0.7480295300483704,
    "complex_iplddt": 0.0,
    "complex_pde": 0.7563453912734985,
    "complex_ipde": 0.0,
    "chains_ptm": {
        "0": 0.7051090598106384
    },
    "pair_chains_iptm": {
        "0": {
            "0": 0.7051090598106384
        }
    }
}