{
    "confidence_score": 0.7247905731201172,
    "ptm": 0.9062154293060303,
    "iptm": 0.0,
    "ligand_iptm": 0.0,
    "protein_iptm": 0.0,
    "complex_plddt": 0.9059882164001465,
    "complex_iplddt": 0.0,
    "complex_pde": 0.4281879663467407,
    "complex_ipde": 0.0,
    "chains_ptm": {
        "0": 0.9062154293060303
    },
    "pair_chains_iptm": {
        "0": {
            "0": 0.9062154293060303
        }
    }
}