{
    "confidence_score": 0.6377440690994263,
    "ptm": 0.8142259120941162,
    "iptm": 0.0,
    "ligand_iptm": 0.0,
    "protein_iptm": 0.0,
    "complex_plddt": 0.7971800565719604,
    "complex_iplddt": 0.0,
    "complex_pde": 0.6159378886222839,
    "complex_ipde": 0.0,
    "chains_ptm": {
        "0": 0.8142259120941162
    },
    "pair_chains_iptm": {
        "0": {
            "0": 0.8142259120941162
        }
    }
}