{
    "plddts": {
        "model_1_pred_0": 79.90952416403474,
        "model_2_pred_0": 78.68333650246733,
        "model_3_pred_0": 79.91378509208593,
        "model_4_pred_0": 77.25573634848426,
        "model_5_pred_0": 79.30301002785998
    },
    "order": [
        "model_3_pred_0",
        "model_1_pred_0",
        "model_5_pred_0",
        "model_2_pred_0",
        "model_4_pred_0"
    ]
}