{
    "features": 4801.951456546783,
    "process_features_model_1_pred_0": 4.295025587081909,
    "predict_and_compile_model_1_pred_0": 419.42709016799927,
    "process_features_model_2_pred_0": 3.946112871170044,
    "predict_and_compile_model_2_pred_0": 384.6431438922882,
    "process_features_model_3_pred_0": 3.363438129425049,
    "predict_and_compile_model_3_pred_0": 358.9215772151947,
    "process_features_model_4_pred_0": 3.364889144897461,
    "predict_and_compile_model_4_pred_0": 358.38046979904175,
    "process_features_model_5_pred_0": 3.3585762977600098,
    "predict_and_compile_model_5_pred_0": 333.3941693305969,
    "relax_model_3_pred_0": 467.5305964946747
}