{
    "confidence_score": 0.7582173347473145,
    "ptm": 0.9606316089630127,
    "iptm": 0.0,
    "ligand_iptm": 0.0,
    "protein_iptm": 0.0,
    "complex_plddt": 0.9477716684341431,
    "complex_iplddt": 0.0,
    "complex_pde": 0.32643789052963257,
    "complex_ipde": 0.0,
    "chains_ptm": {
        "0": 0.9606316089630127
    },
    "pair_chains_iptm": {
        "0": {
            "0": 0.9606316089630127
        }
    }
}