{
    "confidence_score": 0.4947916567325592,
    "ptm": 0.6941206455230713,
    "iptm": 0.0,
    "ligand_iptm": 0.0,
    "protein_iptm": 0.0,
    "complex_plddt": 0.6184895634651184,
    "complex_iplddt": 0.0,
    "complex_pde": 2.021045207977295,
    "complex_ipde": 0.0,
    "chains_ptm": {
        "0": 0.6941206455230713
    },
    "pair_chains_iptm": {
        "0": {
            "0": 0.6941206455230713
        }
    }
}