{
    "confidence_score": 0.6546019911766052,
    "ptm": 0.8422166705131531,
    "iptm": 0.0,
    "ligand_iptm": 0.0,
    "protein_iptm": 0.0,
    "complex_plddt": 0.818252444267273,
    "complex_iplddt": 0.0,
    "complex_pde": 0.9017251133918762,
    "complex_ipde": 0.0,
    "chains_ptm": {
        "0": 0.8422166705131531
    },
    "pair_chains_iptm": {
        "0": {
            "0": 0.8422166705131531
        }
    }
}