{
    "confidence_score": 0.5124050974845886,
    "ptm": 0.4801706075668335,
    "iptm": 0.0,
    "ligand_iptm": 0.0,
    "protein_iptm": 0.0,
    "complex_plddt": 0.6405063271522522,
    "complex_iplddt": 0.0,
    "complex_pde": 2.1465108394622803,
    "complex_ipde": 0.0,
    "chains_ptm": {
        "0": 0.4801706075668335
    },
    "pair_chains_iptm": {
        "0": {
            "0": 0.4801706075668335
        }
    }
}