{
    "confidence_score": 0.7505286335945129,
    "ptm": 0.956444501876831,
    "iptm": 0.0,
    "ligand_iptm": 0.0,
    "protein_iptm": 0.0,
    "complex_plddt": 0.93816077709198,
    "complex_iplddt": 0.0,
    "complex_pde": 0.3536982834339142,
    "complex_ipde": 0.0,
    "chains_ptm": {
        "0": 0.956444501876831
    },
    "pair_chains_iptm": {
        "0": {
            "0": 0.956444501876831
        }
    }
}