{
    "confidence_score": 0.7277652025222778,
    "ptm": 0.9318098425865173,
    "iptm": 0.0,
    "ligand_iptm": 0.0,
    "protein_iptm": 0.0,
    "complex_plddt": 0.9097064733505249,
    "complex_iplddt": 0.0,
    "complex_pde": 0.39146965742111206,
    "complex_ipde": 0.0,
    "chains_ptm": {
        "0": 0.9318098425865173
    },
    "pair_chains_iptm": {
        "0": {
            "0": 0.9318098425865173
        }
    }
}