{
    "confidence_score": 0.579213559627533,
    "ptm": 0.6492502689361572,
    "iptm": 0.0,
    "ligand_iptm": 0.0,
    "protein_iptm": 0.0,
    "complex_plddt": 0.7240169048309326,
    "complex_iplddt": 0.0,
    "complex_pde": 1.7628132104873657,
    "complex_ipde": 0.0,
    "chains_ptm": {
        "0": 0.6492502689361572
    },
    "pair_chains_iptm": {
        "0": {
            "0": 0.6492502689361572
        }
    }
}