{
    "confidence_score": 0.46312806010246277,
    "ptm": 0.35570237040519714,
    "iptm": 0.0,
    "ligand_iptm": 0.0,
    "protein_iptm": 0.0,
    "complex_plddt": 0.5789100527763367,
    "complex_iplddt": 0.0,
    "complex_pde": 3.0455260276794434,
    "complex_ipde": 0.0,
    "chains_ptm": {
        "0": 0.35570237040519714
    },
    "pair_chains_iptm": {
        "0": {
            "0": 0.35570237040519714
        }
    }
}