{
    "confidence_score": 0.6410852670669556,
    "ptm": 0.829936146736145,
    "iptm": 0.0,
    "ligand_iptm": 0.0,
    "protein_iptm": 0.0,
    "complex_plddt": 0.8013565540313721,
    "complex_iplddt": 0.0,
    "complex_pde": 0.7428665161132812,
    "complex_ipde": 0.0,
    "chains_ptm": {
        "0": 0.829936146736145
    },
    "pair_chains_iptm": {
        "0": {
            "0": 0.829936146736145
        }
    }
}