{
    "confidence_score": 0.5467520356178284,
    "ptm": 0.34383219480514526,
    "iptm": 0.0,
    "ligand_iptm": 0.0,
    "protein_iptm": 0.0,
    "complex_plddt": 0.6834400296211243,
    "complex_iplddt": 0.0,
    "complex_pde": 1.9124712944030762,
    "complex_ipde": 0.0,
    "chains_ptm": {
        "0": 0.34383219480514526
    },
    "pair_chains_iptm": {
        "0": {
            "0": 0.34383219480514526
        }
    }
}