{
    "confidence_score": 0.7065567374229431,
    "ptm": 0.807212233543396,
    "iptm": 0.0,
    "ligand_iptm": 0.0,
    "protein_iptm": 0.0,
    "complex_plddt": 0.8831958770751953,
    "complex_iplddt": 0.0,
    "complex_pde": 0.4519481956958771,
    "complex_ipde": 0.0,
    "chains_ptm": {
        "0": 0.807212233543396
    },
    "pair_chains_iptm": {
        "0": {
            "0": 0.807212233543396
        }
    }
}