{
    "confidence_score": 0.525888979434967,
    "ptm": 0.4120166599750519,
    "iptm": 0.0,
    "ligand_iptm": 0.0,
    "protein_iptm": 0.0,
    "complex_plddt": 0.6573612093925476,
    "complex_iplddt": 0.0,
    "complex_pde": 2.4932665824890137,
    "complex_ipde": 0.0,
    "chains_ptm": {
        "0": 0.4120166599750519
    },
    "pair_chains_iptm": {
        "0": {
            "0": 0.4120166599750519
        }
    }
}