{
    "confidence_score": 0.6624391674995422,
    "ptm": 0.7982966303825378,
    "iptm": 0.0,
    "ligand_iptm": 0.0,
    "protein_iptm": 0.0,
    "complex_plddt": 0.8280489444732666,
    "complex_iplddt": 0.0,
    "complex_pde": 1.053003191947937,
    "complex_ipde": 0.0,
    "chains_ptm": {
        "0": 0.7982966303825378
    },
    "pair_chains_iptm": {
        "0": {
            "0": 0.7982966303825378
        }
    }
}