{
    "confidence_score": 0.6888409852981567,
    "ptm": 0.9255096316337585,
    "iptm": 0.0,
    "ligand_iptm": 0.0,
    "protein_iptm": 0.0,
    "complex_plddt": 0.8610512018203735,
    "complex_iplddt": 0.0,
    "complex_pde": 0.38800549507141113,
    "complex_ipde": 0.0,
    "chains_ptm": {
        "0": 0.9255096316337585
    },
    "pair_chains_iptm": {
        "0": {
            "0": 0.9255096316337585
        }
    }
}