{
    "confidence_score": 0.6078643202781677,
    "ptm": 0.7015905976295471,
    "iptm": 0.0,
    "ligand_iptm": 0.0,
    "protein_iptm": 0.0,
    "complex_plddt": 0.7598303556442261,
    "complex_iplddt": 0.0,
    "complex_pde": 0.6638096570968628,
    "complex_ipde": 0.0,
    "chains_ptm": {
        "0": 0.7015905976295471
    },
    "pair_chains_iptm": {
        "0": {
            "0": 0.7015905976295471
        }
    }
}