{
    "confidence_score": 0.4617365300655365,
    "ptm": 0.47320032119750977,
    "iptm": 0.0,
    "ligand_iptm": 0.0,
    "protein_iptm": 0.0,
    "complex_plddt": 0.5771706700325012,
    "complex_iplddt": 0.0,
    "complex_pde": 2.362534761428833,
    "complex_ipde": 0.0,
    "chains_ptm": {
        "0": 0.47320032119750977
    },
    "pair_chains_iptm": {
        "0": {
            "0": 0.47320032119750977
        }
    }
}