{
    "confidence_score": 0.6531116962432861,
    "ptm": 0.7190317511558533,
    "iptm": 0.0,
    "ligand_iptm": 0.0,
    "protein_iptm": 0.0,
    "complex_plddt": 0.8163896203041077,
    "complex_iplddt": 0.0,
    "complex_pde": 0.9254384636878967,
    "complex_ipde": 0.0,
    "chains_ptm": {
        "0": 0.7190317511558533
    },
    "pair_chains_iptm": {
        "0": {
            "0": 0.7190317511558533
        }
    }
}