{
    "confidence_score": 0.6878412365913391,
    "ptm": 0.845417320728302,
    "iptm": 0.0,
    "ligand_iptm": 0.0,
    "protein_iptm": 0.0,
    "complex_plddt": 0.8598015308380127,
    "complex_iplddt": 0.0,
    "complex_pde": 0.5661795139312744,
    "complex_ipde": 0.0,
    "chains_ptm": {
        "0": 0.845417320728302
    },
    "pair_chains_iptm": {
        "0": {
            "0": 0.845417320728302
        }
    }
}