{
    "confidence_score": 0.5589468479156494,
    "ptm": 0.5538722276687622,
    "iptm": 0.0,
    "ligand_iptm": 0.0,
    "protein_iptm": 0.0,
    "complex_plddt": 0.6986835598945618,
    "complex_iplddt": 0.0,
    "complex_pde": 1.5026562213897705,
    "complex_ipde": 0.0,
    "chains_ptm": {
        "0": 0.5538722276687622
    },
    "pair_chains_iptm": {
        "0": {
            "0": 0.5538722276687622
        }
    }
}