{
    "confidence_score": 0.6611189246177673,
    "ptm": 0.8776666522026062,
    "iptm": 0.0,
    "ligand_iptm": 0.0,
    "protein_iptm": 0.0,
    "complex_plddt": 0.8263986110687256,
    "complex_iplddt": 0.0,
    "complex_pde": 0.5755298137664795,
    "complex_ipde": 0.0,
    "chains_ptm": {
        "0": 0.8776666522026062
    },
    "pair_chains_iptm": {
        "0": {
            "0": 0.8776666522026062
        }
    }
}