{
    "confidence_score": 0.7763907313346863,
    "ptm": 0.9681233167648315,
    "iptm": 0.0,
    "ligand_iptm": 0.0,
    "protein_iptm": 0.0,
    "complex_plddt": 0.970488429069519,
    "complex_iplddt": 0.0,
    "complex_pde": 0.3002805709838867,
    "complex_ipde": 0.0,
    "chains_ptm": {
        "0": 0.9681233167648315
    },
    "pair_chains_iptm": {
        "0": {
            "0": 0.9681233167648315
        }
    }
}