{
    "confidence_score": 0.7408373951911926,
    "ptm": 0.9391070604324341,
    "iptm": 0.0,
    "ligand_iptm": 0.0,
    "protein_iptm": 0.0,
    "complex_plddt": 0.9260467290878296,
    "complex_iplddt": 0.0,
    "complex_pde": 0.36164748668670654,
    "complex_ipde": 0.0,
    "chains_ptm": {
        "0": 0.9391070604324341
    },
    "pair_chains_iptm": {
        "0": {
            "0": 0.9391070604324341
        }
    }
}