{
    "confidence_score": 0.6908645033836365,
    "ptm": 0.927727997303009,
    "iptm": 0.0,
    "ligand_iptm": 0.0,
    "protein_iptm": 0.0,
    "complex_plddt": 0.8635806441307068,
    "complex_iplddt": 0.0,
    "complex_pde": 0.5042930841445923,
    "complex_ipde": 0.0,
    "chains_ptm": {
        "0": 0.927727997303009
    },
    "pair_chains_iptm": {
        "0": {
            "0": 0.927727997303009
        }
    }
}