{
    "confidence_score": 0.7244553565979004,
    "ptm": 0.8743829131126404,
    "iptm": 0.0,
    "ligand_iptm": 0.0,
    "protein_iptm": 0.0,
    "complex_plddt": 0.9055691957473755,
    "complex_iplddt": 0.0,
    "complex_pde": 0.3935217261314392,
    "complex_ipde": 0.0,
    "chains_ptm": {
        "0": 0.8743829131126404
    },
    "pair_chains_iptm": {
        "0": {
            "0": 0.8743829131126404
        }
    }
}