{
    "confidence_score": 0.6785237789154053,
    "ptm": 0.7479374408721924,
    "iptm": 0.0,
    "ligand_iptm": 0.0,
    "protein_iptm": 0.0,
    "complex_plddt": 0.8481547236442566,
    "complex_iplddt": 0.0,
    "complex_pde": 0.7590740919113159,
    "complex_ipde": 0.0,
    "chains_ptm": {
        "0": 0.7479374408721924
    },
    "pair_chains_iptm": {
        "0": {
            "0": 0.7479374408721924
        }
    }
}