{
    "confidence_score": 0.6678332686424255,
    "ptm": 0.8873619437217712,
    "iptm": 0.0,
    "ligand_iptm": 0.0,
    "protein_iptm": 0.0,
    "complex_plddt": 0.8347915410995483,
    "complex_iplddt": 0.0,
    "complex_pde": 0.6278090476989746,
    "complex_ipde": 0.0,
    "chains_ptm": {
        "0": 0.8873619437217712
    },
    "pair_chains_iptm": {
        "0": {
            "0": 0.8873619437217712
        }
    }
}