{
    "confidence_score": 0.6493095755577087,
    "ptm": 0.7926293611526489,
    "iptm": 0.0,
    "ligand_iptm": 0.0,
    "protein_iptm": 0.0,
    "complex_plddt": 0.8116369247436523,
    "complex_iplddt": 0.0,
    "complex_pde": 0.7483543157577515,
    "complex_ipde": 0.0,
    "chains_ptm": {
        "0": 0.7926293611526489
    },
    "pair_chains_iptm": {
        "0": {
            "0": 0.7926293611526489
        }
    }
}