{
    "features": 4903.035730838776,
    "process_features_model_1_pred_0": 14.603959083557129,
    "predict_and_compile_model_1_pred_0": 363.78220081329346,
    "process_features_model_2_pred_0": 13.003643274307251,
    "predict_and_compile_model_2_pred_0": 331.9503700733185,
    "process_features_model_3_pred_0": 12.703958988189697,
    "predict_and_compile_model_3_pred_0": 317.1947138309479,
    "process_features_model_4_pred_0": 11.988699436187744,
    "predict_and_compile_model_4_pred_0": 305.3789756298065,
    "process_features_model_5_pred_0": 13.323445320129395,
    "predict_and_compile_model_5_pred_0": 279.9818859100342,
    "relax_model_1_pred_0": 81.59666633605957
}