{
    "confidence_score": 0.44449105858802795,
    "ptm": 0.4191531538963318,
    "iptm": 0.0,
    "ligand_iptm": 0.0,
    "protein_iptm": 0.0,
    "complex_plddt": 0.5556138157844543,
    "complex_iplddt": 0.0,
    "complex_pde": 1.8743109703063965,
    "complex_ipde": 0.0,
    "chains_ptm": {
        "0": 0.4191531538963318
    },
    "pair_chains_iptm": {
        "0": {
            "0": 0.4191531538963318
        }
    }
}