{
    "confidence_score": 0.7566458582878113,
    "ptm": 0.9598336815834045,
    "iptm": 0.0,
    "ligand_iptm": 0.0,
    "protein_iptm": 0.0,
    "complex_plddt": 0.9458073377609253,
    "complex_iplddt": 0.0,
    "complex_pde": 0.31688982248306274,
    "complex_ipde": 0.0,
    "chains_ptm": {
        "0": 0.9598336815834045
    },
    "pair_chains_iptm": {
        "0": {
            "0": 0.9598336815834045
        }
    }
}