{
    "confidence_score": 0.6815934181213379,
    "ptm": 0.9121720194816589,
    "iptm": 0.0,
    "ligand_iptm": 0.0,
    "protein_iptm": 0.0,
    "complex_plddt": 0.8519917726516724,
    "complex_iplddt": 0.0,
    "complex_pde": 0.5907278060913086,
    "complex_ipde": 0.0,
    "chains_ptm": {
        "0": 0.9121720194816589
    },
    "pair_chains_iptm": {
        "0": {
            "0": 0.9121720194816589
        }
    }
}