{
    "plddts": {
        "model_1_pred_0": 93.48892193741965,
        "model_2_pred_0": 93.79262447098556,
        "model_3_pred_0": 94.12034710978025,
        "model_4_pred_0": 93.67376354476687,
        "model_5_pred_0": 93.95702823317134
    },
    "order": [
        "model_3_pred_0",
        "model_5_pred_0",
        "model_2_pred_0",
        "model_4_pred_0",
        "model_1_pred_0"
    ]
}