{
    "features": 4955.189482927322,
    "process_features_model_1_pred_0": 13.375483989715576,
    "predict_and_compile_model_1_pred_0": 353.46516370773315,
    "process_features_model_2_pred_0": 13.46723198890686,
    "predict_and_compile_model_2_pred_0": 328.0191922187805,
    "process_features_model_3_pred_0": 12.702769041061401,
    "predict_and_compile_model_3_pred_0": 300.2481734752655,
    "process_features_model_4_pred_0": 11.704927921295166,
    "predict_and_compile_model_4_pred_0": 300.50757217407227,
    "process_features_model_5_pred_0": 12.422311782836914,
    "predict_and_compile_model_5_pred_0": 278.3599100112915,
    "relax_model_3_pred_0": 65.84500813484192
}