{
    "confidence_score": 0.5214584469795227,
    "ptm": 0.23375457525253296,
    "iptm": 0.0,
    "ligand_iptm": 0.0,
    "protein_iptm": 0.0,
    "complex_plddt": 0.6518230438232422,
    "complex_iplddt": 0.0,
    "complex_pde": 3.4220449924468994,
    "complex_ipde": 0.0,
    "chains_ptm": {
        "0": 0.23375457525253296
    },
    "pair_chains_iptm": {
        "0": {
            "0": 0.23375457525253296
        }
    }
}