{
    "confidence_score": 0.6568397879600525,
    "ptm": 0.8123124241828918,
    "iptm": 0.0,
    "ligand_iptm": 0.0,
    "protein_iptm": 0.0,
    "complex_plddt": 0.821049690246582,
    "complex_iplddt": 0.0,
    "complex_pde": 0.5074545741081238,
    "complex_ipde": 0.0,
    "chains_ptm": {
        "0": 0.8123124241828918
    },
    "pair_chains_iptm": {
        "0": {
            "0": 0.8123124241828918
        }
    }
}