{
    "confidence_score": 0.46259933710098267,
    "ptm": 0.44705355167388916,
    "iptm": 0.0,
    "ligand_iptm": 0.0,
    "protein_iptm": 0.0,
    "complex_plddt": 0.5782491564750671,
    "complex_iplddt": 0.0,
    "complex_pde": 1.791604995727539,
    "complex_ipde": 0.0,
    "chains_ptm": {
        "0": 0.44705355167388916
    },
    "pair_chains_iptm": {
        "0": {
            "0": 0.44705355167388916
        }
    }
}