{
    "confidence_score": 0.5926042795181274,
    "ptm": 0.6345556974411011,
    "iptm": 0.0,
    "ligand_iptm": 0.0,
    "protein_iptm": 0.0,
    "complex_plddt": 0.7407553195953369,
    "complex_iplddt": 0.0,
    "complex_pde": 1.2226523160934448,
    "complex_ipde": 0.0,
    "chains_ptm": {
        "0": 0.6345556974411011
    },
    "pair_chains_iptm": {
        "0": {
            "0": 0.6345556974411011
        }
    }
}