{
    "confidence_score": 0.44467100501060486,
    "ptm": 0.3993395268917084,
    "iptm": 0.0,
    "ligand_iptm": 0.0,
    "protein_iptm": 0.0,
    "complex_plddt": 0.5558387637138367,
    "complex_iplddt": 0.0,
    "complex_pde": 3.066235303878784,
    "complex_ipde": 0.0,
    "chains_ptm": {
        "0": 0.3993395268917084
    },
    "pair_chains_iptm": {
        "0": {
            "0": 0.3993395268917084
        }
    }
}