{
    "confidence_score": 0.757981538772583,
    "ptm": 0.9311689138412476,
    "iptm": 0.0,
    "ligand_iptm": 0.0,
    "protein_iptm": 0.0,
    "complex_plddt": 0.9474769234657288,
    "complex_iplddt": 0.0,
    "complex_pde": 0.3146952688694,
    "complex_ipde": 0.0,
    "chains_ptm": {
        "0": 0.9311689138412476
    },
    "pair_chains_iptm": {
        "0": {
            "0": 0.9311689138412476
        }
    }
}