{
    "confidence_score": 0.3550465404987335,
    "ptm": 0.2575068473815918,
    "iptm": 0.0,
    "ligand_iptm": 0.0,
    "protein_iptm": 0.0,
    "complex_plddt": 0.4438081681728363,
    "complex_iplddt": 0.0,
    "complex_pde": 3.655850648880005,
    "complex_ipde": 0.0,
    "chains_ptm": {
        "0": 0.2575068473815918
    },
    "pair_chains_iptm": {
        "0": {
            "0": 0.2575068473815918
        }
    }
}