{
    "confidence_score": 0.6077406406402588,
    "ptm": 0.30538681149482727,
    "iptm": 0.0,
    "ligand_iptm": 0.0,
    "protein_iptm": 0.0,
    "complex_plddt": 0.7596758008003235,
    "complex_iplddt": 0.0,
    "complex_pde": 1.7484643459320068,
    "complex_ipde": 0.0,
    "chains_ptm": {
        "0": 0.30538681149482727
    },
    "pair_chains_iptm": {
        "0": {
            "0": 0.30538681149482727
        }
    }
}