{
    "confidence_score": 0.6940858364105225,
    "ptm": 0.8973963260650635,
    "iptm": 0.0,
    "ligand_iptm": 0.0,
    "protein_iptm": 0.0,
    "complex_plddt": 0.8676072955131531,
    "complex_iplddt": 0.0,
    "complex_pde": 0.4145132601261139,
    "complex_ipde": 0.0,
    "chains_ptm": {
        "0": 0.8973963260650635
    },
    "pair_chains_iptm": {
        "0": {
            "0": 0.8973963260650635
        }
    }
}