{
    "confidence_score": 0.6443479061126709,
    "ptm": 0.8121918439865112,
    "iptm": 0.0,
    "ligand_iptm": 0.0,
    "protein_iptm": 0.0,
    "complex_plddt": 0.8054348826408386,
    "complex_iplddt": 0.0,
    "complex_pde": 0.8981229662895203,
    "complex_ipde": 0.0,
    "chains_ptm": {
        "0": 0.8121918439865112
    },
    "pair_chains_iptm": {
        "0": {
            "0": 0.8121918439865112
        }
    }
}