{
    "confidence_score": 0.7421504855155945,
    "ptm": 0.9061950445175171,
    "iptm": 0.0,
    "ligand_iptm": 0.0,
    "protein_iptm": 0.0,
    "complex_plddt": 0.9276881217956543,
    "complex_iplddt": 0.0,
    "complex_pde": 0.42781540751457214,
    "complex_ipde": 0.0,
    "chains_ptm": {
        "0": 0.9061950445175171
    },
    "pair_chains_iptm": {
        "0": {
            "0": 0.9061950445175171
        }
    }
}