{
    "confidence_score": 0.4040076434612274,
    "ptm": 0.2676473557949066,
    "iptm": 0.0,
    "ligand_iptm": 0.0,
    "protein_iptm": 0.0,
    "complex_plddt": 0.5050095319747925,
    "complex_iplddt": 0.0,
    "complex_pde": 2.898913621902466,
    "complex_ipde": 0.0,
    "chains_ptm": {
        "0": 0.2676473557949066
    },
    "pair_chains_iptm": {
        "0": {
            "0": 0.2676473557949066
        }
    }
}