{
    "confidence_score": 0.6084458231925964,
    "ptm": 0.8122398257255554,
    "iptm": 0.0,
    "ligand_iptm": 0.0,
    "protein_iptm": 0.0,
    "complex_plddt": 0.7605572938919067,
    "complex_iplddt": 0.0,
    "complex_pde": 0.5754241943359375,
    "complex_ipde": 0.0,
    "chains_ptm": {
        "0": 0.8122398257255554
    },
    "pair_chains_iptm": {
        "0": {
            "0": 0.8122398257255554
        }
    }
}