{
    "confidence_score": 0.6131402850151062,
    "ptm": 0.7027928233146667,
    "iptm": 0.0,
    "ligand_iptm": 0.0,
    "protein_iptm": 0.0,
    "complex_plddt": 0.7664253115653992,
    "complex_iplddt": 0.0,
    "complex_pde": 1.072107195854187,
    "complex_ipde": 0.0,
    "chains_ptm": {
        "0": 0.7027928233146667
    },
    "pair_chains_iptm": {
        "0": {
            "0": 0.7027928233146667
        }
    }
}