{
    "confidence_score": 0.7517096400260925,
    "ptm": 0.9554622769355774,
    "iptm": 0.0,
    "ligand_iptm": 0.0,
    "protein_iptm": 0.0,
    "complex_plddt": 0.9396370053291321,
    "complex_iplddt": 0.0,
    "complex_pde": 0.3670111298561096,
    "complex_ipde": 0.0,
    "chains_ptm": {
        "0": 0.9554622769355774
    },
    "pair_chains_iptm": {
        "0": {
            "0": 0.9554622769355774
        }
    }
}