{
    "confidence_score": 0.7347438335418701,
    "ptm": 0.9527723789215088,
    "iptm": 0.0,
    "ligand_iptm": 0.0,
    "protein_iptm": 0.0,
    "complex_plddt": 0.9184297919273376,
    "complex_iplddt": 0.0,
    "complex_pde": 0.4199298620223999,
    "complex_ipde": 0.0,
    "chains_ptm": {
        "0": 0.9527723789215088
    },
    "pair_chains_iptm": {
        "0": {
            "0": 0.9527723789215088
        }
    }
}