{
    "confidence_score": 0.6649305820465088,
    "ptm": 0.7739851474761963,
    "iptm": 0.0,
    "ligand_iptm": 0.0,
    "protein_iptm": 0.0,
    "complex_plddt": 0.831163227558136,
    "complex_iplddt": 0.0,
    "complex_pde": 0.5592055320739746,
    "complex_ipde": 0.0,
    "chains_ptm": {
        "0": 0.7739851474761963
    },
    "pair_chains_iptm": {
        "0": {
            "0": 0.7739851474761963
        }
    }
}