{
    "confidence_score": 0.5732442736625671,
    "ptm": 0.6023951768875122,
    "iptm": 0.0,
    "ligand_iptm": 0.0,
    "protein_iptm": 0.0,
    "complex_plddt": 0.7165552973747253,
    "complex_iplddt": 0.0,
    "complex_pde": 1.483206868171692,
    "complex_ipde": 0.0,
    "chains_ptm": {
        "0": 0.6023951768875122
    },
    "pair_chains_iptm": {
        "0": {
            "0": 0.6023951768875122
        }
    }
}