{
    "confidence_score": 0.5374091863632202,
    "ptm": 0.34097054600715637,
    "iptm": 0.0,
    "ligand_iptm": 0.0,
    "protein_iptm": 0.0,
    "complex_plddt": 0.6717614531517029,
    "complex_iplddt": 0.0,
    "complex_pde": 2.8888227939605713,
    "complex_ipde": 0.0,
    "chains_ptm": {
        "0": 0.34097054600715637
    },
    "pair_chains_iptm": {
        "0": {
            "0": 0.34097054600715637
        }
    }
}