{
    "confidence_score": 0.6224825978279114,
    "ptm": 0.7147234082221985,
    "iptm": 0.0,
    "ligand_iptm": 0.0,
    "protein_iptm": 0.0,
    "complex_plddt": 0.778103232383728,
    "complex_iplddt": 0.0,
    "complex_pde": 1.1915830373764038,
    "complex_ipde": 0.0,
    "chains_ptm": {
        "0": 0.7147234082221985
    },
    "pair_chains_iptm": {
        "0": {
            "0": 0.7147234082221985
        }
    }
}