{
    "confidence_score": 0.7355770468711853,
    "ptm": 0.8621944189071655,
    "iptm": 0.0,
    "ligand_iptm": 0.0,
    "protein_iptm": 0.0,
    "complex_plddt": 0.9194713234901428,
    "complex_iplddt": 0.0,
    "complex_pde": 0.37669113278388977,
    "complex_ipde": 0.0,
    "chains_ptm": {
        "0": 0.8621944189071655
    },
    "pair_chains_iptm": {
        "0": {
            "0": 0.8621944189071655
        }
    }
}