{
    "confidence_score": 0.6149871945381165,
    "ptm": 0.7480480670928955,
    "iptm": 0.0,
    "ligand_iptm": 0.0,
    "protein_iptm": 0.0,
    "complex_plddt": 0.7687339782714844,
    "complex_iplddt": 0.0,
    "complex_pde": 1.3633912801742554,
    "complex_ipde": 0.0,
    "chains_ptm": {
        "0": 0.7480480670928955
    },
    "pair_chains_iptm": {
        "0": {
            "0": 0.7480480670928955
        }
    }
}