{
    "confidence_score": 0.6292731761932373,
    "ptm": 0.735594630241394,
    "iptm": 0.0,
    "ligand_iptm": 0.0,
    "protein_iptm": 0.0,
    "complex_plddt": 0.7865914702415466,
    "complex_iplddt": 0.0,
    "complex_pde": 1.4091905355453491,
    "complex_ipde": 0.0,
    "chains_ptm": {
        "0": 0.735594630241394
    },
    "pair_chains_iptm": {
        "0": {
            "0": 0.735594630241394
        }
    }
}