{
    "confidence_score": 0.6755599975585938,
    "ptm": 0.8276023864746094,
    "iptm": 0.0,
    "ligand_iptm": 0.0,
    "protein_iptm": 0.0,
    "complex_plddt": 0.8444499969482422,
    "complex_iplddt": 0.0,
    "complex_pde": 0.5649839639663696,
    "complex_ipde": 0.0,
    "chains_ptm": {
        "0": 0.8276023864746094
    },
    "pair_chains_iptm": {
        "0": {
            "0": 0.8276023864746094
        }
    }
}