{
    "confidence_score": 0.7554657459259033,
    "ptm": 0.9582005143165588,
    "iptm": 0.0,
    "ligand_iptm": 0.0,
    "protein_iptm": 0.0,
    "complex_plddt": 0.9443321824073792,
    "complex_iplddt": 0.0,
    "complex_pde": 0.3231460452079773,
    "complex_ipde": 0.0,
    "chains_ptm": {
        "0": 0.9582005143165588
    },
    "pair_chains_iptm": {
        "0": {
            "0": 0.9582005143165588
        }
    }
}