{
    "confidence_score": 0.672326385974884,
    "ptm": 0.8348709940910339,
    "iptm": 0.0,
    "ligand_iptm": 0.0,
    "protein_iptm": 0.0,
    "complex_plddt": 0.8404079675674438,
    "complex_iplddt": 0.0,
    "complex_pde": 0.6038680076599121,
    "complex_ipde": 0.0,
    "chains_ptm": {
        "0": 0.8348709940910339
    },
    "pair_chains_iptm": {
        "0": {
            "0": 0.8348709940910339
        }
    }
}