{
    "confidence_score": 0.7147729396820068,
    "ptm": 0.9281687140464783,
    "iptm": 0.0,
    "ligand_iptm": 0.0,
    "protein_iptm": 0.0,
    "complex_plddt": 0.8934661746025085,
    "complex_iplddt": 0.0,
    "complex_pde": 0.3567790687084198,
    "complex_ipde": 0.0,
    "chains_ptm": {
        "0": 0.9281687140464783
    },
    "pair_chains_iptm": {
        "0": {
            "0": 0.9281687140464783
        }
    }
}