{
    "confidence_score": 0.5401454567909241,
    "ptm": 0.39635229110717773,
    "iptm": 0.0,
    "ligand_iptm": 0.0,
    "protein_iptm": 0.0,
    "complex_plddt": 0.6751818060874939,
    "complex_iplddt": 0.0,
    "complex_pde": 1.2391802072525024,
    "complex_ipde": 0.0,
    "chains_ptm": {
        "0": 0.39635229110717773
    },
    "pair_chains_iptm": {
        "0": {
            "0": 0.39635229110717773
        }
    }
}