{
    "confidence_score": 0.5823662281036377,
    "ptm": 0.5881845951080322,
    "iptm": 0.0,
    "ligand_iptm": 0.0,
    "protein_iptm": 0.0,
    "complex_plddt": 0.7279577851295471,
    "complex_iplddt": 0.0,
    "complex_pde": 1.217422604560852,
    "complex_ipde": 0.0,
    "chains_ptm": {
        "0": 0.5881845951080322
    },
    "pair_chains_iptm": {
        "0": {
            "0": 0.5881845951080322
        }
    }
}