{
    "confidence_score": 0.7351130843162537,
    "ptm": 0.9480389356613159,
    "iptm": 0.0,
    "ligand_iptm": 0.0,
    "protein_iptm": 0.0,
    "complex_plddt": 0.9188913106918335,
    "complex_iplddt": 0.0,
    "complex_pde": 0.37367990612983704,
    "complex_ipde": 0.0,
    "chains_ptm": {
        "0": 0.9480389356613159
    },
    "pair_chains_iptm": {
        "0": {
            "0": 0.9480389356613159
        }
    }
}