{
    "confidence_score": 0.7035264372825623,
    "ptm": 0.7917033433914185,
    "iptm": 0.0,
    "ligand_iptm": 0.0,
    "protein_iptm": 0.0,
    "complex_plddt": 0.879408061504364,
    "complex_iplddt": 0.0,
    "complex_pde": 0.4910426735877991,
    "complex_ipde": 0.0,
    "chains_ptm": {
        "0": 0.7917033433914185
    },
    "pair_chains_iptm": {
        "0": {
            "0": 0.7917033433914185
        }
    }
}