{
    "confidence_score": 0.7575179934501648,
    "ptm": 0.9079038500785828,
    "iptm": 0.0,
    "ligand_iptm": 0.0,
    "protein_iptm": 0.0,
    "complex_plddt": 0.9468975067138672,
    "complex_iplddt": 0.0,
    "complex_pde": 0.36912432312965393,
    "complex_ipde": 0.0,
    "chains_ptm": {
        "0": 0.9079038500785828
    },
    "pair_chains_iptm": {
        "0": {
            "0": 0.9079038500785828
        }
    }
}