{
    "confidence_score": 0.6577140092849731,
    "ptm": 0.8949394226074219,
    "iptm": 0.0,
    "ligand_iptm": 0.0,
    "protein_iptm": 0.0,
    "complex_plddt": 0.822142481803894,
    "complex_iplddt": 0.0,
    "complex_pde": 0.5172627568244934,
    "complex_ipde": 0.0,
    "chains_ptm": {
        "0": 0.8949394226074219
    },
    "pair_chains_iptm": {
        "0": {
            "0": 0.8949394226074219
        }
    }
}