{
    "confidence_score": 0.4587392508983612,
    "ptm": 0.2017890214920044,
    "iptm": 0.0,
    "ligand_iptm": 0.0,
    "protein_iptm": 0.0,
    "complex_plddt": 0.5734240412712097,
    "complex_iplddt": 0.0,
    "complex_pde": 1.9007929563522339,
    "complex_ipde": 0.0,
    "chains_ptm": {
        "0": 0.2017890214920044
    },
    "pair_chains_iptm": {
        "0": {
            "0": 0.2017890214920044
        }
    }
}