{
    "confidence_score": 0.7454138398170471,
    "ptm": 0.9240749478340149,
    "iptm": 0.0,
    "ligand_iptm": 0.0,
    "protein_iptm": 0.0,
    "complex_plddt": 0.9317672848701477,
    "complex_iplddt": 0.0,
    "complex_pde": 0.4512098729610443,
    "complex_ipde": 0.0,
    "chains_ptm": {
        "0": 0.9240749478340149
    },
    "pair_chains_iptm": {
        "0": {
            "0": 0.9240749478340149
        }
    }
}