{
    "confidence_score": 0.7161883115768433,
    "ptm": 0.7819068431854248,
    "iptm": 0.0,
    "ligand_iptm": 0.0,
    "protein_iptm": 0.0,
    "complex_plddt": 0.8952353596687317,
    "complex_iplddt": 0.0,
    "complex_pde": 0.38142165541648865,
    "complex_ipde": 0.0,
    "chains_ptm": {
        "0": 0.7819068431854248
    },
    "pair_chains_iptm": {
        "0": {
            "0": 0.7819068431854248
        }
    }
}