{
    "confidence_score": 0.6164246201515198,
    "ptm": 0.8332362771034241,
    "iptm": 0.0,
    "ligand_iptm": 0.0,
    "protein_iptm": 0.0,
    "complex_plddt": 0.7705307602882385,
    "complex_iplddt": 0.0,
    "complex_pde": 0.5949823260307312,
    "complex_ipde": 0.0,
    "chains_ptm": {
        "0": 0.8332362771034241
    },
    "pair_chains_iptm": {
        "0": {
            "0": 0.8332362771034241
        }
    }
}