{
    "confidence_score": 0.5544461607933044,
    "ptm": 0.6091117262840271,
    "iptm": 0.0,
    "ligand_iptm": 0.0,
    "protein_iptm": 0.0,
    "complex_plddt": 0.693057656288147,
    "complex_iplddt": 0.0,
    "complex_pde": 1.7377519607543945,
    "complex_ipde": 0.0,
    "chains_ptm": {
        "0": 0.6091117262840271
    },
    "pair_chains_iptm": {
        "0": {
            "0": 0.6091117262840271
        }
    }
}