{
    "confidence_score": 0.7049762606620789,
    "ptm": 0.7682939171791077,
    "iptm": 0.0,
    "ligand_iptm": 0.0,
    "protein_iptm": 0.0,
    "complex_plddt": 0.8812203407287598,
    "complex_iplddt": 0.0,
    "complex_pde": 0.5931267142295837,
    "complex_ipde": 0.0,
    "chains_ptm": {
        "0": 0.7682939171791077
    },
    "pair_chains_iptm": {
        "0": {
            "0": 0.7682939171791077
        }
    }
}