{
    "confidence_score": 0.7540535926818848,
    "ptm": 0.9527315497398376,
    "iptm": 0.0,
    "ligand_iptm": 0.0,
    "protein_iptm": 0.0,
    "complex_plddt": 0.942566990852356,
    "complex_iplddt": 0.0,
    "complex_pde": 0.31957337260246277,
    "complex_ipde": 0.0,
    "chains_ptm": {
        "0": 0.9527315497398376
    },
    "pair_chains_iptm": {
        "0": {
            "0": 0.9527315497398376
        }
    }
}