{
    "confidence_score": 0.7101103067398071,
    "ptm": 0.8919630646705627,
    "iptm": 0.0,
    "ligand_iptm": 0.0,
    "protein_iptm": 0.0,
    "complex_plddt": 0.8876378536224365,
    "complex_iplddt": 0.0,
    "complex_pde": 0.583536684513092,
    "complex_ipde": 0.0,
    "chains_ptm": {
        "0": 0.8919630646705627
    },
    "pair_chains_iptm": {
        "0": {
            "0": 0.8919630646705627
        }
    }
}