{
    "confidence_score": 0.44101738929748535,
    "ptm": 0.4940435588359833,
    "iptm": 0.0,
    "ligand_iptm": 0.0,
    "protein_iptm": 0.0,
    "complex_plddt": 0.5512717366218567,
    "complex_iplddt": 0.0,
    "complex_pde": 2.05670428276062,
    "complex_ipde": 0.0,
    "chains_ptm": {
        "0": 0.4940435588359833
    },
    "pair_chains_iptm": {
        "0": {
            "0": 0.4940435588359833
        }
    }
}