{
    "confidence_score": 0.6844973564147949,
    "ptm": 0.7920219302177429,
    "iptm": 0.0,
    "ligand_iptm": 0.0,
    "protein_iptm": 0.0,
    "complex_plddt": 0.8556216955184937,
    "complex_iplddt": 0.0,
    "complex_pde": 0.8165280222892761,
    "complex_ipde": 0.0,
    "chains_ptm": {
        "0": 0.7920219302177429
    },
    "pair_chains_iptm": {
        "0": {
            "0": 0.7920219302177429
        }
    }
}