{
    "confidence_score": 0.5253670811653137,
    "ptm": 0.5764378905296326,
    "iptm": 0.0,
    "ligand_iptm": 0.0,
    "protein_iptm": 0.0,
    "complex_plddt": 0.656708836555481,
    "complex_iplddt": 0.0,
    "complex_pde": 1.0434430837631226,
    "complex_ipde": 0.0,
    "chains_ptm": {
        "0": 0.5764378905296326
    },
    "pair_chains_iptm": {
        "0": {
            "0": 0.5764378905296326
        }
    }
}