{
    "confidence_score": 0.5995544791221619,
    "ptm": 0.6842802166938782,
    "iptm": 0.0,
    "ligand_iptm": 0.0,
    "protein_iptm": 0.0,
    "complex_plddt": 0.7494431138038635,
    "complex_iplddt": 0.0,
    "complex_pde": 1.6282780170440674,
    "complex_ipde": 0.0,
    "chains_ptm": {
        "0": 0.6842802166938782
    },
    "pair_chains_iptm": {
        "0": {
            "0": 0.6842802166938782
        }
    }
}