{
    "confidence_score": 0.6653924584388733,
    "ptm": 0.8920313119888306,
    "iptm": 0.0,
    "ligand_iptm": 0.0,
    "protein_iptm": 0.0,
    "complex_plddt": 0.8317405581474304,
    "complex_iplddt": 0.0,
    "complex_pde": 0.4942605793476105,
    "complex_ipde": 0.0,
    "chains_ptm": {
        "0": 0.8920313119888306
    },
    "pair_chains_iptm": {
        "0": {
            "0": 0.8920313119888306
        }
    }
}