{
    "confidence_score": 0.6483412981033325,
    "ptm": 0.589261531829834,
    "iptm": 0.0,
    "ligand_iptm": 0.0,
    "protein_iptm": 0.0,
    "complex_plddt": 0.8104265928268433,
    "complex_iplddt": 0.0,
    "complex_pde": 0.9476044774055481,
    "complex_ipde": 0.0,
    "chains_ptm": {
        "0": 0.589261531829834
    },
    "pair_chains_iptm": {
        "0": {
            "0": 0.589261531829834
        }
    }
}