{
    "confidence_score": 0.7109939455986023,
    "ptm": 0.9257829785346985,
    "iptm": 0.0,
    "ligand_iptm": 0.0,
    "protein_iptm": 0.0,
    "complex_plddt": 0.8887423872947693,
    "complex_iplddt": 0.0,
    "complex_pde": 0.4066958725452423,
    "complex_ipde": 0.0,
    "chains_ptm": {
        "0": 0.9257829785346985
    },
    "pair_chains_iptm": {
        "0": {
            "0": 0.9257829785346985
        }
    }
}