{
    "confidence_score": 0.7203112840652466,
    "ptm": 0.8842073678970337,
    "iptm": 0.0,
    "ligand_iptm": 0.0,
    "protein_iptm": 0.0,
    "complex_plddt": 0.9003890752792358,
    "complex_iplddt": 0.0,
    "complex_pde": 0.5968976020812988,
    "complex_ipde": 0.0,
    "chains_ptm": {
        "0": 0.8842073678970337
    },
    "pair_chains_iptm": {
        "0": {
            "0": 0.8842073678970337
        }
    }
}