{
    "confidence_score": 0.5548348426818848,
    "ptm": 0.431781530380249,
    "iptm": 0.0,
    "ligand_iptm": 0.0,
    "protein_iptm": 0.0,
    "complex_plddt": 0.693543553352356,
    "complex_iplddt": 0.0,
    "complex_pde": 1.9094196557998657,
    "complex_ipde": 0.0,
    "chains_ptm": {
        "0": 0.431781530380249
    },
    "pair_chains_iptm": {
        "0": {
            "0": 0.431781530380249
        }
    }
}