{
    "confidence_score": 0.7534411549568176,
    "ptm": 0.9322442412376404,
    "iptm": 0.0,
    "ligand_iptm": 0.0,
    "protein_iptm": 0.0,
    "complex_plddt": 0.9418014287948608,
    "complex_iplddt": 0.0,
    "complex_pde": 0.3862323760986328,
    "complex_ipde": 0.0,
    "chains_ptm": {
        "0": 0.9322442412376404
    },
    "pair_chains_iptm": {
        "0": {
            "0": 0.9322442412376404
        }
    }
}