{
    "confidence_score": 0.6128097772598267,
    "ptm": 0.7533349394798279,
    "iptm": 0.0,
    "ligand_iptm": 0.0,
    "protein_iptm": 0.0,
    "complex_plddt": 0.7660121917724609,
    "complex_iplddt": 0.0,
    "complex_pde": 0.5251912474632263,
    "complex_ipde": 0.0,
    "chains_ptm": {
        "0": 0.7533349394798279
    },
    "pair_chains_iptm": {
        "0": {
            "0": 0.7533349394798279
        }
    }
}