{
    "confidence_score": 0.5074130296707153,
    "ptm": 0.26210787892341614,
    "iptm": 0.0,
    "ligand_iptm": 0.0,
    "protein_iptm": 0.0,
    "complex_plddt": 0.6342662572860718,
    "complex_iplddt": 0.0,
    "complex_pde": 1.1996508836746216,
    "complex_ipde": 0.0,
    "chains_ptm": {
        "0": 0.26210787892341614
    },
    "pair_chains_iptm": {
        "0": {
            "0": 0.26210787892341614
        }
    }
}