{
    "confidence_score": 0.4842548370361328,
    "ptm": 0.4183504581451416,
    "iptm": 0.0,
    "ligand_iptm": 0.0,
    "protein_iptm": 0.0,
    "complex_plddt": 0.605318546295166,
    "complex_iplddt": 0.0,
    "complex_pde": 1.7042770385742188,
    "complex_ipde": 0.0,
    "chains_ptm": {
        "0": 0.4183504581451416
    },
    "pair_chains_iptm": {
        "0": {
            "0": 0.4183504581451416
        }
    }
}