{
    "confidence_score": 0.7072207927703857,
    "ptm": 0.888037383556366,
    "iptm": 0.0,
    "ligand_iptm": 0.0,
    "protein_iptm": 0.0,
    "complex_plddt": 0.8840259909629822,
    "complex_iplddt": 0.0,
    "complex_pde": 0.4868777394294739,
    "complex_ipde": 0.0,
    "chains_ptm": {
        "0": 0.888037383556366
    },
    "pair_chains_iptm": {
        "0": {
            "0": 0.888037383556366
        }
    }
}