{
    "confidence_score": 0.5572356581687927,
    "ptm": 0.5238342881202698,
    "iptm": 0.0,
    "ligand_iptm": 0.0,
    "protein_iptm": 0.0,
    "complex_plddt": 0.6965445280075073,
    "complex_iplddt": 0.0,
    "complex_pde": 2.326259136199951,
    "complex_ipde": 0.0,
    "chains_ptm": {
        "0": 0.5238342881202698
    },
    "pair_chains_iptm": {
        "0": {
            "0": 0.5238342881202698
        }
    }
}