{
    "confidence_score": 0.7246315479278564,
    "ptm": 0.9076167941093445,
    "iptm": 0.0,
    "ligand_iptm": 0.0,
    "protein_iptm": 0.0,
    "complex_plddt": 0.9057894349098206,
    "complex_iplddt": 0.0,
    "complex_pde": 0.4668876826763153,
    "complex_ipde": 0.0,
    "chains_ptm": {
        "0": 0.9076167941093445
    },
    "pair_chains_iptm": {
        "0": {
            "0": 0.9076167941093445
        }
    }
}