{
    "confidence_score": 0.5770861506462097,
    "ptm": 0.4809788167476654,
    "iptm": 0.0,
    "ligand_iptm": 0.0,
    "protein_iptm": 0.0,
    "complex_plddt": 0.7213577032089233,
    "complex_iplddt": 0.0,
    "complex_pde": 1.0311166048049927,
    "complex_ipde": 0.0,
    "chains_ptm": {
        "0": 0.4809788167476654
    },
    "pair_chains_iptm": {
        "0": {
            "0": 0.4809788167476654
        }
    }
}