{
    "confidence_score": 0.7166226506233215,
    "ptm": 0.9251007437705994,
    "iptm": 0.0,
    "ligand_iptm": 0.0,
    "protein_iptm": 0.0,
    "complex_plddt": 0.8957782983779907,
    "complex_iplddt": 0.0,
    "complex_pde": 0.48918387293815613,
    "complex_ipde": 0.0,
    "chains_ptm": {
        "0": 0.9251007437705994
    },
    "pair_chains_iptm": {
        "0": {
            "0": 0.9251007437705994
        }
    }
}