{
    "confidence_score": 0.4789339601993561,
    "ptm": 0.19696591794490814,
    "iptm": 0.0,
    "ligand_iptm": 0.0,
    "protein_iptm": 0.0,
    "complex_plddt": 0.5986674427986145,
    "complex_iplddt": 0.0,
    "complex_pde": 1.8605624437332153,
    "complex_ipde": 0.0,
    "chains_ptm": {
        "0": 0.19696591794490814
    },
    "pair_chains_iptm": {
        "0": {
            "0": 0.19696591794490814
        }
    }
}