{
    "confidence_score": 0.6043433547019958,
    "ptm": 0.6701610684394836,
    "iptm": 0.0,
    "ligand_iptm": 0.0,
    "protein_iptm": 0.0,
    "complex_plddt": 0.7554291486740112,
    "complex_iplddt": 0.0,
    "complex_pde": 1.0816562175750732,
    "complex_ipde": 0.0,
    "chains_ptm": {
        "0": 0.6701610684394836
    },
    "pair_chains_iptm": {
        "0": {
            "0": 0.6701610684394836
        }
    }
}