{
    "confidence_score": 0.7053964138031006,
    "ptm": 0.8997440934181213,
    "iptm": 0.0,
    "ligand_iptm": 0.0,
    "protein_iptm": 0.0,
    "complex_plddt": 0.8817455172538757,
    "complex_iplddt": 0.0,
    "complex_pde": 0.5577052235603333,
    "complex_ipde": 0.0,
    "chains_ptm": {
        "0": 0.8997440934181213
    },
    "pair_chains_iptm": {
        "0": {
            "0": 0.8997440934181213
        }
    }
}