{
    "confidence_score": 0.6068348288536072,
    "ptm": 0.6080198884010315,
    "iptm": 0.0,
    "ligand_iptm": 0.0,
    "protein_iptm": 0.0,
    "complex_plddt": 0.7585435509681702,
    "complex_iplddt": 0.0,
    "complex_pde": 1.1148308515548706,
    "complex_ipde": 0.0,
    "chains_ptm": {
        "0": 0.6080198884010315
    },
    "pair_chains_iptm": {
        "0": {
            "0": 0.6080198884010315
        }
    }
}