{
    "confidence_score": 0.7410914301872253,
    "ptm": 0.9235864281654358,
    "iptm": 0.0,
    "ligand_iptm": 0.0,
    "protein_iptm": 0.0,
    "complex_plddt": 0.9263643026351929,
    "complex_iplddt": 0.0,
    "complex_pde": 0.36739102005958557,
    "complex_ipde": 0.0,
    "chains_ptm": {
        "0": 0.9235864281654358
    },
    "pair_chains_iptm": {
        "0": {
            "0": 0.9235864281654358
        }
    }
}