{
    "confidence_score": 0.6206396222114563,
    "ptm": 0.5665189027786255,
    "iptm": 0.0,
    "ligand_iptm": 0.0,
    "protein_iptm": 0.0,
    "complex_plddt": 0.7757995128631592,
    "complex_iplddt": 0.0,
    "complex_pde": 2.0829684734344482,
    "complex_ipde": 0.0,
    "chains_ptm": {
        "0": 0.5665189027786255
    },
    "pair_chains_iptm": {
        "0": {
            "0": 0.5665189027786255
        }
    }
}