{
    "confidence_score": 0.7207774519920349,
    "ptm": 0.8708617091178894,
    "iptm": 0.0,
    "ligand_iptm": 0.0,
    "protein_iptm": 0.0,
    "complex_plddt": 0.9009718298912048,
    "complex_iplddt": 0.0,
    "complex_pde": 0.5149288773536682,
    "complex_ipde": 0.0,
    "chains_ptm": {
        "0": 0.8708617091178894
    },
    "pair_chains_iptm": {
        "0": {
            "0": 0.8708617091178894
        }
    }
}