{
    "confidence_score": 0.44271421432495117,
    "ptm": 0.2240602821111679,
    "iptm": 0.0,
    "ligand_iptm": 0.0,
    "protein_iptm": 0.0,
    "complex_plddt": 0.553392767906189,
    "complex_iplddt": 0.0,
    "complex_pde": 2.636338472366333,
    "complex_ipde": 0.0,
    "chains_ptm": {
        "0": 0.2240602821111679
    },
    "pair_chains_iptm": {
        "0": {
            "0": 0.2240602821111679
        }
    }
}