{
    "confidence_score": 0.5857030749320984,
    "ptm": 0.49442213773727417,
    "iptm": 0.0,
    "ligand_iptm": 0.0,
    "protein_iptm": 0.0,
    "complex_plddt": 0.7321287989616394,
    "complex_iplddt": 0.0,
    "complex_pde": 1.234839677810669,
    "complex_ipde": 0.0,
    "chains_ptm": {
        "0": 0.49442213773727417
    },
    "pair_chains_iptm": {
        "0": {
            "0": 0.49442213773727417
        }
    }
}