{
    "confidence_score": 0.5574153065681458,
    "ptm": 0.480300635099411,
    "iptm": 0.0,
    "ligand_iptm": 0.0,
    "protein_iptm": 0.0,
    "complex_plddt": 0.696769118309021,
    "complex_iplddt": 0.0,
    "complex_pde": 1.2492954730987549,
    "complex_ipde": 0.0,
    "chains_ptm": {
        "0": 0.480300635099411
    },
    "pair_chains_iptm": {
        "0": {
            "0": 0.480300635099411
        }
    }
}