{
    "confidence_score": 0.7003596425056458,
    "ptm": 0.7760564088821411,
    "iptm": 0.0,
    "ligand_iptm": 0.0,
    "protein_iptm": 0.0,
    "complex_plddt": 0.875449538230896,
    "complex_iplddt": 0.0,
    "complex_pde": 0.5923298001289368,
    "complex_ipde": 0.0,
    "chains_ptm": {
        "0": 0.7760564088821411
    },
    "pair_chains_iptm": {
        "0": {
            "0": 0.7760564088821411
        }
    }
}