{
    "confidence_score": 0.39504727721214294,
    "ptm": 0.2732877731323242,
    "iptm": 0.0,
    "ligand_iptm": 0.0,
    "protein_iptm": 0.0,
    "complex_plddt": 0.4938091039657593,
    "complex_iplddt": 0.0,
    "complex_pde": 2.456282615661621,
    "complex_ipde": 0.0,
    "chains_ptm": {
        "0": 0.2732877731323242
    },
    "pair_chains_iptm": {
        "0": {
            "0": 0.2732877731323242
        }
    }
}