{
    "confidence_score": 0.7666503190994263,
    "ptm": 0.9557176828384399,
    "iptm": 0.0,
    "ligand_iptm": 0.0,
    "protein_iptm": 0.0,
    "complex_plddt": 0.9583128690719604,
    "complex_iplddt": 0.0,
    "complex_pde": 0.3041093349456787,
    "complex_ipde": 0.0,
    "chains_ptm": {
        "0": 0.9557176828384399
    },
    "pair_chains_iptm": {
        "0": {
            "0": 0.9557176828384399
        }
    }
}