{
    "confidence_score": 0.7412887215614319,
    "ptm": 0.907828152179718,
    "iptm": 0.0,
    "ligand_iptm": 0.0,
    "protein_iptm": 0.0,
    "complex_plddt": 0.9266108870506287,
    "complex_iplddt": 0.0,
    "complex_pde": 0.45613595843315125,
    "complex_ipde": 0.0,
    "chains_ptm": {
        "0": 0.907828152179718
    },
    "pair_chains_iptm": {
        "0": {
            "0": 0.907828152179718
        }
    }
}