{
    "confidence_score": 0.749358057975769,
    "ptm": 0.9473615884780884,
    "iptm": 0.0,
    "ligand_iptm": 0.0,
    "protein_iptm": 0.0,
    "complex_plddt": 0.9366975426673889,
    "complex_iplddt": 0.0,
    "complex_pde": 0.3329387903213501,
    "complex_ipde": 0.0,
    "chains_ptm": {
        "0": 0.9473615884780884
    },
    "pair_chains_iptm": {
        "0": {
            "0": 0.9473615884780884
        }
    }
}