{
    "confidence_score": 0.7187474370002747,
    "ptm": 0.8438127636909485,
    "iptm": 0.0,
    "ligand_iptm": 0.0,
    "protein_iptm": 0.0,
    "complex_plddt": 0.8984342813491821,
    "complex_iplddt": 0.0,
    "complex_pde": 0.4300709068775177,
    "complex_ipde": 0.0,
    "chains_ptm": {
        "0": 0.8438127636909485
    },
    "pair_chains_iptm": {
        "0": {
            "0": 0.8438127636909485
        }
    }
}