{
    "confidence_score": 0.7442968487739563,
    "ptm": 0.840501606464386,
    "iptm": 0.0,
    "ligand_iptm": 0.0,
    "protein_iptm": 0.0,
    "complex_plddt": 0.9303710460662842,
    "complex_iplddt": 0.0,
    "complex_pde": 0.37699970602989197,
    "complex_ipde": 0.0,
    "chains_ptm": {
        "0": 0.840501606464386
    },
    "pair_chains_iptm": {
        "0": {
            "0": 0.840501606464386
        }
    }
}