{
    "confidence_score": 0.5272724032402039,
    "ptm": 0.554872989654541,
    "iptm": 0.0,
    "ligand_iptm": 0.0,
    "protein_iptm": 0.0,
    "complex_plddt": 0.6590904593467712,
    "complex_iplddt": 0.0,
    "complex_pde": 1.1451778411865234,
    "complex_ipde": 0.0,
    "chains_ptm": {
        "0": 0.554872989654541
    },
    "pair_chains_iptm": {
        "0": {
            "0": 0.554872989654541
        }
    }
}