{
    "confidence_score": 0.6056115627288818,
    "ptm": 0.4396415948867798,
    "iptm": 0.0,
    "ligand_iptm": 0.0,
    "protein_iptm": 0.0,
    "complex_plddt": 0.7570144534111023,
    "complex_iplddt": 0.0,
    "complex_pde": 1.2436820268630981,
    "complex_ipde": 0.0,
    "chains_ptm": {
        "0": 0.4396415948867798
    },
    "pair_chains_iptm": {
        "0": {
            "0": 0.4396415948867798
        }
    }
}