{
    "features": 3687.0081651210785,
    "process_features_model_1_pred_0": 10.995053768157959,
    "predict_and_compile_model_1_pred_0": 277.2980628013611,
    "process_features_model_2_pred_0": 10.837223052978516,
    "predict_and_compile_model_2_pred_0": 249.4517457485199,
    "process_features_model_3_pred_0": 10.287720441818237,
    "predict_and_compile_model_3_pred_0": 224.0254876613617,
    "process_features_model_4_pred_0": 9.753167152404785,
    "predict_and_compile_model_4_pred_0": 221.48023629188538,
    "process_features_model_5_pred_0": 10.092376470565796,
    "predict_and_compile_model_5_pred_0": 207.01200795173645,
    "relax_model_3_pred_0": 44.69350981712341
}