{
    "plddts": {
        "model_1_pred_0": 75.223002953042,
        "model_2_pred_0": 70.99321814493105,
        "model_3_pred_0": 75.91023872357177,
        "model_4_pred_0": 77.101896083495,
        "model_5_pred_0": 71.55664582393823
    },
    "order": [
        "model_4_pred_0",
        "model_3_pred_0",
        "model_1_pred_0",
        "model_5_pred_0",
        "model_2_pred_0"
    ]
}