{
    "features": 7019.162958621979,
    "process_features_model_1_pred_0": 17.13882565498352,
    "predict_and_compile_model_1_pred_0": 451.2900114059448,
    "process_features_model_2_pred_0": 16.657825469970703,
    "predict_and_compile_model_2_pred_0": 416.9913284778595,
    "process_features_model_3_pred_0": 20.6505184173584,
    "predict_and_compile_model_3_pred_0": 389.4196276664734,
    "process_features_model_4_pred_0": 20.90824818611145,
    "predict_and_compile_model_4_pred_0": 384.7838807106018,
    "process_features_model_5_pred_0": 17.963321924209595,
    "predict_and_compile_model_5_pred_0": 353.3247892856598,
    "relax_model_4_pred_0": 66.03964066505432
}