{
    "confidence_score": 0.6740702986717224,
    "ptm": 0.8000624775886536,
    "iptm": 0.0,
    "ligand_iptm": 0.0,
    "protein_iptm": 0.0,
    "complex_plddt": 0.8425878286361694,
    "complex_iplddt": 0.0,
    "complex_pde": 0.8696699142456055,
    "complex_ipde": 0.0,
    "chains_ptm": {
        "0": 0.8000624775886536
    },
    "pair_chains_iptm": {
        "0": {
            "0": 0.8000624775886536
        }
    }
}