{
    "confidence_score": 0.6425969004631042,
    "ptm": 0.8465299606323242,
    "iptm": 0.0,
    "ligand_iptm": 0.0,
    "protein_iptm": 0.0,
    "complex_plddt": 0.8032461404800415,
    "complex_iplddt": 0.0,
    "complex_pde": 0.6245945692062378,
    "complex_ipde": 0.0,
    "chains_ptm": {
        "0": 0.8465299606323242
    },
    "pair_chains_iptm": {
        "0": {
            "0": 0.8465299606323242
        }
    }
}