{
    "confidence_score": 0.46624428033828735,
    "ptm": 0.2881600558757782,
    "iptm": 0.0,
    "ligand_iptm": 0.0,
    "protein_iptm": 0.0,
    "complex_plddt": 0.582805335521698,
    "complex_iplddt": 0.0,
    "complex_pde": 2.0052268505096436,
    "complex_ipde": 0.0,
    "chains_ptm": {
        "0": 0.2881600558757782
    },
    "pair_chains_iptm": {
        "0": {
            "0": 0.2881600558757782
        }
    }
}