{
    "confidence_score": 0.4774417579174042,
    "ptm": 0.43265312910079956,
    "iptm": 0.0,
    "ligand_iptm": 0.0,
    "protein_iptm": 0.0,
    "complex_plddt": 0.5968021750450134,
    "complex_iplddt": 0.0,
    "complex_pde": 3.674365282058716,
    "complex_ipde": 0.0,
    "chains_ptm": {
        "0": 0.43265312910079956
    },
    "pair_chains_iptm": {
        "0": {
            "0": 0.43265312910079956
        }
    }
}