{
    "confidence_score": 0.497551292181015,
    "ptm": 0.2841285765171051,
    "iptm": 0.0,
    "ligand_iptm": 0.0,
    "protein_iptm": 0.0,
    "complex_plddt": 0.6219391226768494,
    "complex_iplddt": 0.0,
    "complex_pde": 3.1751396656036377,
    "complex_ipde": 0.0,
    "chains_ptm": {
        "0": 0.2841285765171051
    },
    "pair_chains_iptm": {
        "0": {
            "0": 0.2841285765171051
        }
    }
}