{
    "confidence_score": 0.7436416745185852,
    "ptm": 0.9368429183959961,
    "iptm": 0.0,
    "ligand_iptm": 0.0,
    "protein_iptm": 0.0,
    "complex_plddt": 0.9295520782470703,
    "complex_iplddt": 0.0,
    "complex_pde": 0.3560616672039032,
    "complex_ipde": 0.0,
    "chains_ptm": {
        "0": 0.9368429183959961
    },
    "pair_chains_iptm": {
        "0": {
            "0": 0.9368429183959961
        }
    }
}