{
    "confidence_score": 0.724707305431366,
    "ptm": 0.8097598552703857,
    "iptm": 0.0,
    "ligand_iptm": 0.0,
    "protein_iptm": 0.0,
    "complex_plddt": 0.9058840870857239,
    "complex_iplddt": 0.0,
    "complex_pde": 0.618863046169281,
    "complex_ipde": 0.0,
    "chains_ptm": {
        "0": 0.8097598552703857
    },
    "pair_chains_iptm": {
        "0": {
            "0": 0.8097598552703857
        }
    }
}