{
    "confidence_score": 0.5465748310089111,
    "ptm": 0.2990078330039978,
    "iptm": 0.0,
    "ligand_iptm": 0.0,
    "protein_iptm": 0.0,
    "complex_plddt": 0.6832185387611389,
    "complex_iplddt": 0.0,
    "complex_pde": 1.5481094121932983,
    "complex_ipde": 0.0,
    "chains_ptm": {
        "0": 0.2990078330039978
    },
    "pair_chains_iptm": {
        "0": {
            "0": 0.2990078330039978
        }
    }
}