{
    "confidence_score": 0.7060004472732544,
    "ptm": 0.8901570439338684,
    "iptm": 0.0,
    "ligand_iptm": 0.0,
    "protein_iptm": 0.0,
    "complex_plddt": 0.8825005292892456,
    "complex_iplddt": 0.0,
    "complex_pde": 0.47919976711273193,
    "complex_ipde": 0.0,
    "chains_ptm": {
        "0": 0.8901570439338684
    },
    "pair_chains_iptm": {
        "0": {
            "0": 0.8901570439338684
        }
    }
}