{
    "confidence_score": 0.4800012707710266,
    "ptm": 0.4271608591079712,
    "iptm": 0.0,
    "ligand_iptm": 0.0,
    "protein_iptm": 0.0,
    "complex_plddt": 0.6000015735626221,
    "complex_iplddt": 0.0,
    "complex_pde": 1.5147429704666138,
    "complex_ipde": 0.0,
    "chains_ptm": {
        "0": 0.4271608591079712
    },
    "pair_chains_iptm": {
        "0": {
            "0": 0.4271608591079712
        }
    }
}