{
    "confidence_score": 0.7066487073898315,
    "ptm": 0.8844240307807922,
    "iptm": 0.0,
    "ligand_iptm": 0.0,
    "protein_iptm": 0.0,
    "complex_plddt": 0.883310854434967,
    "complex_iplddt": 0.0,
    "complex_pde": 0.5095409750938416,
    "complex_ipde": 0.0,
    "chains_ptm": {
        "0": 0.8844240307807922
    },
    "pair_chains_iptm": {
        "0": {
            "0": 0.8844240307807922
        }
    }
}