{
    "confidence_score": 0.5039048194885254,
    "ptm": 0.5393072962760925,
    "iptm": 0.0,
    "ligand_iptm": 0.0,
    "protein_iptm": 0.0,
    "complex_plddt": 0.6298810243606567,
    "complex_iplddt": 0.0,
    "complex_pde": 1.643007755279541,
    "complex_ipde": 0.0,
    "chains_ptm": {
        "0": 0.5393072962760925
    },
    "pair_chains_iptm": {
        "0": {
            "0": 0.5393072962760925
        }
    }
}