{
    "confidence_score": 0.7366943359375,
    "ptm": 0.8829842209815979,
    "iptm": 0.0,
    "ligand_iptm": 0.0,
    "protein_iptm": 0.0,
    "complex_plddt": 0.920867919921875,
    "complex_iplddt": 0.0,
    "complex_pde": 0.4751332402229309,
    "complex_ipde": 0.0,
    "chains_ptm": {
        "0": 0.8829842209815979
    },
    "pair_chains_iptm": {
        "0": {
            "0": 0.8829842209815979
        }
    }
}