{
    "confidence_score": 0.6947948932647705,
    "ptm": 0.8417766094207764,
    "iptm": 0.0,
    "ligand_iptm": 0.0,
    "protein_iptm": 0.0,
    "complex_plddt": 0.8684936165809631,
    "complex_iplddt": 0.0,
    "complex_pde": 0.5003984570503235,
    "complex_ipde": 0.0,
    "chains_ptm": {
        "0": 0.8417766094207764
    },
    "pair_chains_iptm": {
        "0": {
            "0": 0.8417766094207764
        }
    }
}