{
    "confidence_score": 0.629012405872345,
    "ptm": 0.8361338376998901,
    "iptm": 0.0,
    "ligand_iptm": 0.0,
    "protein_iptm": 0.0,
    "complex_plddt": 0.78626549243927,
    "complex_iplddt": 0.0,
    "complex_pde": 0.9653756022453308,
    "complex_ipde": 0.0,
    "chains_ptm": {
        "0": 0.8361338376998901
    },
    "pair_chains_iptm": {
        "0": {
            "0": 0.8361338376998901
        }
    }
}