{
    "features": 3746.7318136692047,
    "process_features_model_1_pred_0": 9.400672435760498,
    "predict_and_compile_model_1_pred_0": 441.2498242855072,
    "process_features_model_2_pred_0": 10.037856340408325,
    "predict_and_compile_model_2_pred_0": 405.3225259780884,
    "process_features_model_3_pred_0": 9.588069915771484,
    "predict_and_compile_model_3_pred_0": 379.1651608943939,
    "process_features_model_4_pred_0": 8.548444271087646,
    "predict_and_compile_model_4_pred_0": 374.97536730766296,
    "process_features_model_5_pred_0": 9.367313146591187,
    "predict_and_compile_model_5_pred_0": 346.43834924697876,
    "relax_model_3_pred_0": 90.39885330200195
}