{
    "features": 6801.275307178497,
    "process_features_model_1_pred_0": 12.804316520690918,
    "predict_and_compile_model_1_pred_0": 355.1951038837433,
    "process_features_model_2_pred_0": 12.735674142837524,
    "predict_and_compile_model_2_pred_0": 336.0645172595978,
    "process_features_model_3_pred_0": 13.067688465118408,
    "predict_and_compile_model_3_pred_0": 304.2742278575897,
    "process_features_model_4_pred_0": 20.600534439086914,
    "predict_and_compile_model_4_pred_0": 299.98205518722534,
    "process_features_model_5_pred_0": 15.009148120880127,
    "predict_and_compile_model_5_pred_0": 274.1612672805786,
    "relax_model_5_pred_0": 79.4264304637909
}