{
    "confidence_score": 0.7476059198379517,
    "ptm": 0.7109886407852173,
    "iptm": 0.0,
    "ligand_iptm": 0.0,
    "protein_iptm": 0.0,
    "complex_plddt": 0.9345073699951172,
    "complex_iplddt": 0.0,
    "complex_pde": 0.3175447881221771,
    "complex_ipde": 0.0,
    "chains_ptm": {
        "0": 0.7109886407852173
    },
    "pair_chains_iptm": {
        "0": {
            "0": 0.7109886407852173
        }
    }
}