{
    "confidence_score": 0.74062579870224,
    "ptm": 0.9393770098686218,
    "iptm": 0.0,
    "ligand_iptm": 0.0,
    "protein_iptm": 0.0,
    "complex_plddt": 0.9257822036743164,
    "complex_iplddt": 0.0,
    "complex_pde": 0.3496195375919342,
    "complex_ipde": 0.0,
    "chains_ptm": {
        "0": 0.9393770098686218
    },
    "pair_chains_iptm": {
        "0": {
            "0": 0.9393770098686218
        }
    }
}