{
    "confidence_score": 0.548733651638031,
    "ptm": 0.653499960899353,
    "iptm": 0.0,
    "ligand_iptm": 0.0,
    "protein_iptm": 0.0,
    "complex_plddt": 0.6859170794487,
    "complex_iplddt": 0.0,
    "complex_pde": 1.0299632549285889,
    "complex_ipde": 0.0,
    "chains_ptm": {
        "0": 0.653499960899353
    },
    "pair_chains_iptm": {
        "0": {
            "0": 0.653499960899353
        }
    }
}