{
    "confidence_score": 0.7368141412734985,
    "ptm": 0.9436991214752197,
    "iptm": 0.0,
    "ligand_iptm": 0.0,
    "protein_iptm": 0.0,
    "complex_plddt": 0.9210176467895508,
    "complex_iplddt": 0.0,
    "complex_pde": 0.3620336949825287,
    "complex_ipde": 0.0,
    "chains_ptm": {
        "0": 0.9436991214752197
    },
    "pair_chains_iptm": {
        "0": {
            "0": 0.9436991214752197
        }
    }
}