{
    "confidence_score": 0.7316744923591614,
    "ptm": 0.9322921633720398,
    "iptm": 0.0,
    "ligand_iptm": 0.0,
    "protein_iptm": 0.0,
    "complex_plddt": 0.9145931005477905,
    "complex_iplddt": 0.0,
    "complex_pde": 0.3853164613246918,
    "complex_ipde": 0.0,
    "chains_ptm": {
        "0": 0.9322921633720398
    },
    "pair_chains_iptm": {
        "0": {
            "0": 0.9322921633720398
        }
    }
}