{
    "plddts": {
        "model_1_pred_0": 84.47482134970264,
        "model_2_pred_0": 84.10003810984641,
        "model_3_pred_0": 85.49855655204075,
        "model_4_pred_0": 84.62384346705913,
        "model_5_pred_0": 85.38170862993745
    },
    "order": [
        "model_3_pred_0",
        "model_5_pred_0",
        "model_4_pred_0",
        "model_1_pred_0",
        "model_2_pred_0"
    ]
}