{
    "confidence_score": 0.6123533248901367,
    "ptm": 0.6797680258750916,
    "iptm": 0.0,
    "ligand_iptm": 0.0,
    "protein_iptm": 0.0,
    "complex_plddt": 0.7654416561126709,
    "complex_iplddt": 0.0,
    "complex_pde": 1.462609052658081,
    "complex_ipde": 0.0,
    "chains_ptm": {
        "0": 0.6797680258750916
    },
    "pair_chains_iptm": {
        "0": {
            "0": 0.6797680258750916
        }
    }
}