{
    "confidence_score": 0.6806806921958923,
    "ptm": 0.8734114170074463,
    "iptm": 0.0,
    "ligand_iptm": 0.0,
    "protein_iptm": 0.0,
    "complex_plddt": 0.8508508205413818,
    "complex_iplddt": 0.0,
    "complex_pde": 0.5374559760093689,
    "complex_ipde": 0.0,
    "chains_ptm": {
        "0": 0.8734114170074463
    },
    "pair_chains_iptm": {
        "0": {
            "0": 0.8734114170074463
        }
    }
}