{
    "confidence_score": 0.6394708156585693,
    "ptm": 0.8270583748817444,
    "iptm": 0.0,
    "ligand_iptm": 0.0,
    "protein_iptm": 0.0,
    "complex_plddt": 0.7993385195732117,
    "complex_iplddt": 0.0,
    "complex_pde": 0.521269679069519,
    "complex_ipde": 0.0,
    "chains_ptm": {
        "0": 0.8270583748817444
    },
    "pair_chains_iptm": {
        "0": {
            "0": 0.8270583748817444
        }
    }
}