{
    "confidence_score": 0.7509341239929199,
    "ptm": 0.9360645413398743,
    "iptm": 0.0,
    "ligand_iptm": 0.0,
    "protein_iptm": 0.0,
    "complex_plddt": 0.9386676549911499,
    "complex_iplddt": 0.0,
    "complex_pde": 0.3206664025783539,
    "complex_ipde": 0.0,
    "chains_ptm": {
        "0": 0.9360645413398743
    },
    "pair_chains_iptm": {
        "0": {
            "0": 0.9360645413398743
        }
    }
}