{
    "confidence_score": 0.7413873672485352,
    "ptm": 0.9448855519294739,
    "iptm": 0.0,
    "ligand_iptm": 0.0,
    "protein_iptm": 0.0,
    "complex_plddt": 0.926734209060669,
    "complex_iplddt": 0.0,
    "complex_pde": 0.39250418543815613,
    "complex_ipde": 0.0,
    "chains_ptm": {
        "0": 0.9448855519294739
    },
    "pair_chains_iptm": {
        "0": {
            "0": 0.9448855519294739
        }
    }
}