{
    "confidence_score": 0.6646328568458557,
    "ptm": 0.8736282587051392,
    "iptm": 0.0,
    "ligand_iptm": 0.0,
    "protein_iptm": 0.0,
    "complex_plddt": 0.8307910561561584,
    "complex_iplddt": 0.0,
    "complex_pde": 0.41786232590675354,
    "complex_ipde": 0.0,
    "chains_ptm": {
        "0": 0.8736282587051392
    },
    "pair_chains_iptm": {
        "0": {
            "0": 0.8736282587051392
        }
    }
}