{
    "confidence_score": 0.6556759476661682,
    "ptm": 0.5179492831230164,
    "iptm": 0.0,
    "ligand_iptm": 0.0,
    "protein_iptm": 0.0,
    "complex_plddt": 0.8195949196815491,
    "complex_iplddt": 0.0,
    "complex_pde": 1.0334277153015137,
    "complex_ipde": 0.0,
    "chains_ptm": {
        "0": 0.5179492831230164
    },
    "pair_chains_iptm": {
        "0": {
            "0": 0.5179492831230164
        }
    }
}