{
    "confidence_score": 0.6523169875144958,
    "ptm": 0.8170461654663086,
    "iptm": 0.0,
    "ligand_iptm": 0.0,
    "protein_iptm": 0.0,
    "complex_plddt": 0.8153961896896362,
    "complex_iplddt": 0.0,
    "complex_pde": 0.4408169686794281,
    "complex_ipde": 0.0,
    "chains_ptm": {
        "0": 0.8170461654663086
    },
    "pair_chains_iptm": {
        "0": {
            "0": 0.8170461654663086
        }
    }
}