{
    "confidence_score": 0.5300467014312744,
    "ptm": 0.43395256996154785,
    "iptm": 0.0,
    "ligand_iptm": 0.0,
    "protein_iptm": 0.0,
    "complex_plddt": 0.662558376789093,
    "complex_iplddt": 0.0,
    "complex_pde": 2.4896461963653564,
    "complex_ipde": 0.0,
    "chains_ptm": {
        "0": 0.43395256996154785
    },
    "pair_chains_iptm": {
        "0": {
            "0": 0.43395256996154785
        }
    }
}