{
    "confidence_score": 0.4549921154975891,
    "ptm": 0.21100838482379913,
    "iptm": 0.0,
    "ligand_iptm": 0.0,
    "protein_iptm": 0.0,
    "complex_plddt": 0.5687401294708252,
    "complex_iplddt": 0.0,
    "complex_pde": 2.708824872970581,
    "complex_ipde": 0.0,
    "chains_ptm": {
        "0": 0.21100838482379913
    },
    "pair_chains_iptm": {
        "0": {
            "0": 0.21100838482379913
        }
    }
}