{
    "confidence_score": 0.754433810710907,
    "ptm": 0.7257260084152222,
    "iptm": 0.0,
    "ligand_iptm": 0.0,
    "protein_iptm": 0.0,
    "complex_plddt": 0.9430422782897949,
    "complex_iplddt": 0.0,
    "complex_pde": 0.39953985810279846,
    "complex_ipde": 0.0,
    "chains_ptm": {
        "0": 0.7257260084152222
    },
    "pair_chains_iptm": {
        "0": {
            "0": 0.7257260084152222
        }
    }
}