{
    "confidence_score": 0.7249900102615356,
    "ptm": 0.8931292295455933,
    "iptm": 0.0,
    "ligand_iptm": 0.0,
    "protein_iptm": 0.0,
    "complex_plddt": 0.9062374830245972,
    "complex_iplddt": 0.0,
    "complex_pde": 0.4761856496334076,
    "complex_ipde": 0.0,
    "chains_ptm": {
        "0": 0.8931292295455933
    },
    "pair_chains_iptm": {
        "0": {
            "0": 0.8931292295455933
        }
    }
}