{
    "confidence_score": 0.5758597254753113,
    "ptm": 0.8562120795249939,
    "iptm": 0.0,
    "ligand_iptm": 0.0,
    "protein_iptm": 0.0,
    "complex_plddt": 0.7198246121406555,
    "complex_iplddt": 0.0,
    "complex_pde": 0.5782679319381714,
    "complex_ipde": 0.0,
    "chains_ptm": {
        "0": 0.8562120795249939
    },
    "pair_chains_iptm": {
        "0": {
            "0": 0.8562120795249939
        }
    }
}