{
    "confidence_score": 0.7233791351318359,
    "ptm": 0.8282487392425537,
    "iptm": 0.0,
    "ligand_iptm": 0.0,
    "protein_iptm": 0.0,
    "complex_plddt": 0.9042239189147949,
    "complex_iplddt": 0.0,
    "complex_pde": 0.49651291966438293,
    "complex_ipde": 0.0,
    "chains_ptm": {
        "0": 0.8282487392425537
    },
    "pair_chains_iptm": {
        "0": {
            "0": 0.8282487392425537
        }
    }
}