{
    "confidence_score": 0.7275650501251221,
    "ptm": 0.9328047633171082,
    "iptm": 0.0,
    "ligand_iptm": 0.0,
    "protein_iptm": 0.0,
    "complex_plddt": 0.9094563126564026,
    "complex_iplddt": 0.0,
    "complex_pde": 0.3906627595424652,
    "complex_ipde": 0.0,
    "chains_ptm": {
        "0": 0.9328047633171082
    },
    "pair_chains_iptm": {
        "0": {
            "0": 0.9328047633171082
        }
    }
}