{
    "confidence_score": 0.6064073443412781,
    "ptm": 0.37534770369529724,
    "iptm": 0.0,
    "ligand_iptm": 0.0,
    "protein_iptm": 0.0,
    "complex_plddt": 0.7580091953277588,
    "complex_iplddt": 0.0,
    "complex_pde": 0.7645277976989746,
    "complex_ipde": 0.0,
    "chains_ptm": {
        "0": 0.37534770369529724
    },
    "pair_chains_iptm": {
        "0": {
            "0": 0.37534770369529724
        }
    }
}