{
    "confidence_score": 0.5870503783226013,
    "ptm": 0.6656368374824524,
    "iptm": 0.0,
    "ligand_iptm": 0.0,
    "protein_iptm": 0.0,
    "complex_plddt": 0.7338129878044128,
    "complex_iplddt": 0.0,
    "complex_pde": 1.473409652709961,
    "complex_ipde": 0.0,
    "chains_ptm": {
        "0": 0.6656368374824524
    },
    "pair_chains_iptm": {
        "0": {
            "0": 0.6656368374824524
        }
    }
}