{
    "confidence_score": 0.568968653678894,
    "ptm": 0.6728830337524414,
    "iptm": 0.0,
    "ligand_iptm": 0.0,
    "protein_iptm": 0.0,
    "complex_plddt": 0.7112107872962952,
    "complex_iplddt": 0.0,
    "complex_pde": 1.0965625047683716,
    "complex_ipde": 0.0,
    "chains_ptm": {
        "0": 0.6728830337524414
    },
    "pair_chains_iptm": {
        "0": {
            "0": 0.6728830337524414
        }
    }
}