{
    "confidence_score": 0.7494451403617859,
    "ptm": 0.954615592956543,
    "iptm": 0.0,
    "ligand_iptm": 0.0,
    "protein_iptm": 0.0,
    "complex_plddt": 0.9368064403533936,
    "complex_iplddt": 0.0,
    "complex_pde": 0.31689319014549255,
    "complex_ipde": 0.0,
    "chains_ptm": {
        "0": 0.954615592956543
    },
    "pair_chains_iptm": {
        "0": {
            "0": 0.954615592956543
        }
    }
}