{
    "confidence_score": 0.7462393045425415,
    "ptm": 0.933744490146637,
    "iptm": 0.0,
    "ligand_iptm": 0.0,
    "protein_iptm": 0.0,
    "complex_plddt": 0.9327991008758545,
    "complex_iplddt": 0.0,
    "complex_pde": 0.3665008246898651,
    "complex_ipde": 0.0,
    "chains_ptm": {
        "0": 0.933744490146637
    },
    "pair_chains_iptm": {
        "0": {
            "0": 0.933744490146637
        }
    }
}