{
    "confidence_score": 0.665256679058075,
    "ptm": 0.870503842830658,
    "iptm": 0.0,
    "ligand_iptm": 0.0,
    "protein_iptm": 0.0,
    "complex_plddt": 0.8315708041191101,
    "complex_iplddt": 0.0,
    "complex_pde": 0.5873376727104187,
    "complex_ipde": 0.0,
    "chains_ptm": {
        "0": 0.870503842830658
    },
    "pair_chains_iptm": {
        "0": {
            "0": 0.870503842830658
        }
    }
}