{
    "confidence_score": 0.7261568903923035,
    "ptm": 0.8976191282272339,
    "iptm": 0.0,
    "ligand_iptm": 0.0,
    "protein_iptm": 0.0,
    "complex_plddt": 0.9076961278915405,
    "complex_iplddt": 0.0,
    "complex_pde": 0.38802215456962585,
    "complex_ipde": 0.0,
    "chains_ptm": {
        "0": 0.8976191282272339
    },
    "pair_chains_iptm": {
        "0": {
            "0": 0.8976191282272339
        }
    }
}