{
    "confidence_score": 0.6195342540740967,
    "ptm": 0.8001838326454163,
    "iptm": 0.0,
    "ligand_iptm": 0.0,
    "protein_iptm": 0.0,
    "complex_plddt": 0.7744178175926208,
    "complex_iplddt": 0.0,
    "complex_pde": 0.7075360417366028,
    "complex_ipde": 0.0,
    "chains_ptm": {
        "0": 0.8001838326454163
    },
    "pair_chains_iptm": {
        "0": {
            "0": 0.8001838326454163
        }
    }
}