{
    "confidence_score": 0.49366527795791626,
    "ptm": 0.5105643272399902,
    "iptm": 0.0,
    "ligand_iptm": 0.0,
    "protein_iptm": 0.0,
    "complex_plddt": 0.6170815825462341,
    "complex_iplddt": 0.0,
    "complex_pde": 1.4808732271194458,
    "complex_ipde": 0.0,
    "chains_ptm": {
        "0": 0.5105643272399902
    },
    "pair_chains_iptm": {
        "0": {
            "0": 0.5105643272399902
        }
    }
}