{
    "confidence_score": 0.6412590146064758,
    "ptm": 0.4013931453227997,
    "iptm": 0.0,
    "ligand_iptm": 0.0,
    "protein_iptm": 0.0,
    "complex_plddt": 0.8015737533569336,
    "complex_iplddt": 0.0,
    "complex_pde": 1.2841342687606812,
    "complex_ipde": 0.0,
    "chains_ptm": {
        "0": 0.4013931453227997
    },
    "pair_chains_iptm": {
        "0": {
            "0": 0.4013931453227997
        }
    }
}