{
    "confidence_score": 0.7503084540367126,
    "ptm": 0.9509860277175903,
    "iptm": 0.0,
    "ligand_iptm": 0.0,
    "protein_iptm": 0.0,
    "complex_plddt": 0.9378855228424072,
    "complex_iplddt": 0.0,
    "complex_pde": 0.35296955704689026,
    "complex_ipde": 0.0,
    "chains_ptm": {
        "0": 0.9509860277175903
    },
    "pair_chains_iptm": {
        "0": {
            "0": 0.9509860277175903
        }
    }
}