{
    "confidence_score": 0.7398804426193237,
    "ptm": 0.9072006344795227,
    "iptm": 0.0,
    "ligand_iptm": 0.0,
    "protein_iptm": 0.0,
    "complex_plddt": 0.9248505234718323,
    "complex_iplddt": 0.0,
    "complex_pde": 0.3402535617351532,
    "complex_ipde": 0.0,
    "chains_ptm": {
        "0": 0.9072006344795227
    },
    "pair_chains_iptm": {
        "0": {
            "0": 0.9072006344795227
        }
    }
}