{
    "confidence_score": 0.4502800405025482,
    "ptm": 0.40171560645103455,
    "iptm": 0.0,
    "ligand_iptm": 0.0,
    "protein_iptm": 0.0,
    "complex_plddt": 0.5628500580787659,
    "complex_iplddt": 0.0,
    "complex_pde": 2.051631212234497,
    "complex_ipde": 0.0,
    "chains_ptm": {
        "0": 0.40171560645103455
    },
    "pair_chains_iptm": {
        "0": {
            "0": 0.40171560645103455
        }
    }
}