{
    "confidence_score": 0.6739406585693359,
    "ptm": 0.8725487589836121,
    "iptm": 0.0,
    "ligand_iptm": 0.0,
    "protein_iptm": 0.0,
    "complex_plddt": 0.8424258232116699,
    "complex_iplddt": 0.0,
    "complex_pde": 0.5315911769866943,
    "complex_ipde": 0.0,
    "chains_ptm": {
        "0": 0.8725487589836121
    },
    "pair_chains_iptm": {
        "0": {
            "0": 0.8725487589836121
        }
    }
}