{
    "confidence_score": 0.5676298141479492,
    "ptm": 0.40396010875701904,
    "iptm": 0.0,
    "ligand_iptm": 0.0,
    "protein_iptm": 0.0,
    "complex_plddt": 0.7095372676849365,
    "complex_iplddt": 0.0,
    "complex_pde": 1.0946487188339233,
    "complex_ipde": 0.0,
    "chains_ptm": {
        "0": 0.40396010875701904
    },
    "pair_chains_iptm": {
        "0": {
            "0": 0.40396010875701904
        }
    }
}