{
    "confidence_score": 0.6310119032859802,
    "ptm": 0.6852415800094604,
    "iptm": 0.0,
    "ligand_iptm": 0.0,
    "protein_iptm": 0.0,
    "complex_plddt": 0.7887648344039917,
    "complex_iplddt": 0.0,
    "complex_pde": 0.9173032641410828,
    "complex_ipde": 0.0,
    "chains_ptm": {
        "0": 0.6852415800094604
    },
    "pair_chains_iptm": {
        "0": {
            "0": 0.6852415800094604
        }
    }
}