{
    "plddts": {
        "model_1_pred_0": 83.79022776387241,
        "model_2_pred_0": 83.39849340018833,
        "model_3_pred_0": 82.98477896722665,
        "model_4_pred_0": 83.80888504365507,
        "model_5_pred_0": 81.89476508772026
    },
    "order": [
        "model_4_pred_0",
        "model_1_pred_0",
        "model_2_pred_0",
        "model_3_pred_0",
        "model_5_pred_0"
    ]
}