{
    "features": 4546.541399240494,
    "process_features_model_1_pred_0": 10.995956420898438,
    "predict_and_compile_model_1_pred_0": 295.23183250427246,
    "process_features_model_2_pred_0": 11.334495782852173,
    "predict_and_compile_model_2_pred_0": 265.1647617816925,
    "process_features_model_3_pred_0": 10.840234994888306,
    "predict_and_compile_model_3_pred_0": 244.645366191864,
    "process_features_model_4_pred_0": 12.365661382675171,
    "predict_and_compile_model_4_pred_0": 238.73257541656494,
    "process_features_model_5_pred_0": 10.419969081878662,
    "predict_and_compile_model_5_pred_0": 221.2868528366089,
    "relax_model_4_pred_0": 37.96223998069763
}