{
    "confidence_score": 0.5661867260932922,
    "ptm": 0.5347726941108704,
    "iptm": 0.0,
    "ligand_iptm": 0.0,
    "protein_iptm": 0.0,
    "complex_plddt": 0.7077333927154541,
    "complex_iplddt": 0.0,
    "complex_pde": 1.1540117263793945,
    "complex_ipde": 0.0,
    "chains_ptm": {
        "0": 0.5347726941108704
    },
    "pair_chains_iptm": {
        "0": {
            "0": 0.5347726941108704
        }
    }
}