{
    "confidence_score": 0.43606773018836975,
    "ptm": 0.23424898087978363,
    "iptm": 0.0,
    "ligand_iptm": 0.0,
    "protein_iptm": 0.0,
    "complex_plddt": 0.5450846552848816,
    "complex_iplddt": 0.0,
    "complex_pde": 3.6634604930877686,
    "complex_ipde": 0.0,
    "chains_ptm": {
        "0": 0.23424898087978363
    },
    "pair_chains_iptm": {
        "0": {
            "0": 0.23424898087978363
        }
    }
}