{
    "confidence_score": 0.4528758227825165,
    "ptm": 0.33663058280944824,
    "iptm": 0.0,
    "ligand_iptm": 0.0,
    "protein_iptm": 0.0,
    "complex_plddt": 0.5660947561264038,
    "complex_iplddt": 0.0,
    "complex_pde": 2.600048780441284,
    "complex_ipde": 0.0,
    "chains_ptm": {
        "0": 0.33663058280944824
    },
    "pair_chains_iptm": {
        "0": {
            "0": 0.33663058280944824
        }
    }
}