{
    "confidence_score": 0.7539679408073425,
    "ptm": 0.8367560505867004,
    "iptm": 0.0,
    "ligand_iptm": 0.0,
    "protein_iptm": 0.0,
    "complex_plddt": 0.9424598813056946,
    "complex_iplddt": 0.0,
    "complex_pde": 0.32214903831481934,
    "complex_ipde": 0.0,
    "chains_ptm": {
        "0": 0.8367560505867004
    },
    "pair_chains_iptm": {
        "0": {
            "0": 0.8367560505867004
        }
    }
}