{
    "confidence_score": 0.7538092136383057,
    "ptm": 0.9508413672447205,
    "iptm": 0.0,
    "ligand_iptm": 0.0,
    "protein_iptm": 0.0,
    "complex_plddt": 0.9422615170478821,
    "complex_iplddt": 0.0,
    "complex_pde": 0.31689295172691345,
    "complex_ipde": 0.0,
    "chains_ptm": {
        "0": 0.9508413672447205
    },
    "pair_chains_iptm": {
        "0": {
            "0": 0.9508413672447205
        }
    }
}