{
    "confidence_score": 0.7404555678367615,
    "ptm": 0.9453250765800476,
    "iptm": 0.0,
    "ligand_iptm": 0.0,
    "protein_iptm": 0.0,
    "complex_plddt": 0.9255694150924683,
    "complex_iplddt": 0.0,
    "complex_pde": 0.3676176369190216,
    "complex_ipde": 0.0,
    "chains_ptm": {
        "0": 0.9453250765800476
    },
    "pair_chains_iptm": {
        "0": {
            "0": 0.9453250765800476
        }
    }
}