{
    "confidence_score": 0.4573386311531067,
    "ptm": 0.28450119495391846,
    "iptm": 0.0,
    "ligand_iptm": 0.0,
    "protein_iptm": 0.0,
    "complex_plddt": 0.5716732740402222,
    "complex_iplddt": 0.0,
    "complex_pde": 2.6710779666900635,
    "complex_ipde": 0.0,
    "chains_ptm": {
        "0": 0.28450119495391846
    },
    "pair_chains_iptm": {
        "0": {
            "0": 0.28450119495391846
        }
    }
}