{
    "confidence_score": 0.6691672205924988,
    "ptm": 0.7221634984016418,
    "iptm": 0.0,
    "ligand_iptm": 0.0,
    "protein_iptm": 0.0,
    "complex_plddt": 0.8364590406417847,
    "complex_iplddt": 0.0,
    "complex_pde": 0.7967933416366577,
    "complex_ipde": 0.0,
    "chains_ptm": {
        "0": 0.7221634984016418
    },
    "pair_chains_iptm": {
        "0": {
            "0": 0.7221634984016418
        }
    }
}