{
    "confidence_score": 0.6328908801078796,
    "ptm": 0.7223893404006958,
    "iptm": 0.0,
    "ligand_iptm": 0.0,
    "protein_iptm": 0.0,
    "complex_plddt": 0.791113555431366,
    "complex_iplddt": 0.0,
    "complex_pde": 0.7592020630836487,
    "complex_ipde": 0.0,
    "chains_ptm": {
        "0": 0.7223893404006958
    },
    "pair_chains_iptm": {
        "0": {
            "0": 0.7223893404006958
        }
    }
}