{
    "confidence_score": 0.7215092778205872,
    "ptm": 0.8797069787979126,
    "iptm": 0.0,
    "ligand_iptm": 0.0,
    "protein_iptm": 0.0,
    "complex_plddt": 0.9018865823745728,
    "complex_iplddt": 0.0,
    "complex_pde": 0.4345952272415161,
    "complex_ipde": 0.0,
    "chains_ptm": {
        "0": 0.8797069787979126
    },
    "pair_chains_iptm": {
        "0": {
            "0": 0.8797069787979126
        }
    }
}