{
    "confidence_score": 0.7474570274353027,
    "ptm": 0.9519095420837402,
    "iptm": 0.0,
    "ligand_iptm": 0.0,
    "protein_iptm": 0.0,
    "complex_plddt": 0.9343212842941284,
    "complex_iplddt": 0.0,
    "complex_pde": 0.3564259111881256,
    "complex_ipde": 0.0,
    "chains_ptm": {
        "0": 0.9519095420837402
    },
    "pair_chains_iptm": {
        "0": {
            "0": 0.9519095420837402
        }
    }
}