{
    "confidence_score": 0.7127136588096619,
    "ptm": 0.877439022064209,
    "iptm": 0.0,
    "ligand_iptm": 0.0,
    "protein_iptm": 0.0,
    "complex_plddt": 0.8908920288085938,
    "complex_iplddt": 0.0,
    "complex_pde": 0.42594948410987854,
    "complex_ipde": 0.0,
    "chains_ptm": {
        "0": 0.877439022064209
    },
    "pair_chains_iptm": {
        "0": {
            "0": 0.877439022064209
        }
    }
}