{
    "confidence_score": 0.6540877223014832,
    "ptm": 0.8363553285598755,
    "iptm": 0.0,
    "ligand_iptm": 0.0,
    "protein_iptm": 0.0,
    "complex_plddt": 0.8176096677780151,
    "complex_iplddt": 0.0,
    "complex_pde": 0.7303648591041565,
    "complex_ipde": 0.0,
    "chains_ptm": {
        "0": 0.8363553285598755
    },
    "pair_chains_iptm": {
        "0": {
            "0": 0.8363553285598755
        }
    }
}