{
    "confidence_score": 0.7439338564872742,
    "ptm": 0.8990496397018433,
    "iptm": 0.0,
    "ligand_iptm": 0.0,
    "protein_iptm": 0.0,
    "complex_plddt": 0.9299173355102539,
    "complex_iplddt": 0.0,
    "complex_pde": 0.31584471464157104,
    "complex_ipde": 0.0,
    "chains_ptm": {
        "0": 0.8990496397018433
    },
    "pair_chains_iptm": {
        "0": {
            "0": 0.8990496397018433
        }
    }
}