{
    "confidence_score": 0.5746654272079468,
    "ptm": 0.5602825880050659,
    "iptm": 0.0,
    "ligand_iptm": 0.0,
    "protein_iptm": 0.0,
    "complex_plddt": 0.7183317542076111,
    "complex_iplddt": 0.0,
    "complex_pde": 1.3439546823501587,
    "complex_ipde": 0.0,
    "chains_ptm": {
        "0": 0.5602825880050659
    },
    "pair_chains_iptm": {
        "0": {
            "0": 0.5602825880050659
        }
    }
}