{
    "confidence_score": 0.7329394221305847,
    "ptm": 0.8527846336364746,
    "iptm": 0.0,
    "ligand_iptm": 0.0,
    "protein_iptm": 0.0,
    "complex_plddt": 0.9161742925643921,
    "complex_iplddt": 0.0,
    "complex_pde": 0.46805015206336975,
    "complex_ipde": 0.0,
    "chains_ptm": {
        "0": 0.8527846336364746
    },
    "pair_chains_iptm": {
        "0": {
            "0": 0.8527846336364746
        }
    }
}