{
    "confidence_score": 0.6734113693237305,
    "ptm": 0.7144966721534729,
    "iptm": 0.0,
    "ligand_iptm": 0.0,
    "protein_iptm": 0.0,
    "complex_plddt": 0.8417642116546631,
    "complex_iplddt": 0.0,
    "complex_pde": 0.6007476449012756,
    "complex_ipde": 0.0,
    "chains_ptm": {
        "0": 0.7144966721534729
    },
    "pair_chains_iptm": {
        "0": {
            "0": 0.7144966721534729
        }
    }
}