{
    "confidence_score": 0.30468642711639404,
    "ptm": 0.2417498230934143,
    "iptm": 0.0,
    "ligand_iptm": 0.0,
    "protein_iptm": 0.0,
    "complex_plddt": 0.38085803389549255,
    "complex_iplddt": 0.0,
    "complex_pde": 4.158972263336182,
    "complex_ipde": 0.0,
    "chains_ptm": {
        "0": 0.2417498230934143
    },
    "pair_chains_iptm": {
        "0": {
            "0": 0.2417498230934143
        }
    }
}