{
    "confidence_score": 0.7223978042602539,
    "ptm": 0.9361172318458557,
    "iptm": 0.0,
    "ligand_iptm": 0.0,
    "protein_iptm": 0.0,
    "complex_plddt": 0.9029972553253174,
    "complex_iplddt": 0.0,
    "complex_pde": 0.45725858211517334,
    "complex_ipde": 0.0,
    "chains_ptm": {
        "0": 0.9361172318458557
    },
    "pair_chains_iptm": {
        "0": {
            "0": 0.9361172318458557
        }
    }
}