{
    "plddts": {
        "model_1_pred_0": 59.834679037979,
        "model_2_pred_0": 61.53802204185079,
        "model_3_pred_0": 59.48395808035424,
        "model_4_pred_0": 61.02175919056553,
        "model_5_pred_0": 60.85900235171989
    },
    "order": [
        "model_2_pred_0",
        "model_4_pred_0",
        "model_5_pred_0",
        "model_1_pred_0",
        "model_3_pred_0"
    ]
}