{
    "features": 7027.732027292252,
    "process_features_model_1_pred_0": 3.4657557010650635,
    "predict_and_compile_model_1_pred_0": 2308.130288362503,
    "process_features_model_2_pred_0": 3.8870601654052734,
    "predict_and_compile_model_2_pred_0": 1107.1086523532867,
    "process_features_model_3_pred_0": 3.3065152168273926,
    "predict_and_compile_model_3_pred_0": 1095.228279352188,
    "process_features_model_4_pred_0": 3.6559786796569824,
    "predict_and_compile_model_4_pred_0": 987.96502161026,
    "process_features_model_5_pred_0": 3.651592254638672,
    "predict_and_compile_model_5_pred_0": 827.1642286777496,
    "relax_model_2_pred_0": 107.64016342163086
}