{
    "confidence_score": 0.5684430003166199,
    "ptm": 0.4971590042114258,
    "iptm": 0.0,
    "ligand_iptm": 0.0,
    "protein_iptm": 0.0,
    "complex_plddt": 0.7105537056922913,
    "complex_iplddt": 0.0,
    "complex_pde": 1.1338247060775757,
    "complex_ipde": 0.0,
    "chains_ptm": {
        "0": 0.4971590042114258
    },
    "pair_chains_iptm": {
        "0": {
            "0": 0.4971590042114258
        }
    }
}