{
    "confidence_score": 0.5641329288482666,
    "ptm": 0.8205626010894775,
    "iptm": 0.0,
    "ligand_iptm": 0.0,
    "protein_iptm": 0.0,
    "complex_plddt": 0.7051661610603333,
    "complex_iplddt": 0.0,
    "complex_pde": 0.5918061137199402,
    "complex_ipde": 0.0,
    "chains_ptm": {
        "0": 0.8205626010894775
    },
    "pair_chains_iptm": {
        "0": {
            "0": 0.8205626010894775
        }
    }
}