{
    "confidence_score": 0.5493329167366028,
    "ptm": 0.46407029032707214,
    "iptm": 0.0,
    "ligand_iptm": 0.0,
    "protein_iptm": 0.0,
    "complex_plddt": 0.6866661310195923,
    "complex_iplddt": 0.0,
    "complex_pde": 1.1097363233566284,
    "complex_ipde": 0.0,
    "chains_ptm": {
        "0": 0.46407029032707214
    },
    "pair_chains_iptm": {
        "0": {
            "0": 0.46407029032707214
        }
    }
}