{
    "confidence_score": 0.7339547872543335,
    "ptm": 0.9293841123580933,
    "iptm": 0.0,
    "ligand_iptm": 0.0,
    "protein_iptm": 0.0,
    "complex_plddt": 0.9174434542655945,
    "complex_iplddt": 0.0,
    "complex_pde": 0.3985842764377594,
    "complex_ipde": 0.0,
    "chains_ptm": {
        "0": 0.9293841123580933
    },
    "pair_chains_iptm": {
        "0": {
            "0": 0.9293841123580933
        }
    }
}