{
    "confidence_score": 0.47879740595817566,
    "ptm": 0.49122047424316406,
    "iptm": 0.0,
    "ligand_iptm": 0.0,
    "protein_iptm": 0.0,
    "complex_plddt": 0.5984967350959778,
    "complex_iplddt": 0.0,
    "complex_pde": 1.5559874773025513,
    "complex_ipde": 0.0,
    "chains_ptm": {
        "0": 0.49122047424316406
    },
    "pair_chains_iptm": {
        "0": {
            "0": 0.49122047424316406
        }
    }
}