{
    "confidence_score": 0.4235100746154785,
    "ptm": 0.2963279187679291,
    "iptm": 0.0,
    "ligand_iptm": 0.0,
    "protein_iptm": 0.0,
    "complex_plddt": 0.5293875932693481,
    "complex_iplddt": 0.0,
    "complex_pde": 2.47139048576355,
    "complex_ipde": 0.0,
    "chains_ptm": {
        "0": 0.2963279187679291
    },
    "pair_chains_iptm": {
        "0": {
            "0": 0.2963279187679291
        }
    }
}