{
    "confidence_score": 0.5532776117324829,
    "ptm": 0.6344844698905945,
    "iptm": 0.0,
    "ligand_iptm": 0.0,
    "protein_iptm": 0.0,
    "complex_plddt": 0.6915969848632812,
    "complex_iplddt": 0.0,
    "complex_pde": 1.7924221754074097,
    "complex_ipde": 0.0,
    "chains_ptm": {
        "0": 0.6344844698905945
    },
    "pair_chains_iptm": {
        "0": {
            "0": 0.6344844698905945
        }
    }
}