{
    "confidence_score": 0.7394447922706604,
    "ptm": 0.9147438406944275,
    "iptm": 0.0,
    "ligand_iptm": 0.0,
    "protein_iptm": 0.0,
    "complex_plddt": 0.9243059754371643,
    "complex_iplddt": 0.0,
    "complex_pde": 0.4061141312122345,
    "complex_ipde": 0.0,
    "chains_ptm": {
        "0": 0.9147438406944275
    },
    "pair_chains_iptm": {
        "0": {
            "0": 0.9147438406944275
        }
    }
}