{
    "confidence_score": 0.7506747841835022,
    "ptm": 0.9432355761528015,
    "iptm": 0.0,
    "ligand_iptm": 0.0,
    "protein_iptm": 0.0,
    "complex_plddt": 0.9383434653282166,
    "complex_iplddt": 0.0,
    "complex_pde": 0.3892047107219696,
    "complex_ipde": 0.0,
    "chains_ptm": {
        "0": 0.9432355761528015
    },
    "pair_chains_iptm": {
        "0": {
            "0": 0.9432355761528015
        }
    }
}