{
    "confidence_score": 0.6047613620758057,
    "ptm": 0.7202041149139404,
    "iptm": 0.0,
    "ligand_iptm": 0.0,
    "protein_iptm": 0.0,
    "complex_plddt": 0.7559517025947571,
    "complex_iplddt": 0.0,
    "complex_pde": 1.2996265888214111,
    "complex_ipde": 0.0,
    "chains_ptm": {
        "0": 0.7202041149139404
    },
    "pair_chains_iptm": {
        "0": {
            "0": 0.7202041149139404
        }
    }
}