{
    "confidence_score": 0.3696537911891937,
    "ptm": 0.19334913790225983,
    "iptm": 0.0,
    "ligand_iptm": 0.0,
    "protein_iptm": 0.0,
    "complex_plddt": 0.46206724643707275,
    "complex_iplddt": 0.0,
    "complex_pde": 3.7063448429107666,
    "complex_ipde": 0.0,
    "chains_ptm": {
        "0": 0.19334913790225983
    },
    "pair_chains_iptm": {
        "0": {
            "0": 0.19334913790225983
        }
    }
}