{
    "confidence_score": 0.7191567420959473,
    "ptm": 0.9318102598190308,
    "iptm": 0.0,
    "ligand_iptm": 0.0,
    "protein_iptm": 0.0,
    "complex_plddt": 0.8989459276199341,
    "complex_iplddt": 0.0,
    "complex_pde": 0.41146472096443176,
    "complex_ipde": 0.0,
    "chains_ptm": {
        "0": 0.9318102598190308
    },
    "pair_chains_iptm": {
        "0": {
            "0": 0.9318102598190308
        }
    }
}