{
    "confidence_score": 0.7056457996368408,
    "ptm": 0.9224518537521362,
    "iptm": 0.0,
    "ligand_iptm": 0.0,
    "protein_iptm": 0.0,
    "complex_plddt": 0.882057249546051,
    "complex_iplddt": 0.0,
    "complex_pde": 0.4823814034461975,
    "complex_ipde": 0.0,
    "chains_ptm": {
        "0": 0.9224518537521362
    },
    "pair_chains_iptm": {
        "0": {
            "0": 0.9224518537521362
        }
    }
}