{
    "features": 5052.234315633774,
    "process_features_model_1_pred_0": 3.1719045639038086,
    "predict_and_compile_model_1_pred_0": 304.04477643966675,
    "process_features_model_2_pred_0": 3.6446545124053955,
    "predict_and_compile_model_2_pred_0": 279.086017370224,
    "process_features_model_3_pred_0": 3.020993232727051,
    "predict_and_compile_model_3_pred_0": 252.37835812568665,
    "process_features_model_4_pred_0": 3.486433744430542,
    "predict_and_compile_model_4_pred_0": 255.16590309143066,
    "process_features_model_5_pred_0": 2.7567436695098877,
    "predict_and_compile_model_5_pred_0": 232.56198692321777,
    "relax_model_4_pred_0": 46.74721336364746
}