{
    "confidence_score": 0.32729172706604004,
    "ptm": 0.23458170890808105,
    "iptm": 0.0,
    "ligand_iptm": 0.0,
    "protein_iptm": 0.0,
    "complex_plddt": 0.40911465883255005,
    "complex_iplddt": 0.0,
    "complex_pde": 3.3509881496429443,
    "complex_ipde": 0.0,
    "chains_ptm": {
        "0": 0.23458170890808105
    },
    "pair_chains_iptm": {
        "0": {
            "0": 0.23458170890808105
        }
    }
}