{
    "confidence_score": 0.7119916677474976,
    "ptm": 0.9111949801445007,
    "iptm": 0.0,
    "ligand_iptm": 0.0,
    "protein_iptm": 0.0,
    "complex_plddt": 0.8899895548820496,
    "complex_iplddt": 0.0,
    "complex_pde": 0.5757323503494263,
    "complex_ipde": 0.0,
    "chains_ptm": {
        "0": 0.9111949801445007
    },
    "pair_chains_iptm": {
        "0": {
            "0": 0.9111949801445007
        }
    }
}