{
    "confidence_score": 0.5174961090087891,
    "ptm": 0.37019777297973633,
    "iptm": 0.0,
    "ligand_iptm": 0.0,
    "protein_iptm": 0.0,
    "complex_plddt": 0.6468701362609863,
    "complex_iplddt": 0.0,
    "complex_pde": 1.998584270477295,
    "complex_ipde": 0.0,
    "chains_ptm": {
        "0": 0.37019777297973633
    },
    "pair_chains_iptm": {
        "0": {
            "0": 0.37019777297973633
        }
    }
}