{
    "confidence_score": 0.46784812211990356,
    "ptm": 0.24266751110553741,
    "iptm": 0.0,
    "ligand_iptm": 0.0,
    "protein_iptm": 0.0,
    "complex_plddt": 0.5848101377487183,
    "complex_iplddt": 0.0,
    "complex_pde": 3.2545647621154785,
    "complex_ipde": 0.0,
    "chains_ptm": {
        "0": 0.24266751110553741
    },
    "pair_chains_iptm": {
        "0": {
            "0": 0.24266751110553741
        }
    }
}