{
    "features": 10573.829444646835,
    "process_features_model_1_pred_0": 17.78194236755371,
    "predict_and_compile_model_1_pred_0": 735.8661277294159,
    "process_features_model_2_pred_0": 24.03511118888855,
    "predict_and_compile_model_2_pred_0": 672.6689963340759,
    "process_features_model_3_pred_0": 20.52381420135498,
    "predict_and_compile_model_3_pred_0": 633.1304762363434,
    "process_features_model_4_pred_0": 19.68608045578003,
    "predict_and_compile_model_4_pred_0": 648.4627480506897,
    "process_features_model_5_pred_0": 19.536537885665894,
    "predict_and_compile_model_5_pred_0": 587.0904228687286,
    "relax_model_3_pred_0": 243.83443784713745
}