{
    "confidence_score": 0.6988482475280762,
    "ptm": 0.915371298789978,
    "iptm": 0.0,
    "ligand_iptm": 0.0,
    "protein_iptm": 0.0,
    "complex_plddt": 0.8735603094100952,
    "complex_iplddt": 0.0,
    "complex_pde": 0.46382755041122437,
    "complex_ipde": 0.0,
    "chains_ptm": {
        "0": 0.915371298789978
    },
    "pair_chains_iptm": {
        "0": {
            "0": 0.915371298789978
        }
    }
}