{
    "confidence_score": 0.5347214341163635,
    "ptm": 0.504120409488678,
    "iptm": 0.0,
    "ligand_iptm": 0.0,
    "protein_iptm": 0.0,
    "complex_plddt": 0.6684017777442932,
    "complex_iplddt": 0.0,
    "complex_pde": 1.9719494581222534,
    "complex_ipde": 0.0,
    "chains_ptm": {
        "0": 0.504120409488678
    },
    "pair_chains_iptm": {
        "0": {
            "0": 0.504120409488678
        }
    }
}