{
    "confidence_score": 0.5826276540756226,
    "ptm": 0.7696588635444641,
    "iptm": 0.0,
    "ligand_iptm": 0.0,
    "protein_iptm": 0.0,
    "complex_plddt": 0.7282845377922058,
    "complex_iplddt": 0.0,
    "complex_pde": 0.6240576505661011,
    "complex_ipde": 0.0,
    "chains_ptm": {
        "0": 0.7696588635444641
    },
    "pair_chains_iptm": {
        "0": {
            "0": 0.7696588635444641
        }
    }
}