{
    "confidence_score": 0.6762551665306091,
    "ptm": 0.903960108757019,
    "iptm": 0.0,
    "ligand_iptm": 0.0,
    "protein_iptm": 0.0,
    "complex_plddt": 0.8453189730644226,
    "complex_iplddt": 0.0,
    "complex_pde": 0.613908052444458,
    "complex_ipde": 0.0,
    "chains_ptm": {
        "0": 0.903960108757019
    },
    "pair_chains_iptm": {
        "0": {
            "0": 0.903960108757019
        }
    }
}