{
    "confidence_score": 0.6635892987251282,
    "ptm": 0.7409366369247437,
    "iptm": 0.0,
    "ligand_iptm": 0.0,
    "protein_iptm": 0.0,
    "complex_plddt": 0.829486608505249,
    "complex_iplddt": 0.0,
    "complex_pde": 0.5714379549026489,
    "complex_ipde": 0.0,
    "chains_ptm": {
        "0": 0.7409366369247437
    },
    "pair_chains_iptm": {
        "0": {
            "0": 0.7409366369247437
        }
    }
}