{
    "confidence_score": 0.691758930683136,
    "ptm": 0.8687453866004944,
    "iptm": 0.0,
    "ligand_iptm": 0.0,
    "protein_iptm": 0.0,
    "complex_plddt": 0.8646986484527588,
    "complex_iplddt": 0.0,
    "complex_pde": 0.4845549762248993,
    "complex_ipde": 0.0,
    "chains_ptm": {
        "0": 0.8687453866004944
    },
    "pair_chains_iptm": {
        "0": {
            "0": 0.8687453866004944
        }
    }
}