{
    "confidence_score": 0.698545515537262,
    "ptm": 0.8697493076324463,
    "iptm": 0.0,
    "ligand_iptm": 0.0,
    "protein_iptm": 0.0,
    "complex_plddt": 0.8731818795204163,
    "complex_iplddt": 0.0,
    "complex_pde": 0.5794744491577148,
    "complex_ipde": 0.0,
    "chains_ptm": {
        "0": 0.8697493076324463
    },
    "pair_chains_iptm": {
        "0": {
            "0": 0.8697493076324463
        }
    }
}