{
    "confidence_score": 0.6276360154151917,
    "ptm": 0.7323557734489441,
    "iptm": 0.0,
    "ligand_iptm": 0.0,
    "protein_iptm": 0.0,
    "complex_plddt": 0.7845450043678284,
    "complex_iplddt": 0.0,
    "complex_pde": 1.0717417001724243,
    "complex_ipde": 0.0,
    "chains_ptm": {
        "0": 0.7323557734489441
    },
    "pair_chains_iptm": {
        "0": {
            "0": 0.7323557734489441
        }
    }
}