{
    "plddts": {
        "model_1_pred_0": 77.31764323156804,
        "model_2_pred_0": 74.08885647334228,
        "model_3_pred_0": 75.97655240817619,
        "model_4_pred_0": 78.54843713781176,
        "model_5_pred_0": 77.28726294281297
    },
    "order": [
        "model_4_pred_0",
        "model_1_pred_0",
        "model_5_pred_0",
        "model_3_pred_0",
        "model_2_pred_0"
    ]
}