{
    "features": 3443.942536830902,
    "process_features_model_1_pred_0": 9.242002964019775,
    "predict_and_compile_model_1_pred_0": 326.2125880718231,
    "process_features_model_2_pred_0": 8.857954025268555,
    "predict_and_compile_model_2_pred_0": 280.9859800338745,
    "process_features_model_3_pred_0": 8.44127631187439,
    "predict_and_compile_model_3_pred_0": 259.2334568500519,
    "process_features_model_4_pred_0": 8.309556484222412,
    "predict_and_compile_model_4_pred_0": 258.1925368309021,
    "process_features_model_5_pred_0": 8.204233884811401,
    "predict_and_compile_model_5_pred_0": 237.37617874145508,
    "relax_model_4_pred_0": 57.0144681930542
}