{
    "confidence_score": 0.5547327399253845,
    "ptm": 0.5318475961685181,
    "iptm": 0.0,
    "ligand_iptm": 0.0,
    "protein_iptm": 0.0,
    "complex_plddt": 0.6934158802032471,
    "complex_iplddt": 0.0,
    "complex_pde": 1.7221108675003052,
    "complex_ipde": 0.0,
    "chains_ptm": {
        "0": 0.5318475961685181
    },
    "pair_chains_iptm": {
        "0": {
            "0": 0.5318475961685181
        }
    }
}