{
    "confidence_score": 0.7335965037345886,
    "ptm": 0.9142060875892639,
    "iptm": 0.0,
    "ligand_iptm": 0.0,
    "protein_iptm": 0.0,
    "complex_plddt": 0.9169955849647522,
    "complex_iplddt": 0.0,
    "complex_pde": 0.3776109516620636,
    "complex_ipde": 0.0,
    "chains_ptm": {
        "0": 0.9142060875892639
    },
    "pair_chains_iptm": {
        "0": {
            "0": 0.9142060875892639
        }
    }
}