{
    "confidence_score": 0.6233062148094177,
    "ptm": 0.6068451404571533,
    "iptm": 0.0,
    "ligand_iptm": 0.0,
    "protein_iptm": 0.0,
    "complex_plddt": 0.7791327834129333,
    "complex_iplddt": 0.0,
    "complex_pde": 1.3318639993667603,
    "complex_ipde": 0.0,
    "chains_ptm": {
        "0": 0.6068451404571533
    },
    "pair_chains_iptm": {
        "0": {
            "0": 0.6068451404571533
        }
    }
}