{
    "confidence_score": 0.4373255670070648,
    "ptm": 0.5823057293891907,
    "iptm": 0.0,
    "ligand_iptm": 0.0,
    "protein_iptm": 0.0,
    "complex_plddt": 0.5466569662094116,
    "complex_iplddt": 0.0,
    "complex_pde": 1.9183598756790161,
    "complex_ipde": 0.0,
    "chains_ptm": {
        "0": 0.5823057293891907
    },
    "pair_chains_iptm": {
        "0": {
            "0": 0.5823057293891907
        }
    }
}