{
    "confidence_score": 0.5291914939880371,
    "ptm": 0.39744773507118225,
    "iptm": 0.0,
    "ligand_iptm": 0.0,
    "protein_iptm": 0.0,
    "complex_plddt": 0.6614893674850464,
    "complex_iplddt": 0.0,
    "complex_pde": 1.1187257766723633,
    "complex_ipde": 0.0,
    "chains_ptm": {
        "0": 0.39744773507118225
    },
    "pair_chains_iptm": {
        "0": {
            "0": 0.39744773507118225
        }
    }
}