{
    "confidence_score": 0.48519665002822876,
    "ptm": 0.4956994354724884,
    "iptm": 0.0,
    "ligand_iptm": 0.0,
    "protein_iptm": 0.0,
    "complex_plddt": 0.6064957976341248,
    "complex_iplddt": 0.0,
    "complex_pde": 1.8808135986328125,
    "complex_ipde": 0.0,
    "chains_ptm": {
        "0": 0.4956994354724884
    },
    "pair_chains_iptm": {
        "0": {
            "0": 0.4956994354724884
        }
    }
}