{
    "confidence_score": 0.5460270643234253,
    "ptm": 0.3576144874095917,
    "iptm": 0.0,
    "ligand_iptm": 0.0,
    "protein_iptm": 0.0,
    "complex_plddt": 0.6825338006019592,
    "complex_iplddt": 0.0,
    "complex_pde": 2.628295660018921,
    "complex_ipde": 0.0,
    "chains_ptm": {
        "0": 0.3576144874095917
    },
    "pair_chains_iptm": {
        "0": {
            "0": 0.3576144874095917
        }
    }
}