{
    "confidence_score": 0.5021356344223022,
    "ptm": 0.5516820549964905,
    "iptm": 0.0,
    "ligand_iptm": 0.0,
    "protein_iptm": 0.0,
    "complex_plddt": 0.6276695132255554,
    "complex_iplddt": 0.0,
    "complex_pde": 1.6643104553222656,
    "complex_ipde": 0.0,
    "chains_ptm": {
        "0": 0.5516820549964905
    },
    "pair_chains_iptm": {
        "0": {
            "0": 0.5516820549964905
        }
    }
}