{
    "confidence_score": 0.7168177962303162,
    "ptm": 0.9284408092498779,
    "iptm": 0.0,
    "ligand_iptm": 0.0,
    "protein_iptm": 0.0,
    "complex_plddt": 0.8960222601890564,
    "complex_iplddt": 0.0,
    "complex_pde": 0.5237522125244141,
    "complex_ipde": 0.0,
    "chains_ptm": {
        "0": 0.9284408092498779
    },
    "pair_chains_iptm": {
        "0": {
            "0": 0.9284408092498779
        }
    }
}