{
    "confidence_score": 0.5703189373016357,
    "ptm": 0.6741243600845337,
    "iptm": 0.0,
    "ligand_iptm": 0.0,
    "protein_iptm": 0.0,
    "complex_plddt": 0.7128986716270447,
    "complex_iplddt": 0.0,
    "complex_pde": 0.9324926733970642,
    "complex_ipde": 0.0,
    "chains_ptm": {
        "0": 0.6741243600845337
    },
    "pair_chains_iptm": {
        "0": {
            "0": 0.6741243600845337
        }
    }
}