{
    "confidence_score": 0.5023391246795654,
    "ptm": 0.4638182520866394,
    "iptm": 0.0,
    "ligand_iptm": 0.0,
    "protein_iptm": 0.0,
    "complex_plddt": 0.6279239058494568,
    "complex_iplddt": 0.0,
    "complex_pde": 2.079028606414795,
    "complex_ipde": 0.0,
    "chains_ptm": {
        "0": 0.4638182520866394
    },
    "pair_chains_iptm": {
        "0": {
            "0": 0.4638182520866394
        }
    }
}