{
    "confidence_score": 0.5838858485221863,
    "ptm": 0.37077903747558594,
    "iptm": 0.0,
    "ligand_iptm": 0.0,
    "protein_iptm": 0.0,
    "complex_plddt": 0.7298572659492493,
    "complex_iplddt": 0.0,
    "complex_pde": 0.7615295648574829,
    "complex_ipde": 0.0,
    "chains_ptm": {
        "0": 0.37077903747558594
    },
    "pair_chains_iptm": {
        "0": {
            "0": 0.37077903747558594
        }
    }
}