{
    "confidence_score": 0.7366577982902527,
    "ptm": 0.8823142051696777,
    "iptm": 0.0,
    "ligand_iptm": 0.0,
    "protein_iptm": 0.0,
    "complex_plddt": 0.920822262763977,
    "complex_iplddt": 0.0,
    "complex_pde": 0.5240620970726013,
    "complex_ipde": 0.0,
    "chains_ptm": {
        "0": 0.8823142051696777
    },
    "pair_chains_iptm": {
        "0": {
            "0": 0.8823142051696777
        }
    }
}