{
    "confidence_score": 0.5572306513786316,
    "ptm": 0.49598830938339233,
    "iptm": 0.0,
    "ligand_iptm": 0.0,
    "protein_iptm": 0.0,
    "complex_plddt": 0.6965382695198059,
    "complex_iplddt": 0.0,
    "complex_pde": 0.8419108390808105,
    "complex_ipde": 0.0,
    "chains_ptm": {
        "0": 0.49598830938339233
    },
    "pair_chains_iptm": {
        "0": {
            "0": 0.49598830938339233
        }
    }
}