{
    "confidence_score": 0.6811680793762207,
    "ptm": 0.8038884401321411,
    "iptm": 0.0,
    "ligand_iptm": 0.0,
    "protein_iptm": 0.0,
    "complex_plddt": 0.8514600992202759,
    "complex_iplddt": 0.0,
    "complex_pde": 0.952777624130249,
    "complex_ipde": 0.0,
    "chains_ptm": {
        "0": 0.8038884401321411
    },
    "pair_chains_iptm": {
        "0": {
            "0": 0.8038884401321411
        }
    }
}