{
    "confidence_score": 0.5599882006645203,
    "ptm": 0.5865622162818909,
    "iptm": 0.0,
    "ligand_iptm": 0.0,
    "protein_iptm": 0.0,
    "complex_plddt": 0.6999852657318115,
    "complex_iplddt": 0.0,
    "complex_pde": 1.6287633180618286,
    "complex_ipde": 0.0,
    "chains_ptm": {
        "0": 0.5865622162818909
    },
    "pair_chains_iptm": {
        "0": {
            "0": 0.5865622162818909
        }
    }
}