{
    "confidence_score": 0.4165315330028534,
    "ptm": 0.19335563480854034,
    "iptm": 0.0,
    "ligand_iptm": 0.0,
    "protein_iptm": 0.0,
    "complex_plddt": 0.520664393901825,
    "complex_iplddt": 0.0,
    "complex_pde": 3.655738115310669,
    "complex_ipde": 0.0,
    "chains_ptm": {
        "0": 0.19335563480854034
    },
    "pair_chains_iptm": {
        "0": {
            "0": 0.19335563480854034
        }
    }
}