{
    "confidence_score": 0.49235567450523376,
    "ptm": 0.24503730237483978,
    "iptm": 0.0,
    "ligand_iptm": 0.0,
    "protein_iptm": 0.0,
    "complex_plddt": 0.6154446005821228,
    "complex_iplddt": 0.0,
    "complex_pde": 1.823973536491394,
    "complex_ipde": 0.0,
    "chains_ptm": {
        "0": 0.24503730237483978
    },
    "pair_chains_iptm": {
        "0": {
            "0": 0.24503730237483978
        }
    }
}