{
    "confidence_score": 0.5458433032035828,
    "ptm": 0.5304539799690247,
    "iptm": 0.0,
    "ligand_iptm": 0.0,
    "protein_iptm": 0.0,
    "complex_plddt": 0.6823041439056396,
    "complex_iplddt": 0.0,
    "complex_pde": 2.2215588092803955,
    "complex_ipde": 0.0,
    "chains_ptm": {
        "0": 0.5304539799690247
    },
    "pair_chains_iptm": {
        "0": {
            "0": 0.5304539799690247
        }
    }
}