{
    "confidence_score": 0.5518158674240112,
    "ptm": 0.6510387659072876,
    "iptm": 0.0,
    "ligand_iptm": 0.0,
    "protein_iptm": 0.0,
    "complex_plddt": 0.6897698044776917,
    "complex_iplddt": 0.0,
    "complex_pde": 1.5524625778198242,
    "complex_ipde": 0.0,
    "chains_ptm": {
        "0": 0.6510387659072876
    },
    "pair_chains_iptm": {
        "0": {
            "0": 0.6510387659072876
        }
    }
}