{
    "confidence_score": 0.5323804020881653,
    "ptm": 0.3030901849269867,
    "iptm": 0.0,
    "ligand_iptm": 0.0,
    "protein_iptm": 0.0,
    "complex_plddt": 0.6654754877090454,
    "complex_iplddt": 0.0,
    "complex_pde": 0.9915187358856201,
    "complex_ipde": 0.0,
    "chains_ptm": {
        "0": 0.3030901849269867
    },
    "pair_chains_iptm": {
        "0": {
            "0": 0.3030901849269867
        }
    }
}