{
    "confidence_score": 0.7375274300575256,
    "ptm": 0.9294938445091248,
    "iptm": 0.0,
    "ligand_iptm": 0.0,
    "protein_iptm": 0.0,
    "complex_plddt": 0.9219092726707458,
    "complex_iplddt": 0.0,
    "complex_pde": 0.37104320526123047,
    "complex_ipde": 0.0,
    "chains_ptm": {
        "0": 0.9294938445091248
    },
    "pair_chains_iptm": {
        "0": {
            "0": 0.9294938445091248
        }
    }
}