{
    "confidence_score": 0.7465392351150513,
    "ptm": 0.9329217672348022,
    "iptm": 0.0,
    "ligand_iptm": 0.0,
    "protein_iptm": 0.0,
    "complex_plddt": 0.9331740140914917,
    "complex_iplddt": 0.0,
    "complex_pde": 0.361743688583374,
    "complex_ipde": 0.0,
    "chains_ptm": {
        "0": 0.9329217672348022
    },
    "pair_chains_iptm": {
        "0": {
            "0": 0.9329217672348022
        }
    }
}