{
    "confidence_score": 0.7431355714797974,
    "ptm": 0.931742250919342,
    "iptm": 0.0,
    "ligand_iptm": 0.0,
    "protein_iptm": 0.0,
    "complex_plddt": 0.9289194345474243,
    "complex_iplddt": 0.0,
    "complex_pde": 0.3422183394432068,
    "complex_ipde": 0.0,
    "chains_ptm": {
        "0": 0.931742250919342
    },
    "pair_chains_iptm": {
        "0": {
            "0": 0.931742250919342
        }
    }
}