{
    "confidence_score": 0.5817117691040039,
    "ptm": 0.5797783136367798,
    "iptm": 0.0,
    "ligand_iptm": 0.0,
    "protein_iptm": 0.0,
    "complex_plddt": 0.7271397113800049,
    "complex_iplddt": 0.0,
    "complex_pde": 0.9314329624176025,
    "complex_ipde": 0.0,
    "chains_ptm": {
        "0": 0.5797783136367798
    },
    "pair_chains_iptm": {
        "0": {
            "0": 0.5797783136367798
        }
    }
}