{
    "confidence_score": 0.5441101789474487,
    "ptm": 0.3693159818649292,
    "iptm": 0.0,
    "ligand_iptm": 0.0,
    "protein_iptm": 0.0,
    "complex_plddt": 0.6801376938819885,
    "complex_iplddt": 0.0,
    "complex_pde": 1.0890198945999146,
    "complex_ipde": 0.0,
    "chains_ptm": {
        "0": 0.3693159818649292
    },
    "pair_chains_iptm": {
        "0": {
            "0": 0.3693159818649292
        }
    }
}