{
    "confidence_score": 0.7408563494682312,
    "ptm": 0.9567816853523254,
    "iptm": 0.0,
    "ligand_iptm": 0.0,
    "protein_iptm": 0.0,
    "complex_plddt": 0.9260704517364502,
    "complex_iplddt": 0.0,
    "complex_pde": 0.39981672167778015,
    "complex_ipde": 0.0,
    "chains_ptm": {
        "0": 0.9567816853523254
    },
    "pair_chains_iptm": {
        "0": {
            "0": 0.9567816853523254
        }
    }
}