{
    "confidence_score": 0.7511221766471863,
    "ptm": 0.9436838626861572,
    "iptm": 0.0,
    "ligand_iptm": 0.0,
    "protein_iptm": 0.0,
    "complex_plddt": 0.9389026761054993,
    "complex_iplddt": 0.0,
    "complex_pde": 0.3554752469062805,
    "complex_ipde": 0.0,
    "chains_ptm": {
        "0": 0.9436838626861572
    },
    "pair_chains_iptm": {
        "0": {
            "0": 0.9436838626861572
        }
    }
}