{
    "confidence_score": 0.6485086679458618,
    "ptm": 0.7065432071685791,
    "iptm": 0.0,
    "ligand_iptm": 0.0,
    "protein_iptm": 0.0,
    "complex_plddt": 0.8106358051300049,
    "complex_iplddt": 0.0,
    "complex_pde": 1.0293084383010864,
    "complex_ipde": 0.0,
    "chains_ptm": {
        "0": 0.7065432071685791
    },
    "pair_chains_iptm": {
        "0": {
            "0": 0.7065432071685791
        }
    }
}