{
    "confidence_score": 0.4810844361782074,
    "ptm": 0.606329619884491,
    "iptm": 0.0,
    "ligand_iptm": 0.0,
    "protein_iptm": 0.0,
    "complex_plddt": 0.6013555526733398,
    "complex_iplddt": 0.0,
    "complex_pde": 1.2317897081375122,
    "complex_ipde": 0.0,
    "chains_ptm": {
        "0": 0.606329619884491
    },
    "pair_chains_iptm": {
        "0": {
            "0": 0.606329619884491
        }
    }
}