{
    "confidence_score": 0.6602930426597595,
    "ptm": 0.689725935459137,
    "iptm": 0.0,
    "ligand_iptm": 0.0,
    "protein_iptm": 0.0,
    "complex_plddt": 0.8253663182258606,
    "complex_iplddt": 0.0,
    "complex_pde": 0.5349046587944031,
    "complex_ipde": 0.0,
    "chains_ptm": {
        "0": 0.689725935459137
    },
    "pair_chains_iptm": {
        "0": {
            "0": 0.689725935459137
        }
    }
}