{
    "confidence_score": 0.6233205199241638,
    "ptm": 0.7154015898704529,
    "iptm": 0.0,
    "ligand_iptm": 0.0,
    "protein_iptm": 0.0,
    "complex_plddt": 0.7791506052017212,
    "complex_iplddt": 0.0,
    "complex_pde": 0.7381112575531006,
    "complex_ipde": 0.0,
    "chains_ptm": {
        "0": 0.7154015898704529
    },
    "pair_chains_iptm": {
        "0": {
            "0": 0.7154015898704529
        }
    }
}