{
    "confidence_score": 0.6300305724143982,
    "ptm": 0.7358818054199219,
    "iptm": 0.0,
    "ligand_iptm": 0.0,
    "protein_iptm": 0.0,
    "complex_plddt": 0.7875382304191589,
    "complex_iplddt": 0.0,
    "complex_pde": 1.0817145109176636,
    "complex_ipde": 0.0,
    "chains_ptm": {
        "0": 0.7358818054199219
    },
    "pair_chains_iptm": {
        "0": {
            "0": 0.7358818054199219
        }
    }
}