{
    "confidence_score": 0.6623969674110413,
    "ptm": 0.8678377270698547,
    "iptm": 0.0,
    "ligand_iptm": 0.0,
    "protein_iptm": 0.0,
    "complex_plddt": 0.8279961943626404,
    "complex_iplddt": 0.0,
    "complex_pde": 0.6668359637260437,
    "complex_ipde": 0.0,
    "chains_ptm": {
        "0": 0.8678377270698547
    },
    "pair_chains_iptm": {
        "0": {
            "0": 0.8678377270698547
        }
    }
}