{
    "plddts": {
        "model_1_pred_0": 53.24430342064376,
        "model_2_pred_0": 49.65331406065733,
        "model_3_pred_0": 56.48906487053848,
        "model_4_pred_0": 61.472085153634765,
        "model_5_pred_0": 48.042183714696165
    },
    "order": [
        "model_4_pred_0",
        "model_3_pred_0",
        "model_1_pred_0",
        "model_2_pred_0",
        "model_5_pred_0"
    ]
}