{
    "plddts": {
        "model_1_pred_0": 84.04107319335657,
        "model_2_pred_0": 83.51701745691383,
        "model_3_pred_0": 85.1416758346037,
        "model_4_pred_0": 83.88978814216541,
        "model_5_pred_0": 83.89964676656525
    },
    "order": [
        "model_3_pred_0",
        "model_1_pred_0",
        "model_5_pred_0",
        "model_4_pred_0",
        "model_2_pred_0"
    ]
}