{
    "confidence_score": 0.6771752834320068,
    "ptm": 0.8810188174247742,
    "iptm": 0.0,
    "ligand_iptm": 0.0,
    "protein_iptm": 0.0,
    "complex_plddt": 0.8464691042900085,
    "complex_iplddt": 0.0,
    "complex_pde": 0.5240876078605652,
    "complex_ipde": 0.0,
    "chains_ptm": {
        "0": 0.8810188174247742
    },
    "pair_chains_iptm": {
        "0": {
            "0": 0.8810188174247742
        }
    }
}