{
    "confidence_score": 0.7062397003173828,
    "ptm": 0.8974182605743408,
    "iptm": 0.0,
    "ligand_iptm": 0.0,
    "protein_iptm": 0.0,
    "complex_plddt": 0.8827996253967285,
    "complex_iplddt": 0.0,
    "complex_pde": 0.5070978999137878,
    "complex_ipde": 0.0,
    "chains_ptm": {
        "0": 0.8974182605743408
    },
    "pair_chains_iptm": {
        "0": {
            "0": 0.8974182605743408
        }
    }
}