{
    "confidence_score": 0.7587248682975769,
    "ptm": 0.9376952648162842,
    "iptm": 0.0,
    "ligand_iptm": 0.0,
    "protein_iptm": 0.0,
    "complex_plddt": 0.9484060406684875,
    "complex_iplddt": 0.0,
    "complex_pde": 0.3309955894947052,
    "complex_ipde": 0.0,
    "chains_ptm": {
        "0": 0.9376952648162842
    },
    "pair_chains_iptm": {
        "0": {
            "0": 0.9376952648162842
        }
    }
}