{
    "plddts": {
        "model_1_pred_0": 77.6953528444017,
        "model_2_pred_0": 77.4185465655371,
        "model_3_pred_0": 78.3829515657745,
        "model_4_pred_0": 78.34482639807835,
        "model_5_pred_0": 78.23381652876992
    },
    "order": [
        "model_3_pred_0",
        "model_4_pred_0",
        "model_5_pred_0",
        "model_1_pred_0",
        "model_2_pred_0"
    ]
}