{
    "features": 4691.4105904102325,
    "process_features_model_1_pred_0": 13.892933368682861,
    "predict_and_compile_model_1_pred_0": 910.8756947517395,
    "process_features_model_2_pred_0": 12.95524287223816,
    "predict_and_compile_model_2_pred_0": 851.8781082630157,
    "process_features_model_3_pred_0": 19.711928844451904,
    "predict_and_compile_model_3_pred_0": 803.107789516449,
    "process_features_model_4_pred_0": 18.213697910308838,
    "predict_and_compile_model_4_pred_0": 799.246809720993,
    "process_features_model_5_pred_0": 15.043471097946167,
    "predict_and_compile_model_5_pred_0": 743.0143015384674,
    "relax_model_3_pred_0": 222.90519618988037
}