{
    "plddts": {
        "model_1_pred_0": 65.89823790449212,
        "model_2_pred_0": 67.14719887172014,
        "model_3_pred_0": 67.1458936634911,
        "model_4_pred_0": 69.11608438741047,
        "model_5_pred_0": 67.30598832834636
    },
    "order": [
        "model_4_pred_0",
        "model_5_pred_0",
        "model_2_pred_0",
        "model_3_pred_0",
        "model_1_pred_0"
    ]
}