{
    "features": 1969.5291650295258,
    "process_features_model_1_pred_0": 1.7033357620239258,
    "predict_and_compile_model_1_pred_0": 409.51807022094727,
    "process_features_model_2_pred_0": 1.792870283126831,
    "predict_and_compile_model_2_pred_0": 374.502562046051,
    "process_features_model_3_pred_0": 1.2527637481689453,
    "predict_and_compile_model_3_pred_0": 348.33120703697205,
    "process_features_model_4_pred_0": 1.3682641983032227,
    "predict_and_compile_model_4_pred_0": 349.5399558544159,
    "process_features_model_5_pred_0": 1.2130670547485352,
    "predict_and_compile_model_5_pred_0": 320.09217381477356,
    "relax_model_4_pred_0": 86.9678087234497
}