{
    "confidence_score": 0.6430177092552185,
    "ptm": 0.5358051657676697,
    "iptm": 0.0,
    "ligand_iptm": 0.0,
    "protein_iptm": 0.0,
    "complex_plddt": 0.8037721514701843,
    "complex_iplddt": 0.0,
    "complex_pde": 1.6063547134399414,
    "complex_ipde": 0.0,
    "chains_ptm": {
        "0": 0.5358051657676697
    },
    "pair_chains_iptm": {
        "0": {
            "0": 0.5358051657676697
        }
    }
}