{
    "confidence_score": 0.6098214983940125,
    "ptm": 0.8065181374549866,
    "iptm": 0.0,
    "ligand_iptm": 0.0,
    "protein_iptm": 0.0,
    "complex_plddt": 0.7622768878936768,
    "complex_iplddt": 0.0,
    "complex_pde": 0.6694349050521851,
    "complex_ipde": 0.0,
    "chains_ptm": {
        "0": 0.8065181374549866
    },
    "pair_chains_iptm": {
        "0": {
            "0": 0.8065181374549866
        }
    }
}