{
    "confidence_score": 0.7004562616348267,
    "ptm": 0.8236570954322815,
    "iptm": 0.0,
    "ligand_iptm": 0.0,
    "protein_iptm": 0.0,
    "complex_plddt": 0.8755702972412109,
    "complex_iplddt": 0.0,
    "complex_pde": 0.5953172445297241,
    "complex_ipde": 0.0,
    "chains_ptm": {
        "0": 0.8236570954322815
    },
    "pair_chains_iptm": {
        "0": {
            "0": 0.8236570954322815
        }
    }
}