{
    "confidence_score": 0.6233224272727966,
    "ptm": 0.8116805553436279,
    "iptm": 0.0,
    "ligand_iptm": 0.0,
    "protein_iptm": 0.0,
    "complex_plddt": 0.7791529893875122,
    "complex_iplddt": 0.0,
    "complex_pde": 1.1645145416259766,
    "complex_ipde": 0.0,
    "chains_ptm": {
        "0": 0.8116805553436279
    },
    "pair_chains_iptm": {
        "0": {
            "0": 0.8116805553436279
        }
    }
}