{
    "confidence_score": 0.6879645586013794,
    "ptm": 0.8801509141921997,
    "iptm": 0.0,
    "ligand_iptm": 0.0,
    "protein_iptm": 0.0,
    "complex_plddt": 0.8599556684494019,
    "complex_iplddt": 0.0,
    "complex_pde": 0.4783416986465454,
    "complex_ipde": 0.0,
    "chains_ptm": {
        "0": 0.8801509141921997
    },
    "pair_chains_iptm": {
        "0": {
            "0": 0.8801509141921997
        }
    }
}