{
    "confidence_score": 0.5218355655670166,
    "ptm": 0.2893025279045105,
    "iptm": 0.0,
    "ligand_iptm": 0.0,
    "protein_iptm": 0.0,
    "complex_plddt": 0.6522944569587708,
    "complex_iplddt": 0.0,
    "complex_pde": 1.4606374502182007,
    "complex_ipde": 0.0,
    "chains_ptm": {
        "0": 0.2893025279045105
    },
    "pair_chains_iptm": {
        "0": {
            "0": 0.2893025279045105
        }
    }
}