{
    "confidence_score": 0.5450471043586731,
    "ptm": 0.4546597898006439,
    "iptm": 0.0,
    "ligand_iptm": 0.0,
    "protein_iptm": 0.0,
    "complex_plddt": 0.6813088655471802,
    "complex_iplddt": 0.0,
    "complex_pde": 1.0146971940994263,
    "complex_ipde": 0.0,
    "chains_ptm": {
        "0": 0.4546597898006439
    },
    "pair_chains_iptm": {
        "0": {
            "0": 0.4546597898006439
        }
    }
}