{
    "features": 7830.812230348587,
    "process_features_model_1_pred_0": 2.3896892070770264,
    "predict_and_compile_model_1_pred_0": 36359.089985609055,
    "process_features_model_2_pred_0": 2.3207459449768066,
    "predict_and_compile_model_2_pred_0": 36492.50599527359,
    "process_features_model_3_pred_0": 1.9373245239257812,
    "predict_and_compile_model_3_pred_0": 41168.66295552254,
    "process_features_model_4_pred_0": 1.8558964729309082,
    "predict_and_compile_model_4_pred_0": 46672.21087932587,
    "process_features_model_5_pred_0": 1.6448626518249512,
    "predict_and_compile_model_5_pred_0": 46283.9195420742,
    "relax_model_5_pred_0": 1972.9383325576782
}