{
    "confidence_score": 0.6673568487167358,
    "ptm": 0.7939935326576233,
    "iptm": 0.0,
    "ligand_iptm": 0.0,
    "protein_iptm": 0.0,
    "complex_plddt": 0.8341960310935974,
    "complex_iplddt": 0.0,
    "complex_pde": 0.5813814401626587,
    "complex_ipde": 0.0,
    "chains_ptm": {
        "0": 0.7939935326576233
    },
    "pair_chains_iptm": {
        "0": {
            "0": 0.7939935326576233
        }
    }
}