{
    "confidence_score": 0.6453857421875,
    "ptm": 0.743471622467041,
    "iptm": 0.0,
    "ligand_iptm": 0.0,
    "protein_iptm": 0.0,
    "complex_plddt": 0.806732177734375,
    "complex_iplddt": 0.0,
    "complex_pde": 0.9864955544471741,
    "complex_ipde": 0.0,
    "chains_ptm": {
        "0": 0.743471622467041
    },
    "pair_chains_iptm": {
        "0": {
            "0": 0.743471622467041
        }
    }
}