{
    "confidence_score": 0.5930012464523315,
    "ptm": 0.6713626384735107,
    "iptm": 0.0,
    "ligand_iptm": 0.0,
    "protein_iptm": 0.0,
    "complex_plddt": 0.741251528263092,
    "complex_iplddt": 0.0,
    "complex_pde": 1.1210452318191528,
    "complex_ipde": 0.0,
    "chains_ptm": {
        "0": 0.6713626384735107
    },
    "pair_chains_iptm": {
        "0": {
            "0": 0.6713626384735107
        }
    }
}