{
    "confidence_score": 0.4692038595676422,
    "ptm": 0.4738869071006775,
    "iptm": 0.0,
    "ligand_iptm": 0.0,
    "protein_iptm": 0.0,
    "complex_plddt": 0.5865048170089722,
    "complex_iplddt": 0.0,
    "complex_pde": 1.3404604196548462,
    "complex_ipde": 0.0,
    "chains_ptm": {
        "0": 0.4738869071006775
    },
    "pair_chains_iptm": {
        "0": {
            "0": 0.4738869071006775
        }
    }
}