{
    "confidence_score": 0.6656274199485779,
    "ptm": 0.7848004102706909,
    "iptm": 0.0,
    "ligand_iptm": 0.0,
    "protein_iptm": 0.0,
    "complex_plddt": 0.8320342898368835,
    "complex_iplddt": 0.0,
    "complex_pde": 0.5776368379592896,
    "complex_ipde": 0.0,
    "chains_ptm": {
        "0": 0.7848004102706909
    },
    "pair_chains_iptm": {
        "0": {
            "0": 0.7848004102706909
        }
    }
}