{
    "plddts": {
        "model_1_pred_0": 90.0932279145138,
        "model_2_pred_0": 89.85631767323713,
        "model_3_pred_0": 90.95282272662776,
        "model_4_pred_0": 90.1268662891391,
        "model_5_pred_0": 89.74672255820708
    },
    "order": [
        "model_3_pred_0",
        "model_4_pred_0",
        "model_1_pred_0",
        "model_2_pred_0",
        "model_5_pred_0"
    ]
}