{
    "features": 3816.661505460739,
    "process_features_model_1_pred_0": 11.405337572097778,
    "predict_and_compile_model_1_pred_0": 323.69493436813354,
    "process_features_model_2_pred_0": 11.949081659317017,
    "predict_and_compile_model_2_pred_0": 296.4011900424957,
    "process_features_model_3_pred_0": 13.666264533996582,
    "predict_and_compile_model_3_pred_0": 264.9308032989502,
    "process_features_model_4_pred_0": 12.784460306167603,
    "predict_and_compile_model_4_pred_0": 263.1297330856323,
    "process_features_model_5_pred_0": 11.863720893859863,
    "predict_and_compile_model_5_pred_0": 244.78801274299622,
    "relax_model_3_pred_0": 67.36087656021118
}