{
    "confidence_score": 0.7183008193969727,
    "ptm": 0.9344891905784607,
    "iptm": 0.0,
    "ligand_iptm": 0.0,
    "protein_iptm": 0.0,
    "complex_plddt": 0.8978760242462158,
    "complex_iplddt": 0.0,
    "complex_pde": 0.4625591039657593,
    "complex_ipde": 0.0,
    "chains_ptm": {
        "0": 0.9344891905784607
    },
    "pair_chains_iptm": {
        "0": {
            "0": 0.9344891905784607
        }
    }
}