{
    "confidence_score": 0.5892071723937988,
    "ptm": 0.7152086496353149,
    "iptm": 0.0,
    "ligand_iptm": 0.0,
    "protein_iptm": 0.0,
    "complex_plddt": 0.7365089654922485,
    "complex_iplddt": 0.0,
    "complex_pde": 1.6341429948806763,
    "complex_ipde": 0.0,
    "chains_ptm": {
        "0": 0.7152086496353149
    },
    "pair_chains_iptm": {
        "0": {
            "0": 0.7152086496353149
        }
    }
}