{
    "confidence_score": 0.6743147969245911,
    "ptm": 0.8005768060684204,
    "iptm": 0.0,
    "ligand_iptm": 0.0,
    "protein_iptm": 0.0,
    "complex_plddt": 0.8428934812545776,
    "complex_iplddt": 0.0,
    "complex_pde": 0.6235799789428711,
    "complex_ipde": 0.0,
    "chains_ptm": {
        "0": 0.8005768060684204
    },
    "pair_chains_iptm": {
        "0": {
            "0": 0.8005768060684204
        }
    }
}