{
    "confidence_score": 0.7535348534584045,
    "ptm": 0.935077428817749,
    "iptm": 0.0,
    "ligand_iptm": 0.0,
    "protein_iptm": 0.0,
    "complex_plddt": 0.9419185519218445,
    "complex_iplddt": 0.0,
    "complex_pde": 0.37071162462234497,
    "complex_ipde": 0.0,
    "chains_ptm": {
        "0": 0.935077428817749
    },
    "pair_chains_iptm": {
        "0": {
            "0": 0.935077428817749
        }
    }
}