{
    "confidence_score": 0.643197238445282,
    "ptm": 0.5794263482093811,
    "iptm": 0.0,
    "ligand_iptm": 0.0,
    "protein_iptm": 0.0,
    "complex_plddt": 0.8039965033531189,
    "complex_iplddt": 0.0,
    "complex_pde": 1.4342083930969238,
    "complex_ipde": 0.0,
    "chains_ptm": {
        "0": 0.5794263482093811
    },
    "pair_chains_iptm": {
        "0": {
            "0": 0.5794263482093811
        }
    }
}