{
    "confidence_score": 0.7125298976898193,
    "ptm": 0.9164718985557556,
    "iptm": 0.0,
    "ligand_iptm": 0.0,
    "protein_iptm": 0.0,
    "complex_plddt": 0.8906623721122742,
    "complex_iplddt": 0.0,
    "complex_pde": 0.45599865913391113,
    "complex_ipde": 0.0,
    "chains_ptm": {
        "0": 0.9164718985557556
    },
    "pair_chains_iptm": {
        "0": {
            "0": 0.9164718985557556
        }
    }
}