{
    "confidence_score": 0.7577060461044312,
    "ptm": 0.9478263854980469,
    "iptm": 0.0,
    "ligand_iptm": 0.0,
    "protein_iptm": 0.0,
    "complex_plddt": 0.9471325278282166,
    "complex_iplddt": 0.0,
    "complex_pde": 0.30558452010154724,
    "complex_ipde": 0.0,
    "chains_ptm": {
        "0": 0.9478263854980469
    },
    "pair_chains_iptm": {
        "0": {
            "0": 0.9478263854980469
        }
    }
}