{
    "confidence_score": 0.7041803002357483,
    "ptm": 0.7240834832191467,
    "iptm": 0.0,
    "ligand_iptm": 0.0,
    "protein_iptm": 0.0,
    "complex_plddt": 0.8802253603935242,
    "complex_iplddt": 0.0,
    "complex_pde": 0.5902264714241028,
    "complex_ipde": 0.0,
    "chains_ptm": {
        "0": 0.7240834832191467
    },
    "pair_chains_iptm": {
        "0": {
            "0": 0.7240834832191467
        }
    }
}