{
    "confidence_score": 0.6308488249778748,
    "ptm": 0.7395725250244141,
    "iptm": 0.0,
    "ligand_iptm": 0.0,
    "protein_iptm": 0.0,
    "complex_plddt": 0.7885609865188599,
    "complex_iplddt": 0.0,
    "complex_pde": 1.12779700756073,
    "complex_ipde": 0.0,
    "chains_ptm": {
        "0": 0.7395725250244141
    },
    "pair_chains_iptm": {
        "0": {
            "0": 0.7395725250244141
        }
    }
}