{
    "confidence_score": 0.6866475343704224,
    "ptm": 0.821714460849762,
    "iptm": 0.0,
    "ligand_iptm": 0.0,
    "protein_iptm": 0.0,
    "complex_plddt": 0.8583093881607056,
    "complex_iplddt": 0.0,
    "complex_pde": 0.5198357701301575,
    "complex_ipde": 0.0,
    "chains_ptm": {
        "0": 0.821714460849762
    },
    "pair_chains_iptm": {
        "0": {
            "0": 0.821714460849762
        }
    }
}