{
    "confidence_score": 0.5068826079368591,
    "ptm": 0.3902798891067505,
    "iptm": 0.0,
    "ligand_iptm": 0.0,
    "protein_iptm": 0.0,
    "complex_plddt": 0.6336032748222351,
    "complex_iplddt": 0.0,
    "complex_pde": 2.6117866039276123,
    "complex_ipde": 0.0,
    "chains_ptm": {
        "0": 0.3902798891067505
    },
    "pair_chains_iptm": {
        "0": {
            "0": 0.3902798891067505
        }
    }
}