{
    "confidence_score": 0.6109439730644226,
    "ptm": 0.5357672572135925,
    "iptm": 0.0,
    "ligand_iptm": 0.0,
    "protein_iptm": 0.0,
    "complex_plddt": 0.7636799216270447,
    "complex_iplddt": 0.0,
    "complex_pde": 0.8477951288223267,
    "complex_ipde": 0.0,
    "chains_ptm": {
        "0": 0.5357672572135925
    },
    "pair_chains_iptm": {
        "0": {
            "0": 0.5357672572135925
        }
    }
}