{
    "confidence_score": 0.7416926026344299,
    "ptm": 0.7844147682189941,
    "iptm": 0.0,
    "ligand_iptm": 0.0,
    "protein_iptm": 0.0,
    "complex_plddt": 0.9271157383918762,
    "complex_iplddt": 0.0,
    "complex_pde": 0.477323979139328,
    "complex_ipde": 0.0,
    "chains_ptm": {
        "0": 0.7844147682189941
    },
    "pair_chains_iptm": {
        "0": {
            "0": 0.7844147682189941
        }
    }
}