{
    "confidence_score": 0.754923939704895,
    "ptm": 0.9633703231811523,
    "iptm": 0.0,
    "ligand_iptm": 0.0,
    "protein_iptm": 0.0,
    "complex_plddt": 0.9436548948287964,
    "complex_iplddt": 0.0,
    "complex_pde": 0.34930863976478577,
    "complex_ipde": 0.0,
    "chains_ptm": {
        "0": 0.9633703231811523
    },
    "pair_chains_iptm": {
        "0": {
            "0": 0.9633703231811523
        }
    }
}