{
    "confidence_score": 0.7072731256484985,
    "ptm": 0.8989022374153137,
    "iptm": 0.0,
    "ligand_iptm": 0.0,
    "protein_iptm": 0.0,
    "complex_plddt": 0.8840913772583008,
    "complex_iplddt": 0.0,
    "complex_pde": 0.42013686895370483,
    "complex_ipde": 0.0,
    "chains_ptm": {
        "0": 0.8989022374153137
    },
    "pair_chains_iptm": {
        "0": {
            "0": 0.8989022374153137
        }
    }
}