{
    "confidence_score": 0.7065401077270508,
    "ptm": 0.9036030769348145,
    "iptm": 0.0,
    "ligand_iptm": 0.0,
    "protein_iptm": 0.0,
    "complex_plddt": 0.8831751346588135,
    "complex_iplddt": 0.0,
    "complex_pde": 0.4439654052257538,
    "complex_ipde": 0.0,
    "chains_ptm": {
        "0": 0.9036030769348145
    },
    "pair_chains_iptm": {
        "0": {
            "0": 0.9036030769348145
        }
    }
}