{
    "confidence_score": 0.563818097114563,
    "ptm": 0.7629418969154358,
    "iptm": 0.0,
    "ligand_iptm": 0.0,
    "protein_iptm": 0.0,
    "complex_plddt": 0.7047725915908813,
    "complex_iplddt": 0.0,
    "complex_pde": 0.9489890336990356,
    "complex_ipde": 0.0,
    "chains_ptm": {
        "0": 0.7629418969154358
    },
    "pair_chains_iptm": {
        "0": {
            "0": 0.7629418969154358
        }
    }
}