{
    "confidence_score": 0.7061179280281067,
    "ptm": 0.9097493886947632,
    "iptm": 0.0,
    "ligand_iptm": 0.0,
    "protein_iptm": 0.0,
    "complex_plddt": 0.8826473951339722,
    "complex_iplddt": 0.0,
    "complex_pde": 0.416582852602005,
    "complex_ipde": 0.0,
    "chains_ptm": {
        "0": 0.9097493886947632
    },
    "pair_chains_iptm": {
        "0": {
            "0": 0.9097493886947632
        }
    }
}