{
    "confidence_score": 0.7164191603660583,
    "ptm": 0.9001014232635498,
    "iptm": 0.0,
    "ligand_iptm": 0.0,
    "protein_iptm": 0.0,
    "complex_plddt": 0.8955239653587341,
    "complex_iplddt": 0.0,
    "complex_pde": 0.5451192259788513,
    "complex_ipde": 0.0,
    "chains_ptm": {
        "0": 0.9001014232635498
    },
    "pair_chains_iptm": {
        "0": {
            "0": 0.9001014232635498
        }
    }
}