{
    "features": 3740.322949886322,
    "process_features_model_1_pred_0": 3.9625699520111084,
    "predict_and_compile_model_1_pred_0": 413.830934047699,
    "process_features_model_2_pred_0": 3.708491563796997,
    "predict_and_compile_model_2_pred_0": 377.9547097682953,
    "process_features_model_3_pred_0": 3.4831907749176025,
    "predict_and_compile_model_3_pred_0": 354.19572162628174,
    "process_features_model_4_pred_0": 3.3658504486083984,
    "predict_and_compile_model_4_pred_0": 350.28631949424744,
    "process_features_model_5_pred_0": 3.3995227813720703,
    "predict_and_compile_model_5_pred_0": 324.6076171398163,
    "relax_model_1_pred_0": 76.96576261520386
}