{
    "confidence_score": 0.6190636157989502,
    "ptm": 0.8045991063117981,
    "iptm": 0.0,
    "ligand_iptm": 0.0,
    "protein_iptm": 0.0,
    "complex_plddt": 0.7738295197486877,
    "complex_iplddt": 0.0,
    "complex_pde": 0.49158167839050293,
    "complex_ipde": 0.0,
    "chains_ptm": {
        "0": 0.8045991063117981
    },
    "pair_chains_iptm": {
        "0": {
            "0": 0.8045991063117981
        }
    }
}