{
    "confidence_score": 0.6613015532493591,
    "ptm": 0.5670773386955261,
    "iptm": 0.0,
    "ligand_iptm": 0.0,
    "protein_iptm": 0.0,
    "complex_plddt": 0.8266268968582153,
    "complex_iplddt": 0.0,
    "complex_pde": 1.080004096031189,
    "complex_ipde": 0.0,
    "chains_ptm": {
        "0": 0.5670773386955261
    },
    "pair_chains_iptm": {
        "0": {
            "0": 0.5670773386955261
        }
    }
}