{
    "confidence_score": 0.7405347228050232,
    "ptm": 0.9345507025718689,
    "iptm": 0.0,
    "ligand_iptm": 0.0,
    "protein_iptm": 0.0,
    "complex_plddt": 0.9256684184074402,
    "complex_iplddt": 0.0,
    "complex_pde": 0.3666520416736603,
    "complex_ipde": 0.0,
    "chains_ptm": {
        "0": 0.9345507025718689
    },
    "pair_chains_iptm": {
        "0": {
            "0": 0.9345507025718689
        }
    }
}