{
    "confidence_score": 0.6714671850204468,
    "ptm": 0.7878700494766235,
    "iptm": 0.0,
    "ligand_iptm": 0.0,
    "protein_iptm": 0.0,
    "complex_plddt": 0.8393339514732361,
    "complex_iplddt": 0.0,
    "complex_pde": 0.6492125391960144,
    "complex_ipde": 0.0,
    "chains_ptm": {
        "0": 0.7878700494766235
    },
    "pair_chains_iptm": {
        "0": {
            "0": 0.7878700494766235
        }
    }
}