{
    "plddts": {
        "model_1_pred_0": 67.51129011306676,
        "model_2_pred_0": 70.42934747779749,
        "model_3_pred_0": 62.11014970778843,
        "model_4_pred_0": 67.05204024538142,
        "model_5_pred_0": 63.20625444659623
    },
    "order": [
        "model_2_pred_0",
        "model_1_pred_0",
        "model_4_pred_0",
        "model_5_pred_0",
        "model_3_pred_0"
    ]
}