{
    "features": 7821.966446638107,
    "process_features_model_1_pred_0": 9.427589178085327,
    "predict_and_compile_model_1_pred_0": 1264.0013372898102,
    "process_features_model_2_pred_0": 9.558434247970581,
    "predict_and_compile_model_2_pred_0": 1166.2938487529755,
    "process_features_model_3_pred_0": 9.560490131378174,
    "predict_and_compile_model_3_pred_0": 1110.143658876419,
    "process_features_model_4_pred_0": 9.402221202850342,
    "predict_and_compile_model_4_pred_0": 1101.982178926468,
    "process_features_model_5_pred_0": 9.468728065490723,
    "predict_and_compile_model_5_pred_0": 1024.0274405479431,
    "relax_model_2_pred_0": 1091.4371585845947
}