{
    "confidence_score": 0.7036352157592773,
    "ptm": 0.9062522649765015,
    "iptm": 0.0,
    "ligand_iptm": 0.0,
    "protein_iptm": 0.0,
    "complex_plddt": 0.8795440196990967,
    "complex_iplddt": 0.0,
    "complex_pde": 0.6031056046485901,
    "complex_ipde": 0.0,
    "chains_ptm": {
        "0": 0.9062522649765015
    },
    "pair_chains_iptm": {
        "0": {
            "0": 0.9062522649765015
        }
    }
}