{
    "confidence_score": 0.5213022232055664,
    "ptm": 0.42271023988723755,
    "iptm": 0.0,
    "ligand_iptm": 0.0,
    "protein_iptm": 0.0,
    "complex_plddt": 0.651627779006958,
    "complex_iplddt": 0.0,
    "complex_pde": 2.2963321208953857,
    "complex_ipde": 0.0,
    "chains_ptm": {
        "0": 0.42271023988723755
    },
    "pair_chains_iptm": {
        "0": {
            "0": 0.42271023988723755
        }
    }
}