{
    "confidence_score": 0.3875431418418884,
    "ptm": 0.23931506276130676,
    "iptm": 0.0,
    "ligand_iptm": 0.0,
    "protein_iptm": 0.0,
    "complex_plddt": 0.48442891240119934,
    "complex_iplddt": 0.0,
    "complex_pde": 3.7624289989471436,
    "complex_ipde": 0.0,
    "chains_ptm": {
        "0": 0.23931506276130676
    },
    "pair_chains_iptm": {
        "0": {
            "0": 0.23931506276130676
        }
    }
}