{
    "confidence_score": 0.6139761805534363,
    "ptm": 0.7655832767486572,
    "iptm": 0.0,
    "ligand_iptm": 0.0,
    "protein_iptm": 0.0,
    "complex_plddt": 0.7674702405929565,
    "complex_iplddt": 0.0,
    "complex_pde": 0.9527150988578796,
    "complex_ipde": 0.0,
    "chains_ptm": {
        "0": 0.7655832767486572
    },
    "pair_chains_iptm": {
        "0": {
            "0": 0.7655832767486572
        }
    }
}