{
    "confidence_score": 0.6624290943145752,
    "ptm": 0.8829423785209656,
    "iptm": 0.0,
    "ligand_iptm": 0.0,
    "protein_iptm": 0.0,
    "complex_plddt": 0.828036367893219,
    "complex_iplddt": 0.0,
    "complex_pde": 0.556029736995697,
    "complex_ipde": 0.0,
    "chains_ptm": {
        "0": 0.8829423785209656
    },
    "pair_chains_iptm": {
        "0": {
            "0": 0.8829423785209656
        }
    }
}