{
    "confidence_score": 0.6909072995185852,
    "ptm": 0.9107262492179871,
    "iptm": 0.0,
    "ligand_iptm": 0.0,
    "protein_iptm": 0.0,
    "complex_plddt": 0.8636341094970703,
    "complex_iplddt": 0.0,
    "complex_pde": 0.5136165022850037,
    "complex_ipde": 0.0,
    "chains_ptm": {
        "0": 0.9107262492179871
    },
    "pair_chains_iptm": {
        "0": {
            "0": 0.9107262492179871
        }
    }
}