{
    "confidence_score": 0.5434016585350037,
    "ptm": 0.5188095569610596,
    "iptm": 0.0,
    "ligand_iptm": 0.0,
    "protein_iptm": 0.0,
    "complex_plddt": 0.679252028465271,
    "complex_iplddt": 0.0,
    "complex_pde": 2.9502506256103516,
    "complex_ipde": 0.0,
    "chains_ptm": {
        "0": 0.5188095569610596
    },
    "pair_chains_iptm": {
        "0": {
            "0": 0.5188095569610596
        }
    }
}