{
    "confidence_score": 0.7486886978149414,
    "ptm": 0.9063346982002258,
    "iptm": 0.0,
    "ligand_iptm": 0.0,
    "protein_iptm": 0.0,
    "complex_plddt": 0.9358608722686768,
    "complex_iplddt": 0.0,
    "complex_pde": 0.34980887174606323,
    "complex_ipde": 0.0,
    "chains_ptm": {
        "0": 0.9063346982002258
    },
    "pair_chains_iptm": {
        "0": {
            "0": 0.9063346982002258
        }
    }
}