{
    "confidence_score": 0.45848414301872253,
    "ptm": 0.2741491198539734,
    "iptm": 0.0,
    "ligand_iptm": 0.0,
    "protein_iptm": 0.0,
    "complex_plddt": 0.5731051564216614,
    "complex_iplddt": 0.0,
    "complex_pde": 2.015148878097534,
    "complex_ipde": 0.0,
    "chains_ptm": {
        "0": 0.2741491198539734
    },
    "pair_chains_iptm": {
        "0": {
            "0": 0.2741491198539734
        }
    }
}