{
    "confidence_score": 0.6473404765129089,
    "ptm": 0.8522261381149292,
    "iptm": 0.0,
    "ligand_iptm": 0.0,
    "protein_iptm": 0.0,
    "complex_plddt": 0.8091755509376526,
    "complex_iplddt": 0.0,
    "complex_pde": 0.5634854435920715,
    "complex_ipde": 0.0,
    "chains_ptm": {
        "0": 0.8522261381149292
    },
    "pair_chains_iptm": {
        "0": {
            "0": 0.8522261381149292
        }
    }
}