{
    "confidence_score": 0.6897422671318054,
    "ptm": 0.9251858592033386,
    "iptm": 0.0,
    "ligand_iptm": 0.0,
    "protein_iptm": 0.0,
    "complex_plddt": 0.862177848815918,
    "complex_iplddt": 0.0,
    "complex_pde": 0.6324484944343567,
    "complex_ipde": 0.0,
    "chains_ptm": {
        "0": 0.9251858592033386
    },
    "pair_chains_iptm": {
        "0": {
            "0": 0.9251858592033386
        }
    }
}