{
    "confidence_score": 0.5348687767982483,
    "ptm": 0.6236916184425354,
    "iptm": 0.0,
    "ligand_iptm": 0.0,
    "protein_iptm": 0.0,
    "complex_plddt": 0.6685859560966492,
    "complex_iplddt": 0.0,
    "complex_pde": 1.2262824773788452,
    "complex_ipde": 0.0,
    "chains_ptm": {
        "0": 0.6236916184425354
    },
    "pair_chains_iptm": {
        "0": {
            "0": 0.6236916184425354
        }
    }
}