{
    "confidence_score": 0.6497685313224792,
    "ptm": 0.7776257991790771,
    "iptm": 0.0,
    "ligand_iptm": 0.0,
    "protein_iptm": 0.0,
    "complex_plddt": 0.8122106790542603,
    "complex_iplddt": 0.0,
    "complex_pde": 0.5716055631637573,
    "complex_ipde": 0.0,
    "chains_ptm": {
        "0": 0.7776257991790771
    },
    "pair_chains_iptm": {
        "0": {
            "0": 0.7776257991790771
        }
    }
}