{
    "confidence_score": 0.36174219846725464,
    "ptm": 0.2756103575229645,
    "iptm": 0.0,
    "ligand_iptm": 0.0,
    "protein_iptm": 0.0,
    "complex_plddt": 0.4521777331829071,
    "complex_iplddt": 0.0,
    "complex_pde": 2.9909825325012207,
    "complex_ipde": 0.0,
    "chains_ptm": {
        "0": 0.2756103575229645
    },
    "pair_chains_iptm": {
        "0": {
            "0": 0.2756103575229645
        }
    }
}