{
    "confidence_score": 0.7516748905181885,
    "ptm": 0.9373239874839783,
    "iptm": 0.0,
    "ligand_iptm": 0.0,
    "protein_iptm": 0.0,
    "complex_plddt": 0.9395936131477356,
    "complex_iplddt": 0.0,
    "complex_pde": 0.3532181978225708,
    "complex_ipde": 0.0,
    "chains_ptm": {
        "0": 0.9373239874839783
    },
    "pair_chains_iptm": {
        "0": {
            "0": 0.9373239874839783
        }
    }
}