{
    "confidence_score": 0.728756308555603,
    "ptm": 0.9395546317100525,
    "iptm": 0.0,
    "ligand_iptm": 0.0,
    "protein_iptm": 0.0,
    "complex_plddt": 0.9109453558921814,
    "complex_iplddt": 0.0,
    "complex_pde": 0.44856154918670654,
    "complex_ipde": 0.0,
    "chains_ptm": {
        "0": 0.9395546317100525
    },
    "pair_chains_iptm": {
        "0": {
            "0": 0.9395546317100525
        }
    }
}