{
    "confidence_score": 0.5588997006416321,
    "ptm": 0.44951334595680237,
    "iptm": 0.0,
    "ligand_iptm": 0.0,
    "protein_iptm": 0.0,
    "complex_plddt": 0.6986246109008789,
    "complex_iplddt": 0.0,
    "complex_pde": 1.8125303983688354,
    "complex_ipde": 0.0,
    "chains_ptm": {
        "0": 0.44951334595680237
    },
    "pair_chains_iptm": {
        "0": {
            "0": 0.44951334595680237
        }
    }
}