{
    "confidence_score": 0.5616063475608826,
    "ptm": 0.46147677302360535,
    "iptm": 0.0,
    "ligand_iptm": 0.0,
    "protein_iptm": 0.0,
    "complex_plddt": 0.7020079493522644,
    "complex_iplddt": 0.0,
    "complex_pde": 1.1693638563156128,
    "complex_ipde": 0.0,
    "chains_ptm": {
        "0": 0.46147677302360535
    },
    "pair_chains_iptm": {
        "0": {
            "0": 0.46147677302360535
        }
    }
}