{
    "confidence_score": 0.5937246680259705,
    "ptm": 0.7775296568870544,
    "iptm": 0.0,
    "ligand_iptm": 0.0,
    "protein_iptm": 0.0,
    "complex_plddt": 0.7421558499336243,
    "complex_iplddt": 0.0,
    "complex_pde": 1.2517849206924438,
    "complex_ipde": 0.0,
    "chains_ptm": {
        "0": 0.7775296568870544
    },
    "pair_chains_iptm": {
        "0": {
            "0": 0.7775296568870544
        }
    }
}