{
    "confidence_score": 0.758773148059845,
    "ptm": 0.954191267490387,
    "iptm": 0.0,
    "ligand_iptm": 0.0,
    "protein_iptm": 0.0,
    "complex_plddt": 0.948466420173645,
    "complex_iplddt": 0.0,
    "complex_pde": 0.33483022451400757,
    "complex_ipde": 0.0,
    "chains_ptm": {
        "0": 0.954191267490387
    },
    "pair_chains_iptm": {
        "0": {
            "0": 0.954191267490387
        }
    }
}