{
    "confidence_score": 0.6854108572006226,
    "ptm": 0.7105966806411743,
    "iptm": 0.0,
    "ligand_iptm": 0.0,
    "protein_iptm": 0.0,
    "complex_plddt": 0.8567635416984558,
    "complex_iplddt": 0.0,
    "complex_pde": 0.49722081422805786,
    "complex_ipde": 0.0,
    "chains_ptm": {
        "0": 0.7105966806411743
    },
    "pair_chains_iptm": {
        "0": {
            "0": 0.7105966806411743
        }
    }
}