{
    "confidence_score": 0.704992949962616,
    "ptm": 0.795801043510437,
    "iptm": 0.0,
    "ligand_iptm": 0.0,
    "protein_iptm": 0.0,
    "complex_plddt": 0.8812412023544312,
    "complex_iplddt": 0.0,
    "complex_pde": 0.5841861367225647,
    "complex_ipde": 0.0,
    "chains_ptm": {
        "0": 0.795801043510437
    },
    "pair_chains_iptm": {
        "0": {
            "0": 0.795801043510437
        }
    }
}