{
    "confidence_score": 0.4280329644680023,
    "ptm": 0.22389715909957886,
    "iptm": 0.0,
    "ligand_iptm": 0.0,
    "protein_iptm": 0.0,
    "complex_plddt": 0.5350412130355835,
    "complex_iplddt": 0.0,
    "complex_pde": 2.696686267852783,
    "complex_ipde": 0.0,
    "chains_ptm": {
        "0": 0.22389715909957886
    },
    "pair_chains_iptm": {
        "0": {
            "0": 0.22389715909957886
        }
    }
}