{
    "confidence_score": 0.643825113773346,
    "ptm": 0.5639500021934509,
    "iptm": 0.0,
    "ligand_iptm": 0.0,
    "protein_iptm": 0.0,
    "complex_plddt": 0.8047813773155212,
    "complex_iplddt": 0.0,
    "complex_pde": 0.9914085865020752,
    "complex_ipde": 0.0,
    "chains_ptm": {
        "0": 0.5639500021934509
    },
    "pair_chains_iptm": {
        "0": {
            "0": 0.5639500021934509
        }
    }
}