{
    "confidence_score": 0.6374889016151428,
    "ptm": 0.5628426671028137,
    "iptm": 0.0,
    "ligand_iptm": 0.0,
    "protein_iptm": 0.0,
    "complex_plddt": 0.7968611121177673,
    "complex_iplddt": 0.0,
    "complex_pde": 1.4105976819992065,
    "complex_ipde": 0.0,
    "chains_ptm": {
        "0": 0.5628426671028137
    },
    "pair_chains_iptm": {
        "0": {
            "0": 0.5628426671028137
        }
    }
}