{
    "plddts": {
        "model_1_pred_0": 73.67200814825527,
        "model_2_pred_0": 74.40654036536847,
        "model_3_pred_0": 75.53236048277502,
        "model_4_pred_0": 76.07301855964323,
        "model_5_pred_0": 75.20431832642586
    },
    "order": [
        "model_4_pred_0",
        "model_3_pred_0",
        "model_5_pred_0",
        "model_2_pred_0",
        "model_1_pred_0"
    ]
}