{
    "confidence_score": 0.6582040190696716,
    "ptm": 0.7989263534545898,
    "iptm": 0.0,
    "ligand_iptm": 0.0,
    "protein_iptm": 0.0,
    "complex_plddt": 0.8227550387382507,
    "complex_iplddt": 0.0,
    "complex_pde": 0.8567001819610596,
    "complex_ipde": 0.0,
    "chains_ptm": {
        "0": 0.7989263534545898
    },
    "pair_chains_iptm": {
        "0": {
            "0": 0.7989263534545898
        }
    }
}