{
    "confidence_score": 0.6779502630233765,
    "ptm": 0.7619727253913879,
    "iptm": 0.0,
    "ligand_iptm": 0.0,
    "protein_iptm": 0.0,
    "complex_plddt": 0.8474377989768982,
    "complex_iplddt": 0.0,
    "complex_pde": 0.42489680647850037,
    "complex_ipde": 0.0,
    "chains_ptm": {
        "0": 0.7619727253913879
    },
    "pair_chains_iptm": {
        "0": {
            "0": 0.7619727253913879
        }
    }
}