{
    "confidence_score": 0.6939339637756348,
    "ptm": 0.8430995941162109,
    "iptm": 0.0,
    "ligand_iptm": 0.0,
    "protein_iptm": 0.0,
    "complex_plddt": 0.8674174547195435,
    "complex_iplddt": 0.0,
    "complex_pde": 0.4849601089954376,
    "complex_ipde": 0.0,
    "chains_ptm": {
        "0": 0.8430995941162109
    },
    "pair_chains_iptm": {
        "0": {
            "0": 0.8430995941162109
        }
    }
}