{
    "plddts": {
        "model_1_pred_0": 78.04822395240208,
        "model_2_pred_0": 79.76555510236628,
        "model_3_pred_0": 80.39951640208375,
        "model_4_pred_0": 78.31219599334572,
        "model_5_pred_0": 81.05137633264837
    },
    "order": [
        "model_5_pred_0",
        "model_3_pred_0",
        "model_2_pred_0",
        "model_4_pred_0",
        "model_1_pred_0"
    ]
}