{
    "features": 12480.062293291092,
    "process_features_model_1_pred_0": 22.524532318115234,
    "predict_and_compile_model_1_pred_0": 648.921706199646,
    "process_features_model_2_pred_0": 23.087900400161743,
    "predict_and_compile_model_2_pred_0": 600.6809935569763,
    "process_features_model_3_pred_0": 22.982914924621582,
    "predict_and_compile_model_3_pred_0": 564.1216833591461,
    "process_features_model_4_pred_0": 27.627700805664062,
    "predict_and_compile_model_4_pred_0": 562.9551756381989,
    "process_features_model_5_pred_0": 28.33222246170044,
    "predict_and_compile_model_5_pred_0": 521.7529311180115,
    "relax_model_5_pred_0": 122.36641359329224
}