{
    "confidence_score": 0.5431555509567261,
    "ptm": 0.6192660331726074,
    "iptm": 0.0,
    "ligand_iptm": 0.0,
    "protein_iptm": 0.0,
    "complex_plddt": 0.6789444088935852,
    "complex_iplddt": 0.0,
    "complex_pde": 1.1800562143325806,
    "complex_ipde": 0.0,
    "chains_ptm": {
        "0": 0.6192660331726074
    },
    "pair_chains_iptm": {
        "0": {
            "0": 0.6192660331726074
        }
    }
}