{
    "confidence_score": 0.7378297448158264,
    "ptm": 0.9414501786231995,
    "iptm": 0.0,
    "ligand_iptm": 0.0,
    "protein_iptm": 0.0,
    "complex_plddt": 0.9222871661186218,
    "complex_iplddt": 0.0,
    "complex_pde": 0.4154144525527954,
    "complex_ipde": 0.0,
    "chains_ptm": {
        "0": 0.9414501786231995
    },
    "pair_chains_iptm": {
        "0": {
            "0": 0.9414501786231995
        }
    }
}