{
    "confidence_score": 0.4908694922924042,
    "ptm": 0.8147055506706238,
    "iptm": 0.0,
    "ligand_iptm": 0.0,
    "protein_iptm": 0.0,
    "complex_plddt": 0.6135868430137634,
    "complex_iplddt": 0.0,
    "complex_pde": 0.7396585941314697,
    "complex_ipde": 0.0,
    "chains_ptm": {
        "0": 0.8147055506706238
    },
    "pair_chains_iptm": {
        "0": {
            "0": 0.8147055506706238
        }
    }
}