{
    "confidence_score": 0.3585403263568878,
    "ptm": 0.19940923154354095,
    "iptm": 0.0,
    "ligand_iptm": 0.0,
    "protein_iptm": 0.0,
    "complex_plddt": 0.4481754004955292,
    "complex_iplddt": 0.0,
    "complex_pde": 2.6947405338287354,
    "complex_ipde": 0.0,
    "chains_ptm": {
        "0": 0.19940923154354095
    },
    "pair_chains_iptm": {
        "0": {
            "0": 0.19940923154354095
        }
    }
}