{
    "confidence_score": 0.580715000629425,
    "ptm": 0.3272235095500946,
    "iptm": 0.0,
    "ligand_iptm": 0.0,
    "protein_iptm": 0.0,
    "complex_plddt": 0.7258937358856201,
    "complex_iplddt": 0.0,
    "complex_pde": 0.9040049910545349,
    "complex_ipde": 0.0,
    "chains_ptm": {
        "0": 0.3272235095500946
    },
    "pair_chains_iptm": {
        "0": {
            "0": 0.3272235095500946
        }
    }
}