{
    "confidence_score": 0.7657310962677002,
    "ptm": 0.9578818678855896,
    "iptm": 0.0,
    "ligand_iptm": 0.0,
    "protein_iptm": 0.0,
    "complex_plddt": 0.9571638703346252,
    "complex_iplddt": 0.0,
    "complex_pde": 0.30039021372795105,
    "complex_ipde": 0.0,
    "chains_ptm": {
        "0": 0.9578818678855896
    },
    "pair_chains_iptm": {
        "0": {
            "0": 0.9578818678855896
        }
    }
}