{
    "confidence_score": 0.6239582300186157,
    "ptm": 0.8405898809432983,
    "iptm": 0.0,
    "ligand_iptm": 0.0,
    "protein_iptm": 0.0,
    "complex_plddt": 0.7799477577209473,
    "complex_iplddt": 0.0,
    "complex_pde": 0.622869074344635,
    "complex_ipde": 0.0,
    "chains_ptm": {
        "0": 0.8405898809432983
    },
    "pair_chains_iptm": {
        "0": {
            "0": 0.8405898809432983
        }
    }
}