{
    "confidence_score": 0.6303287148475647,
    "ptm": 0.7173217535018921,
    "iptm": 0.0,
    "ligand_iptm": 0.0,
    "protein_iptm": 0.0,
    "complex_plddt": 0.7879108786582947,
    "complex_iplddt": 0.0,
    "complex_pde": 0.7476587891578674,
    "complex_ipde": 0.0,
    "chains_ptm": {
        "0": 0.7173217535018921
    },
    "pair_chains_iptm": {
        "0": {
            "0": 0.7173217535018921
        }
    }
}