{
    "confidence_score": 0.6917019486427307,
    "ptm": 0.8621280193328857,
    "iptm": 0.0,
    "ligand_iptm": 0.0,
    "protein_iptm": 0.0,
    "complex_plddt": 0.8646274209022522,
    "complex_iplddt": 0.0,
    "complex_pde": 0.7365224957466125,
    "complex_ipde": 0.0,
    "chains_ptm": {
        "0": 0.8621280193328857
    },
    "pair_chains_iptm": {
        "0": {
            "0": 0.8621280193328857
        }
    }
}