{
    "confidence_score": 0.49164697527885437,
    "ptm": 0.3921654224395752,
    "iptm": 0.0,
    "ligand_iptm": 0.0,
    "protein_iptm": 0.0,
    "complex_plddt": 0.6145586967468262,
    "complex_iplddt": 0.0,
    "complex_pde": 1.507401466369629,
    "complex_ipde": 0.0,
    "chains_ptm": {
        "0": 0.3921654224395752
    },
    "pair_chains_iptm": {
        "0": {
            "0": 0.3921654224395752
        }
    }
}