{
    "confidence_score": 0.5312132239341736,
    "ptm": 0.6179231405258179,
    "iptm": 0.0,
    "ligand_iptm": 0.0,
    "protein_iptm": 0.0,
    "complex_plddt": 0.6640165448188782,
    "complex_iplddt": 0.0,
    "complex_pde": 1.7230781316757202,
    "complex_ipde": 0.0,
    "chains_ptm": {
        "0": 0.6179231405258179
    },
    "pair_chains_iptm": {
        "0": {
            "0": 0.6179231405258179
        }
    }
}