{
    "confidence_score": 0.7522696256637573,
    "ptm": 0.9473106265068054,
    "iptm": 0.0,
    "ligand_iptm": 0.0,
    "protein_iptm": 0.0,
    "complex_plddt": 0.9403370022773743,
    "complex_iplddt": 0.0,
    "complex_pde": 0.34281909465789795,
    "complex_ipde": 0.0,
    "chains_ptm": {
        "0": 0.9473106265068054
    },
    "pair_chains_iptm": {
        "0": {
            "0": 0.9473106265068054
        }
    }
}