{
    "confidence_score": 0.5822250247001648,
    "ptm": 0.7074162364006042,
    "iptm": 0.0,
    "ligand_iptm": 0.0,
    "protein_iptm": 0.0,
    "complex_plddt": 0.7277812957763672,
    "complex_iplddt": 0.0,
    "complex_pde": 1.8085675239562988,
    "complex_ipde": 0.0,
    "chains_ptm": {
        "0": 0.7074162364006042
    },
    "pair_chains_iptm": {
        "0": {
            "0": 0.7074162364006042
        }
    }
}