{
    "confidence_score": 0.7019338011741638,
    "ptm": 0.8059468865394592,
    "iptm": 0.0,
    "ligand_iptm": 0.0,
    "protein_iptm": 0.0,
    "complex_plddt": 0.8774172067642212,
    "complex_iplddt": 0.0,
    "complex_pde": 0.6083053350448608,
    "complex_ipde": 0.0,
    "chains_ptm": {
        "0": 0.8059468865394592
    },
    "pair_chains_iptm": {
        "0": {
            "0": 0.8059468865394592
        }
    }
}