{
    "confidence_score": 0.6927229166030884,
    "ptm": 0.9105759859085083,
    "iptm": 0.0,
    "ligand_iptm": 0.0,
    "protein_iptm": 0.0,
    "complex_plddt": 0.8659036159515381,
    "complex_iplddt": 0.0,
    "complex_pde": 0.5377821922302246,
    "complex_ipde": 0.0,
    "chains_ptm": {
        "0": 0.9105759859085083
    },
    "pair_chains_iptm": {
        "0": {
            "0": 0.9105759859085083
        }
    }
}