{
    "confidence_score": 0.7275789976119995,
    "ptm": 0.9463669657707214,
    "iptm": 0.0,
    "ligand_iptm": 0.0,
    "protein_iptm": 0.0,
    "complex_plddt": 0.909473717212677,
    "complex_iplddt": 0.0,
    "complex_pde": 0.5270192623138428,
    "complex_ipde": 0.0,
    "chains_ptm": {
        "0": 0.9463669657707214
    },
    "pair_chains_iptm": {
        "0": {
            "0": 0.9463669657707214
        }
    }
}