{
    "confidence_score": 0.47757688164711,
    "ptm": 0.3659059703350067,
    "iptm": 0.0,
    "ligand_iptm": 0.0,
    "protein_iptm": 0.0,
    "complex_plddt": 0.5969710946083069,
    "complex_iplddt": 0.0,
    "complex_pde": 3.0978362560272217,
    "complex_ipde": 0.0,
    "chains_ptm": {
        "0": 0.3659059703350067
    },
    "pair_chains_iptm": {
        "0": {
            "0": 0.3659059703350067
        }
    }
}