{
    "confidence_score": 0.46235179901123047,
    "ptm": 0.4057983160018921,
    "iptm": 0.0,
    "ligand_iptm": 0.0,
    "protein_iptm": 0.0,
    "complex_plddt": 0.5779397487640381,
    "complex_iplddt": 0.0,
    "complex_pde": 1.2981876134872437,
    "complex_ipde": 0.0,
    "chains_ptm": {
        "0": 0.4057983160018921
    },
    "pair_chains_iptm": {
        "0": {
            "0": 0.4057983160018921
        }
    }
}