{
    "confidence_score": 0.6675662398338318,
    "ptm": 0.8783448934555054,
    "iptm": 0.0,
    "ligand_iptm": 0.0,
    "protein_iptm": 0.0,
    "complex_plddt": 0.8344578146934509,
    "complex_iplddt": 0.0,
    "complex_pde": 0.6735541224479675,
    "complex_ipde": 0.0,
    "chains_ptm": {
        "0": 0.8783448934555054
    },
    "pair_chains_iptm": {
        "0": {
            "0": 0.8783448934555054
        }
    }
}