{
    "confidence_score": 0.7664674520492554,
    "ptm": 0.9444298148155212,
    "iptm": 0.0,
    "ligand_iptm": 0.0,
    "protein_iptm": 0.0,
    "complex_plddt": 0.9580842852592468,
    "complex_iplddt": 0.0,
    "complex_pde": 0.31295785307884216,
    "complex_ipde": 0.0,
    "chains_ptm": {
        "0": 0.9444298148155212
    },
    "pair_chains_iptm": {
        "0": {
            "0": 0.9444298148155212
        }
    }
}