{
    "confidence_score": 0.5108339786529541,
    "ptm": 0.5043553113937378,
    "iptm": 0.0,
    "ligand_iptm": 0.0,
    "protein_iptm": 0.0,
    "complex_plddt": 0.6385424733161926,
    "complex_iplddt": 0.0,
    "complex_pde": 2.4286398887634277,
    "complex_ipde": 0.0,
    "chains_ptm": {
        "0": 0.5043553113937378
    },
    "pair_chains_iptm": {
        "0": {
            "0": 0.5043553113937378
        }
    }
}