{
    "confidence_score": 0.7410945892333984,
    "ptm": 0.9421164989471436,
    "iptm": 0.0,
    "ligand_iptm": 0.0,
    "protein_iptm": 0.0,
    "complex_plddt": 0.926368236541748,
    "complex_iplddt": 0.0,
    "complex_pde": 0.37021172046661377,
    "complex_ipde": 0.0,
    "chains_ptm": {
        "0": 0.9421164989471436
    },
    "pair_chains_iptm": {
        "0": {
            "0": 0.9421164989471436
        }
    }
}