{
    "confidence_score": 0.7350713014602661,
    "ptm": 0.9443967342376709,
    "iptm": 0.0,
    "ligand_iptm": 0.0,
    "protein_iptm": 0.0,
    "complex_plddt": 0.9188390970230103,
    "complex_iplddt": 0.0,
    "complex_pde": 0.42183831334114075,
    "complex_ipde": 0.0,
    "chains_ptm": {
        "0": 0.9443967342376709
    },
    "pair_chains_iptm": {
        "0": {
            "0": 0.9443967342376709
        }
    }
}