{
    "confidence_score": 0.6543558835983276,
    "ptm": 0.8111588954925537,
    "iptm": 0.0,
    "ligand_iptm": 0.0,
    "protein_iptm": 0.0,
    "complex_plddt": 0.8179448246955872,
    "complex_iplddt": 0.0,
    "complex_pde": 0.7284466624259949,
    "complex_ipde": 0.0,
    "chains_ptm": {
        "0": 0.8111588954925537
    },
    "pair_chains_iptm": {
        "0": {
            "0": 0.8111588954925537
        }
    }
}