{
    "confidence_score": 0.5248051881790161,
    "ptm": 0.284701943397522,
    "iptm": 0.0,
    "ligand_iptm": 0.0,
    "protein_iptm": 0.0,
    "complex_plddt": 0.6560064554214478,
    "complex_iplddt": 0.0,
    "complex_pde": 1.4681801795959473,
    "complex_ipde": 0.0,
    "chains_ptm": {
        "0": 0.284701943397522
    },
    "pair_chains_iptm": {
        "0": {
            "0": 0.284701943397522
        }
    }
}