{
    "confidence_score": 0.5283209681510925,
    "ptm": 0.45865726470947266,
    "iptm": 0.0,
    "ligand_iptm": 0.0,
    "protein_iptm": 0.0,
    "complex_plddt": 0.6604012250900269,
    "complex_iplddt": 0.0,
    "complex_pde": 2.2181930541992188,
    "complex_ipde": 0.0,
    "chains_ptm": {
        "0": 0.45865726470947266
    },
    "pair_chains_iptm": {
        "0": {
            "0": 0.45865726470947266
        }
    }
}