{
    "confidence_score": 0.7425156831741333,
    "ptm": 0.9269858002662659,
    "iptm": 0.0,
    "ligand_iptm": 0.0,
    "protein_iptm": 0.0,
    "complex_plddt": 0.9281445741653442,
    "complex_iplddt": 0.0,
    "complex_pde": 0.36537694931030273,
    "complex_ipde": 0.0,
    "chains_ptm": {
        "0": 0.9269858002662659
    },
    "pair_chains_iptm": {
        "0": {
            "0": 0.9269858002662659
        }
    }
}