{
    "confidence_score": 0.35122621059417725,
    "ptm": 0.23293879628181458,
    "iptm": 0.0,
    "ligand_iptm": 0.0,
    "protein_iptm": 0.0,
    "complex_plddt": 0.43903276324272156,
    "complex_iplddt": 0.0,
    "complex_pde": 2.866533041000366,
    "complex_ipde": 0.0,
    "chains_ptm": {
        "0": 0.23293879628181458
    },
    "pair_chains_iptm": {
        "0": {
            "0": 0.23293879628181458
        }
    }
}