{
    "confidence_score": 0.7505663633346558,
    "ptm": 0.9588316082954407,
    "iptm": 0.0,
    "ligand_iptm": 0.0,
    "protein_iptm": 0.0,
    "complex_plddt": 0.9382079243659973,
    "complex_iplddt": 0.0,
    "complex_pde": 0.3316799998283386,
    "complex_ipde": 0.0,
    "chains_ptm": {
        "0": 0.9588316082954407
    },
    "pair_chains_iptm": {
        "0": {
            "0": 0.9588316082954407
        }
    }
}