{
    "confidence_score": 0.7125829458236694,
    "ptm": 0.9159520268440247,
    "iptm": 0.0,
    "ligand_iptm": 0.0,
    "protein_iptm": 0.0,
    "complex_plddt": 0.8907286524772644,
    "complex_iplddt": 0.0,
    "complex_pde": 0.4849179983139038,
    "complex_ipde": 0.0,
    "chains_ptm": {
        "0": 0.9159520268440247
    },
    "pair_chains_iptm": {
        "0": {
            "0": 0.9159520268440247
        }
    }
}