{
    "confidence_score": 0.6780650019645691,
    "ptm": 0.9106853008270264,
    "iptm": 0.0,
    "ligand_iptm": 0.0,
    "protein_iptm": 0.0,
    "complex_plddt": 0.8475812077522278,
    "complex_iplddt": 0.0,
    "complex_pde": 0.6022046804428101,
    "complex_ipde": 0.0,
    "chains_ptm": {
        "0": 0.9106853008270264
    },
    "pair_chains_iptm": {
        "0": {
            "0": 0.9106853008270264
        }
    }
}