{
    "confidence_score": 0.5170261859893799,
    "ptm": 0.27490222454071045,
    "iptm": 0.0,
    "ligand_iptm": 0.0,
    "protein_iptm": 0.0,
    "complex_plddt": 0.6462827324867249,
    "complex_iplddt": 0.0,
    "complex_pde": 1.376220703125,
    "complex_ipde": 0.0,
    "chains_ptm": {
        "0": 0.27490222454071045
    },
    "pair_chains_iptm": {
        "0": {
            "0": 0.27490222454071045
        }
    }
}