{
    "confidence_score": 0.662619411945343,
    "ptm": 0.8634963035583496,
    "iptm": 0.0,
    "ligand_iptm": 0.0,
    "protein_iptm": 0.0,
    "complex_plddt": 0.8282742500305176,
    "complex_iplddt": 0.0,
    "complex_pde": 1.038936734199524,
    "complex_ipde": 0.0,
    "chains_ptm": {
        "0": 0.8634963035583496
    },
    "pair_chains_iptm": {
        "0": {
            "0": 0.8634963035583496
        }
    }
}