{
    "confidence_score": 0.54170823097229,
    "ptm": 0.6366626620292664,
    "iptm": 0.0,
    "ligand_iptm": 0.0,
    "protein_iptm": 0.0,
    "complex_plddt": 0.6771352887153625,
    "complex_iplddt": 0.0,
    "complex_pde": 1.986131191253662,
    "complex_ipde": 0.0,
    "chains_ptm": {
        "0": 0.6366626620292664
    },
    "pair_chains_iptm": {
        "0": {
            "0": 0.6366626620292664
        }
    }
}