{
    "confidence_score": 0.7369359731674194,
    "ptm": 0.9107147455215454,
    "iptm": 0.0,
    "ligand_iptm": 0.0,
    "protein_iptm": 0.0,
    "complex_plddt": 0.9211699366569519,
    "complex_iplddt": 0.0,
    "complex_pde": 0.41476595401763916,
    "complex_ipde": 0.0,
    "chains_ptm": {
        "0": 0.9107147455215454
    },
    "pair_chains_iptm": {
        "0": {
            "0": 0.9107147455215454
        }
    }
}