{
    "plddts": {
        "model_1_pred_0": 61.79147793828301,
        "model_2_pred_0": 61.6639211148945,
        "model_3_pred_0": 61.78281657319018,
        "model_4_pred_0": 59.504957570418554,
        "model_5_pred_0": 60.70199589353501
    },
    "order": [
        "model_1_pred_0",
        "model_3_pred_0",
        "model_2_pred_0",
        "model_5_pred_0",
        "model_4_pred_0"
    ]
}