{
    "confidence_score": 0.5170400738716125,
    "ptm": 0.35832077264785767,
    "iptm": 0.0,
    "ligand_iptm": 0.0,
    "protein_iptm": 0.0,
    "complex_plddt": 0.6463000774383545,
    "complex_iplddt": 0.0,
    "complex_pde": 1.427720546722412,
    "complex_ipde": 0.0,
    "chains_ptm": {
        "0": 0.35832077264785767
    },
    "pair_chains_iptm": {
        "0": {
            "0": 0.35832077264785767
        }
    }
}