{
    "confidence_score": 0.7134987115859985,
    "ptm": 0.9005566835403442,
    "iptm": 0.0,
    "ligand_iptm": 0.0,
    "protein_iptm": 0.0,
    "complex_plddt": 0.8918733596801758,
    "complex_iplddt": 0.0,
    "complex_pde": 0.4227500557899475,
    "complex_ipde": 0.0,
    "chains_ptm": {
        "0": 0.9005566835403442
    },
    "pair_chains_iptm": {
        "0": {
            "0": 0.9005566835403442
        }
    }
}