{
    "confidence_score": 0.7268844246864319,
    "ptm": 0.9119464755058289,
    "iptm": 0.0,
    "ligand_iptm": 0.0,
    "protein_iptm": 0.0,
    "complex_plddt": 0.9086055159568787,
    "complex_iplddt": 0.0,
    "complex_pde": 0.40399840474128723,
    "complex_ipde": 0.0,
    "chains_ptm": {
        "0": 0.9119464755058289
    },
    "pair_chains_iptm": {
        "0": {
            "0": 0.9119464755058289
        }
    }
}