{
    "confidence_score": 0.7178114652633667,
    "ptm": 0.909788966178894,
    "iptm": 0.0,
    "ligand_iptm": 0.0,
    "protein_iptm": 0.0,
    "complex_plddt": 0.897264301776886,
    "complex_iplddt": 0.0,
    "complex_pde": 0.44731444120407104,
    "complex_ipde": 0.0,
    "chains_ptm": {
        "0": 0.909788966178894
    },
    "pair_chains_iptm": {
        "0": {
            "0": 0.909788966178894
        }
    }
}