{
    "confidence_score": 0.637195885181427,
    "ptm": 0.8157211542129517,
    "iptm": 0.0,
    "ligand_iptm": 0.0,
    "protein_iptm": 0.0,
    "complex_plddt": 0.7964948415756226,
    "complex_iplddt": 0.0,
    "complex_pde": 0.7638266086578369,
    "complex_ipde": 0.0,
    "chains_ptm": {
        "0": 0.8157211542129517
    },
    "pair_chains_iptm": {
        "0": {
            "0": 0.8157211542129517
        }
    }
}