{
    "plddts": {
        "model_1_pred_0": 73.79995529150973,
        "model_2_pred_0": 73.00715019757897,
        "model_3_pred_0": 74.76988214231847,
        "model_4_pred_0": 76.69514225340775,
        "model_5_pred_0": 73.70684866719904
    },
    "order": [
        "model_4_pred_0",
        "model_3_pred_0",
        "model_1_pred_0",
        "model_5_pred_0",
        "model_2_pred_0"
    ]
}