{
    "features": 9932.499426841736,
    "process_features_model_1_pred_0": 16.370625257492065,
    "predict_and_compile_model_1_pred_0": 743.7081792354584,
    "process_features_model_2_pred_0": 14.917633771896362,
    "predict_and_compile_model_2_pred_0": 684.347740650177,
    "process_features_model_3_pred_0": 15.945842027664185,
    "predict_and_compile_model_3_pred_0": 630.8699524402618,
    "process_features_model_4_pred_0": 14.12745213508606,
    "predict_and_compile_model_4_pred_0": 627.376062631607,
    "process_features_model_5_pred_0": 16.893610954284668,
    "predict_and_compile_model_5_pred_0": 582.169828414917,
    "relax_model_4_pred_0": 109.30202078819275
}