{
    "confidence_score": 0.6136325597763062,
    "ptm": 0.4071410000324249,
    "iptm": 0.0,
    "ligand_iptm": 0.0,
    "protein_iptm": 0.0,
    "complex_plddt": 0.7670406699180603,
    "complex_iplddt": 0.0,
    "complex_pde": 0.6365975737571716,
    "complex_ipde": 0.0,
    "chains_ptm": {
        "0": 0.4071410000324249
    },
    "pair_chains_iptm": {
        "0": {
            "0": 0.4071410000324249
        }
    }
}