{
    "confidence_score": 0.7465516328811646,
    "ptm": 0.8726341724395752,
    "iptm": 0.0,
    "ligand_iptm": 0.0,
    "protein_iptm": 0.0,
    "complex_plddt": 0.9331895112991333,
    "complex_iplddt": 0.0,
    "complex_pde": 0.3762580156326294,
    "complex_ipde": 0.0,
    "chains_ptm": {
        "0": 0.8726341724395752
    },
    "pair_chains_iptm": {
        "0": {
            "0": 0.8726341724395752
        }
    }
}