{
    "confidence_score": 0.5934085249900818,
    "ptm": 0.4242374897003174,
    "iptm": 0.0,
    "ligand_iptm": 0.0,
    "protein_iptm": 0.0,
    "complex_plddt": 0.7417606711387634,
    "complex_iplddt": 0.0,
    "complex_pde": 1.1774998903274536,
    "complex_ipde": 0.0,
    "chains_ptm": {
        "0": 0.4242374897003174
    },
    "pair_chains_iptm": {
        "0": {
            "0": 0.4242374897003174
        }
    }
}