{
    "confidence_score": 0.3868768513202667,
    "ptm": 0.29527410864830017,
    "iptm": 0.0,
    "ligand_iptm": 0.0,
    "protein_iptm": 0.0,
    "complex_plddt": 0.4835960566997528,
    "complex_iplddt": 0.0,
    "complex_pde": 3.6387650966644287,
    "complex_ipde": 0.0,
    "chains_ptm": {
        "0": 0.29527410864830017
    },
    "pair_chains_iptm": {
        "0": {
            "0": 0.29527410864830017
        }
    }
}