{
    "confidence_score": 0.5062462687492371,
    "ptm": 0.5059549808502197,
    "iptm": 0.0,
    "ligand_iptm": 0.0,
    "protein_iptm": 0.0,
    "complex_plddt": 0.6328078508377075,
    "complex_iplddt": 0.0,
    "complex_pde": 1.6371554136276245,
    "complex_ipde": 0.0,
    "chains_ptm": {
        "0": 0.5059549808502197
    },
    "pair_chains_iptm": {
        "0": {
            "0": 0.5059549808502197
        }
    }
}