{
    "plddts": {
        "model_1_pred_0": 83.9042858225298,
        "model_2_pred_0": 79.61705587844514,
        "model_3_pred_0": 81.33341383532475,
        "model_4_pred_0": 82.65276272002932,
        "model_5_pred_0": 79.17424239693062
    },
    "order": [
        "model_1_pred_0",
        "model_4_pred_0",
        "model_3_pred_0",
        "model_2_pred_0",
        "model_5_pred_0"
    ]
}