{
    "confidence_score": 0.47196197509765625,
    "ptm": 0.42386648058891296,
    "iptm": 0.0,
    "ligand_iptm": 0.0,
    "protein_iptm": 0.0,
    "complex_plddt": 0.5899524688720703,
    "complex_iplddt": 0.0,
    "complex_pde": 2.057798385620117,
    "complex_ipde": 0.0,
    "chains_ptm": {
        "0": 0.42386648058891296
    },
    "pair_chains_iptm": {
        "0": {
            "0": 0.42386648058891296
        }
    }
}