{
    "confidence_score": 0.4551849961280823,
    "ptm": 0.2852913439273834,
    "iptm": 0.0,
    "ligand_iptm": 0.0,
    "protein_iptm": 0.0,
    "complex_plddt": 0.5689812302589417,
    "complex_iplddt": 0.0,
    "complex_pde": 2.930995225906372,
    "complex_ipde": 0.0,
    "chains_ptm": {
        "0": 0.2852913439273834
    },
    "pair_chains_iptm": {
        "0": {
            "0": 0.2852913439273834
        }
    }
}