{
    "confidence_score": 0.6745168566703796,
    "ptm": 0.8423089981079102,
    "iptm": 0.0,
    "ligand_iptm": 0.0,
    "protein_iptm": 0.0,
    "complex_plddt": 0.8431460857391357,
    "complex_iplddt": 0.0,
    "complex_pde": 0.5644551515579224,
    "complex_ipde": 0.0,
    "chains_ptm": {
        "0": 0.8423089981079102
    },
    "pair_chains_iptm": {
        "0": {
            "0": 0.8423089981079102
        }
    }
}