{
    "confidence_score": 0.7115049958229065,
    "ptm": 0.9212164878845215,
    "iptm": 0.0,
    "ligand_iptm": 0.0,
    "protein_iptm": 0.0,
    "complex_plddt": 0.8893812298774719,
    "complex_iplddt": 0.0,
    "complex_pde": 0.6383079290390015,
    "complex_ipde": 0.0,
    "chains_ptm": {
        "0": 0.9212164878845215
    },
    "pair_chains_iptm": {
        "0": {
            "0": 0.9212164878845215
        }
    }
}