{
    "confidence_score": 0.6616130471229553,
    "ptm": 0.8866616487503052,
    "iptm": 0.0,
    "ligand_iptm": 0.0,
    "protein_iptm": 0.0,
    "complex_plddt": 0.827016294002533,
    "complex_iplddt": 0.0,
    "complex_pde": 0.7334893345832825,
    "complex_ipde": 0.0,
    "chains_ptm": {
        "0": 0.8866616487503052
    },
    "pair_chains_iptm": {
        "0": {
            "0": 0.8866616487503052
        }
    }
}