{
    "confidence_score": 0.7081718444824219,
    "ptm": 0.9225496053695679,
    "iptm": 0.0,
    "ligand_iptm": 0.0,
    "protein_iptm": 0.0,
    "complex_plddt": 0.8852148056030273,
    "complex_iplddt": 0.0,
    "complex_pde": 0.48644956946372986,
    "complex_ipde": 0.0,
    "chains_ptm": {
        "0": 0.9225496053695679
    },
    "pair_chains_iptm": {
        "0": {
            "0": 0.9225496053695679
        }
    }
}