{
    "confidence_score": 0.7410213947296143,
    "ptm": 0.9252384305000305,
    "iptm": 0.0,
    "ligand_iptm": 0.0,
    "protein_iptm": 0.0,
    "complex_plddt": 0.9262767434120178,
    "complex_iplddt": 0.0,
    "complex_pde": 0.3562632203102112,
    "complex_ipde": 0.0,
    "chains_ptm": {
        "0": 0.9252384305000305
    },
    "pair_chains_iptm": {
        "0": {
            "0": 0.9252384305000305
        }
    }
}