{
    "confidence_score": 0.7082011103630066,
    "ptm": 0.9146170616149902,
    "iptm": 0.0,
    "ligand_iptm": 0.0,
    "protein_iptm": 0.0,
    "complex_plddt": 0.8852514028549194,
    "complex_iplddt": 0.0,
    "complex_pde": 0.5503355264663696,
    "complex_ipde": 0.0,
    "chains_ptm": {
        "0": 0.9146170616149902
    },
    "pair_chains_iptm": {
        "0": {
            "0": 0.9146170616149902
        }
    }
}