{
    "features": 10202.919431447983,
    "process_features_model_1_pred_0": 11.852012395858765,
    "predict_and_compile_model_1_pred_0": 275.07006788253784,
    "process_features_model_2_pred_0": 11.003317832946777,
    "predict_and_compile_model_2_pred_0": 251.96130919456482,
    "process_features_model_3_pred_0": 11.06170129776001,
    "predict_and_compile_model_3_pred_0": 241.08242082595825,
    "process_features_model_4_pred_0": 10.688815355300903,
    "predict_and_compile_model_4_pred_0": 235.0833191871643,
    "process_features_model_5_pred_0": 11.234463453292847,
    "predict_and_compile_model_5_pred_0": 217.15616583824158,
    "relax_model_4_pred_0": 44.29616641998291
}