{
    "confidence_score": 0.704258143901825,
    "ptm": 0.8973405361175537,
    "iptm": 0.0,
    "ligand_iptm": 0.0,
    "protein_iptm": 0.0,
    "complex_plddt": 0.8803226351737976,
    "complex_iplddt": 0.0,
    "complex_pde": 0.5460315346717834,
    "complex_ipde": 0.0,
    "chains_ptm": {
        "0": 0.8973405361175537
    },
    "pair_chains_iptm": {
        "0": {
            "0": 0.8973405361175537
        }
    }
}