{
    "confidence_score": 0.5808829665184021,
    "ptm": 0.6930668950080872,
    "iptm": 0.0,
    "ligand_iptm": 0.0,
    "protein_iptm": 0.0,
    "complex_plddt": 0.7261037230491638,
    "complex_iplddt": 0.0,
    "complex_pde": 0.7647790908813477,
    "complex_ipde": 0.0,
    "chains_ptm": {
        "0": 0.6930668950080872
    },
    "pair_chains_iptm": {
        "0": {
            "0": 0.6930668950080872
        }
    }
}