{
    "confidence_score": 0.7197921276092529,
    "ptm": 0.9030578136444092,
    "iptm": 0.0,
    "ligand_iptm": 0.0,
    "protein_iptm": 0.0,
    "complex_plddt": 0.8997401595115662,
    "complex_iplddt": 0.0,
    "complex_pde": 0.41019323468208313,
    "complex_ipde": 0.0,
    "chains_ptm": {
        "0": 0.9030578136444092
    },
    "pair_chains_iptm": {
        "0": {
            "0": 0.9030578136444092
        }
    }
}