{
    "confidence_score": 0.6385437846183777,
    "ptm": 0.5901057124137878,
    "iptm": 0.0,
    "ligand_iptm": 0.0,
    "protein_iptm": 0.0,
    "complex_plddt": 0.7981797456741333,
    "complex_iplddt": 0.0,
    "complex_pde": 0.9623645544052124,
    "complex_ipde": 0.0,
    "chains_ptm": {
        "0": 0.5901057124137878
    },
    "pair_chains_iptm": {
        "0": {
            "0": 0.5901057124137878
        }
    }
}