{
    "confidence_score": 0.636378288269043,
    "ptm": 0.7797653079032898,
    "iptm": 0.0,
    "ligand_iptm": 0.0,
    "protein_iptm": 0.0,
    "complex_plddt": 0.7954728603363037,
    "complex_iplddt": 0.0,
    "complex_pde": 0.6095789670944214,
    "complex_ipde": 0.0,
    "chains_ptm": {
        "0": 0.7797653079032898
    },
    "pair_chains_iptm": {
        "0": {
            "0": 0.7797653079032898
        }
    }
}