{
    "confidence_score": 0.6997427940368652,
    "ptm": 0.8217208981513977,
    "iptm": 0.0,
    "ligand_iptm": 0.0,
    "protein_iptm": 0.0,
    "complex_plddt": 0.8746784925460815,
    "complex_iplddt": 0.0,
    "complex_pde": 0.5797256231307983,
    "complex_ipde": 0.0,
    "chains_ptm": {
        "0": 0.8217208981513977
    },
    "pair_chains_iptm": {
        "0": {
            "0": 0.8217208981513977
        }
    }
}