{
    "confidence_score": 0.4977574944496155,
    "ptm": 0.23876897990703583,
    "iptm": 0.0,
    "ligand_iptm": 0.0,
    "protein_iptm": 0.0,
    "complex_plddt": 0.6221968531608582,
    "complex_iplddt": 0.0,
    "complex_pde": 1.397498607635498,
    "complex_ipde": 0.0,
    "chains_ptm": {
        "0": 0.23876897990703583
    },
    "pair_chains_iptm": {
        "0": {
            "0": 0.23876897990703583
        }
    }
}