{
    "confidence_score": 0.7139188051223755,
    "ptm": 0.9276939630508423,
    "iptm": 0.0,
    "ligand_iptm": 0.0,
    "protein_iptm": 0.0,
    "complex_plddt": 0.892398476600647,
    "complex_iplddt": 0.0,
    "complex_pde": 0.48839685320854187,
    "complex_ipde": 0.0,
    "chains_ptm": {
        "0": 0.9276939630508423
    },
    "pair_chains_iptm": {
        "0": {
            "0": 0.9276939630508423
        }
    }
}