{
    "confidence_score": 0.6413608193397522,
    "ptm": 0.4862300157546997,
    "iptm": 0.0,
    "ligand_iptm": 0.0,
    "protein_iptm": 0.0,
    "complex_plddt": 0.801701009273529,
    "complex_iplddt": 0.0,
    "complex_pde": 0.9844591021537781,
    "complex_ipde": 0.0,
    "chains_ptm": {
        "0": 0.4862300157546997
    },
    "pair_chains_iptm": {
        "0": {
            "0": 0.4862300157546997
        }
    }
}