{
    "confidence_score": 0.580230176448822,
    "ptm": 0.3719601333141327,
    "iptm": 0.0,
    "ligand_iptm": 0.0,
    "protein_iptm": 0.0,
    "complex_plddt": 0.7252877354621887,
    "complex_iplddt": 0.0,
    "complex_pde": 1.4848564863204956,
    "complex_ipde": 0.0,
    "chains_ptm": {
        "0": 0.3719601333141327
    },
    "pair_chains_iptm": {
        "0": {
            "0": 0.3719601333141327
        }
    }
}