{
    "confidence_score": 0.5261921286582947,
    "ptm": 0.6113106608390808,
    "iptm": 0.0,
    "ligand_iptm": 0.0,
    "protein_iptm": 0.0,
    "complex_plddt": 0.6577401757240295,
    "complex_iplddt": 0.0,
    "complex_pde": 1.2430362701416016,
    "complex_ipde": 0.0,
    "chains_ptm": {
        "0": 0.6113106608390808
    },
    "pair_chains_iptm": {
        "0": {
            "0": 0.6113106608390808
        }
    }
}