{
    "confidence_score": 0.6186450719833374,
    "ptm": 0.7645725011825562,
    "iptm": 0.0,
    "ligand_iptm": 0.0,
    "protein_iptm": 0.0,
    "complex_plddt": 0.7733063101768494,
    "complex_iplddt": 0.0,
    "complex_pde": 1.0828649997711182,
    "complex_ipde": 0.0,
    "chains_ptm": {
        "0": 0.7645725011825562
    },
    "pair_chains_iptm": {
        "0": {
            "0": 0.7645725011825562
        }
    }
}