{
    "confidence_score": 0.6740120053291321,
    "ptm": 0.7710827589035034,
    "iptm": 0.0,
    "ligand_iptm": 0.0,
    "protein_iptm": 0.0,
    "complex_plddt": 0.8425149917602539,
    "complex_iplddt": 0.0,
    "complex_pde": 0.5567208528518677,
    "complex_ipde": 0.0,
    "chains_ptm": {
        "0": 0.7710827589035034
    },
    "pair_chains_iptm": {
        "0": {
            "0": 0.7710827589035034
        }
    }
}