{
    "confidence_score": 0.7433533668518066,
    "ptm": 0.9445676207542419,
    "iptm": 0.0,
    "ligand_iptm": 0.0,
    "protein_iptm": 0.0,
    "complex_plddt": 0.9291917085647583,
    "complex_iplddt": 0.0,
    "complex_pde": 0.3478831946849823,
    "complex_ipde": 0.0,
    "chains_ptm": {
        "0": 0.9445676207542419
    },
    "pair_chains_iptm": {
        "0": {
            "0": 0.9445676207542419
        }
    }
}