{
    "features": 2217.7212946414948,
    "process_features_model_1_pred_0": 1.4295380115509033,
    "predict_and_compile_model_1_pred_0": 434.4894335269928,
    "process_features_model_2_pred_0": 1.660343885421753,
    "predict_and_compile_model_2_pred_0": 405.07111263275146,
    "process_features_model_3_pred_0": 1.2488343715667725,
    "predict_and_compile_model_3_pred_0": 380.4139549732208,
    "process_features_model_4_pred_0": 1.253601312637329,
    "predict_and_compile_model_4_pred_0": 377.16997385025024,
    "process_features_model_5_pred_0": 1.212378740310669,
    "predict_and_compile_model_5_pred_0": 349.58617758750916,
    "relax_model_1_pred_0": 212.2531611919403
}