{
    "confidence_score": 0.6207737326622009,
    "ptm": 0.616939127445221,
    "iptm": 0.0,
    "ligand_iptm": 0.0,
    "protein_iptm": 0.0,
    "complex_plddt": 0.7759671211242676,
    "complex_iplddt": 0.0,
    "complex_pde": 0.8727271556854248,
    "complex_ipde": 0.0,
    "chains_ptm": {
        "0": 0.616939127445221
    },
    "pair_chains_iptm": {
        "0": {
            "0": 0.616939127445221
        }
    }
}