{
    "confidence_score": 0.6271443963050842,
    "ptm": 0.9066203832626343,
    "iptm": 0.0,
    "ligand_iptm": 0.0,
    "protein_iptm": 0.0,
    "complex_plddt": 0.7839304804801941,
    "complex_iplddt": 0.0,
    "complex_pde": 0.5141838192939758,
    "complex_ipde": 0.0,
    "chains_ptm": {
        "0": 0.9066203832626343
    },
    "pair_chains_iptm": {
        "0": {
            "0": 0.9066203832626343
        }
    }
}