{
    "confidence_score": 0.4921337068080902,
    "ptm": 0.6207972168922424,
    "iptm": 0.0,
    "ligand_iptm": 0.0,
    "protein_iptm": 0.0,
    "complex_plddt": 0.6151671409606934,
    "complex_iplddt": 0.0,
    "complex_pde": 1.805199384689331,
    "complex_ipde": 0.0,
    "chains_ptm": {
        "0": 0.6207972168922424
    },
    "pair_chains_iptm": {
        "0": {
            "0": 0.6207972168922424
        }
    }
}