{
    "confidence_score": 0.7431008219718933,
    "ptm": 0.9395320415496826,
    "iptm": 0.0,
    "ligand_iptm": 0.0,
    "protein_iptm": 0.0,
    "complex_plddt": 0.9288760423660278,
    "complex_iplddt": 0.0,
    "complex_pde": 0.3659992516040802,
    "complex_ipde": 0.0,
    "chains_ptm": {
        "0": 0.9395320415496826
    },
    "pair_chains_iptm": {
        "0": {
            "0": 0.9395320415496826
        }
    }
}