{
    "confidence_score": 0.6380819082260132,
    "ptm": 0.6285356283187866,
    "iptm": 0.0,
    "ligand_iptm": 0.0,
    "protein_iptm": 0.0,
    "complex_plddt": 0.7976023554801941,
    "complex_iplddt": 0.0,
    "complex_pde": 1.3560916185379028,
    "complex_ipde": 0.0,
    "chains_ptm": {
        "0": 0.6285356283187866
    },
    "pair_chains_iptm": {
        "0": {
            "0": 0.6285356283187866
        }
    }
}