{
    "confidence_score": 0.5817715525627136,
    "ptm": 0.6507315039634705,
    "iptm": 0.0,
    "ligand_iptm": 0.0,
    "protein_iptm": 0.0,
    "complex_plddt": 0.7272144556045532,
    "complex_iplddt": 0.0,
    "complex_pde": 1.071445345878601,
    "complex_ipde": 0.0,
    "chains_ptm": {
        "0": 0.6507315039634705
    },
    "pair_chains_iptm": {
        "0": {
            "0": 0.6507315039634705
        }
    }
}