{
    "confidence_score": 0.4523564279079437,
    "ptm": 0.3145710229873657,
    "iptm": 0.0,
    "ligand_iptm": 0.0,
    "protein_iptm": 0.0,
    "complex_plddt": 0.5654455423355103,
    "complex_iplddt": 0.0,
    "complex_pde": 1.6659241914749146,
    "complex_ipde": 0.0,
    "chains_ptm": {
        "0": 0.3145710229873657
    },
    "pair_chains_iptm": {
        "0": {
            "0": 0.3145710229873657
        }
    }
}