{
    "plddts": {
        "model_1_pred_0": 78.96409797161915,
        "model_2_pred_0": 80.78587387844955,
        "model_3_pred_0": 81.69455950940929,
        "model_4_pred_0": 80.31025283394686,
        "model_5_pred_0": 79.97496619581838
    },
    "order": [
        "model_3_pred_0",
        "model_2_pred_0",
        "model_4_pred_0",
        "model_5_pred_0",
        "model_1_pred_0"
    ]
}