{
    "confidence_score": 0.6830577850341797,
    "ptm": 0.8779705166816711,
    "iptm": 0.0,
    "ligand_iptm": 0.0,
    "protein_iptm": 0.0,
    "complex_plddt": 0.8538222312927246,
    "complex_iplddt": 0.0,
    "complex_pde": 0.6341612339019775,
    "complex_ipde": 0.0,
    "chains_ptm": {
        "0": 0.8779705166816711
    },
    "pair_chains_iptm": {
        "0": {
            "0": 0.8779705166816711
        }
    }
}