{
    "confidence_score": 0.6011720299720764,
    "ptm": 0.7363187670707703,
    "iptm": 0.0,
    "ligand_iptm": 0.0,
    "protein_iptm": 0.0,
    "complex_plddt": 0.7514650225639343,
    "complex_iplddt": 0.0,
    "complex_pde": 0.568637490272522,
    "complex_ipde": 0.0,
    "chains_ptm": {
        "0": 0.7363187670707703
    },
    "pair_chains_iptm": {
        "0": {
            "0": 0.7363187670707703
        }
    }
}