{
    "confidence_score": 0.6249431371688843,
    "ptm": 0.4098803997039795,
    "iptm": 0.0,
    "ligand_iptm": 0.0,
    "protein_iptm": 0.0,
    "complex_plddt": 0.781178891658783,
    "complex_iplddt": 0.0,
    "complex_pde": 2.4147610664367676,
    "complex_ipde": 0.0,
    "chains_ptm": {
        "0": 0.4098803997039795
    },
    "pair_chains_iptm": {
        "0": {
            "0": 0.4098803997039795
        }
    }
}