{
    "confidence_score": 0.6998644471168518,
    "ptm": 0.8721759915351868,
    "iptm": 0.0,
    "ligand_iptm": 0.0,
    "protein_iptm": 0.0,
    "complex_plddt": 0.8748305439949036,
    "complex_iplddt": 0.0,
    "complex_pde": 0.7082069516181946,
    "complex_ipde": 0.0,
    "chains_ptm": {
        "0": 0.8721759915351868
    },
    "pair_chains_iptm": {
        "0": {
            "0": 0.8721759915351868
        }
    }
}