{
    "confidence_score": 0.6197680234909058,
    "ptm": 0.7617650032043457,
    "iptm": 0.0,
    "ligand_iptm": 0.0,
    "protein_iptm": 0.0,
    "complex_plddt": 0.7747099995613098,
    "complex_iplddt": 0.0,
    "complex_pde": 1.2070518732070923,
    "complex_ipde": 0.0,
    "chains_ptm": {
        "0": 0.7617650032043457
    },
    "pair_chains_iptm": {
        "0": {
            "0": 0.7617650032043457
        }
    }
}