{
    "confidence_score": 0.5201454162597656,
    "ptm": 0.30298134684562683,
    "iptm": 0.0,
    "ligand_iptm": 0.0,
    "protein_iptm": 0.0,
    "complex_plddt": 0.650181770324707,
    "complex_iplddt": 0.0,
    "complex_pde": 1.6011470556259155,
    "complex_ipde": 0.0,
    "chains_ptm": {
        "0": 0.30298134684562683
    },
    "pair_chains_iptm": {
        "0": {
            "0": 0.30298134684562683
        }
    }
}