{
    "confidence_score": 0.5983392596244812,
    "ptm": 0.43667417764663696,
    "iptm": 0.0,
    "ligand_iptm": 0.0,
    "protein_iptm": 0.0,
    "complex_plddt": 0.7479240894317627,
    "complex_iplddt": 0.0,
    "complex_pde": 1.0288269519805908,
    "complex_ipde": 0.0,
    "chains_ptm": {
        "0": 0.43667417764663696
    },
    "pair_chains_iptm": {
        "0": {
            "0": 0.43667417764663696
        }
    }
}