{
    "confidence_score": 0.7416293025016785,
    "ptm": 0.8849890232086182,
    "iptm": 0.0,
    "ligand_iptm": 0.0,
    "protein_iptm": 0.0,
    "complex_plddt": 0.9270366430282593,
    "complex_iplddt": 0.0,
    "complex_pde": 0.40429121255874634,
    "complex_ipde": 0.0,
    "chains_ptm": {
        "0": 0.8849890232086182
    },
    "pair_chains_iptm": {
        "0": {
            "0": 0.8849890232086182
        }
    }
}