{
    "confidence_score": 0.6019942164421082,
    "ptm": 0.7084920406341553,
    "iptm": 0.0,
    "ligand_iptm": 0.0,
    "protein_iptm": 0.0,
    "complex_plddt": 0.7524927258491516,
    "complex_iplddt": 0.0,
    "complex_pde": 0.8461921215057373,
    "complex_ipde": 0.0,
    "chains_ptm": {
        "0": 0.7084920406341553
    },
    "pair_chains_iptm": {
        "0": {
            "0": 0.7084920406341553
        }
    }
}