{
    "confidence_score": 0.6122049689292908,
    "ptm": 0.7052081823348999,
    "iptm": 0.0,
    "ligand_iptm": 0.0,
    "protein_iptm": 0.0,
    "complex_plddt": 0.7652562260627747,
    "complex_iplddt": 0.0,
    "complex_pde": 1.159041166305542,
    "complex_ipde": 0.0,
    "chains_ptm": {
        "0": 0.7052081823348999
    },
    "pair_chains_iptm": {
        "0": {
            "0": 0.7052081823348999
        }
    }
}