{
    "confidence_score": 0.6176444888114929,
    "ptm": 0.4641655683517456,
    "iptm": 0.0,
    "ligand_iptm": 0.0,
    "protein_iptm": 0.0,
    "complex_plddt": 0.7720556259155273,
    "complex_iplddt": 0.0,
    "complex_pde": 0.9244507551193237,
    "complex_ipde": 0.0,
    "chains_ptm": {
        "0": 0.4641655683517456
    },
    "pair_chains_iptm": {
        "0": {
            "0": 0.4641655683517456
        }
    }
}