{
    "confidence_score": 0.4196627140045166,
    "ptm": 0.3328510522842407,
    "iptm": 0.0,
    "ligand_iptm": 0.0,
    "protein_iptm": 0.0,
    "complex_plddt": 0.5245783925056458,
    "complex_iplddt": 0.0,
    "complex_pde": 2.147385835647583,
    "complex_ipde": 0.0,
    "chains_ptm": {
        "0": 0.3328510522842407
    },
    "pair_chains_iptm": {
        "0": {
            "0": 0.3328510522842407
        }
    }
}