{
    "confidence_score": 0.6118492484092712,
    "ptm": 0.7164018154144287,
    "iptm": 0.0,
    "ligand_iptm": 0.0,
    "protein_iptm": 0.0,
    "complex_plddt": 0.7648115754127502,
    "complex_iplddt": 0.0,
    "complex_pde": 1.5365204811096191,
    "complex_ipde": 0.0,
    "chains_ptm": {
        "0": 0.7164018154144287
    },
    "pair_chains_iptm": {
        "0": {
            "0": 0.7164018154144287
        }
    }
}