{
    "confidence_score": 0.728646993637085,
    "ptm": 0.8738760352134705,
    "iptm": 0.0,
    "ligand_iptm": 0.0,
    "protein_iptm": 0.0,
    "complex_plddt": 0.9108087420463562,
    "complex_iplddt": 0.0,
    "complex_pde": 0.41435936093330383,
    "complex_ipde": 0.0,
    "chains_ptm": {
        "0": 0.8738760352134705
    },
    "pair_chains_iptm": {
        "0": {
            "0": 0.8738760352134705
        }
    }
}