{
    "confidence_score": 0.6826476454734802,
    "ptm": 0.5743027925491333,
    "iptm": 0.0,
    "ligand_iptm": 0.0,
    "protein_iptm": 0.0,
    "complex_plddt": 0.8533095121383667,
    "complex_iplddt": 0.0,
    "complex_pde": 0.6495860815048218,
    "complex_ipde": 0.0,
    "chains_ptm": {
        "0": 0.5743027925491333
    },
    "pair_chains_iptm": {
        "0": {
            "0": 0.5743027925491333
        }
    }
}