{
    "features": 6104.994359254837,
    "process_features_model_1_pred_0": 10.330312490463257,
    "predict_and_compile_model_1_pred_0": 300.89555072784424,
    "process_features_model_2_pred_0": 10.921863079071045,
    "predict_and_compile_model_2_pred_0": 281.28423261642456,
    "process_features_model_3_pred_0": 10.268765687942505,
    "predict_and_compile_model_3_pred_0": 249.67723846435547,
    "process_features_model_4_pred_0": 10.253015995025635,
    "predict_and_compile_model_4_pred_0": 249.4594349861145,
    "process_features_model_5_pred_0": 10.309245109558105,
    "predict_and_compile_model_5_pred_0": 230.16769099235535,
    "relax_model_3_pred_0": 79.68247652053833
}