{
    "confidence_score": 0.6017694473266602,
    "ptm": 0.8185564875602722,
    "iptm": 0.0,
    "ligand_iptm": 0.0,
    "protein_iptm": 0.0,
    "complex_plddt": 0.7522118091583252,
    "complex_iplddt": 0.0,
    "complex_pde": 1.1665343046188354,
    "complex_ipde": 0.0,
    "chains_ptm": {
        "0": 0.8185564875602722
    },
    "pair_chains_iptm": {
        "0": {
            "0": 0.8185564875602722
        }
    }
}