{
    "confidence_score": 0.6582352519035339,
    "ptm": 0.7343927025794983,
    "iptm": 0.0,
    "ligand_iptm": 0.0,
    "protein_iptm": 0.0,
    "complex_plddt": 0.8227940201759338,
    "complex_iplddt": 0.0,
    "complex_pde": 0.6817455887794495,
    "complex_ipde": 0.0,
    "chains_ptm": {
        "0": 0.7343927025794983
    },
    "pair_chains_iptm": {
        "0": {
            "0": 0.7343927025794983
        }
    }
}