{
    "confidence_score": 0.6650645136833191,
    "ptm": 0.7755690813064575,
    "iptm": 0.0,
    "ligand_iptm": 0.0,
    "protein_iptm": 0.0,
    "complex_plddt": 0.8313306570053101,
    "complex_iplddt": 0.0,
    "complex_pde": 1.046211838722229,
    "complex_ipde": 0.0,
    "chains_ptm": {
        "0": 0.7755690813064575
    },
    "pair_chains_iptm": {
        "0": {
            "0": 0.7755690813064575
        }
    }
}