{
    "confidence_score": 0.6198013424873352,
    "ptm": 0.33579733967781067,
    "iptm": 0.0,
    "ligand_iptm": 0.0,
    "protein_iptm": 0.0,
    "complex_plddt": 0.7747516632080078,
    "complex_iplddt": 0.0,
    "complex_pde": 1.5842252969741821,
    "complex_ipde": 0.0,
    "chains_ptm": {
        "0": 0.33579733967781067
    },
    "pair_chains_iptm": {
        "0": {
            "0": 0.33579733967781067
        }
    }
}