{
    "confidence_score": 0.7261433005332947,
    "ptm": 0.9207099676132202,
    "iptm": 0.0,
    "ligand_iptm": 0.0,
    "protein_iptm": 0.0,
    "complex_plddt": 0.9076790809631348,
    "complex_iplddt": 0.0,
    "complex_pde": 0.4169880449771881,
    "complex_ipde": 0.0,
    "chains_ptm": {
        "0": 0.9207099676132202
    },
    "pair_chains_iptm": {
        "0": {
            "0": 0.9207099676132202
        }
    }
}