{
    "confidence_score": 0.7413588166236877,
    "ptm": 0.888382613658905,
    "iptm": 0.0,
    "ligand_iptm": 0.0,
    "protein_iptm": 0.0,
    "complex_plddt": 0.9266985058784485,
    "complex_iplddt": 0.0,
    "complex_pde": 0.44382402300834656,
    "complex_ipde": 0.0,
    "chains_ptm": {
        "0": 0.888382613658905
    },
    "pair_chains_iptm": {
        "0": {
            "0": 0.888382613658905
        }
    }
}