{
    "confidence_score": 0.6997401714324951,
    "ptm": 0.8545428514480591,
    "iptm": 0.0,
    "ligand_iptm": 0.0,
    "protein_iptm": 0.0,
    "complex_plddt": 0.8746752142906189,
    "complex_iplddt": 0.0,
    "complex_pde": 0.5978691577911377,
    "complex_ipde": 0.0,
    "chains_ptm": {
        "0": 0.8545428514480591
    },
    "pair_chains_iptm": {
        "0": {
            "0": 0.8545428514480591
        }
    }
}