{
    "confidence_score": 0.4469359815120697,
    "ptm": 0.5764232873916626,
    "iptm": 0.0,
    "ligand_iptm": 0.0,
    "protein_iptm": 0.0,
    "complex_plddt": 0.5586699843406677,
    "complex_iplddt": 0.0,
    "complex_pde": 2.0374908447265625,
    "complex_ipde": 0.0,
    "chains_ptm": {
        "0": 0.5764232873916626
    },
    "pair_chains_iptm": {
        "0": {
            "0": 0.5764232873916626
        }
    }
}