{
    "confidence_score": 0.7630462050437927,
    "ptm": 0.9430092573165894,
    "iptm": 0.0,
    "ligand_iptm": 0.0,
    "protein_iptm": 0.0,
    "complex_plddt": 0.9538077712059021,
    "complex_iplddt": 0.0,
    "complex_pde": 0.3383144438266754,
    "complex_ipde": 0.0,
    "chains_ptm": {
        "0": 0.9430092573165894
    },
    "pair_chains_iptm": {
        "0": {
            "0": 0.9430092573165894
        }
    }
}