{
    "confidence_score": 0.4749489724636078,
    "ptm": 0.266410768032074,
    "iptm": 0.0,
    "ligand_iptm": 0.0,
    "protein_iptm": 0.0,
    "complex_plddt": 0.5936862230300903,
    "complex_iplddt": 0.0,
    "complex_pde": 2.102766752243042,
    "complex_ipde": 0.0,
    "chains_ptm": {
        "0": 0.266410768032074
    },
    "pair_chains_iptm": {
        "0": {
            "0": 0.266410768032074
        }
    }
}