{
    "confidence_score": 0.7473142147064209,
    "ptm": 0.9478763341903687,
    "iptm": 0.0,
    "ligand_iptm": 0.0,
    "protein_iptm": 0.0,
    "complex_plddt": 0.9341427683830261,
    "complex_iplddt": 0.0,
    "complex_pde": 0.35268184542655945,
    "complex_ipde": 0.0,
    "chains_ptm": {
        "0": 0.9478763341903687
    },
    "pair_chains_iptm": {
        "0": {
            "0": 0.9478763341903687
        }
    }
}