{
    "confidence_score": 0.7400798201560974,
    "ptm": 0.8706035017967224,
    "iptm": 0.0,
    "ligand_iptm": 0.0,
    "protein_iptm": 0.0,
    "complex_plddt": 0.9250997304916382,
    "complex_iplddt": 0.0,
    "complex_pde": 0.3875669836997986,
    "complex_ipde": 0.0,
    "chains_ptm": {
        "0": 0.8706035017967224
    },
    "pair_chains_iptm": {
        "0": {
            "0": 0.8706035017967224
        }
    }
}