{
    "confidence_score": 0.716265082359314,
    "ptm": 0.8873682618141174,
    "iptm": 0.0,
    "ligand_iptm": 0.0,
    "protein_iptm": 0.0,
    "complex_plddt": 0.8953313231468201,
    "complex_iplddt": 0.0,
    "complex_pde": 0.5196021199226379,
    "complex_ipde": 0.0,
    "chains_ptm": {
        "0": 0.8873682618141174
    },
    "pair_chains_iptm": {
        "0": {
            "0": 0.8873682618141174
        }
    }
}