{
    "confidence_score": 0.7026064991950989,
    "ptm": 0.8301461935043335,
    "iptm": 0.0,
    "ligand_iptm": 0.0,
    "protein_iptm": 0.0,
    "complex_plddt": 0.8782581090927124,
    "complex_iplddt": 0.0,
    "complex_pde": 0.5871537327766418,
    "complex_ipde": 0.0,
    "chains_ptm": {
        "0": 0.8301461935043335
    },
    "pair_chains_iptm": {
        "0": {
            "0": 0.8301461935043335
        }
    }
}