{
    "confidence_score": 0.49922677874565125,
    "ptm": 0.39076924324035645,
    "iptm": 0.0,
    "ligand_iptm": 0.0,
    "protein_iptm": 0.0,
    "complex_plddt": 0.6240334510803223,
    "complex_iplddt": 0.0,
    "complex_pde": 2.004929780960083,
    "complex_ipde": 0.0,
    "chains_ptm": {
        "0": 0.39076924324035645
    },
    "pair_chains_iptm": {
        "0": {
            "0": 0.39076924324035645
        }
    }
}