{
    "confidence_score": 0.7166351675987244,
    "ptm": 0.7638366222381592,
    "iptm": 0.0,
    "ligand_iptm": 0.0,
    "protein_iptm": 0.0,
    "complex_plddt": 0.8957939147949219,
    "complex_iplddt": 0.0,
    "complex_pde": 0.499313622713089,
    "complex_ipde": 0.0,
    "chains_ptm": {
        "0": 0.7638366222381592
    },
    "pair_chains_iptm": {
        "0": {
            "0": 0.7638366222381592
        }
    }
}