{
    "confidence_score": 0.6341727375984192,
    "ptm": 0.8586876392364502,
    "iptm": 0.0,
    "ligand_iptm": 0.0,
    "protein_iptm": 0.0,
    "complex_plddt": 0.7927159070968628,
    "complex_iplddt": 0.0,
    "complex_pde": 1.0504562854766846,
    "complex_ipde": 0.0,
    "chains_ptm": {
        "0": 0.8586876392364502
    },
    "pair_chains_iptm": {
        "0": {
            "0": 0.8586876392364502
        }
    }
}