{
    "confidence_score": 0.7090325355529785,
    "ptm": 0.9278925061225891,
    "iptm": 0.0,
    "ligand_iptm": 0.0,
    "protein_iptm": 0.0,
    "complex_plddt": 0.8862906694412231,
    "complex_iplddt": 0.0,
    "complex_pde": 0.47756949067115784,
    "complex_ipde": 0.0,
    "chains_ptm": {
        "0": 0.9278925061225891
    },
    "pair_chains_iptm": {
        "0": {
            "0": 0.9278925061225891
        }
    }
}