{
    "confidence_score": 0.48450756072998047,
    "ptm": 0.40409722924232483,
    "iptm": 0.0,
    "ligand_iptm": 0.0,
    "protein_iptm": 0.0,
    "complex_plddt": 0.6056344509124756,
    "complex_iplddt": 0.0,
    "complex_pde": 2.2627739906311035,
    "complex_ipde": 0.0,
    "chains_ptm": {
        "0": 0.40409722924232483
    },
    "pair_chains_iptm": {
        "0": {
            "0": 0.40409722924232483
        }
    }
}