{
    "plddts": {
        "model_1_pred_0": 63.55689261302315,
        "model_2_pred_0": 62.41142064616865,
        "model_3_pred_0": 60.72243040985305,
        "model_4_pred_0": 63.9975976634358,
        "model_5_pred_0": 62.50937943859669
    },
    "order": [
        "model_4_pred_0",
        "model_1_pred_0",
        "model_5_pred_0",
        "model_2_pred_0",
        "model_3_pred_0"
    ]
}