{
    "features": 3914.2903270721436,
    "process_features_model_1_pred_0": 2.6656136512756348,
    "predict_and_compile_model_1_pred_0": 505.96326899528503,
    "process_features_model_2_pred_0": 1.57662034034729,
    "predict_and_compile_model_2_pred_0": 465.70039415359497,
    "process_features_model_3_pred_0": 1.2810125350952148,
    "predict_and_compile_model_3_pred_0": 437.53654408454895,
    "process_features_model_4_pred_0": 1.320143461227417,
    "predict_and_compile_model_4_pred_0": 435.4008092880249,
    "process_features_model_5_pred_0": 1.354696273803711,
    "predict_and_compile_model_5_pred_0": 402.4549181461334,
    "relax_model_4_pred_0": 371.7931945323944
}