{
    "plddts": {
        "model_1_pred_0": 75.99831964724527,
        "model_2_pred_0": 75.8528984836849,
        "model_3_pred_0": 77.60213023513344,
        "model_4_pred_0": 77.69851777381854,
        "model_5_pred_0": 74.3350932103772
    },
    "order": [
        "model_4_pred_0",
        "model_3_pred_0",
        "model_1_pred_0",
        "model_2_pred_0",
        "model_5_pred_0"
    ]
}