{
    "confidence_score": 0.7072080373764038,
    "ptm": 0.7188740968704224,
    "iptm": 0.0,
    "ligand_iptm": 0.0,
    "protein_iptm": 0.0,
    "complex_plddt": 0.8840100169181824,
    "complex_iplddt": 0.0,
    "complex_pde": 0.4084663689136505,
    "complex_ipde": 0.0,
    "chains_ptm": {
        "0": 0.7188740968704224
    },
    "pair_chains_iptm": {
        "0": {
            "0": 0.7188740968704224
        }
    }
}