{
    "confidence_score": 0.5420729517936707,
    "ptm": 0.42027634382247925,
    "iptm": 0.0,
    "ligand_iptm": 0.0,
    "protein_iptm": 0.0,
    "complex_plddt": 0.6775911450386047,
    "complex_iplddt": 0.0,
    "complex_pde": 2.226916790008545,
    "complex_ipde": 0.0,
    "chains_ptm": {
        "0": 0.42027634382247925
    },
    "pair_chains_iptm": {
        "0": {
            "0": 0.42027634382247925
        }
    }
}