{
    "confidence_score": 0.6266236901283264,
    "ptm": 0.7980958223342896,
    "iptm": 0.0,
    "ligand_iptm": 0.0,
    "protein_iptm": 0.0,
    "complex_plddt": 0.7832795977592468,
    "complex_iplddt": 0.0,
    "complex_pde": 0.626127302646637,
    "complex_ipde": 0.0,
    "chains_ptm": {
        "0": 0.7980958223342896
    },
    "pair_chains_iptm": {
        "0": {
            "0": 0.7980958223342896
        }
    }
}