{
    "confidence_score": 0.7144193053245544,
    "ptm": 0.9288007020950317,
    "iptm": 0.0,
    "ligand_iptm": 0.0,
    "protein_iptm": 0.0,
    "complex_plddt": 0.8930241465568542,
    "complex_iplddt": 0.0,
    "complex_pde": 0.46245700120925903,
    "complex_ipde": 0.0,
    "chains_ptm": {
        "0": 0.9288007020950317
    },
    "pair_chains_iptm": {
        "0": {
            "0": 0.9288007020950317
        }
    }
}