{
    "confidence_score": 0.7379934191703796,
    "ptm": 0.9309629797935486,
    "iptm": 0.0,
    "ligand_iptm": 0.0,
    "protein_iptm": 0.0,
    "complex_plddt": 0.9224917888641357,
    "complex_iplddt": 0.0,
    "complex_pde": 0.37648436427116394,
    "complex_ipde": 0.0,
    "chains_ptm": {
        "0": 0.9309629797935486
    },
    "pair_chains_iptm": {
        "0": {
            "0": 0.9309629797935486
        }
    }
}