{
    "confidence_score": 0.4700130522251129,
    "ptm": 0.5750539898872375,
    "iptm": 0.0,
    "ligand_iptm": 0.0,
    "protein_iptm": 0.0,
    "complex_plddt": 0.5875163078308105,
    "complex_iplddt": 0.0,
    "complex_pde": 2.262758493423462,
    "complex_ipde": 0.0,
    "chains_ptm": {
        "0": 0.5750539898872375
    },
    "pair_chains_iptm": {
        "0": {
            "0": 0.5750539898872375
        }
    }
}