{
    "confidence_score": 0.6249729990959167,
    "ptm": 0.8454535007476807,
    "iptm": 0.0,
    "ligand_iptm": 0.0,
    "protein_iptm": 0.0,
    "complex_plddt": 0.7812162637710571,
    "complex_iplddt": 0.0,
    "complex_pde": 0.7818353772163391,
    "complex_ipde": 0.0,
    "chains_ptm": {
        "0": 0.8454535007476807
    },
    "pair_chains_iptm": {
        "0": {
            "0": 0.8454535007476807
        }
    }
}