{
    "confidence_score": 0.6755432486534119,
    "ptm": 0.8512127995491028,
    "iptm": 0.0,
    "ligand_iptm": 0.0,
    "protein_iptm": 0.0,
    "complex_plddt": 0.8444290161132812,
    "complex_iplddt": 0.0,
    "complex_pde": 0.46783313155174255,
    "complex_ipde": 0.0,
    "chains_ptm": {
        "0": 0.8512127995491028
    },
    "pair_chains_iptm": {
        "0": {
            "0": 0.8512127995491028
        }
    }
}