{
    "confidence_score": 0.7563391923904419,
    "ptm": 0.9591679573059082,
    "iptm": 0.0,
    "ligand_iptm": 0.0,
    "protein_iptm": 0.0,
    "complex_plddt": 0.94542396068573,
    "complex_iplddt": 0.0,
    "complex_pde": 0.384452223777771,
    "complex_ipde": 0.0,
    "chains_ptm": {
        "0": 0.9591679573059082
    },
    "pair_chains_iptm": {
        "0": {
            "0": 0.9591679573059082
        }
    }
}