{
    "confidence_score": 0.5925154685974121,
    "ptm": 0.654998779296875,
    "iptm": 0.0,
    "ligand_iptm": 0.0,
    "protein_iptm": 0.0,
    "complex_plddt": 0.7406443357467651,
    "complex_iplddt": 0.0,
    "complex_pde": 0.9909743070602417,
    "complex_ipde": 0.0,
    "chains_ptm": {
        "0": 0.654998779296875
    },
    "pair_chains_iptm": {
        "0": {
            "0": 0.654998779296875
        }
    }
}