{
    "confidence_score": 0.524043083190918,
    "ptm": 0.6519324779510498,
    "iptm": 0.0,
    "ligand_iptm": 0.0,
    "protein_iptm": 0.0,
    "complex_plddt": 0.6550538539886475,
    "complex_iplddt": 0.0,
    "complex_pde": 1.818573236465454,
    "complex_ipde": 0.0,
    "chains_ptm": {
        "0": 0.6519324779510498
    },
    "pair_chains_iptm": {
        "0": {
            "0": 0.6519324779510498
        }
    }
}