{
    "confidence_score": 0.638503909111023,
    "ptm": 0.690054714679718,
    "iptm": 0.0,
    "ligand_iptm": 0.0,
    "protein_iptm": 0.0,
    "complex_plddt": 0.7981298565864563,
    "complex_iplddt": 0.0,
    "complex_pde": 0.9447275400161743,
    "complex_ipde": 0.0,
    "chains_ptm": {
        "0": 0.690054714679718
    },
    "pair_chains_iptm": {
        "0": {
            "0": 0.690054714679718
        }
    }
}