{
    "confidence_score": 0.7603186368942261,
    "ptm": 0.9587075710296631,
    "iptm": 0.0,
    "ligand_iptm": 0.0,
    "protein_iptm": 0.0,
    "complex_plddt": 0.9503982663154602,
    "complex_iplddt": 0.0,
    "complex_pde": 0.3198213577270508,
    "complex_ipde": 0.0,
    "chains_ptm": {
        "0": 0.9587075710296631
    },
    "pair_chains_iptm": {
        "0": {
            "0": 0.9587075710296631
        }
    }
}