{
    "confidence_score": 0.7411002516746521,
    "ptm": 0.9424794316291809,
    "iptm": 0.0,
    "ligand_iptm": 0.0,
    "protein_iptm": 0.0,
    "complex_plddt": 0.9263753294944763,
    "complex_iplddt": 0.0,
    "complex_pde": 0.3284159004688263,
    "complex_ipde": 0.0,
    "chains_ptm": {
        "0": 0.9424794316291809
    },
    "pair_chains_iptm": {
        "0": {
            "0": 0.9424794316291809
        }
    }
}