{
    "confidence_score": 0.7630318999290466,
    "ptm": 0.8740825057029724,
    "iptm": 0.0,
    "ligand_iptm": 0.0,
    "protein_iptm": 0.0,
    "complex_plddt": 0.9537898898124695,
    "complex_iplddt": 0.0,
    "complex_pde": 0.30389857292175293,
    "complex_ipde": 0.0,
    "chains_ptm": {
        "0": 0.8740825057029724
    },
    "pair_chains_iptm": {
        "0": {
            "0": 0.8740825057029724
        }
    }
}