{
    "confidence_score": 0.729743242263794,
    "ptm": 0.8903554081916809,
    "iptm": 0.0,
    "ligand_iptm": 0.0,
    "protein_iptm": 0.0,
    "complex_plddt": 0.9121790528297424,
    "complex_iplddt": 0.0,
    "complex_pde": 0.46343550086021423,
    "complex_ipde": 0.0,
    "chains_ptm": {
        "0": 0.8903554081916809
    },
    "pair_chains_iptm": {
        "0": {
            "0": 0.8903554081916809
        }
    }
}