{
    "confidence_score": 0.5210795402526855,
    "ptm": 0.6034544706344604,
    "iptm": 0.0,
    "ligand_iptm": 0.0,
    "protein_iptm": 0.0,
    "complex_plddt": 0.6513494253158569,
    "complex_iplddt": 0.0,
    "complex_pde": 1.4160995483398438,
    "complex_ipde": 0.0,
    "chains_ptm": {
        "0": 0.6034544706344604
    },
    "pair_chains_iptm": {
        "0": {
            "0": 0.6034544706344604
        }
    }
}