{
    "confidence_score": 0.567084789276123,
    "ptm": 0.4584450125694275,
    "iptm": 0.0,
    "ligand_iptm": 0.0,
    "protein_iptm": 0.0,
    "complex_plddt": 0.7088559865951538,
    "complex_iplddt": 0.0,
    "complex_pde": 0.9494889974594116,
    "complex_ipde": 0.0,
    "chains_ptm": {
        "0": 0.4584450125694275
    },
    "pair_chains_iptm": {
        "0": {
            "0": 0.4584450125694275
        }
    }
}