{
    "confidence_score": 0.7364180088043213,
    "ptm": 0.8824293613433838,
    "iptm": 0.0,
    "ligand_iptm": 0.0,
    "protein_iptm": 0.0,
    "complex_plddt": 0.9205225110054016,
    "complex_iplddt": 0.0,
    "complex_pde": 0.37076228857040405,
    "complex_ipde": 0.0,
    "chains_ptm": {
        "0": 0.8824293613433838
    },
    "pair_chains_iptm": {
        "0": {
            "0": 0.8824293613433838
        }
    }
}