{
    "confidence_score": 0.5234246850013733,
    "ptm": 0.5825000405311584,
    "iptm": 0.0,
    "ligand_iptm": 0.0,
    "protein_iptm": 0.0,
    "complex_plddt": 0.6542808413505554,
    "complex_iplddt": 0.0,
    "complex_pde": 0.9441829323768616,
    "complex_ipde": 0.0,
    "chains_ptm": {
        "0": 0.5825000405311584
    },
    "pair_chains_iptm": {
        "0": {
            "0": 0.5825000405311584
        }
    }
}