{
    "confidence_score": 0.7307326197624207,
    "ptm": 0.8230907917022705,
    "iptm": 0.0,
    "ligand_iptm": 0.0,
    "protein_iptm": 0.0,
    "complex_plddt": 0.913415789604187,
    "complex_iplddt": 0.0,
    "complex_pde": 0.3979434370994568,
    "complex_ipde": 0.0,
    "chains_ptm": {
        "0": 0.8230907917022705
    },
    "pair_chains_iptm": {
        "0": {
            "0": 0.8230907917022705
        }
    }
}