{
    "confidence_score": 0.5046015381813049,
    "ptm": 0.3446001708507538,
    "iptm": 0.0,
    "ligand_iptm": 0.0,
    "protein_iptm": 0.0,
    "complex_plddt": 0.63075190782547,
    "complex_iplddt": 0.0,
    "complex_pde": 2.6092543601989746,
    "complex_ipde": 0.0,
    "chains_ptm": {
        "0": 0.3446001708507538
    },
    "pair_chains_iptm": {
        "0": {
            "0": 0.3446001708507538
        }
    }
}