{
    "confidence_score": 0.6243473887443542,
    "ptm": 0.7736685872077942,
    "iptm": 0.0,
    "ligand_iptm": 0.0,
    "protein_iptm": 0.0,
    "complex_plddt": 0.7804341912269592,
    "complex_iplddt": 0.0,
    "complex_pde": 0.8366006016731262,
    "complex_ipde": 0.0,
    "chains_ptm": {
        "0": 0.7736685872077942
    },
    "pair_chains_iptm": {
        "0": {
            "0": 0.7736685872077942
        }
    }
}