{
    "plddts": {
        "model_1_pred_0": 74.31026774992723,
        "model_2_pred_0": 78.91057769761224,
        "model_3_pred_0": 78.66667354219952,
        "model_4_pred_0": 74.6081912623564,
        "model_5_pred_0": 72.50409104136673
    },
    "order": [
        "model_2_pred_0",
        "model_3_pred_0",
        "model_4_pred_0",
        "model_1_pred_0",
        "model_5_pred_0"
    ]
}