{
    "features": 6501.616379737854,
    "process_features_model_1_pred_0": 12.085904836654663,
    "predict_and_compile_model_1_pred_0": 2258.7303562164307,
    "process_features_model_2_pred_0": 12.247536182403564,
    "predict_and_compile_model_2_pred_0": 1070.8443348407745,
    "process_features_model_3_pred_0": 11.519013404846191,
    "predict_and_compile_model_3_pred_0": 1064.0494837760925,
    "process_features_model_4_pred_0": 11.99790620803833,
    "predict_and_compile_model_4_pred_0": 1046.6570885181427,
    "process_features_model_5_pred_0": 12.216372966766357,
    "predict_and_compile_model_5_pred_0": 882.9092524051666,
    "relax_model_2_pred_0": 69.31213665008545
}