{
    "confidence_score": 0.7516778707504272,
    "ptm": 0.9439009428024292,
    "iptm": 0.0,
    "ligand_iptm": 0.0,
    "protein_iptm": 0.0,
    "complex_plddt": 0.9395973086357117,
    "complex_iplddt": 0.0,
    "complex_pde": 0.3664240539073944,
    "complex_ipde": 0.0,
    "chains_ptm": {
        "0": 0.9439009428024292
    },
    "pair_chains_iptm": {
        "0": {
            "0": 0.9439009428024292
        }
    }
}