{
    "confidence_score": 0.7506064176559448,
    "ptm": 0.9217618703842163,
    "iptm": 0.0,
    "ligand_iptm": 0.0,
    "protein_iptm": 0.0,
    "complex_plddt": 0.9382579922676086,
    "complex_iplddt": 0.0,
    "complex_pde": 0.40415579080581665,
    "complex_ipde": 0.0,
    "chains_ptm": {
        "0": 0.9217618703842163
    },
    "pair_chains_iptm": {
        "0": {
            "0": 0.9217618703842163
        }
    }
}