{
    "confidence_score": 0.7301065325737,
    "ptm": 0.907659649848938,
    "iptm": 0.0,
    "ligand_iptm": 0.0,
    "protein_iptm": 0.0,
    "complex_plddt": 0.9126331210136414,
    "complex_iplddt": 0.0,
    "complex_pde": 0.4376748204231262,
    "complex_ipde": 0.0,
    "chains_ptm": {
        "0": 0.907659649848938
    },
    "pair_chains_iptm": {
        "0": {
            "0": 0.907659649848938
        }
    }
}