{
    "confidence_score": 0.5506412982940674,
    "ptm": 0.6950993537902832,
    "iptm": 0.0,
    "ligand_iptm": 0.0,
    "protein_iptm": 0.0,
    "complex_plddt": 0.6883016228675842,
    "complex_iplddt": 0.0,
    "complex_pde": 1.2254215478897095,
    "complex_ipde": 0.0,
    "chains_ptm": {
        "0": 0.6950993537902832
    },
    "pair_chains_iptm": {
        "0": {
            "0": 0.6950993537902832
        }
    }
}