{
    "confidence_score": 0.6545719504356384,
    "ptm": 0.8901340365409851,
    "iptm": 0.0,
    "ligand_iptm": 0.0,
    "protein_iptm": 0.0,
    "complex_plddt": 0.8182148933410645,
    "complex_iplddt": 0.0,
    "complex_pde": 0.7192215323448181,
    "complex_ipde": 0.0,
    "chains_ptm": {
        "0": 0.8901340365409851
    },
    "pair_chains_iptm": {
        "0": {
            "0": 0.8901340365409851
        }
    }
}