{
    "confidence_score": 0.6178482174873352,
    "ptm": 0.6289293766021729,
    "iptm": 0.0,
    "ligand_iptm": 0.0,
    "protein_iptm": 0.0,
    "complex_plddt": 0.7723102569580078,
    "complex_iplddt": 0.0,
    "complex_pde": 0.7738086581230164,
    "complex_ipde": 0.0,
    "chains_ptm": {
        "0": 0.6289293766021729
    },
    "pair_chains_iptm": {
        "0": {
            "0": 0.6289293766021729
        }
    }
}