{
    "confidence_score": 0.5994486212730408,
    "ptm": 0.6235110759735107,
    "iptm": 0.0,
    "ligand_iptm": 0.0,
    "protein_iptm": 0.0,
    "complex_plddt": 0.7493107914924622,
    "complex_iplddt": 0.0,
    "complex_pde": 1.109574556350708,
    "complex_ipde": 0.0,
    "chains_ptm": {
        "0": 0.6235110759735107
    },
    "pair_chains_iptm": {
        "0": {
            "0": 0.6235110759735107
        }
    }
}