{
    "confidence_score": 0.6576969027519226,
    "ptm": 0.9429057240486145,
    "iptm": 0.0,
    "ligand_iptm": 0.0,
    "protein_iptm": 0.0,
    "complex_plddt": 0.8221211433410645,
    "complex_iplddt": 0.0,
    "complex_pde": 0.32786715030670166,
    "complex_ipde": 0.0,
    "chains_ptm": {
        "0": 0.9429057240486145
    },
    "pair_chains_iptm": {
        "0": {
            "0": 0.9429057240486145
        }
    }
}