{
    "confidence_score": 0.6450383067131042,
    "ptm": 0.5105220079421997,
    "iptm": 0.0,
    "ligand_iptm": 0.0,
    "protein_iptm": 0.0,
    "complex_plddt": 0.8062978982925415,
    "complex_iplddt": 0.0,
    "complex_pde": 1.0451853275299072,
    "complex_ipde": 0.0,
    "chains_ptm": {
        "0": 0.5105220079421997
    },
    "pair_chains_iptm": {
        "0": {
            "0": 0.5105220079421997
        }
    }
}