{
    "confidence_score": 0.7074908018112183,
    "ptm": 0.8874552845954895,
    "iptm": 0.0,
    "ligand_iptm": 0.0,
    "protein_iptm": 0.0,
    "complex_plddt": 0.8843634724617004,
    "complex_iplddt": 0.0,
    "complex_pde": 0.4133787155151367,
    "complex_ipde": 0.0,
    "chains_ptm": {
        "0": 0.8874552845954895
    },
    "pair_chains_iptm": {
        "0": {
            "0": 0.8874552845954895
        }
    }
}