{
    "confidence_score": 0.7225471138954163,
    "ptm": 0.84213787317276,
    "iptm": 0.0,
    "ligand_iptm": 0.0,
    "protein_iptm": 0.0,
    "complex_plddt": 0.9031838774681091,
    "complex_iplddt": 0.0,
    "complex_pde": 0.4001658260822296,
    "complex_ipde": 0.0,
    "chains_ptm": {
        "0": 0.84213787317276
    },
    "pair_chains_iptm": {
        "0": {
            "0": 0.84213787317276
        }
    }
}