{
    "confidence_score": 0.4313949644565582,
    "ptm": 0.3623592257499695,
    "iptm": 0.0,
    "ligand_iptm": 0.0,
    "protein_iptm": 0.0,
    "complex_plddt": 0.5392436981201172,
    "complex_iplddt": 0.0,
    "complex_pde": 2.2919862270355225,
    "complex_ipde": 0.0,
    "chains_ptm": {
        "0": 0.3623592257499695
    },
    "pair_chains_iptm": {
        "0": {
            "0": 0.3623592257499695
        }
    }
}