{
    "confidence_score": 0.5395946502685547,
    "ptm": 0.551115870475769,
    "iptm": 0.0,
    "ligand_iptm": 0.0,
    "protein_iptm": 0.0,
    "complex_plddt": 0.6744933128356934,
    "complex_iplddt": 0.0,
    "complex_pde": 1.9855756759643555,
    "complex_ipde": 0.0,
    "chains_ptm": {
        "0": 0.551115870475769
    },
    "pair_chains_iptm": {
        "0": {
            "0": 0.551115870475769
        }
    }
}