{
    "confidence_score": 0.5549720525741577,
    "ptm": 0.6390184760093689,
    "iptm": 0.0,
    "ligand_iptm": 0.0,
    "protein_iptm": 0.0,
    "complex_plddt": 0.6937150359153748,
    "complex_iplddt": 0.0,
    "complex_pde": 1.341612696647644,
    "complex_ipde": 0.0,
    "chains_ptm": {
        "0": 0.6390184760093689
    },
    "pair_chains_iptm": {
        "0": {
            "0": 0.6390184760093689
        }
    }
}