{
    "confidence_score": 0.577508807182312,
    "ptm": 0.6798808574676514,
    "iptm": 0.0,
    "ligand_iptm": 0.0,
    "protein_iptm": 0.0,
    "complex_plddt": 0.7218859791755676,
    "complex_iplddt": 0.0,
    "complex_pde": 1.3393751382827759,
    "complex_ipde": 0.0,
    "chains_ptm": {
        "0": 0.6798808574676514
    },
    "pair_chains_iptm": {
        "0": {
            "0": 0.6798808574676514
        }
    }
}