{
    "confidence_score": 0.7548838257789612,
    "ptm": 0.9541034698486328,
    "iptm": 0.0,
    "ligand_iptm": 0.0,
    "protein_iptm": 0.0,
    "complex_plddt": 0.9436047673225403,
    "complex_iplddt": 0.0,
    "complex_pde": 0.31978297233581543,
    "complex_ipde": 0.0,
    "chains_ptm": {
        "0": 0.9541034698486328
    },
    "pair_chains_iptm": {
        "0": {
            "0": 0.9541034698486328
        }
    }
}