{
    "confidence_score": 0.6743965744972229,
    "ptm": 0.8552669286727905,
    "iptm": 0.0,
    "ligand_iptm": 0.0,
    "protein_iptm": 0.0,
    "complex_plddt": 0.8429957032203674,
    "complex_iplddt": 0.0,
    "complex_pde": 0.6082202792167664,
    "complex_ipde": 0.0,
    "chains_ptm": {
        "0": 0.8552669286727905
    },
    "pair_chains_iptm": {
        "0": {
            "0": 0.8552669286727905
        }
    }
}