{
    "confidence_score": 0.5529724955558777,
    "ptm": 0.5485930442810059,
    "iptm": 0.0,
    "ligand_iptm": 0.0,
    "protein_iptm": 0.0,
    "complex_plddt": 0.6912156343460083,
    "complex_iplddt": 0.0,
    "complex_pde": 1.292714238166809,
    "complex_ipde": 0.0,
    "chains_ptm": {
        "0": 0.5485930442810059
    },
    "pair_chains_iptm": {
        "0": {
            "0": 0.5485930442810059
        }
    }
}