{
    "confidence_score": 0.6564874053001404,
    "ptm": 0.9101636409759521,
    "iptm": 0.0,
    "ligand_iptm": 0.0,
    "protein_iptm": 0.0,
    "complex_plddt": 0.8206092715263367,
    "complex_iplddt": 0.0,
    "complex_pde": 0.5899643301963806,
    "complex_ipde": 0.0,
    "chains_ptm": {
        "0": 0.9101636409759521
    },
    "pair_chains_iptm": {
        "0": {
            "0": 0.9101636409759521
        }
    }
}