{
    "confidence_score": 0.43341803550720215,
    "ptm": 0.2982494831085205,
    "iptm": 0.0,
    "ligand_iptm": 0.0,
    "protein_iptm": 0.0,
    "complex_plddt": 0.5417725443840027,
    "complex_iplddt": 0.0,
    "complex_pde": 2.5439493656158447,
    "complex_ipde": 0.0,
    "chains_ptm": {
        "0": 0.2982494831085205
    },
    "pair_chains_iptm": {
        "0": {
            "0": 0.2982494831085205
        }
    }
}