{
    "confidence_score": 0.6579723954200745,
    "ptm": 0.8017005920410156,
    "iptm": 0.0,
    "ligand_iptm": 0.0,
    "protein_iptm": 0.0,
    "complex_plddt": 0.8224654793739319,
    "complex_iplddt": 0.0,
    "complex_pde": 0.5523237586021423,
    "complex_ipde": 0.0,
    "chains_ptm": {
        "0": 0.8017005920410156
    },
    "pair_chains_iptm": {
        "0": {
            "0": 0.8017005920410156
        }
    }
}