{
    "confidence_score": 0.6948540210723877,
    "ptm": 0.8517760038375854,
    "iptm": 0.0,
    "ligand_iptm": 0.0,
    "protein_iptm": 0.0,
    "complex_plddt": 0.8685675263404846,
    "complex_iplddt": 0.0,
    "complex_pde": 0.45489758253097534,
    "complex_ipde": 0.0,
    "chains_ptm": {
        "0": 0.8517760038375854
    },
    "pair_chains_iptm": {
        "0": {
            "0": 0.8517760038375854
        }
    }
}