{
    "confidence_score": 0.4451289772987366,
    "ptm": 0.3805416524410248,
    "iptm": 0.0,
    "ligand_iptm": 0.0,
    "protein_iptm": 0.0,
    "complex_plddt": 0.5564112067222595,
    "complex_iplddt": 0.0,
    "complex_pde": 2.37868595123291,
    "complex_ipde": 0.0,
    "chains_ptm": {
        "0": 0.3805416524410248
    },
    "pair_chains_iptm": {
        "0": {
            "0": 0.3805416524410248
        }
    }
}