{
    "confidence_score": 0.4403354823589325,
    "ptm": 0.48706239461898804,
    "iptm": 0.0,
    "ligand_iptm": 0.0,
    "protein_iptm": 0.0,
    "complex_plddt": 0.5504193305969238,
    "complex_iplddt": 0.0,
    "complex_pde": 2.4588942527770996,
    "complex_ipde": 0.0,
    "chains_ptm": {
        "0": 0.48706239461898804
    },
    "pair_chains_iptm": {
        "0": {
            "0": 0.48706239461898804
        }
    }
}