{
    "confidence_score": 0.7068626284599304,
    "ptm": 0.8299514055252075,
    "iptm": 0.0,
    "ligand_iptm": 0.0,
    "protein_iptm": 0.0,
    "complex_plddt": 0.8835783004760742,
    "complex_iplddt": 0.0,
    "complex_pde": 0.4223317503929138,
    "complex_ipde": 0.0,
    "chains_ptm": {
        "0": 0.8299514055252075
    },
    "pair_chains_iptm": {
        "0": {
            "0": 0.8299514055252075
        }
    }
}