{
    "confidence_score": 0.7469419240951538,
    "ptm": 0.8380773663520813,
    "iptm": 0.0,
    "ligand_iptm": 0.0,
    "protein_iptm": 0.0,
    "complex_plddt": 0.9336773753166199,
    "complex_iplddt": 0.0,
    "complex_pde": 0.5247212648391724,
    "complex_ipde": 0.0,
    "chains_ptm": {
        "0": 0.8380773663520813
    },
    "pair_chains_iptm": {
        "0": {
            "0": 0.8380773663520813
        }
    }
}