{
    "confidence_score": 0.4260168671607971,
    "ptm": 0.3040417432785034,
    "iptm": 0.0,
    "ligand_iptm": 0.0,
    "protein_iptm": 0.0,
    "complex_plddt": 0.5325210690498352,
    "complex_iplddt": 0.0,
    "complex_pde": 2.0509958267211914,
    "complex_ipde": 0.0,
    "chains_ptm": {
        "0": 0.3040417432785034
    },
    "pair_chains_iptm": {
        "0": {
            "0": 0.3040417432785034
        }
    }
}