{
    "confidence_score": 0.6529557704925537,
    "ptm": 0.6863275766372681,
    "iptm": 0.0,
    "ligand_iptm": 0.0,
    "protein_iptm": 0.0,
    "complex_plddt": 0.8161947131156921,
    "complex_iplddt": 0.0,
    "complex_pde": 0.8424278497695923,
    "complex_ipde": 0.0,
    "chains_ptm": {
        "0": 0.6863275766372681
    },
    "pair_chains_iptm": {
        "0": {
            "0": 0.6863275766372681
        }
    }
}