{
    "confidence_score": 0.503854513168335,
    "ptm": 0.3937348425388336,
    "iptm": 0.0,
    "ligand_iptm": 0.0,
    "protein_iptm": 0.0,
    "complex_plddt": 0.6298181414604187,
    "complex_iplddt": 0.0,
    "complex_pde": 1.5364059209823608,
    "complex_ipde": 0.0,
    "chains_ptm": {
        "0": 0.3937348425388336
    },
    "pair_chains_iptm": {
        "0": {
            "0": 0.3937348425388336
        }
    }
}