{
    "confidence_score": 0.5816426873207092,
    "ptm": 0.6933332681655884,
    "iptm": 0.0,
    "ligand_iptm": 0.0,
    "protein_iptm": 0.0,
    "complex_plddt": 0.7270533442497253,
    "complex_iplddt": 0.0,
    "complex_pde": 1.1264506578445435,
    "complex_ipde": 0.0,
    "chains_ptm": {
        "0": 0.6933332681655884
    },
    "pair_chains_iptm": {
        "0": {
            "0": 0.6933332681655884
        }
    }
}