{
    "confidence_score": 0.6331295371055603,
    "ptm": 0.5724229216575623,
    "iptm": 0.0,
    "ligand_iptm": 0.0,
    "protein_iptm": 0.0,
    "complex_plddt": 0.7914119362831116,
    "complex_iplddt": 0.0,
    "complex_pde": 0.9260377883911133,
    "complex_ipde": 0.0,
    "chains_ptm": {
        "0": 0.5724229216575623
    },
    "pair_chains_iptm": {
        "0": {
            "0": 0.5724229216575623
        }
    }
}