{
    "confidence_score": 0.6655079126358032,
    "ptm": 0.8594875931739807,
    "iptm": 0.0,
    "ligand_iptm": 0.0,
    "protein_iptm": 0.0,
    "complex_plddt": 0.8318848609924316,
    "complex_iplddt": 0.0,
    "complex_pde": 0.7857326865196228,
    "complex_ipde": 0.0,
    "chains_ptm": {
        "0": 0.8594875931739807
    },
    "pair_chains_iptm": {
        "0": {
            "0": 0.8594875931739807
        }
    }
}