{
    "confidence_score": 0.45990878343582153,
    "ptm": 0.6154196858406067,
    "iptm": 0.0,
    "ligand_iptm": 0.0,
    "protein_iptm": 0.0,
    "complex_plddt": 0.5748859643936157,
    "complex_iplddt": 0.0,
    "complex_pde": 2.0772831439971924,
    "complex_ipde": 0.0,
    "chains_ptm": {
        "0": 0.6154196858406067
    },
    "pair_chains_iptm": {
        "0": {
            "0": 0.6154196858406067
        }
    }
}