{
    "confidence_score": 0.7119148969650269,
    "ptm": 0.9164775013923645,
    "iptm": 0.0,
    "ligand_iptm": 0.0,
    "protein_iptm": 0.0,
    "complex_plddt": 0.8898935914039612,
    "complex_iplddt": 0.0,
    "complex_pde": 0.4457637667655945,
    "complex_ipde": 0.0,
    "chains_ptm": {
        "0": 0.9164775013923645
    },
    "pair_chains_iptm": {
        "0": {
            "0": 0.9164775013923645
        }
    }
}