{
    "confidence_score": 0.6901039481163025,
    "ptm": 0.7300864458084106,
    "iptm": 0.0,
    "ligand_iptm": 0.0,
    "protein_iptm": 0.0,
    "complex_plddt": 0.8626298904418945,
    "complex_iplddt": 0.0,
    "complex_pde": 1.0573351383209229,
    "complex_ipde": 0.0,
    "chains_ptm": {
        "0": 0.7300864458084106
    },
    "pair_chains_iptm": {
        "0": {
            "0": 0.7300864458084106
        }
    }
}