{
    "confidence_score": 0.7213701009750366,
    "ptm": 0.8804020285606384,
    "iptm": 0.0,
    "ligand_iptm": 0.0,
    "protein_iptm": 0.0,
    "complex_plddt": 0.9017125964164734,
    "complex_iplddt": 0.0,
    "complex_pde": 0.44990724325180054,
    "complex_ipde": 0.0,
    "chains_ptm": {
        "0": 0.8804020285606384
    },
    "pair_chains_iptm": {
        "0": {
            "0": 0.8804020285606384
        }
    }
}