{
    "confidence_score": 0.7344288229942322,
    "ptm": 0.9245181679725647,
    "iptm": 0.0,
    "ligand_iptm": 0.0,
    "protein_iptm": 0.0,
    "complex_plddt": 0.9180359840393066,
    "complex_iplddt": 0.0,
    "complex_pde": 0.4468875527381897,
    "complex_ipde": 0.0,
    "chains_ptm": {
        "0": 0.9245181679725647
    },
    "pair_chains_iptm": {
        "0": {
            "0": 0.9245181679725647
        }
    }
}