{
    "confidence_score": 0.6790618896484375,
    "ptm": 0.7006933689117432,
    "iptm": 0.0,
    "ligand_iptm": 0.0,
    "protein_iptm": 0.0,
    "complex_plddt": 0.8488273620605469,
    "complex_iplddt": 0.0,
    "complex_pde": 0.5029465556144714,
    "complex_ipde": 0.0,
    "chains_ptm": {
        "0": 0.7006933689117432
    },
    "pair_chains_iptm": {
        "0": {
            "0": 0.7006933689117432
        }
    }
}