{
    "confidence_score": 0.7297520041465759,
    "ptm": 0.9227548837661743,
    "iptm": 0.0,
    "ligand_iptm": 0.0,
    "protein_iptm": 0.0,
    "complex_plddt": 0.9121900200843811,
    "complex_iplddt": 0.0,
    "complex_pde": 0.3973180055618286,
    "complex_ipde": 0.0,
    "chains_ptm": {
        "0": 0.9227548837661743
    },
    "pair_chains_iptm": {
        "0": {
            "0": 0.9227548837661743
        }
    }
}