{
    "confidence_score": 0.6387638449668884,
    "ptm": 0.8462162017822266,
    "iptm": 0.0,
    "ligand_iptm": 0.0,
    "protein_iptm": 0.0,
    "complex_plddt": 0.798454761505127,
    "complex_iplddt": 0.0,
    "complex_pde": 0.39399150013923645,
    "complex_ipde": 0.0,
    "chains_ptm": {
        "0": 0.8462162017822266
    },
    "pair_chains_iptm": {
        "0": {
            "0": 0.8462162017822266
        }
    }
}