{
    "confidence_score": 0.7176510691642761,
    "ptm": 0.9009358286857605,
    "iptm": 0.0,
    "ligand_iptm": 0.0,
    "protein_iptm": 0.0,
    "complex_plddt": 0.8970638513565063,
    "complex_iplddt": 0.0,
    "complex_pde": 0.6017856001853943,
    "complex_ipde": 0.0,
    "chains_ptm": {
        "0": 0.9009358286857605
    },
    "pair_chains_iptm": {
        "0": {
            "0": 0.9009358286857605
        }
    }
}