{
    "confidence_score": 0.7721229791641235,
    "ptm": 0.9674656391143799,
    "iptm": 0.0,
    "ligand_iptm": 0.0,
    "protein_iptm": 0.0,
    "complex_plddt": 0.965153694152832,
    "complex_iplddt": 0.0,
    "complex_pde": 0.2910689115524292,
    "complex_ipde": 0.0,
    "chains_ptm": {
        "0": 0.9674656391143799
    },
    "pair_chains_iptm": {
        "0": {
            "0": 0.9674656391143799
        }
    }
}