{
    "confidence_score": 0.5221781730651855,
    "ptm": 0.25866246223449707,
    "iptm": 0.0,
    "ligand_iptm": 0.0,
    "protein_iptm": 0.0,
    "complex_plddt": 0.6527227163314819,
    "complex_iplddt": 0.0,
    "complex_pde": 1.9711285829544067,
    "complex_ipde": 0.0,
    "chains_ptm": {
        "0": 0.25866246223449707
    },
    "pair_chains_iptm": {
        "0": {
            "0": 0.25866246223449707
        }
    }
}