{
    "confidence_score": 0.7273253202438354,
    "ptm": 0.9576005935668945,
    "iptm": 0.0,
    "ligand_iptm": 0.0,
    "protein_iptm": 0.0,
    "complex_plddt": 0.9091566205024719,
    "complex_iplddt": 0.0,
    "complex_pde": 0.3782799243927002,
    "complex_ipde": 0.0,
    "chains_ptm": {
        "0": 0.9576005935668945
    },
    "pair_chains_iptm": {
        "0": {
            "0": 0.9576005935668945
        }
    }
}