{
    "confidence_score": 0.4900027811527252,
    "ptm": 0.30603593587875366,
    "iptm": 0.0,
    "ligand_iptm": 0.0,
    "protein_iptm": 0.0,
    "complex_plddt": 0.6125034689903259,
    "complex_iplddt": 0.0,
    "complex_pde": 2.762624740600586,
    "complex_ipde": 0.0,
    "chains_ptm": {
        "0": 0.30603593587875366
    },
    "pair_chains_iptm": {
        "0": {
            "0": 0.30603593587875366
        }
    }
}