{
    "confidence_score": 0.653903067111969,
    "ptm": 0.32503968477249146,
    "iptm": 0.0,
    "ligand_iptm": 0.0,
    "protein_iptm": 0.0,
    "complex_plddt": 0.8173788189888,
    "complex_iplddt": 0.0,
    "complex_pde": 1.5973738431930542,
    "complex_ipde": 0.0,
    "chains_ptm": {
        "0": 0.32503968477249146
    },
    "pair_chains_iptm": {
        "0": {
            "0": 0.32503968477249146
        }
    }
}