{
    "confidence_score": 0.735225260257721,
    "ptm": 0.9362803101539612,
    "iptm": 0.0,
    "ligand_iptm": 0.0,
    "protein_iptm": 0.0,
    "complex_plddt": 0.91903156042099,
    "complex_iplddt": 0.0,
    "complex_pde": 0.4020783603191376,
    "complex_ipde": 0.0,
    "chains_ptm": {
        "0": 0.9362803101539612
    },
    "pair_chains_iptm": {
        "0": {
            "0": 0.9362803101539612
        }
    }
}