{
    "plddts": {
        "model_1_pred_0": 58.59569232599598,
        "model_2_pred_0": 50.404507798991304,
        "model_3_pred_0": 57.9482142770321,
        "model_4_pred_0": 55.3048652440241,
        "model_5_pred_0": 47.88094098172208
    },
    "order": [
        "model_1_pred_0",
        "model_3_pred_0",
        "model_4_pred_0",
        "model_2_pred_0",
        "model_5_pred_0"
    ]
}