{
    "features": 4777.67804813385,
    "process_features_model_1_pred_0": 7.620104551315308,
    "predict_and_compile_model_1_pred_0": 522.872031211853,
    "process_features_model_2_pred_0": 9.869081020355225,
    "predict_and_compile_model_2_pred_0": 482.12906670570374,
    "process_features_model_3_pred_0": 8.261183023452759,
    "predict_and_compile_model_3_pred_0": 455.9666266441345,
    "process_features_model_4_pred_0": 7.478654146194458,
    "predict_and_compile_model_4_pred_0": 452.1312267780304,
    "process_features_model_5_pred_0": 7.429508209228516,
    "predict_and_compile_model_5_pred_0": 418.54209423065186,
    "relax_model_1_pred_0": 303.91797637939453
}