{
    "confidence_score": 0.6328025460243225,
    "ptm": 0.6962976455688477,
    "iptm": 0.0,
    "ligand_iptm": 0.0,
    "protein_iptm": 0.0,
    "complex_plddt": 0.7910031676292419,
    "complex_iplddt": 0.0,
    "complex_pde": 1.5228099822998047,
    "complex_ipde": 0.0,
    "chains_ptm": {
        "0": 0.6962976455688477
    },
    "pair_chains_iptm": {
        "0": {
            "0": 0.6962976455688477
        }
    }
}