{
    "confidence_score": 0.7063131928443909,
    "ptm": 0.9024531841278076,
    "iptm": 0.0,
    "ligand_iptm": 0.0,
    "protein_iptm": 0.0,
    "complex_plddt": 0.8828914761543274,
    "complex_iplddt": 0.0,
    "complex_pde": 0.4009283781051636,
    "complex_ipde": 0.0,
    "chains_ptm": {
        "0": 0.9024531841278076
    },
    "pair_chains_iptm": {
        "0": {
            "0": 0.9024531841278076
        }
    }
}