{
    "plddts": {
        "model_1_pred_0": 77.52302031774634,
        "model_2_pred_0": 77.59938099950305,
        "model_3_pred_0": 77.66781402706116,
        "model_4_pred_0": 78.99830774710591,
        "model_5_pred_0": 76.03072058288787
    },
    "order": [
        "model_4_pred_0",
        "model_3_pred_0",
        "model_2_pred_0",
        "model_1_pred_0",
        "model_5_pred_0"
    ]
}