{
    "confidence_score": 0.7413543462753296,
    "ptm": 0.8916032314300537,
    "iptm": 0.0,
    "ligand_iptm": 0.0,
    "protein_iptm": 0.0,
    "complex_plddt": 0.9266929030418396,
    "complex_iplddt": 0.0,
    "complex_pde": 0.3407994210720062,
    "complex_ipde": 0.0,
    "chains_ptm": {
        "0": 0.8916032314300537
    },
    "pair_chains_iptm": {
        "0": {
            "0": 0.8916032314300537
        }
    }
}