{
    "confidence_score": 0.611213743686676,
    "ptm": 0.7513492107391357,
    "iptm": 0.0,
    "ligand_iptm": 0.0,
    "protein_iptm": 0.0,
    "complex_plddt": 0.7640171647071838,
    "complex_iplddt": 0.0,
    "complex_pde": 0.7537190914154053,
    "complex_ipde": 0.0,
    "chains_ptm": {
        "0": 0.7513492107391357
    },
    "pair_chains_iptm": {
        "0": {
            "0": 0.7513492107391357
        }
    }
}