{
    "plddts": {
        "model_1_pred_0": 81.92336427359633,
        "model_2_pred_0": 82.08980775260207,
        "model_3_pred_0": 84.22102751468243,
        "model_4_pred_0": 81.47971163478302,
        "model_5_pred_0": 80.9098662153223
    },
    "order": [
        "model_3_pred_0",
        "model_2_pred_0",
        "model_1_pred_0",
        "model_4_pred_0",
        "model_5_pred_0"
    ]
}