{
    "features": 3550.7062678337097,
    "process_features_model_1_pred_0": 6.981396198272705,
    "predict_and_compile_model_1_pred_0": 273.7708525657654,
    "process_features_model_2_pred_0": 7.254901647567749,
    "predict_and_compile_model_2_pred_0": 253.11111879348755,
    "process_features_model_3_pred_0": 7.057239532470703,
    "predict_and_compile_model_3_pred_0": 236.91572546958923,
    "process_features_model_4_pred_0": 7.065273284912109,
    "predict_and_compile_model_4_pred_0": 237.2101969718933,
    "process_features_model_5_pred_0": 6.834433078765869,
    "predict_and_compile_model_5_pred_0": 213.71819519996643,
    "relax_model_3_pred_0": 50.237436294555664
}