{
    "confidence_score": 0.6898393630981445,
    "ptm": 0.6666340827941895,
    "iptm": 0.0,
    "ligand_iptm": 0.0,
    "protein_iptm": 0.0,
    "complex_plddt": 0.8622992038726807,
    "complex_iplddt": 0.0,
    "complex_pde": 0.5413576364517212,
    "complex_ipde": 0.0,
    "chains_ptm": {
        "0": 0.6666340827941895
    },
    "pair_chains_iptm": {
        "0": {
            "0": 0.6666340827941895
        }
    }
}