{
    "confidence_score": 0.680357038974762,
    "ptm": 0.7081109881401062,
    "iptm": 0.0,
    "ligand_iptm": 0.0,
    "protein_iptm": 0.0,
    "complex_plddt": 0.8504462838172913,
    "complex_iplddt": 0.0,
    "complex_pde": 0.5419801473617554,
    "complex_ipde": 0.0,
    "chains_ptm": {
        "0": 0.7081109881401062
    },
    "pair_chains_iptm": {
        "0": {
            "0": 0.7081109881401062
        }
    }
}