{
    "confidence_score": 0.7128546833992004,
    "ptm": 0.9276263117790222,
    "iptm": 0.0,
    "ligand_iptm": 0.0,
    "protein_iptm": 0.0,
    "complex_plddt": 0.8910683393478394,
    "complex_iplddt": 0.0,
    "complex_pde": 0.4629509449005127,
    "complex_ipde": 0.0,
    "chains_ptm": {
        "0": 0.9276263117790222
    },
    "pair_chains_iptm": {
        "0": {
            "0": 0.9276263117790222
        }
    }
}