{
    "confidence_score": 0.6324284672737122,
    "ptm": 0.7674095630645752,
    "iptm": 0.0,
    "ligand_iptm": 0.0,
    "protein_iptm": 0.0,
    "complex_plddt": 0.790535569190979,
    "complex_iplddt": 0.0,
    "complex_pde": 0.7846318483352661,
    "complex_ipde": 0.0,
    "chains_ptm": {
        "0": 0.7674095630645752
    },
    "pair_chains_iptm": {
        "0": {
            "0": 0.7674095630645752
        }
    }
}