{
    "confidence_score": 0.5170676112174988,
    "ptm": 0.3466308116912842,
    "iptm": 0.0,
    "ligand_iptm": 0.0,
    "protein_iptm": 0.0,
    "complex_plddt": 0.6463345289230347,
    "complex_iplddt": 0.0,
    "complex_pde": 1.0564213991165161,
    "complex_ipde": 0.0,
    "chains_ptm": {
        "0": 0.3466308116912842
    },
    "pair_chains_iptm": {
        "0": {
            "0": 0.3466308116912842
        }
    }
}