{
    "confidence_score": 0.6375841498374939,
    "ptm": 0.5911695957183838,
    "iptm": 0.0,
    "ligand_iptm": 0.0,
    "protein_iptm": 0.0,
    "complex_plddt": 0.7969801425933838,
    "complex_iplddt": 0.0,
    "complex_pde": 0.6466248035430908,
    "complex_ipde": 0.0,
    "chains_ptm": {
        "0": 0.5911695957183838
    },
    "pair_chains_iptm": {
        "0": {
            "0": 0.5911695957183838
        }
    }
}