{
    "confidence_score": 0.49069663882255554,
    "ptm": 0.6318747997283936,
    "iptm": 0.0,
    "ligand_iptm": 0.0,
    "protein_iptm": 0.0,
    "complex_plddt": 0.6133707761764526,
    "complex_iplddt": 0.0,
    "complex_pde": 2.036724328994751,
    "complex_ipde": 0.0,
    "chains_ptm": {
        "0": 0.6318747997283936
    },
    "pair_chains_iptm": {
        "0": {
            "0": 0.6318747997283936
        }
    }
}