{
    "confidence_score": 0.7079097032546997,
    "ptm": 0.9175239205360413,
    "iptm": 0.0,
    "ligand_iptm": 0.0,
    "protein_iptm": 0.0,
    "complex_plddt": 0.8848870992660522,
    "complex_iplddt": 0.0,
    "complex_pde": 0.4540880620479584,
    "complex_ipde": 0.0,
    "chains_ptm": {
        "0": 0.9175239205360413
    },
    "pair_chains_iptm": {
        "0": {
            "0": 0.9175239205360413
        }
    }
}