{
    "confidence_score": 0.41777464747428894,
    "ptm": 0.30140525102615356,
    "iptm": 0.0,
    "ligand_iptm": 0.0,
    "protein_iptm": 0.0,
    "complex_plddt": 0.5222182869911194,
    "complex_iplddt": 0.0,
    "complex_pde": 3.3071181774139404,
    "complex_ipde": 0.0,
    "chains_ptm": {
        "0": 0.30140525102615356
    },
    "pair_chains_iptm": {
        "0": {
            "0": 0.30140525102615356
        }
    }
}