{
    "confidence_score": 0.5818553566932678,
    "ptm": 0.6182354092597961,
    "iptm": 0.0,
    "ligand_iptm": 0.0,
    "protein_iptm": 0.0,
    "complex_plddt": 0.7273191809654236,
    "complex_iplddt": 0.0,
    "complex_pde": 1.0240336656570435,
    "complex_ipde": 0.0,
    "chains_ptm": {
        "0": 0.6182354092597961
    },
    "pair_chains_iptm": {
        "0": {
            "0": 0.6182354092597961
        }
    }
}