{
    "confidence_score": 0.5654119849205017,
    "ptm": 0.3981737196445465,
    "iptm": 0.0,
    "ligand_iptm": 0.0,
    "protein_iptm": 0.0,
    "complex_plddt": 0.7067649364471436,
    "complex_iplddt": 0.0,
    "complex_pde": 1.6248211860656738,
    "complex_ipde": 0.0,
    "chains_ptm": {
        "0": 0.3981737196445465
    },
    "pair_chains_iptm": {
        "0": {
            "0": 0.3981737196445465
        }
    }
}