{
    "confidence_score": 0.6323492527008057,
    "ptm": 0.6255829930305481,
    "iptm": 0.0,
    "ligand_iptm": 0.0,
    "protein_iptm": 0.0,
    "complex_plddt": 0.7904365658760071,
    "complex_iplddt": 0.0,
    "complex_pde": 1.1074296236038208,
    "complex_ipde": 0.0,
    "chains_ptm": {
        "0": 0.6255829930305481
    },
    "pair_chains_iptm": {
        "0": {
            "0": 0.6255829930305481
        }
    }
}