{
    "confidence_score": 0.6406695246696472,
    "ptm": 0.76836758852005,
    "iptm": 0.0,
    "ligand_iptm": 0.0,
    "protein_iptm": 0.0,
    "complex_plddt": 0.8008369207382202,
    "complex_iplddt": 0.0,
    "complex_pde": 1.1846704483032227,
    "complex_ipde": 0.0,
    "chains_ptm": {
        "0": 0.76836758852005
    },
    "pair_chains_iptm": {
        "0": {
            "0": 0.76836758852005
        }
    }
}