{
    "confidence_score": 0.6221868395805359,
    "ptm": 0.5870644450187683,
    "iptm": 0.0,
    "ligand_iptm": 0.0,
    "protein_iptm": 0.0,
    "complex_plddt": 0.7777335047721863,
    "complex_iplddt": 0.0,
    "complex_pde": 1.3621833324432373,
    "complex_ipde": 0.0,
    "chains_ptm": {
        "0": 0.5870644450187683
    },
    "pair_chains_iptm": {
        "0": {
            "0": 0.5870644450187683
        }
    }
}