{
    "confidence_score": 0.738585352897644,
    "ptm": 0.928005576133728,
    "iptm": 0.0,
    "ligand_iptm": 0.0,
    "protein_iptm": 0.0,
    "complex_plddt": 0.9232316613197327,
    "complex_iplddt": 0.0,
    "complex_pde": 0.45949622988700867,
    "complex_ipde": 0.0,
    "chains_ptm": {
        "0": 0.928005576133728
    },
    "pair_chains_iptm": {
        "0": {
            "0": 0.928005576133728
        }
    }
}