{
    "confidence_score": 0.5258628129959106,
    "ptm": 0.5491686463356018,
    "iptm": 0.0,
    "ligand_iptm": 0.0,
    "protein_iptm": 0.0,
    "complex_plddt": 0.6573284864425659,
    "complex_iplddt": 0.0,
    "complex_pde": 0.8793305158615112,
    "complex_ipde": 0.0,
    "chains_ptm": {
        "0": 0.5491686463356018
    },
    "pair_chains_iptm": {
        "0": {
            "0": 0.5491686463356018
        }
    }
}