{
    "confidence_score": 0.7362483143806458,
    "ptm": 0.9395111799240112,
    "iptm": 0.0,
    "ligand_iptm": 0.0,
    "protein_iptm": 0.0,
    "complex_plddt": 0.920310378074646,
    "complex_iplddt": 0.0,
    "complex_pde": 0.40791141986846924,
    "complex_ipde": 0.0,
    "chains_ptm": {
        "0": 0.9395111799240112
    },
    "pair_chains_iptm": {
        "0": {
            "0": 0.9395111799240112
        }
    }
}