{
    "confidence_score": 0.45741531252861023,
    "ptm": 0.42292311787605286,
    "iptm": 0.0,
    "ligand_iptm": 0.0,
    "protein_iptm": 0.0,
    "complex_plddt": 0.571769118309021,
    "complex_iplddt": 0.0,
    "complex_pde": 1.6360352039337158,
    "complex_ipde": 0.0,
    "chains_ptm": {
        "0": 0.42292311787605286
    },
    "pair_chains_iptm": {
        "0": {
            "0": 0.42292311787605286
        }
    }
}