{
    "confidence_score": 0.658070981502533,
    "ptm": 0.5674346685409546,
    "iptm": 0.0,
    "ligand_iptm": 0.0,
    "protein_iptm": 0.0,
    "complex_plddt": 0.8225886821746826,
    "complex_iplddt": 0.0,
    "complex_pde": 0.9855408668518066,
    "complex_ipde": 0.0,
    "chains_ptm": {
        "0": 0.5674346685409546
    },
    "pair_chains_iptm": {
        "0": {
            "0": 0.5674346685409546
        }
    }
}