{
    "confidence_score": 0.601795494556427,
    "ptm": 0.7037737965583801,
    "iptm": 0.0,
    "ligand_iptm": 0.0,
    "protein_iptm": 0.0,
    "complex_plddt": 0.7522443532943726,
    "complex_iplddt": 0.0,
    "complex_pde": 1.5165936946868896,
    "complex_ipde": 0.0,
    "chains_ptm": {
        "0": 0.7037737965583801
    },
    "pair_chains_iptm": {
        "0": {
            "0": 0.7037737965583801
        }
    }
}