{
    "confidence_score": 0.6831465363502502,
    "ptm": 0.8225876688957214,
    "iptm": 0.0,
    "ligand_iptm": 0.0,
    "protein_iptm": 0.0,
    "complex_plddt": 0.8539331555366516,
    "complex_iplddt": 0.0,
    "complex_pde": 0.6780822277069092,
    "complex_ipde": 0.0,
    "chains_ptm": {
        "0": 0.8225876688957214
    },
    "pair_chains_iptm": {
        "0": {
            "0": 0.8225876688957214
        }
    }
}