{
    "confidence_score": 0.699621856212616,
    "ptm": 0.8723675608634949,
    "iptm": 0.0,
    "ligand_iptm": 0.0,
    "protein_iptm": 0.0,
    "complex_plddt": 0.8745272755622864,
    "complex_iplddt": 0.0,
    "complex_pde": 0.5315368175506592,
    "complex_ipde": 0.0,
    "chains_ptm": {
        "0": 0.8723675608634949
    },
    "pair_chains_iptm": {
        "0": {
            "0": 0.8723675608634949
        }
    }
}