{
    "confidence_score": 0.6127220988273621,
    "ptm": 0.8185907006263733,
    "iptm": 0.0,
    "ligand_iptm": 0.0,
    "protein_iptm": 0.0,
    "complex_plddt": 0.765902578830719,
    "complex_iplddt": 0.0,
    "complex_pde": 0.9464753270149231,
    "complex_ipde": 0.0,
    "chains_ptm": {
        "0": 0.8185907006263733
    },
    "pair_chains_iptm": {
        "0": {
            "0": 0.8185907006263733
        }
    }
}