{
    "confidence_score": 0.7141755819320679,
    "ptm": 0.9091565608978271,
    "iptm": 0.0,
    "ligand_iptm": 0.0,
    "protein_iptm": 0.0,
    "complex_plddt": 0.8927194476127625,
    "complex_iplddt": 0.0,
    "complex_pde": 0.44417786598205566,
    "complex_ipde": 0.0,
    "chains_ptm": {
        "0": 0.9091565608978271
    },
    "pair_chains_iptm": {
        "0": {
            "0": 0.9091565608978271
        }
    }
}