{
    "confidence_score": 0.7507748007774353,
    "ptm": 0.9489656090736389,
    "iptm": 0.0,
    "ligand_iptm": 0.0,
    "protein_iptm": 0.0,
    "complex_plddt": 0.9384685158729553,
    "complex_iplddt": 0.0,
    "complex_pde": 0.3306877911090851,
    "complex_ipde": 0.0,
    "chains_ptm": {
        "0": 0.9489656090736389
    },
    "pair_chains_iptm": {
        "0": {
            "0": 0.9489656090736389
        }
    }
}