{
    "confidence_score": 0.7038668990135193,
    "ptm": 0.8956101536750793,
    "iptm": 0.0,
    "ligand_iptm": 0.0,
    "protein_iptm": 0.0,
    "complex_plddt": 0.8798336386680603,
    "complex_iplddt": 0.0,
    "complex_pde": 0.6039000749588013,
    "complex_ipde": 0.0,
    "chains_ptm": {
        "0": 0.8956101536750793
    },
    "pair_chains_iptm": {
        "0": {
            "0": 0.8956101536750793
        }
    }
}