{
    "plddts": {
        "model_1_pred_0": 70.72516513087884,
        "model_2_pred_0": 70.66229219420809,
        "model_3_pred_0": 72.78709431561715,
        "model_4_pred_0": 74.6012653524568,
        "model_5_pred_0": 72.45838943342979
    },
    "order": [
        "model_4_pred_0",
        "model_3_pred_0",
        "model_5_pred_0",
        "model_1_pred_0",
        "model_2_pred_0"
    ]
}