{
    "confidence_score": 0.6888630390167236,
    "ptm": 0.8507340550422668,
    "iptm": 0.0,
    "ligand_iptm": 0.0,
    "protein_iptm": 0.0,
    "complex_plddt": 0.8610787987709045,
    "complex_iplddt": 0.0,
    "complex_pde": 0.5953030586242676,
    "complex_ipde": 0.0,
    "chains_ptm": {
        "0": 0.8507340550422668
    },
    "pair_chains_iptm": {
        "0": {
            "0": 0.8507340550422668
        }
    }
}