{
    "confidence_score": 0.560483455657959,
    "ptm": 0.31753304600715637,
    "iptm": 0.0,
    "ligand_iptm": 0.0,
    "protein_iptm": 0.0,
    "complex_plddt": 0.7006043195724487,
    "complex_iplddt": 0.0,
    "complex_pde": 1.1844346523284912,
    "complex_ipde": 0.0,
    "chains_ptm": {
        "0": 0.31753304600715637
    },
    "pair_chains_iptm": {
        "0": {
            "0": 0.31753304600715637
        }
    }
}