{
    "confidence_score": 0.6858229637145996,
    "ptm": 0.8796932697296143,
    "iptm": 0.0,
    "ligand_iptm": 0.0,
    "protein_iptm": 0.0,
    "complex_plddt": 0.8572787046432495,
    "complex_iplddt": 0.0,
    "complex_pde": 0.5307241082191467,
    "complex_ipde": 0.0,
    "chains_ptm": {
        "0": 0.8796932697296143
    },
    "pair_chains_iptm": {
        "0": {
            "0": 0.8796932697296143
        }
    }
}