{
    "confidence_score": 0.5420657992362976,
    "ptm": 0.25048261880874634,
    "iptm": 0.0,
    "ligand_iptm": 0.0,
    "protein_iptm": 0.0,
    "complex_plddt": 0.6775822639465332,
    "complex_iplddt": 0.0,
    "complex_pde": 2.639516592025757,
    "complex_ipde": 0.0,
    "chains_ptm": {
        "0": 0.25048261880874634
    },
    "pair_chains_iptm": {
        "0": {
            "0": 0.25048261880874634
        }
    }
}