{
    "confidence_score": 0.6317154169082642,
    "ptm": 0.756267249584198,
    "iptm": 0.0,
    "ligand_iptm": 0.0,
    "protein_iptm": 0.0,
    "complex_plddt": 0.7896442413330078,
    "complex_iplddt": 0.0,
    "complex_pde": 0.7617859244346619,
    "complex_ipde": 0.0,
    "chains_ptm": {
        "0": 0.756267249584198
    },
    "pair_chains_iptm": {
        "0": {
            "0": 0.756267249584198
        }
    }
}