{
    "confidence_score": 0.6402396559715271,
    "ptm": 0.780582070350647,
    "iptm": 0.0,
    "ligand_iptm": 0.0,
    "protein_iptm": 0.0,
    "complex_plddt": 0.8002995252609253,
    "complex_iplddt": 0.0,
    "complex_pde": 0.5227720141410828,
    "complex_ipde": 0.0,
    "chains_ptm": {
        "0": 0.780582070350647
    },
    "pair_chains_iptm": {
        "0": {
            "0": 0.780582070350647
        }
    }
}