{
    "confidence_score": 0.5950890779495239,
    "ptm": 0.5546837449073792,
    "iptm": 0.0,
    "ligand_iptm": 0.0,
    "protein_iptm": 0.0,
    "complex_plddt": 0.7438613176345825,
    "complex_iplddt": 0.0,
    "complex_pde": 0.8476506471633911,
    "complex_ipde": 0.0,
    "chains_ptm": {
        "0": 0.5546837449073792
    },
    "pair_chains_iptm": {
        "0": {
            "0": 0.5546837449073792
        }
    }
}