{
    "plddts": {
        "model_1_pred_0": 69.82261113520966,
        "model_2_pred_0": 68.22962034239237,
        "model_3_pred_0": 70.01905869370401,
        "model_4_pred_0": 68.93660255363558,
        "model_5_pred_0": 69.24673563374358
    },
    "order": [
        "model_3_pred_0",
        "model_1_pred_0",
        "model_5_pred_0",
        "model_4_pred_0",
        "model_2_pred_0"
    ]
}