{
    "features": 5610.294575452805,
    "process_features_model_1_pred_0": 10.477699041366577,
    "predict_and_compile_model_1_pred_0": 558.1733644008636,
    "process_features_model_2_pred_0": 12.035789966583252,
    "predict_and_compile_model_2_pred_0": 509.5043568611145,
    "process_features_model_3_pred_0": 10.556882619857788,
    "predict_and_compile_model_3_pred_0": 483.6292498111725,
    "process_features_model_4_pred_0": 10.322772741317749,
    "predict_and_compile_model_4_pred_0": 481.9031596183777,
    "process_features_model_5_pred_0": 10.144776582717896,
    "predict_and_compile_model_5_pred_0": 446.75793385505676,
    "relax_model_3_pred_0": 84.52003455162048
}