{
    "confidence_score": 0.5575419068336487,
    "ptm": 0.7766859531402588,
    "iptm": 0.0,
    "ligand_iptm": 0.0,
    "protein_iptm": 0.0,
    "complex_plddt": 0.6969273686408997,
    "complex_iplddt": 0.0,
    "complex_pde": 0.8683986663818359,
    "complex_ipde": 0.0,
    "chains_ptm": {
        "0": 0.7766859531402588
    },
    "pair_chains_iptm": {
        "0": {
            "0": 0.7766859531402588
        }
    }
}