{
    "confidence_score": 0.539622962474823,
    "ptm": 0.5154997110366821,
    "iptm": 0.0,
    "ligand_iptm": 0.0,
    "protein_iptm": 0.0,
    "complex_plddt": 0.6745286583900452,
    "complex_iplddt": 0.0,
    "complex_pde": 0.7644153833389282,
    "complex_ipde": 0.0,
    "chains_ptm": {
        "0": 0.5154997110366821
    },
    "pair_chains_iptm": {
        "0": {
            "0": 0.5154997110366821
        }
    }
}