{
    "confidence_score": 0.7405242323875427,
    "ptm": 0.9302412271499634,
    "iptm": 0.0,
    "ligand_iptm": 0.0,
    "protein_iptm": 0.0,
    "complex_plddt": 0.9256553053855896,
    "complex_iplddt": 0.0,
    "complex_pde": 0.36172688007354736,
    "complex_ipde": 0.0,
    "chains_ptm": {
        "0": 0.9302412271499634
    },
    "pair_chains_iptm": {
        "0": {
            "0": 0.9302412271499634
        }
    }
}