{
    "confidence_score": 0.6925397515296936,
    "ptm": 0.8725873827934265,
    "iptm": 0.0,
    "ligand_iptm": 0.0,
    "protein_iptm": 0.0,
    "complex_plddt": 0.8656746745109558,
    "complex_iplddt": 0.0,
    "complex_pde": 0.4959736764431,
    "complex_ipde": 0.0,
    "chains_ptm": {
        "0": 0.8725873827934265
    },
    "pair_chains_iptm": {
        "0": {
            "0": 0.8725873827934265
        }
    }
}