{
    "confidence_score": 0.4793910086154938,
    "ptm": 0.2216942012310028,
    "iptm": 0.0,
    "ligand_iptm": 0.0,
    "protein_iptm": 0.0,
    "complex_plddt": 0.5992387533187866,
    "complex_iplddt": 0.0,
    "complex_pde": 1.7721619606018066,
    "complex_ipde": 0.0,
    "chains_ptm": {
        "0": 0.2216942012310028
    },
    "pair_chains_iptm": {
        "0": {
            "0": 0.2216942012310028
        }
    }
}