{
    "confidence_score": 0.6765078902244568,
    "ptm": 0.8561314940452576,
    "iptm": 0.0,
    "ligand_iptm": 0.0,
    "protein_iptm": 0.0,
    "complex_plddt": 0.8456348180770874,
    "complex_iplddt": 0.0,
    "complex_pde": 0.8898005485534668,
    "complex_ipde": 0.0,
    "chains_ptm": {
        "0": 0.8561314940452576
    },
    "pair_chains_iptm": {
        "0": {
            "0": 0.8561314940452576
        }
    }
}