{
    "confidence_score": 0.748938798904419,
    "ptm": 0.9610923528671265,
    "iptm": 0.0,
    "ligand_iptm": 0.0,
    "protein_iptm": 0.0,
    "complex_plddt": 0.9361734986305237,
    "complex_iplddt": 0.0,
    "complex_pde": 0.33009064197540283,
    "complex_ipde": 0.0,
    "chains_ptm": {
        "0": 0.9610923528671265
    },
    "pair_chains_iptm": {
        "0": {
            "0": 0.9610923528671265
        }
    }
}