{
    "confidence_score": 0.674176037311554,
    "ptm": 0.8099389672279358,
    "iptm": 0.0,
    "ligand_iptm": 0.0,
    "protein_iptm": 0.0,
    "complex_plddt": 0.8427200317382812,
    "complex_iplddt": 0.0,
    "complex_pde": 0.7709329724311829,
    "complex_ipde": 0.0,
    "chains_ptm": {
        "0": 0.8099389672279358
    },
    "pair_chains_iptm": {
        "0": {
            "0": 0.8099389672279358
        }
    }
}