{
    "confidence_score": 0.5085070729255676,
    "ptm": 0.23627124726772308,
    "iptm": 0.0,
    "ligand_iptm": 0.0,
    "protein_iptm": 0.0,
    "complex_plddt": 0.6356338262557983,
    "complex_iplddt": 0.0,
    "complex_pde": 2.3972971439361572,
    "complex_ipde": 0.0,
    "chains_ptm": {
        "0": 0.23627124726772308
    },
    "pair_chains_iptm": {
        "0": {
            "0": 0.23627124726772308
        }
    }
}