{
    "plddts": {
        "model_1_pred_0": 76.74391582076336,
        "model_2_pred_0": 76.25801676958426,
        "model_3_pred_0": 77.84488579441457,
        "model_4_pred_0": 76.04598443095483,
        "model_5_pred_0": 77.06536020330117
    },
    "order": [
        "model_3_pred_0",
        "model_5_pred_0",
        "model_1_pred_0",
        "model_2_pred_0",
        "model_4_pred_0"
    ]
}