{
    "features": 14399.272339582443,
    "process_features_model_1_pred_0": 11.292540788650513,
    "predict_and_compile_model_1_pred_0": 282.70914006233215,
    "process_features_model_2_pred_0": 11.22610068321228,
    "predict_and_compile_model_2_pred_0": 254.4024224281311,
    "process_features_model_3_pred_0": 10.725783348083496,
    "predict_and_compile_model_3_pred_0": 234.82780075073242,
    "process_features_model_4_pred_0": 10.7180655002594,
    "predict_and_compile_model_4_pred_0": 230.63110542297363,
    "process_features_model_5_pred_0": 10.450505495071411,
    "predict_and_compile_model_5_pred_0": 213.95023202896118,
    "relax_model_3_pred_0": 48.88452959060669
}