{
    "confidence_score": 0.6644296646118164,
    "ptm": 0.8631068468093872,
    "iptm": 0.0,
    "ligand_iptm": 0.0,
    "protein_iptm": 0.0,
    "complex_plddt": 0.8305370807647705,
    "complex_iplddt": 0.0,
    "complex_pde": 0.6839052438735962,
    "complex_ipde": 0.0,
    "chains_ptm": {
        "0": 0.8631068468093872
    },
    "pair_chains_iptm": {
        "0": {
            "0": 0.8631068468093872
        }
    }
}