{
    "confidence_score": 0.5795378088951111,
    "ptm": 0.7247229218482971,
    "iptm": 0.0,
    "ligand_iptm": 0.0,
    "protein_iptm": 0.0,
    "complex_plddt": 0.72442227602005,
    "complex_iplddt": 0.0,
    "complex_pde": 0.9409316778182983,
    "complex_ipde": 0.0,
    "chains_ptm": {
        "0": 0.7247229218482971
    },
    "pair_chains_iptm": {
        "0": {
            "0": 0.7247229218482971
        }
    }
}