{
    "confidence_score": 0.5789992213249207,
    "ptm": 0.6271188259124756,
    "iptm": 0.0,
    "ligand_iptm": 0.0,
    "protein_iptm": 0.0,
    "complex_plddt": 0.7237489819526672,
    "complex_iplddt": 0.0,
    "complex_pde": 0.9149938225746155,
    "complex_ipde": 0.0,
    "chains_ptm": {
        "0": 0.6271188259124756
    },
    "pair_chains_iptm": {
        "0": {
            "0": 0.6271188259124756
        }
    }
}