{
    "confidence_score": 0.5788040161132812,
    "ptm": 0.7208575010299683,
    "iptm": 0.0,
    "ligand_iptm": 0.0,
    "protein_iptm": 0.0,
    "complex_plddt": 0.7235050201416016,
    "complex_iplddt": 0.0,
    "complex_pde": 1.4573206901550293,
    "complex_ipde": 0.0,
    "chains_ptm": {
        "0": 0.7208575010299683
    },
    "pair_chains_iptm": {
        "0": {
            "0": 0.7208575010299683
        }
    }
}