{
    "confidence_score": 0.5951535701751709,
    "ptm": 0.5685523152351379,
    "iptm": 0.0,
    "ligand_iptm": 0.0,
    "protein_iptm": 0.0,
    "complex_plddt": 0.7439419627189636,
    "complex_iplddt": 0.0,
    "complex_pde": 1.2771798372268677,
    "complex_ipde": 0.0,
    "chains_ptm": {
        "0": 0.5685523152351379
    },
    "pair_chains_iptm": {
        "0": {
            "0": 0.5685523152351379
        }
    }
}