{
    "confidence_score": 0.666613757610321,
    "ptm": 0.8815448880195618,
    "iptm": 0.0,
    "ligand_iptm": 0.0,
    "protein_iptm": 0.0,
    "complex_plddt": 0.8332672119140625,
    "complex_iplddt": 0.0,
    "complex_pde": 0.4292784333229065,
    "complex_ipde": 0.0,
    "chains_ptm": {
        "0": 0.8815448880195618
    },
    "pair_chains_iptm": {
        "0": {
            "0": 0.8815448880195618
        }
    }
}