{
    "confidence_score": 0.7443761229515076,
    "ptm": 0.9288350343704224,
    "iptm": 0.0,
    "ligand_iptm": 0.0,
    "protein_iptm": 0.0,
    "complex_plddt": 0.9304701089859009,
    "complex_iplddt": 0.0,
    "complex_pde": 0.40686455368995667,
    "complex_ipde": 0.0,
    "chains_ptm": {
        "0": 0.9288350343704224
    },
    "pair_chains_iptm": {
        "0": {
            "0": 0.9288350343704224
        }
    }
}