{
    "confidence_score": 0.6553893685340881,
    "ptm": 0.6871389150619507,
    "iptm": 0.0,
    "ligand_iptm": 0.0,
    "protein_iptm": 0.0,
    "complex_plddt": 0.819236695766449,
    "complex_iplddt": 0.0,
    "complex_pde": 0.6905223727226257,
    "complex_ipde": 0.0,
    "chains_ptm": {
        "0": 0.6871389150619507
    },
    "pair_chains_iptm": {
        "0": {
            "0": 0.6871389150619507
        }
    }
}