{
    "confidence_score": 0.6320761442184448,
    "ptm": 0.8531508445739746,
    "iptm": 0.0,
    "ligand_iptm": 0.0,
    "protein_iptm": 0.0,
    "complex_plddt": 0.7900951504707336,
    "complex_iplddt": 0.0,
    "complex_pde": 0.644148588180542,
    "complex_ipde": 0.0,
    "chains_ptm": {
        "0": 0.8531508445739746
    },
    "pair_chains_iptm": {
        "0": {
            "0": 0.8531508445739746
        }
    }
}