{
    "confidence_score": 0.6776663661003113,
    "ptm": 0.8723115921020508,
    "iptm": 0.0,
    "ligand_iptm": 0.0,
    "protein_iptm": 0.0,
    "complex_plddt": 0.8470829725265503,
    "complex_iplddt": 0.0,
    "complex_pde": 0.6642709374427795,
    "complex_ipde": 0.0,
    "chains_ptm": {
        "0": 0.8723115921020508
    },
    "pair_chains_iptm": {
        "0": {
            "0": 0.8723115921020508
        }
    }
}