{
    "confidence_score": 0.6484646797180176,
    "ptm": 0.7096079587936401,
    "iptm": 0.0,
    "ligand_iptm": 0.0,
    "protein_iptm": 0.0,
    "complex_plddt": 0.810580849647522,
    "complex_iplddt": 0.0,
    "complex_pde": 1.1802937984466553,
    "complex_ipde": 0.0,
    "chains_ptm": {
        "0": 0.7096079587936401
    },
    "pair_chains_iptm": {
        "0": {
            "0": 0.7096079587936401
        }
    }
}