{
    "confidence_score": 0.6982056498527527,
    "ptm": 0.8081743717193604,
    "iptm": 0.0,
    "ligand_iptm": 0.0,
    "protein_iptm": 0.0,
    "complex_plddt": 0.8727570176124573,
    "complex_iplddt": 0.0,
    "complex_pde": 0.6201515793800354,
    "complex_ipde": 0.0,
    "chains_ptm": {
        "0": 0.8081743717193604
    },
    "pair_chains_iptm": {
        "0": {
            "0": 0.8081743717193604
        }
    }
}