{
    "confidence_score": 0.7232511639595032,
    "ptm": 0.9015533328056335,
    "iptm": 0.0,
    "ligand_iptm": 0.0,
    "protein_iptm": 0.0,
    "complex_plddt": 0.9040639400482178,
    "complex_iplddt": 0.0,
    "complex_pde": 0.3920056223869324,
    "complex_ipde": 0.0,
    "chains_ptm": {
        "0": 0.9015533328056335
    },
    "pair_chains_iptm": {
        "0": {
            "0": 0.9015533328056335
        }
    }
}