{
    "confidence_score": 0.7270405292510986,
    "ptm": 0.9511176943778992,
    "iptm": 0.0,
    "ligand_iptm": 0.0,
    "protein_iptm": 0.0,
    "complex_plddt": 0.9088006615638733,
    "complex_iplddt": 0.0,
    "complex_pde": 0.42777541279792786,
    "complex_ipde": 0.0,
    "chains_ptm": {
        "0": 0.9511176943778992
    },
    "pair_chains_iptm": {
        "0": {
            "0": 0.9511176943778992
        }
    }
}