{
    "features": 5731.076160907745,
    "process_features_model_1_pred_0": 14.949886798858643,
    "predict_and_compile_model_1_pred_0": 376.586923122406,
    "process_features_model_2_pred_0": 14.427693605422974,
    "predict_and_compile_model_2_pred_0": 348.86169147491455,
    "process_features_model_3_pred_0": 12.93307089805603,
    "predict_and_compile_model_3_pred_0": 316.2278161048889,
    "process_features_model_4_pred_0": 12.46915316581726,
    "predict_and_compile_model_4_pred_0": 313.9505410194397,
    "process_features_model_5_pred_0": 12.445743322372437,
    "predict_and_compile_model_5_pred_0": 290.40110754966736,
    "relax_model_4_pred_0": 88.12786769866943
}