{
    "confidence_score": 0.713191568851471,
    "ptm": 0.820563018321991,
    "iptm": 0.0,
    "ligand_iptm": 0.0,
    "protein_iptm": 0.0,
    "complex_plddt": 0.8914894461631775,
    "complex_iplddt": 0.0,
    "complex_pde": 0.4152325689792633,
    "complex_ipde": 0.0,
    "chains_ptm": {
        "0": 0.820563018321991
    },
    "pair_chains_iptm": {
        "0": {
            "0": 0.820563018321991
        }
    }
}