{
    "confidence_score": 0.5268093347549438,
    "ptm": 0.36944782733917236,
    "iptm": 0.0,
    "ligand_iptm": 0.0,
    "protein_iptm": 0.0,
    "complex_plddt": 0.6585116386413574,
    "complex_iplddt": 0.0,
    "complex_pde": 2.6805663108825684,
    "complex_ipde": 0.0,
    "chains_ptm": {
        "0": 0.36944782733917236
    },
    "pair_chains_iptm": {
        "0": {
            "0": 0.36944782733917236
        }
    }
}