{
    "confidence_score": 0.6827136278152466,
    "ptm": 0.9049238562583923,
    "iptm": 0.0,
    "ligand_iptm": 0.0,
    "protein_iptm": 0.0,
    "complex_plddt": 0.8533920049667358,
    "complex_iplddt": 0.0,
    "complex_pde": 0.4996025264263153,
    "complex_ipde": 0.0,
    "chains_ptm": {
        "0": 0.9049238562583923
    },
    "pair_chains_iptm": {
        "0": {
            "0": 0.9049238562583923
        }
    }
}