{
    "confidence_score": 0.7062131762504578,
    "ptm": 0.9316345453262329,
    "iptm": 0.0,
    "ligand_iptm": 0.0,
    "protein_iptm": 0.0,
    "complex_plddt": 0.8827664852142334,
    "complex_iplddt": 0.0,
    "complex_pde": 0.5525843501091003,
    "complex_ipde": 0.0,
    "chains_ptm": {
        "0": 0.9316345453262329
    },
    "pair_chains_iptm": {
        "0": {
            "0": 0.9316345453262329
        }
    }
}