{
    "confidence_score": 0.6505237221717834,
    "ptm": 0.74480140209198,
    "iptm": 0.0,
    "ligand_iptm": 0.0,
    "protein_iptm": 0.0,
    "complex_plddt": 0.8131546378135681,
    "complex_iplddt": 0.0,
    "complex_pde": 0.6851258873939514,
    "complex_ipde": 0.0,
    "chains_ptm": {
        "0": 0.74480140209198
    },
    "pair_chains_iptm": {
        "0": {
            "0": 0.74480140209198
        }
    }
}