{
    "confidence_score": 0.5704209208488464,
    "ptm": 0.7408897876739502,
    "iptm": 0.0,
    "ligand_iptm": 0.0,
    "protein_iptm": 0.0,
    "complex_plddt": 0.7130261659622192,
    "complex_iplddt": 0.0,
    "complex_pde": 1.2088605165481567,
    "complex_ipde": 0.0,
    "chains_ptm": {
        "0": 0.7408897876739502
    },
    "pair_chains_iptm": {
        "0": {
            "0": 0.7408897876739502
        }
    }
}