{
    "confidence_score": 0.7031602263450623,
    "ptm": 0.9355482459068298,
    "iptm": 0.0,
    "ligand_iptm": 0.0,
    "protein_iptm": 0.0,
    "complex_plddt": 0.878950297832489,
    "complex_iplddt": 0.0,
    "complex_pde": 0.34699583053588867,
    "complex_ipde": 0.0,
    "chains_ptm": {
        "0": 0.9355482459068298
    },
    "pair_chains_iptm": {
        "0": {
            "0": 0.9355482459068298
        }
    }
}