{
    "confidence_score": 0.44993266463279724,
    "ptm": 0.5584026575088501,
    "iptm": 0.0,
    "ligand_iptm": 0.0,
    "protein_iptm": 0.0,
    "complex_plddt": 0.5624158382415771,
    "complex_iplddt": 0.0,
    "complex_pde": 2.3776967525482178,
    "complex_ipde": 0.0,
    "chains_ptm": {
        "0": 0.5584026575088501
    },
    "pair_chains_iptm": {
        "0": {
            "0": 0.5584026575088501
        }
    }
}