{
    "confidence_score": 0.6893919110298157,
    "ptm": 0.6326170563697815,
    "iptm": 0.0,
    "ligand_iptm": 0.0,
    "protein_iptm": 0.0,
    "complex_plddt": 0.8617398738861084,
    "complex_iplddt": 0.0,
    "complex_pde": 0.6244492530822754,
    "complex_ipde": 0.0,
    "chains_ptm": {
        "0": 0.6326170563697815
    },
    "pair_chains_iptm": {
        "0": {
            "0": 0.6326170563697815
        }
    }
}