{
    "confidence_score": 0.6106926798820496,
    "ptm": 0.3510318100452423,
    "iptm": 0.0,
    "ligand_iptm": 0.0,
    "protein_iptm": 0.0,
    "complex_plddt": 0.7633658051490784,
    "complex_iplddt": 0.0,
    "complex_pde": 1.6792913675308228,
    "complex_ipde": 0.0,
    "chains_ptm": {
        "0": 0.3510318100452423
    },
    "pair_chains_iptm": {
        "0": {
            "0": 0.3510318100452423
        }
    }
}