{
    "confidence_score": 0.7111345529556274,
    "ptm": 0.8423922061920166,
    "iptm": 0.0,
    "ligand_iptm": 0.0,
    "protein_iptm": 0.0,
    "complex_plddt": 0.8889181613922119,
    "complex_iplddt": 0.0,
    "complex_pde": 1.0146490335464478,
    "complex_ipde": 0.0,
    "chains_ptm": {
        "0": 0.8423922061920166
    },
    "pair_chains_iptm": {
        "0": {
            "0": 0.8423922061920166
        }
    }
}