{
    "confidence_score": 0.738346517086029,
    "ptm": 0.9161617159843445,
    "iptm": 0.0,
    "ligand_iptm": 0.0,
    "protein_iptm": 0.0,
    "complex_plddt": 0.9229331612586975,
    "complex_iplddt": 0.0,
    "complex_pde": 0.34169071912765503,
    "complex_ipde": 0.0,
    "chains_ptm": {
        "0": 0.9161617159843445
    },
    "pair_chains_iptm": {
        "0": {
            "0": 0.9161617159843445
        }
    }
}