{
    "confidence_score": 0.5222894549369812,
    "ptm": 0.2976103723049164,
    "iptm": 0.0,
    "ligand_iptm": 0.0,
    "protein_iptm": 0.0,
    "complex_plddt": 0.6528618335723877,
    "complex_iplddt": 0.0,
    "complex_pde": 2.8868918418884277,
    "complex_ipde": 0.0,
    "chains_ptm": {
        "0": 0.2976103723049164
    },
    "pair_chains_iptm": {
        "0": {
            "0": 0.2976103723049164
        }
    }
}