{
    "confidence_score": 0.7391526103019714,
    "ptm": 0.9352346062660217,
    "iptm": 0.0,
    "ligand_iptm": 0.0,
    "protein_iptm": 0.0,
    "complex_plddt": 0.9239407181739807,
    "complex_iplddt": 0.0,
    "complex_pde": 0.3898351490497589,
    "complex_ipde": 0.0,
    "chains_ptm": {
        "0": 0.9352346062660217
    },
    "pair_chains_iptm": {
        "0": {
            "0": 0.9352346062660217
        }
    }
}