{
    "confidence_score": 0.6513611078262329,
    "ptm": 0.8172225952148438,
    "iptm": 0.0,
    "ligand_iptm": 0.0,
    "protein_iptm": 0.0,
    "complex_plddt": 0.8142013549804688,
    "complex_iplddt": 0.0,
    "complex_pde": 0.5787033438682556,
    "complex_ipde": 0.0,
    "chains_ptm": {
        "0": 0.8172225952148438
    },
    "pair_chains_iptm": {
        "0": {
            "0": 0.8172225952148438
        }
    }
}