{
    "confidence_score": 0.7418643832206726,
    "ptm": 0.944529116153717,
    "iptm": 0.0,
    "ligand_iptm": 0.0,
    "protein_iptm": 0.0,
    "complex_plddt": 0.9273304343223572,
    "complex_iplddt": 0.0,
    "complex_pde": 0.35510125756263733,
    "complex_ipde": 0.0,
    "chains_ptm": {
        "0": 0.944529116153717
    },
    "pair_chains_iptm": {
        "0": {
            "0": 0.944529116153717
        }
    }
}