{
    "confidence_score": 0.5742058157920837,
    "ptm": 0.6481679081916809,
    "iptm": 0.0,
    "ligand_iptm": 0.0,
    "protein_iptm": 0.0,
    "complex_plddt": 0.7177572846412659,
    "complex_iplddt": 0.0,
    "complex_pde": 0.8159308433532715,
    "complex_ipde": 0.0,
    "chains_ptm": {
        "0": 0.6481679081916809
    },
    "pair_chains_iptm": {
        "0": {
            "0": 0.6481679081916809
        }
    }
}