{
    "confidence_score": 0.5853026509284973,
    "ptm": 0.658920168876648,
    "iptm": 0.0,
    "ligand_iptm": 0.0,
    "protein_iptm": 0.0,
    "complex_plddt": 0.7316282987594604,
    "complex_iplddt": 0.0,
    "complex_pde": 1.2006524801254272,
    "complex_ipde": 0.0,
    "chains_ptm": {
        "0": 0.658920168876648
    },
    "pair_chains_iptm": {
        "0": {
            "0": 0.658920168876648
        }
    }
}