{
    "confidence_score": 0.6056875586509705,
    "ptm": 0.6866268515586853,
    "iptm": 0.0,
    "ligand_iptm": 0.0,
    "protein_iptm": 0.0,
    "complex_plddt": 0.7571094036102295,
    "complex_iplddt": 0.0,
    "complex_pde": 1.203394889831543,
    "complex_ipde": 0.0,
    "chains_ptm": {
        "0": 0.6866268515586853
    },
    "pair_chains_iptm": {
        "0": {
            "0": 0.6866268515586853
        }
    }
}