{
    "confidence_score": 0.44431111216545105,
    "ptm": 0.2268049269914627,
    "iptm": 0.0,
    "ligand_iptm": 0.0,
    "protein_iptm": 0.0,
    "complex_plddt": 0.555388867855072,
    "complex_iplddt": 0.0,
    "complex_pde": 1.931152105331421,
    "complex_ipde": 0.0,
    "chains_ptm": {
        "0": 0.2268049269914627
    },
    "pair_chains_iptm": {
        "0": {
            "0": 0.2268049269914627
        }
    }
}