{
    "confidence_score": 0.6199495196342468,
    "ptm": 0.6007369756698608,
    "iptm": 0.0,
    "ligand_iptm": 0.0,
    "protein_iptm": 0.0,
    "complex_plddt": 0.7749369144439697,
    "complex_iplddt": 0.0,
    "complex_pde": 0.8240428566932678,
    "complex_ipde": 0.0,
    "chains_ptm": {
        "0": 0.6007369756698608
    },
    "pair_chains_iptm": {
        "0": {
            "0": 0.6007369756698608
        }
    }
}