{
    "confidence_score": 0.7021431922912598,
    "ptm": 0.923803985118866,
    "iptm": 0.0,
    "ligand_iptm": 0.0,
    "protein_iptm": 0.0,
    "complex_plddt": 0.8776789903640747,
    "complex_iplddt": 0.0,
    "complex_pde": 0.43937915563583374,
    "complex_ipde": 0.0,
    "chains_ptm": {
        "0": 0.923803985118866
    },
    "pair_chains_iptm": {
        "0": {
            "0": 0.923803985118866
        }
    }
}