{
    "confidence_score": 0.7172521948814392,
    "ptm": 0.9125135540962219,
    "iptm": 0.0,
    "ligand_iptm": 0.0,
    "protein_iptm": 0.0,
    "complex_plddt": 0.8965651988983154,
    "complex_iplddt": 0.0,
    "complex_pde": 0.4020473062992096,
    "complex_ipde": 0.0,
    "chains_ptm": {
        "0": 0.9125135540962219
    },
    "pair_chains_iptm": {
        "0": {
            "0": 0.9125135540962219
        }
    }
}