{
    "confidence_score": 0.7183706164360046,
    "ptm": 0.9091395139694214,
    "iptm": 0.0,
    "ligand_iptm": 0.0,
    "protein_iptm": 0.0,
    "complex_plddt": 0.897963285446167,
    "complex_iplddt": 0.0,
    "complex_pde": 0.40402305126190186,
    "complex_ipde": 0.0,
    "chains_ptm": {
        "0": 0.9091395139694214
    },
    "pair_chains_iptm": {
        "0": {
            "0": 0.9091395139694214
        }
    }
}