{
    "confidence_score": 0.7143775224685669,
    "ptm": 0.8846172094345093,
    "iptm": 0.0,
    "ligand_iptm": 0.0,
    "protein_iptm": 0.0,
    "complex_plddt": 0.8929718732833862,
    "complex_iplddt": 0.0,
    "complex_pde": 0.5095064640045166,
    "complex_ipde": 0.0,
    "chains_ptm": {
        "0": 0.8846172094345093
    },
    "pair_chains_iptm": {
        "0": {
            "0": 0.8846172094345093
        }
    }
}