{
    "confidence_score": 0.3926028311252594,
    "ptm": 0.3519746661186218,
    "iptm": 0.0,
    "ligand_iptm": 0.0,
    "protein_iptm": 0.0,
    "complex_plddt": 0.49075353145599365,
    "complex_iplddt": 0.0,
    "complex_pde": 2.9741923809051514,
    "complex_ipde": 0.0,
    "chains_ptm": {
        "0": 0.3519746661186218
    },
    "pair_chains_iptm": {
        "0": {
            "0": 0.3519746661186218
        }
    }
}