{
    "confidence_score": 0.6027234792709351,
    "ptm": 0.7084760665893555,
    "iptm": 0.0,
    "ligand_iptm": 0.0,
    "protein_iptm": 0.0,
    "complex_plddt": 0.7534043192863464,
    "complex_iplddt": 0.0,
    "complex_pde": 1.343140721321106,
    "complex_ipde": 0.0,
    "chains_ptm": {
        "0": 0.7084760665893555
    },
    "pair_chains_iptm": {
        "0": {
            "0": 0.7084760665893555
        }
    }
}