{
    "confidence_score": 0.6716815829277039,
    "ptm": 0.7587000131607056,
    "iptm": 0.0,
    "ligand_iptm": 0.0,
    "protein_iptm": 0.0,
    "complex_plddt": 0.839601993560791,
    "complex_iplddt": 0.0,
    "complex_pde": 0.5616419315338135,
    "complex_ipde": 0.0,
    "chains_ptm": {
        "0": 0.7587000131607056
    },
    "pair_chains_iptm": {
        "0": {
            "0": 0.7587000131607056
        }
    }
}