{
    "confidence_score": 0.5475062131881714,
    "ptm": 0.3745916187763214,
    "iptm": 0.0,
    "ligand_iptm": 0.0,
    "protein_iptm": 0.0,
    "complex_plddt": 0.6843827366828918,
    "complex_iplddt": 0.0,
    "complex_pde": 1.4253973960876465,
    "complex_ipde": 0.0,
    "chains_ptm": {
        "0": 0.3745916187763214
    },
    "pair_chains_iptm": {
        "0": {
            "0": 0.3745916187763214
        }
    }
}