{
    "confidence_score": 0.6893210411071777,
    "ptm": 0.8474410176277161,
    "iptm": 0.0,
    "ligand_iptm": 0.0,
    "protein_iptm": 0.0,
    "complex_plddt": 0.8616513013839722,
    "complex_iplddt": 0.0,
    "complex_pde": 0.5202098488807678,
    "complex_ipde": 0.0,
    "chains_ptm": {
        "0": 0.8474410176277161
    },
    "pair_chains_iptm": {
        "0": {
            "0": 0.8474410176277161
        }
    }
}