{
    "confidence_score": 0.5937055945396423,
    "ptm": 0.5980970859527588,
    "iptm": 0.0,
    "ligand_iptm": 0.0,
    "protein_iptm": 0.0,
    "complex_plddt": 0.7421320080757141,
    "complex_iplddt": 0.0,
    "complex_pde": 0.8564608693122864,
    "complex_ipde": 0.0,
    "chains_ptm": {
        "0": 0.5980970859527588
    },
    "pair_chains_iptm": {
        "0": {
            "0": 0.5980970859527588
        }
    }
}