{
    "plddts": {
        "model_1_pred_0": 64.59954743416621,
        "model_2_pred_0": 62.30554618948449,
        "model_3_pred_0": 63.92827646191964,
        "model_4_pred_0": 64.02601500862801,
        "model_5_pred_0": 57.38190426629753
    },
    "order": [
        "model_1_pred_0",
        "model_4_pred_0",
        "model_3_pred_0",
        "model_2_pred_0",
        "model_5_pred_0"
    ]
}