{
    "confidence_score": 0.7383537888526917,
    "ptm": 0.9452381730079651,
    "iptm": 0.0,
    "ligand_iptm": 0.0,
    "protein_iptm": 0.0,
    "complex_plddt": 0.9229422211647034,
    "complex_iplddt": 0.0,
    "complex_pde": 0.39111143350601196,
    "complex_ipde": 0.0,
    "chains_ptm": {
        "0": 0.9452381730079651
    },
    "pair_chains_iptm": {
        "0": {
            "0": 0.9452381730079651
        }
    }
}