{
    "confidence_score": 0.7114500403404236,
    "ptm": 0.9274246096611023,
    "iptm": 0.0,
    "ligand_iptm": 0.0,
    "protein_iptm": 0.0,
    "complex_plddt": 0.8893125057220459,
    "complex_iplddt": 0.0,
    "complex_pde": 0.47450870275497437,
    "complex_ipde": 0.0,
    "chains_ptm": {
        "0": 0.9274246096611023
    },
    "pair_chains_iptm": {
        "0": {
            "0": 0.9274246096611023
        }
    }
}