{
    "confidence_score": 0.5039824843406677,
    "ptm": 0.5281938910484314,
    "iptm": 0.0,
    "ligand_iptm": 0.0,
    "protein_iptm": 0.0,
    "complex_plddt": 0.6299780607223511,
    "complex_iplddt": 0.0,
    "complex_pde": 1.6815159320831299,
    "complex_ipde": 0.0,
    "chains_ptm": {
        "0": 0.5281938910484314
    },
    "pair_chains_iptm": {
        "0": {
            "0": 0.5281938910484314
        }
    }
}