{
    "confidence_score": 0.6144330501556396,
    "ptm": 0.6746097803115845,
    "iptm": 0.0,
    "ligand_iptm": 0.0,
    "protein_iptm": 0.0,
    "complex_plddt": 0.7680413126945496,
    "complex_iplddt": 0.0,
    "complex_pde": 1.2042075395584106,
    "complex_ipde": 0.0,
    "chains_ptm": {
        "0": 0.6746097803115845
    },
    "pair_chains_iptm": {
        "0": {
            "0": 0.6746097803115845
        }
    }
}