{
    "confidence_score": 0.577760636806488,
    "ptm": 0.4515402615070343,
    "iptm": 0.0,
    "ligand_iptm": 0.0,
    "protein_iptm": 0.0,
    "complex_plddt": 0.7222008109092712,
    "complex_iplddt": 0.0,
    "complex_pde": 1.5399683713912964,
    "complex_ipde": 0.0,
    "chains_ptm": {
        "0": 0.4515402615070343
    },
    "pair_chains_iptm": {
        "0": {
            "0": 0.4515402615070343
        }
    }
}