{
    "confidence_score": 0.6008139848709106,
    "ptm": 0.5977315902709961,
    "iptm": 0.0,
    "ligand_iptm": 0.0,
    "protein_iptm": 0.0,
    "complex_plddt": 0.7510174512863159,
    "complex_iplddt": 0.0,
    "complex_pde": 1.0170972347259521,
    "complex_ipde": 0.0,
    "chains_ptm": {
        "0": 0.5977315902709961
    },
    "pair_chains_iptm": {
        "0": {
            "0": 0.5977315902709961
        }
    }
}