{
    "confidence_score": 0.6437918543815613,
    "ptm": 0.7841178178787231,
    "iptm": 0.0,
    "ligand_iptm": 0.0,
    "protein_iptm": 0.0,
    "complex_plddt": 0.8047398328781128,
    "complex_iplddt": 0.0,
    "complex_pde": 0.5274776816368103,
    "complex_ipde": 0.0,
    "chains_ptm": {
        "0": 0.7841178178787231
    },
    "pair_chains_iptm": {
        "0": {
            "0": 0.7841178178787231
        }
    }
}