{
    "confidence_score": 0.5558102130889893,
    "ptm": 0.5866742730140686,
    "iptm": 0.0,
    "ligand_iptm": 0.0,
    "protein_iptm": 0.0,
    "complex_plddt": 0.6947627663612366,
    "complex_iplddt": 0.0,
    "complex_pde": 1.5019257068634033,
    "complex_ipde": 0.0,
    "chains_ptm": {
        "0": 0.5866742730140686
    },
    "pair_chains_iptm": {
        "0": {
            "0": 0.5866742730140686
        }
    }
}