{
    "confidence_score": 0.7145780920982361,
    "ptm": 0.9268023371696472,
    "iptm": 0.0,
    "ligand_iptm": 0.0,
    "protein_iptm": 0.0,
    "complex_plddt": 0.8932226300239563,
    "complex_iplddt": 0.0,
    "complex_pde": 0.4775913953781128,
    "complex_ipde": 0.0,
    "chains_ptm": {
        "0": 0.9268023371696472
    },
    "pair_chains_iptm": {
        "0": {
            "0": 0.9268023371696472
        }
    }
}