{
    "confidence_score": 0.403460830450058,
    "ptm": 0.3364916145801544,
    "iptm": 0.0,
    "ligand_iptm": 0.0,
    "protein_iptm": 0.0,
    "complex_plddt": 0.5043260455131531,
    "complex_iplddt": 0.0,
    "complex_pde": 3.759704828262329,
    "complex_ipde": 0.0,
    "chains_ptm": {
        "0": 0.3364916145801544
    },
    "pair_chains_iptm": {
        "0": {
            "0": 0.3364916145801544
        }
    }
}