{
    "confidence_score": 0.6812498569488525,
    "ptm": 0.7736002802848816,
    "iptm": 0.0,
    "ligand_iptm": 0.0,
    "protein_iptm": 0.0,
    "complex_plddt": 0.8515623211860657,
    "complex_iplddt": 0.0,
    "complex_pde": 0.7236628532409668,
    "complex_ipde": 0.0,
    "chains_ptm": {
        "0": 0.7736002802848816
    },
    "pair_chains_iptm": {
        "0": {
            "0": 0.7736002802848816
        }
    }
}