{
    "plddts": {
        "model_1_pred_0": 68.62534504602469,
        "model_2_pred_0": 69.12170880667054,
        "model_3_pred_0": 71.2076064791488,
        "model_4_pred_0": 70.23437436829279,
        "model_5_pred_0": 69.6098143582534
    },
    "order": [
        "model_3_pred_0",
        "model_4_pred_0",
        "model_5_pred_0",
        "model_2_pred_0",
        "model_1_pred_0"
    ]
}