{
    "features": 5137.138864994049,
    "process_features_model_1_pred_0": 16.226609706878662,
    "predict_and_compile_model_1_pred_0": 365.57316398620605,
    "process_features_model_2_pred_0": 18.353830575942993,
    "predict_and_compile_model_2_pred_0": 333.8754699230194,
    "process_features_model_3_pred_0": 14.759909391403198,
    "predict_and_compile_model_3_pred_0": 305.4824695587158,
    "process_features_model_4_pred_0": 13.08323073387146,
    "predict_and_compile_model_4_pred_0": 307.3884975910187,
    "process_features_model_5_pred_0": 12.620749473571777,
    "predict_and_compile_model_5_pred_0": 281.9369876384735,
    "relax_model_3_pred_0": 50.362077713012695
}