{
    "confidence_score": 0.4494004249572754,
    "ptm": 0.4928291440010071,
    "iptm": 0.0,
    "ligand_iptm": 0.0,
    "protein_iptm": 0.0,
    "complex_plddt": 0.5617505311965942,
    "complex_iplddt": 0.0,
    "complex_pde": 1.787819743156433,
    "complex_ipde": 0.0,
    "chains_ptm": {
        "0": 0.4928291440010071
    },
    "pair_chains_iptm": {
        "0": {
            "0": 0.4928291440010071
        }
    }
}