{
    "confidence_score": 0.5040690302848816,
    "ptm": 0.30900904536247253,
    "iptm": 0.0,
    "ligand_iptm": 0.0,
    "protein_iptm": 0.0,
    "complex_plddt": 0.6300863027572632,
    "complex_iplddt": 0.0,
    "complex_pde": 1.2910652160644531,
    "complex_ipde": 0.0,
    "chains_ptm": {
        "0": 0.30900904536247253
    },
    "pair_chains_iptm": {
        "0": {
            "0": 0.30900904536247253
        }
    }
}