{
    "confidence_score": 0.6860591769218445,
    "ptm": 0.809686541557312,
    "iptm": 0.0,
    "ligand_iptm": 0.0,
    "protein_iptm": 0.0,
    "complex_plddt": 0.857573926448822,
    "complex_iplddt": 0.0,
    "complex_pde": 0.9706812500953674,
    "complex_ipde": 0.0,
    "chains_ptm": {
        "0": 0.809686541557312
    },
    "pair_chains_iptm": {
        "0": {
            "0": 0.809686541557312
        }
    }
}