{
    "confidence_score": 0.3777998983860016,
    "ptm": 0.28911149501800537,
    "iptm": 0.0,
    "ligand_iptm": 0.0,
    "protein_iptm": 0.0,
    "complex_plddt": 0.4722498655319214,
    "complex_iplddt": 0.0,
    "complex_pde": 2.6161224842071533,
    "complex_ipde": 0.0,
    "chains_ptm": {
        "0": 0.28911149501800537
    },
    "pair_chains_iptm": {
        "0": {
            "0": 0.28911149501800537
        }
    }
}