{
    "confidence_score": 0.5193573832511902,
    "ptm": 0.5772233605384827,
    "iptm": 0.0,
    "ligand_iptm": 0.0,
    "protein_iptm": 0.0,
    "complex_plddt": 0.6491966843605042,
    "complex_iplddt": 0.0,
    "complex_pde": 1.0639407634735107,
    "complex_ipde": 0.0,
    "chains_ptm": {
        "0": 0.5772233605384827
    },
    "pair_chains_iptm": {
        "0": {
            "0": 0.5772233605384827
        }
    }
}