{
    "confidence_score": 0.7080137729644775,
    "ptm": 0.8917712569236755,
    "iptm": 0.0,
    "ligand_iptm": 0.0,
    "protein_iptm": 0.0,
    "complex_plddt": 0.8850172162055969,
    "complex_iplddt": 0.0,
    "complex_pde": 0.5345203280448914,
    "complex_ipde": 0.0,
    "chains_ptm": {
        "0": 0.8917712569236755
    },
    "pair_chains_iptm": {
        "0": {
            "0": 0.8917712569236755
        }
    }
}