{
    "confidence_score": 0.704521119594574,
    "ptm": 0.8656075596809387,
    "iptm": 0.0,
    "ligand_iptm": 0.0,
    "protein_iptm": 0.0,
    "complex_plddt": 0.8806513547897339,
    "complex_iplddt": 0.0,
    "complex_pde": 0.5363711714744568,
    "complex_ipde": 0.0,
    "chains_ptm": {
        "0": 0.8656075596809387
    },
    "pair_chains_iptm": {
        "0": {
            "0": 0.8656075596809387
        }
    }
}