{
    "confidence_score": 0.7204344868659973,
    "ptm": 0.9237512350082397,
    "iptm": 0.0,
    "ligand_iptm": 0.0,
    "protein_iptm": 0.0,
    "complex_plddt": 0.9005430936813354,
    "complex_iplddt": 0.0,
    "complex_pde": 0.47766852378845215,
    "complex_ipde": 0.0,
    "chains_ptm": {
        "0": 0.9237512350082397
    },
    "pair_chains_iptm": {
        "0": {
            "0": 0.9237512350082397
        }
    }
}