{
    "confidence_score": 0.5668059587478638,
    "ptm": 0.6774809956550598,
    "iptm": 0.0,
    "ligand_iptm": 0.0,
    "protein_iptm": 0.0,
    "complex_plddt": 0.7085074186325073,
    "complex_iplddt": 0.0,
    "complex_pde": 1.0921998023986816,
    "complex_ipde": 0.0,
    "chains_ptm": {
        "0": 0.6774809956550598
    },
    "pair_chains_iptm": {
        "0": {
            "0": 0.6774809956550598
        }
    }
}