{
    "confidence_score": 0.4732448160648346,
    "ptm": 0.3958425223827362,
    "iptm": 0.0,
    "ligand_iptm": 0.0,
    "protein_iptm": 0.0,
    "complex_plddt": 0.5915560126304626,
    "complex_iplddt": 0.0,
    "complex_pde": 1.646652102470398,
    "complex_ipde": 0.0,
    "chains_ptm": {
        "0": 0.3958425223827362
    },
    "pair_chains_iptm": {
        "0": {
            "0": 0.3958425223827362
        }
    }
}