{
    "confidence_score": 0.6075817346572876,
    "ptm": 0.8126598000526428,
    "iptm": 0.0,
    "ligand_iptm": 0.0,
    "protein_iptm": 0.0,
    "complex_plddt": 0.7594771385192871,
    "complex_iplddt": 0.0,
    "complex_pde": 0.4639163017272949,
    "complex_ipde": 0.0,
    "chains_ptm": {
        "0": 0.8126598000526428
    },
    "pair_chains_iptm": {
        "0": {
            "0": 0.8126598000526428
        }
    }
}