{
    "confidence_score": 0.5504018664360046,
    "ptm": 0.4230681359767914,
    "iptm": 0.0,
    "ligand_iptm": 0.0,
    "protein_iptm": 0.0,
    "complex_plddt": 0.6880022883415222,
    "complex_iplddt": 0.0,
    "complex_pde": 1.9434832334518433,
    "complex_ipde": 0.0,
    "chains_ptm": {
        "0": 0.4230681359767914
    },
    "pair_chains_iptm": {
        "0": {
            "0": 0.4230681359767914
        }
    }
}