{
    "confidence_score": 0.7568885087966919,
    "ptm": 0.9552158117294312,
    "iptm": 0.0,
    "ligand_iptm": 0.0,
    "protein_iptm": 0.0,
    "complex_plddt": 0.9461106061935425,
    "complex_iplddt": 0.0,
    "complex_pde": 0.3080269992351532,
    "complex_ipde": 0.0,
    "chains_ptm": {
        "0": 0.9552158117294312
    },
    "pair_chains_iptm": {
        "0": {
            "0": 0.9552158117294312
        }
    }
}