{
    "confidence_score": 0.7089347839355469,
    "ptm": 0.9125882983207703,
    "iptm": 0.0,
    "ligand_iptm": 0.0,
    "protein_iptm": 0.0,
    "complex_plddt": 0.8861684799194336,
    "complex_iplddt": 0.0,
    "complex_pde": 0.478228360414505,
    "complex_ipde": 0.0,
    "chains_ptm": {
        "0": 0.9125882983207703
    },
    "pair_chains_iptm": {
        "0": {
            "0": 0.9125882983207703
        }
    }
}