{
    "confidence_score": 0.6108218431472778,
    "ptm": 0.7393696904182434,
    "iptm": 0.0,
    "ligand_iptm": 0.0,
    "protein_iptm": 0.0,
    "complex_plddt": 0.7635272741317749,
    "complex_iplddt": 0.0,
    "complex_pde": 1.0946797132492065,
    "complex_ipde": 0.0,
    "chains_ptm": {
        "0": 0.7393696904182434
    },
    "pair_chains_iptm": {
        "0": {
            "0": 0.7393696904182434
        }
    }
}