{
    "plddts": {
        "model_1_pred_0": 73.24774193728278,
        "model_2_pred_0": 71.35069118118653,
        "model_3_pred_0": 71.20971252117903,
        "model_4_pred_0": 75.32335991969182,
        "model_5_pred_0": 73.5822206244829
    },
    "order": [
        "model_4_pred_0",
        "model_5_pred_0",
        "model_1_pred_0",
        "model_2_pred_0",
        "model_3_pred_0"
    ]
}