{
    "confidence_score": 0.6706414818763733,
    "ptm": 0.9059556722640991,
    "iptm": 0.0,
    "ligand_iptm": 0.0,
    "protein_iptm": 0.0,
    "complex_plddt": 0.8383018374443054,
    "complex_iplddt": 0.0,
    "complex_pde": 0.4650306701660156,
    "complex_ipde": 0.0,
    "chains_ptm": {
        "0": 0.9059556722640991
    },
    "pair_chains_iptm": {
        "0": {
            "0": 0.9059556722640991
        }
    }
}