{
    "confidence_score": 0.6125999689102173,
    "ptm": 0.8400900363922119,
    "iptm": 0.0,
    "ligand_iptm": 0.0,
    "protein_iptm": 0.0,
    "complex_plddt": 0.7657499313354492,
    "complex_iplddt": 0.0,
    "complex_pde": 0.7876291871070862,
    "complex_ipde": 0.0,
    "chains_ptm": {
        "0": 0.8400900363922119
    },
    "pair_chains_iptm": {
        "0": {
            "0": 0.8400900363922119
        }
    }
}