{
    "confidence_score": 0.559343695640564,
    "ptm": 0.470562219619751,
    "iptm": 0.0,
    "ligand_iptm": 0.0,
    "protein_iptm": 0.0,
    "complex_plddt": 0.6991795897483826,
    "complex_iplddt": 0.0,
    "complex_pde": 1.4352011680603027,
    "complex_ipde": 0.0,
    "chains_ptm": {
        "0": 0.470562219619751
    },
    "pair_chains_iptm": {
        "0": {
            "0": 0.470562219619751
        }
    }
}