{
    "confidence_score": 0.7476996183395386,
    "ptm": 0.9126839637756348,
    "iptm": 0.0,
    "ligand_iptm": 0.0,
    "protein_iptm": 0.0,
    "complex_plddt": 0.9346244931221008,
    "complex_iplddt": 0.0,
    "complex_pde": 0.3873463273048401,
    "complex_ipde": 0.0,
    "chains_ptm": {
        "0": 0.9126839637756348
    },
    "pair_chains_iptm": {
        "0": {
            "0": 0.9126839637756348
        }
    }
}