{
    "confidence_score": 0.7173303961753845,
    "ptm": 0.90753173828125,
    "iptm": 0.0,
    "ligand_iptm": 0.0,
    "protein_iptm": 0.0,
    "complex_plddt": 0.8966629505157471,
    "complex_iplddt": 0.0,
    "complex_pde": 0.40704333782196045,
    "complex_ipde": 0.0,
    "chains_ptm": {
        "0": 0.90753173828125
    },
    "pair_chains_iptm": {
        "0": {
            "0": 0.90753173828125
        }
    }
}