{
    "confidence_score": 0.6218622326850891,
    "ptm": 0.7797684669494629,
    "iptm": 0.0,
    "ligand_iptm": 0.0,
    "protein_iptm": 0.0,
    "complex_plddt": 0.7773277759552002,
    "complex_iplddt": 0.0,
    "complex_pde": 0.956950843334198,
    "complex_ipde": 0.0,
    "chains_ptm": {
        "0": 0.7797684669494629
    },
    "pair_chains_iptm": {
        "0": {
            "0": 0.7797684669494629
        }
    }
}