{
    "confidence_score": 0.7521698474884033,
    "ptm": 0.9555946588516235,
    "iptm": 0.0,
    "ligand_iptm": 0.0,
    "protein_iptm": 0.0,
    "complex_plddt": 0.9402123093605042,
    "complex_iplddt": 0.0,
    "complex_pde": 0.3085477352142334,
    "complex_ipde": 0.0,
    "chains_ptm": {
        "0": 0.9555946588516235
    },
    "pair_chains_iptm": {
        "0": {
            "0": 0.9555946588516235
        }
    }
}