{
    "confidence_score": 0.44599881768226624,
    "ptm": 0.19460317492485046,
    "iptm": 0.0,
    "ligand_iptm": 0.0,
    "protein_iptm": 0.0,
    "complex_plddt": 0.5574985146522522,
    "complex_iplddt": 0.0,
    "complex_pde": 3.501568078994751,
    "complex_ipde": 0.0,
    "chains_ptm": {
        "0": 0.19460317492485046
    },
    "pair_chains_iptm": {
        "0": {
            "0": 0.19460317492485046
        }
    }
}