{
    "confidence_score": 0.7331609725952148,
    "ptm": 0.9151788949966431,
    "iptm": 0.0,
    "ligand_iptm": 0.0,
    "protein_iptm": 0.0,
    "complex_plddt": 0.9164512157440186,
    "complex_iplddt": 0.0,
    "complex_pde": 0.4325483441352844,
    "complex_ipde": 0.0,
    "chains_ptm": {
        "0": 0.9151788949966431
    },
    "pair_chains_iptm": {
        "0": {
            "0": 0.9151788949966431
        }
    }
}