{
    "confidence_score": 0.6843600869178772,
    "ptm": 0.8683605194091797,
    "iptm": 0.0,
    "ligand_iptm": 0.0,
    "protein_iptm": 0.0,
    "complex_plddt": 0.8554500937461853,
    "complex_iplddt": 0.0,
    "complex_pde": 0.8629725575447083,
    "complex_ipde": 0.0,
    "chains_ptm": {
        "0": 0.8683605194091797
    },
    "pair_chains_iptm": {
        "0": {
            "0": 0.8683605194091797
        }
    }
}