{
    "confidence_score": 0.5037639141082764,
    "ptm": 0.429044634103775,
    "iptm": 0.0,
    "ligand_iptm": 0.0,
    "protein_iptm": 0.0,
    "complex_plddt": 0.6297048926353455,
    "complex_iplddt": 0.0,
    "complex_pde": 2.409236192703247,
    "complex_ipde": 0.0,
    "chains_ptm": {
        "0": 0.429044634103775
    },
    "pair_chains_iptm": {
        "0": {
            "0": 0.429044634103775
        }
    }
}