{
    "confidence_score": 0.4533333480358124,
    "ptm": 0.39058592915534973,
    "iptm": 0.0,
    "ligand_iptm": 0.0,
    "protein_iptm": 0.0,
    "complex_plddt": 0.5666666626930237,
    "complex_iplddt": 0.0,
    "complex_pde": 2.849790334701538,
    "complex_ipde": 0.0,
    "chains_ptm": {
        "0": 0.39058592915534973
    },
    "pair_chains_iptm": {
        "0": {
            "0": 0.39058592915534973
        }
    }
}