{
    "confidence_score": 0.6983432173728943,
    "ptm": 0.8541532158851624,
    "iptm": 0.0,
    "ligand_iptm": 0.0,
    "protein_iptm": 0.0,
    "complex_plddt": 0.8729289770126343,
    "complex_iplddt": 0.0,
    "complex_pde": 0.5699208378791809,
    "complex_ipde": 0.0,
    "chains_ptm": {
        "0": 0.8541532158851624
    },
    "pair_chains_iptm": {
        "0": {
            "0": 0.8541532158851624
        }
    }
}