{
    "confidence_score": 0.5889765620231628,
    "ptm": 0.38937580585479736,
    "iptm": 0.0,
    "ligand_iptm": 0.0,
    "protein_iptm": 0.0,
    "complex_plddt": 0.7362207174301147,
    "complex_iplddt": 0.0,
    "complex_pde": 1.653028964996338,
    "complex_ipde": 0.0,
    "chains_ptm": {
        "0": 0.38937580585479736
    },
    "pair_chains_iptm": {
        "0": {
            "0": 0.38937580585479736
        }
    }
}