{
    "confidence_score": 0.7457177639007568,
    "ptm": 0.93023681640625,
    "iptm": 0.0,
    "ligand_iptm": 0.0,
    "protein_iptm": 0.0,
    "complex_plddt": 0.932147204875946,
    "complex_iplddt": 0.0,
    "complex_pde": 0.3583613932132721,
    "complex_ipde": 0.0,
    "chains_ptm": {
        "0": 0.93023681640625
    },
    "pair_chains_iptm": {
        "0": {
            "0": 0.93023681640625
        }
    }
}