{
    "confidence_score": 0.6122311353683472,
    "ptm": 0.804817259311676,
    "iptm": 0.0,
    "ligand_iptm": 0.0,
    "protein_iptm": 0.0,
    "complex_plddt": 0.7652888894081116,
    "complex_iplddt": 0.0,
    "complex_pde": 1.390079140663147,
    "complex_ipde": 0.0,
    "chains_ptm": {
        "0": 0.804817259311676
    },
    "pair_chains_iptm": {
        "0": {
            "0": 0.804817259311676
        }
    }
}