{
    "confidence_score": 0.7067143321037292,
    "ptm": 0.8414211869239807,
    "iptm": 0.0,
    "ligand_iptm": 0.0,
    "protein_iptm": 0.0,
    "complex_plddt": 0.883392870426178,
    "complex_iplddt": 0.0,
    "complex_pde": 0.8047513961791992,
    "complex_ipde": 0.0,
    "chains_ptm": {
        "0": 0.8414211869239807
    },
    "pair_chains_iptm": {
        "0": {
            "0": 0.8414211869239807
        }
    }
}