{
    "confidence_score": 0.6162862181663513,
    "ptm": 0.7999318838119507,
    "iptm": 0.0,
    "ligand_iptm": 0.0,
    "protein_iptm": 0.0,
    "complex_plddt": 0.7703577280044556,
    "complex_iplddt": 0.0,
    "complex_pde": 0.46120786666870117,
    "complex_ipde": 0.0,
    "chains_ptm": {
        "0": 0.7999318838119507
    },
    "pair_chains_iptm": {
        "0": {
            "0": 0.7999318838119507
        }
    }
}