{
    "confidence_score": 0.6485764980316162,
    "ptm": 0.8450981378555298,
    "iptm": 0.0,
    "ligand_iptm": 0.0,
    "protein_iptm": 0.0,
    "complex_plddt": 0.8107206225395203,
    "complex_iplddt": 0.0,
    "complex_pde": 0.7815524935722351,
    "complex_ipde": 0.0,
    "chains_ptm": {
        "0": 0.8450981378555298
    },
    "pair_chains_iptm": {
        "0": {
            "0": 0.8450981378555298
        }
    }
}