{
    "confidence_score": 0.6475282907485962,
    "ptm": 0.8519570231437683,
    "iptm": 0.0,
    "ligand_iptm": 0.0,
    "protein_iptm": 0.0,
    "complex_plddt": 0.8094103336334229,
    "complex_iplddt": 0.0,
    "complex_pde": 0.5260040163993835,
    "complex_ipde": 0.0,
    "chains_ptm": {
        "0": 0.8519570231437683
    },
    "pair_chains_iptm": {
        "0": {
            "0": 0.8519570231437683
        }
    }
}