{
    "confidence_score": 0.5794357061386108,
    "ptm": 0.5116442441940308,
    "iptm": 0.0,
    "ligand_iptm": 0.0,
    "protein_iptm": 0.0,
    "complex_plddt": 0.7242946028709412,
    "complex_iplddt": 0.0,
    "complex_pde": 1.5153053998947144,
    "complex_ipde": 0.0,
    "chains_ptm": {
        "0": 0.5116442441940308
    },
    "pair_chains_iptm": {
        "0": {
            "0": 0.5116442441940308
        }
    }
}