{
    "confidence_score": 0.6984575390815735,
    "ptm": 0.9015869498252869,
    "iptm": 0.0,
    "ligand_iptm": 0.0,
    "protein_iptm": 0.0,
    "complex_plddt": 0.8730719089508057,
    "complex_iplddt": 0.0,
    "complex_pde": 0.7434003353118896,
    "complex_ipde": 0.0,
    "chains_ptm": {
        "0": 0.9015869498252869
    },
    "pair_chains_iptm": {
        "0": {
            "0": 0.9015869498252869
        }
    }
}