{
    "confidence_score": 0.6078681349754333,
    "ptm": 0.762696385383606,
    "iptm": 0.0,
    "ligand_iptm": 0.0,
    "protein_iptm": 0.0,
    "complex_plddt": 0.7598351836204529,
    "complex_iplddt": 0.0,
    "complex_pde": 0.8803379535675049,
    "complex_ipde": 0.0,
    "chains_ptm": {
        "0": 0.762696385383606
    },
    "pair_chains_iptm": {
        "0": {
            "0": 0.762696385383606
        }
    }
}