{
    "confidence_score": 0.6424388289451599,
    "ptm": 0.917577862739563,
    "iptm": 0.0,
    "ligand_iptm": 0.0,
    "protein_iptm": 0.0,
    "complex_plddt": 0.8030484914779663,
    "complex_iplddt": 0.0,
    "complex_pde": 0.3926784098148346,
    "complex_ipde": 0.0,
    "chains_ptm": {
        "0": 0.917577862739563
    },
    "pair_chains_iptm": {
        "0": {
            "0": 0.917577862739563
        }
    }
}