{
    "confidence_score": 0.7391722202301025,
    "ptm": 0.9222151637077332,
    "iptm": 0.0,
    "ligand_iptm": 0.0,
    "protein_iptm": 0.0,
    "complex_plddt": 0.9239652752876282,
    "complex_iplddt": 0.0,
    "complex_pde": 0.4206717908382416,
    "complex_ipde": 0.0,
    "chains_ptm": {
        "0": 0.9222151637077332
    },
    "pair_chains_iptm": {
        "0": {
            "0": 0.9222151637077332
        }
    }
}