{
    "confidence_score": 0.5605338215827942,
    "ptm": 0.5819703936576843,
    "iptm": 0.0,
    "ligand_iptm": 0.0,
    "protein_iptm": 0.0,
    "complex_plddt": 0.7006672620773315,
    "complex_iplddt": 0.0,
    "complex_pde": 0.5986754298210144,
    "complex_ipde": 0.0,
    "chains_ptm": {
        "0": 0.5819703936576843
    },
    "pair_chains_iptm": {
        "0": {
            "0": 0.5819703936576843
        }
    }
}