{
    "confidence_score": 0.7661940455436707,
    "ptm": 0.9632431864738464,
    "iptm": 0.0,
    "ligand_iptm": 0.0,
    "protein_iptm": 0.0,
    "complex_plddt": 0.9577425718307495,
    "complex_iplddt": 0.0,
    "complex_pde": 0.31707262992858887,
    "complex_ipde": 0.0,
    "chains_ptm": {
        "0": 0.9632431864738464
    },
    "pair_chains_iptm": {
        "0": {
            "0": 0.9632431864738464
        }
    }
}