{
    "confidence_score": 0.5957664847373962,
    "ptm": 0.36893483996391296,
    "iptm": 0.0,
    "ligand_iptm": 0.0,
    "protein_iptm": 0.0,
    "complex_plddt": 0.7447081208229065,
    "complex_iplddt": 0.0,
    "complex_pde": 1.5189088582992554,
    "complex_ipde": 0.0,
    "chains_ptm": {
        "0": 0.36893483996391296
    },
    "pair_chains_iptm": {
        "0": {
            "0": 0.36893483996391296
        }
    }
}