{
    "confidence_score": 0.6095114350318909,
    "ptm": 0.5767303109169006,
    "iptm": 0.0,
    "ligand_iptm": 0.0,
    "protein_iptm": 0.0,
    "complex_plddt": 0.7618892788887024,
    "complex_iplddt": 0.0,
    "complex_pde": 1.1698719263076782,
    "complex_ipde": 0.0,
    "chains_ptm": {
        "0": 0.5767303109169006
    },
    "pair_chains_iptm": {
        "0": {
            "0": 0.5767303109169006
        }
    }
}