{
    "confidence_score": 0.5479466915130615,
    "ptm": 0.5851995944976807,
    "iptm": 0.0,
    "ligand_iptm": 0.0,
    "protein_iptm": 0.0,
    "complex_plddt": 0.6849333643913269,
    "complex_iplddt": 0.0,
    "complex_pde": 1.7553681135177612,
    "complex_ipde": 0.0,
    "chains_ptm": {
        "0": 0.5851995944976807
    },
    "pair_chains_iptm": {
        "0": {
            "0": 0.5851995944976807
        }
    }
}