{
    "confidence_score": 0.7529423236846924,
    "ptm": 0.9375342130661011,
    "iptm": 0.0,
    "ligand_iptm": 0.0,
    "protein_iptm": 0.0,
    "complex_plddt": 0.9411779046058655,
    "complex_iplddt": 0.0,
    "complex_pde": 0.32011353969573975,
    "complex_ipde": 0.0,
    "chains_ptm": {
        "0": 0.9375342130661011
    },
    "pair_chains_iptm": {
        "0": {
            "0": 0.9375342130661011
        }
    }
}