{
    "confidence_score": 0.6195266842842102,
    "ptm": 0.7730393409729004,
    "iptm": 0.0,
    "ligand_iptm": 0.0,
    "protein_iptm": 0.0,
    "complex_plddt": 0.7744083404541016,
    "complex_iplddt": 0.0,
    "complex_pde": 0.8849775791168213,
    "complex_ipde": 0.0,
    "chains_ptm": {
        "0": 0.7730393409729004
    },
    "pair_chains_iptm": {
        "0": {
            "0": 0.7730393409729004
        }
    }
}