{
    "confidence_score": 0.5411523580551147,
    "ptm": 0.4657955765724182,
    "iptm": 0.0,
    "ligand_iptm": 0.0,
    "protein_iptm": 0.0,
    "complex_plddt": 0.676440417766571,
    "complex_iplddt": 0.0,
    "complex_pde": 1.2704521417617798,
    "complex_ipde": 0.0,
    "chains_ptm": {
        "0": 0.4657955765724182
    },
    "pair_chains_iptm": {
        "0": {
            "0": 0.4657955765724182
        }
    }
}