{
    "confidence_score": 0.42064523696899414,
    "ptm": 0.38844943046569824,
    "iptm": 0.0,
    "ligand_iptm": 0.0,
    "protein_iptm": 0.0,
    "complex_plddt": 0.5258065462112427,
    "complex_iplddt": 0.0,
    "complex_pde": 1.9442561864852905,
    "complex_ipde": 0.0,
    "chains_ptm": {
        "0": 0.38844943046569824
    },
    "pair_chains_iptm": {
        "0": {
            "0": 0.38844943046569824
        }
    }
}