{
    "confidence_score": 0.7435214519500732,
    "ptm": 0.9151025414466858,
    "iptm": 0.0,
    "ligand_iptm": 0.0,
    "protein_iptm": 0.0,
    "complex_plddt": 0.9294018149375916,
    "complex_iplddt": 0.0,
    "complex_pde": 0.3931329846382141,
    "complex_ipde": 0.0,
    "chains_ptm": {
        "0": 0.9151025414466858
    },
    "pair_chains_iptm": {
        "0": {
            "0": 0.9151025414466858
        }
    }
}