{
    "confidence_score": 0.6099585890769958,
    "ptm": 0.769936203956604,
    "iptm": 0.0,
    "ligand_iptm": 0.0,
    "protein_iptm": 0.0,
    "complex_plddt": 0.7624481916427612,
    "complex_iplddt": 0.0,
    "complex_pde": 0.819881021976471,
    "complex_ipde": 0.0,
    "chains_ptm": {
        "0": 0.769936203956604
    },
    "pair_chains_iptm": {
        "0": {
            "0": 0.769936203956604
        }
    }
}