{
    "confidence_score": 0.6897006630897522,
    "ptm": 0.8612287640571594,
    "iptm": 0.0,
    "ligand_iptm": 0.0,
    "protein_iptm": 0.0,
    "complex_plddt": 0.862125813961029,
    "complex_iplddt": 0.0,
    "complex_pde": 0.7965360879898071,
    "complex_ipde": 0.0,
    "chains_ptm": {
        "0": 0.8612287640571594
    },
    "pair_chains_iptm": {
        "0": {
            "0": 0.8612287640571594
        }
    }
}