{
    "confidence_score": 0.7285982966423035,
    "ptm": 0.8882381916046143,
    "iptm": 0.0,
    "ligand_iptm": 0.0,
    "protein_iptm": 0.0,
    "complex_plddt": 0.9107478260993958,
    "complex_iplddt": 0.0,
    "complex_pde": 0.3895621597766876,
    "complex_ipde": 0.0,
    "chains_ptm": {
        "0": 0.8882381916046143
    },
    "pair_chains_iptm": {
        "0": {
            "0": 0.8882381916046143
        }
    }
}