{
    "confidence_score": 0.6374319195747375,
    "ptm": 0.5080687999725342,
    "iptm": 0.0,
    "ligand_iptm": 0.0,
    "protein_iptm": 0.0,
    "complex_plddt": 0.7967898845672607,
    "complex_iplddt": 0.0,
    "complex_pde": 1.1603201627731323,
    "complex_ipde": 0.0,
    "chains_ptm": {
        "0": 0.5080687999725342
    },
    "pair_chains_iptm": {
        "0": {
            "0": 0.5080687999725342
        }
    }
}