{
    "confidence_score": 0.7233590483665466,
    "ptm": 0.9494810700416565,
    "iptm": 0.0,
    "ligand_iptm": 0.0,
    "protein_iptm": 0.0,
    "complex_plddt": 0.9041988253593445,
    "complex_iplddt": 0.0,
    "complex_pde": 0.42505568265914917,
    "complex_ipde": 0.0,
    "chains_ptm": {
        "0": 0.9494810700416565
    },
    "pair_chains_iptm": {
        "0": {
            "0": 0.9494810700416565
        }
    }
}