{
    "confidence_score": 0.7104551792144775,
    "ptm": 0.8061193227767944,
    "iptm": 0.0,
    "ligand_iptm": 0.0,
    "protein_iptm": 0.0,
    "complex_plddt": 0.8880689740180969,
    "complex_iplddt": 0.0,
    "complex_pde": 0.5744409561157227,
    "complex_ipde": 0.0,
    "chains_ptm": {
        "0": 0.8061193227767944
    },
    "pair_chains_iptm": {
        "0": {
            "0": 0.8061193227767944
        }
    }
}