{
    "confidence_score": 0.44377610087394714,
    "ptm": 0.6102573871612549,
    "iptm": 0.0,
    "ligand_iptm": 0.0,
    "protein_iptm": 0.0,
    "complex_plddt": 0.5547201037406921,
    "complex_iplddt": 0.0,
    "complex_pde": 2.2976973056793213,
    "complex_ipde": 0.0,
    "chains_ptm": {
        "0": 0.6102573871612549
    },
    "pair_chains_iptm": {
        "0": {
            "0": 0.6102573871612549
        }
    }
}