{
    "confidence_score": 0.5518624186515808,
    "ptm": 0.5654581785202026,
    "iptm": 0.0,
    "ligand_iptm": 0.0,
    "protein_iptm": 0.0,
    "complex_plddt": 0.6898280382156372,
    "complex_iplddt": 0.0,
    "complex_pde": 1.14324951171875,
    "complex_ipde": 0.0,
    "chains_ptm": {
        "0": 0.5654581785202026
    },
    "pair_chains_iptm": {
        "0": {
            "0": 0.5654581785202026
        }
    }
}