{
    "confidence_score": 0.6328922510147095,
    "ptm": 0.7864229083061218,
    "iptm": 0.0,
    "ligand_iptm": 0.0,
    "protein_iptm": 0.0,
    "complex_plddt": 0.7911152839660645,
    "complex_iplddt": 0.0,
    "complex_pde": 0.8974500298500061,
    "complex_ipde": 0.0,
    "chains_ptm": {
        "0": 0.7864229083061218
    },
    "pair_chains_iptm": {
        "0": {
            "0": 0.7864229083061218
        }
    }
}