{
    "confidence_score": 0.6629436612129211,
    "ptm": 0.8777963519096375,
    "iptm": 0.0,
    "ligand_iptm": 0.0,
    "protein_iptm": 0.0,
    "complex_plddt": 0.8286795616149902,
    "complex_iplddt": 0.0,
    "complex_pde": 0.4619770050048828,
    "complex_ipde": 0.0,
    "chains_ptm": {
        "0": 0.8777963519096375
    },
    "pair_chains_iptm": {
        "0": {
            "0": 0.8777963519096375
        }
    }
}