{
    "confidence_score": 0.6987537741661072,
    "ptm": 0.5719749927520752,
    "iptm": 0.0,
    "ligand_iptm": 0.0,
    "protein_iptm": 0.0,
    "complex_plddt": 0.8734421730041504,
    "complex_iplddt": 0.0,
    "complex_pde": 0.7019437551498413,
    "complex_ipde": 0.0,
    "chains_ptm": {
        "0": 0.5719749927520752
    },
    "pair_chains_iptm": {
        "0": {
            "0": 0.5719749927520752
        }
    }
}