{
    "confidence_score": 0.6984864473342896,
    "ptm": 0.8005995750427246,
    "iptm": 0.0,
    "ligand_iptm": 0.0,
    "protein_iptm": 0.0,
    "complex_plddt": 0.8731080293655396,
    "complex_iplddt": 0.0,
    "complex_pde": 0.6988701820373535,
    "complex_ipde": 0.0,
    "chains_ptm": {
        "0": 0.8005995750427246
    },
    "pair_chains_iptm": {
        "0": {
            "0": 0.8005995750427246
        }
    }
}