{
    "confidence_score": 0.6776328086853027,
    "ptm": 0.8032728433609009,
    "iptm": 0.0,
    "ligand_iptm": 0.0,
    "protein_iptm": 0.0,
    "complex_plddt": 0.8470410108566284,
    "complex_iplddt": 0.0,
    "complex_pde": 0.6678539514541626,
    "complex_ipde": 0.0,
    "chains_ptm": {
        "0": 0.8032728433609009
    },
    "pair_chains_iptm": {
        "0": {
            "0": 0.8032728433609009
        }
    }
}