{
    "plddts": {
        "model_1_pred_0": 79.43391788464324,
        "model_2_pred_0": 76.2310414524451,
        "model_3_pred_0": 80.77312022648977,
        "model_4_pred_0": 79.30027819614831,
        "model_5_pred_0": 79.98047571575671
    },
    "order": [
        "model_3_pred_0",
        "model_5_pred_0",
        "model_1_pred_0",
        "model_4_pred_0",
        "model_2_pred_0"
    ]
}