{
    "features": 8685.847544670105,
    "process_features_model_1_pred_0": 12.466108798980713,
    "predict_and_compile_model_1_pred_0": 319.2931287288666,
    "process_features_model_2_pred_0": 12.415475368499756,
    "predict_and_compile_model_2_pred_0": 284.07392406463623,
    "process_features_model_3_pred_0": 11.661945819854736,
    "predict_and_compile_model_3_pred_0": 260.8239710330963,
    "process_features_model_4_pred_0": 11.563812017440796,
    "predict_and_compile_model_4_pred_0": 258.59947443008423,
    "process_features_model_5_pred_0": 11.419182538986206,
    "predict_and_compile_model_5_pred_0": 239.9631633758545,
    "relax_model_3_pred_0": 48.97911596298218
}