{
    "confidence_score": 0.7344049215316772,
    "ptm": 0.9414334893226624,
    "iptm": 0.0,
    "ligand_iptm": 0.0,
    "protein_iptm": 0.0,
    "complex_plddt": 0.9180061221122742,
    "complex_iplddt": 0.0,
    "complex_pde": 0.4255189597606659,
    "complex_ipde": 0.0,
    "chains_ptm": {
        "0": 0.9414334893226624
    },
    "pair_chains_iptm": {
        "0": {
            "0": 0.9414334893226624
        }
    }
}