{
    "confidence_score": 0.6904298067092896,
    "ptm": 0.8102385401725769,
    "iptm": 0.0,
    "ligand_iptm": 0.0,
    "protein_iptm": 0.0,
    "complex_plddt": 0.8630372285842896,
    "complex_iplddt": 0.0,
    "complex_pde": 0.7198296785354614,
    "complex_ipde": 0.0,
    "chains_ptm": {
        "0": 0.8102385401725769
    },
    "pair_chains_iptm": {
        "0": {
            "0": 0.8102385401725769
        }
    }
}