{
    "confidence_score": 0.7625436782836914,
    "ptm": 0.9599173665046692,
    "iptm": 0.0,
    "ligand_iptm": 0.0,
    "protein_iptm": 0.0,
    "complex_plddt": 0.9531795978546143,
    "complex_iplddt": 0.0,
    "complex_pde": 0.324334055185318,
    "complex_ipde": 0.0,
    "chains_ptm": {
        "0": 0.9599173665046692
    },
    "pair_chains_iptm": {
        "0": {
            "0": 0.9599173665046692
        }
    }
}