{
    "confidence_score": 0.28365975618362427,
    "ptm": 0.22687242925167084,
    "iptm": 0.0,
    "ligand_iptm": 0.0,
    "protein_iptm": 0.0,
    "complex_plddt": 0.35457468032836914,
    "complex_iplddt": 0.0,
    "complex_pde": 3.8175456523895264,
    "complex_ipde": 0.0,
    "chains_ptm": {
        "0": 0.22687242925167084
    },
    "pair_chains_iptm": {
        "0": {
            "0": 0.22687242925167084
        }
    }
}