{
    "confidence_score": 0.5616313815116882,
    "ptm": 0.7610012888908386,
    "iptm": 0.0,
    "ligand_iptm": 0.0,
    "protein_iptm": 0.0,
    "complex_plddt": 0.7020392417907715,
    "complex_iplddt": 0.0,
    "complex_pde": 1.0352922677993774,
    "complex_ipde": 0.0,
    "chains_ptm": {
        "0": 0.7610012888908386
    },
    "pair_chains_iptm": {
        "0": {
            "0": 0.7610012888908386
        }
    }
}