{
    "confidence_score": 0.7159902453422546,
    "ptm": 0.8932403922080994,
    "iptm": 0.0,
    "ligand_iptm": 0.0,
    "protein_iptm": 0.0,
    "complex_plddt": 0.8949877619743347,
    "complex_iplddt": 0.0,
    "complex_pde": 0.5999724268913269,
    "complex_ipde": 0.0,
    "chains_ptm": {
        "0": 0.8932403922080994
    },
    "pair_chains_iptm": {
        "0": {
            "0": 0.8932403922080994
        }
    }
}