{
    "confidence_score": 0.5649374127388,
    "ptm": 0.3531253933906555,
    "iptm": 0.0,
    "ligand_iptm": 0.0,
    "protein_iptm": 0.0,
    "complex_plddt": 0.7061717510223389,
    "complex_iplddt": 0.0,
    "complex_pde": 2.277535915374756,
    "complex_ipde": 0.0,
    "chains_ptm": {
        "0": 0.3531253933906555
    },
    "pair_chains_iptm": {
        "0": {
            "0": 0.3531253933906555
        }
    }
}