{
    "confidence_score": 0.7361933588981628,
    "ptm": 0.905108630657196,
    "iptm": 0.0,
    "ligand_iptm": 0.0,
    "protein_iptm": 0.0,
    "complex_plddt": 0.92024165391922,
    "complex_iplddt": 0.0,
    "complex_pde": 0.3929285407066345,
    "complex_ipde": 0.0,
    "chains_ptm": {
        "0": 0.905108630657196
    },
    "pair_chains_iptm": {
        "0": {
            "0": 0.905108630657196
        }
    }
}