{
    "confidence_score": 0.42164668440818787,
    "ptm": 0.28829625248908997,
    "iptm": 0.0,
    "ligand_iptm": 0.0,
    "protein_iptm": 0.0,
    "complex_plddt": 0.5270583629608154,
    "complex_iplddt": 0.0,
    "complex_pde": 2.4681990146636963,
    "complex_ipde": 0.0,
    "chains_ptm": {
        "0": 0.28829625248908997
    },
    "pair_chains_iptm": {
        "0": {
            "0": 0.28829625248908997
        }
    }
}