{
    "confidence_score": 0.47484466433525085,
    "ptm": 0.5809557437896729,
    "iptm": 0.0,
    "ligand_iptm": 0.0,
    "protein_iptm": 0.0,
    "complex_plddt": 0.5935558080673218,
    "complex_iplddt": 0.0,
    "complex_pde": 2.137138605117798,
    "complex_ipde": 0.0,
    "chains_ptm": {
        "0": 0.5809557437896729
    },
    "pair_chains_iptm": {
        "0": {
            "0": 0.5809557437896729
        }
    }
}