{
    "confidence_score": 0.7252852320671082,
    "ptm": 0.8907841444015503,
    "iptm": 0.0,
    "ligand_iptm": 0.0,
    "protein_iptm": 0.0,
    "complex_plddt": 0.9066064953804016,
    "complex_iplddt": 0.0,
    "complex_pde": 0.3537418246269226,
    "complex_ipde": 0.0,
    "chains_ptm": {
        "0": 0.8907841444015503
    },
    "pair_chains_iptm": {
        "0": {
            "0": 0.8907841444015503
        }
    }
}