{
    "confidence_score": 0.7062065005302429,
    "ptm": 0.8250117301940918,
    "iptm": 0.0,
    "ligand_iptm": 0.0,
    "protein_iptm": 0.0,
    "complex_plddt": 0.8827580809593201,
    "complex_iplddt": 0.0,
    "complex_pde": 0.5628657937049866,
    "complex_ipde": 0.0,
    "chains_ptm": {
        "0": 0.8250117301940918
    },
    "pair_chains_iptm": {
        "0": {
            "0": 0.8250117301940918
        }
    }
}