{
    "confidence_score": 0.6457961797714233,
    "ptm": 0.7618677020072937,
    "iptm": 0.0,
    "ligand_iptm": 0.0,
    "protein_iptm": 0.0,
    "complex_plddt": 0.8072451949119568,
    "complex_iplddt": 0.0,
    "complex_pde": 0.8476765751838684,
    "complex_ipde": 0.0,
    "chains_ptm": {
        "0": 0.7618677020072937
    },
    "pair_chains_iptm": {
        "0": {
            "0": 0.7618677020072937
        }
    }
}