{
    "confidence_score": 0.6758832931518555,
    "ptm": 0.8739145994186401,
    "iptm": 0.0,
    "ligand_iptm": 0.0,
    "protein_iptm": 0.0,
    "complex_plddt": 0.8448541164398193,
    "complex_iplddt": 0.0,
    "complex_pde": 0.7350810766220093,
    "complex_ipde": 0.0,
    "chains_ptm": {
        "0": 0.8739145994186401
    },
    "pair_chains_iptm": {
        "0": {
            "0": 0.8739145994186401
        }
    }
}