{
    "confidence_score": 0.5155918002128601,
    "ptm": 0.47807902097702026,
    "iptm": 0.0,
    "ligand_iptm": 0.0,
    "protein_iptm": 0.0,
    "complex_plddt": 0.6444897055625916,
    "complex_iplddt": 0.0,
    "complex_pde": 1.687928318977356,
    "complex_ipde": 0.0,
    "chains_ptm": {
        "0": 0.47807902097702026
    },
    "pair_chains_iptm": {
        "0": {
            "0": 0.47807902097702026
        }
    }
}