{
    "confidence_score": 0.7097060084342957,
    "ptm": 0.856391429901123,
    "iptm": 0.0,
    "ligand_iptm": 0.0,
    "protein_iptm": 0.0,
    "complex_plddt": 0.8871325254440308,
    "complex_iplddt": 0.0,
    "complex_pde": 0.5032102465629578,
    "complex_ipde": 0.0,
    "chains_ptm": {
        "0": 0.856391429901123
    },
    "pair_chains_iptm": {
        "0": {
            "0": 0.856391429901123
        }
    }
}