{
    "confidence_score": 0.5557790398597717,
    "ptm": 0.34652179479599,
    "iptm": 0.0,
    "ligand_iptm": 0.0,
    "protein_iptm": 0.0,
    "complex_plddt": 0.6947237849235535,
    "complex_iplddt": 0.0,
    "complex_pde": 1.0981206893920898,
    "complex_ipde": 0.0,
    "chains_ptm": {
        "0": 0.34652179479599
    },
    "pair_chains_iptm": {
        "0": {
            "0": 0.34652179479599
        }
    }
}