{
    "confidence_score": 0.7346784472465515,
    "ptm": 0.9213488101959229,
    "iptm": 0.0,
    "ligand_iptm": 0.0,
    "protein_iptm": 0.0,
    "complex_plddt": 0.9183480143547058,
    "complex_iplddt": 0.0,
    "complex_pde": 0.3926663100719452,
    "complex_ipde": 0.0,
    "chains_ptm": {
        "0": 0.9213488101959229
    },
    "pair_chains_iptm": {
        "0": {
            "0": 0.9213488101959229
        }
    }
}