{
    "confidence_score": 0.6823407411575317,
    "ptm": 0.7834307551383972,
    "iptm": 0.0,
    "ligand_iptm": 0.0,
    "protein_iptm": 0.0,
    "complex_plddt": 0.8529258966445923,
    "complex_iplddt": 0.0,
    "complex_pde": 0.8311793208122253,
    "complex_ipde": 0.0,
    "chains_ptm": {
        "0": 0.7834307551383972
    },
    "pair_chains_iptm": {
        "0": {
            "0": 0.7834307551383972
        }
    }
}