{
    "confidence_score": 0.5948352217674255,
    "ptm": 0.7471562623977661,
    "iptm": 0.0,
    "ligand_iptm": 0.0,
    "protein_iptm": 0.0,
    "complex_plddt": 0.7435439825057983,
    "complex_iplddt": 0.0,
    "complex_pde": 0.7981632947921753,
    "complex_ipde": 0.0,
    "chains_ptm": {
        "0": 0.7471562623977661
    },
    "pair_chains_iptm": {
        "0": {
            "0": 0.7471562623977661
        }
    }
}