{
    "confidence_score": 0.7494360208511353,
    "ptm": 0.9162012934684753,
    "iptm": 0.0,
    "ligand_iptm": 0.0,
    "protein_iptm": 0.0,
    "complex_plddt": 0.9367949962615967,
    "complex_iplddt": 0.0,
    "complex_pde": 0.3781620264053345,
    "complex_ipde": 0.0,
    "chains_ptm": {
        "0": 0.9162012934684753
    },
    "pair_chains_iptm": {
        "0": {
            "0": 0.9162012934684753
        }
    }
}