{
    "confidence_score": 0.5363257527351379,
    "ptm": 0.4492218494415283,
    "iptm": 0.0,
    "ligand_iptm": 0.0,
    "protein_iptm": 0.0,
    "complex_plddt": 0.6704071760177612,
    "complex_iplddt": 0.0,
    "complex_pde": 1.6077301502227783,
    "complex_ipde": 0.0,
    "chains_ptm": {
        "0": 0.4492218494415283
    },
    "pair_chains_iptm": {
        "0": {
            "0": 0.4492218494415283
        }
    }
}