{
    "confidence_score": 0.7147825360298157,
    "ptm": 0.9083833694458008,
    "iptm": 0.0,
    "ligand_iptm": 0.0,
    "protein_iptm": 0.0,
    "complex_plddt": 0.8934781551361084,
    "complex_iplddt": 0.0,
    "complex_pde": 0.3810478746891022,
    "complex_ipde": 0.0,
    "chains_ptm": {
        "0": 0.9083833694458008
    },
    "pair_chains_iptm": {
        "0": {
            "0": 0.9083833694458008
        }
    }
}