{
    "confidence_score": 0.679255485534668,
    "ptm": 0.5224417448043823,
    "iptm": 0.0,
    "ligand_iptm": 0.0,
    "protein_iptm": 0.0,
    "complex_plddt": 0.849069356918335,
    "complex_iplddt": 0.0,
    "complex_pde": 0.7025805711746216,
    "complex_ipde": 0.0,
    "chains_ptm": {
        "0": 0.5224417448043823
    },
    "pair_chains_iptm": {
        "0": {
            "0": 0.5224417448043823
        }
    }
}