{
    "confidence_score": 0.6573414206504822,
    "ptm": 0.7113449573516846,
    "iptm": 0.0,
    "ligand_iptm": 0.0,
    "protein_iptm": 0.0,
    "complex_plddt": 0.8216767907142639,
    "complex_iplddt": 0.0,
    "complex_pde": 1.1050628423690796,
    "complex_ipde": 0.0,
    "chains_ptm": {
        "0": 0.7113449573516846
    },
    "pair_chains_iptm": {
        "0": {
            "0": 0.7113449573516846
        }
    }
}