{
    "plddts": {
        "model_1_pred_0": 92.9638827920961,
        "model_2_pred_0": 93.48258067065655,
        "model_3_pred_0": 93.28507697881652,
        "model_4_pred_0": 92.75251157673472,
        "model_5_pred_0": 92.82398874093245
    },
    "order": [
        "model_2_pred_0",
        "model_3_pred_0",
        "model_1_pred_0",
        "model_5_pred_0",
        "model_4_pred_0"
    ]
}