{
    "features": 4428.362016439438,
    "process_features_model_1_pred_0": 12.76006817817688,
    "predict_and_compile_model_1_pred_0": 311.90057158470154,
    "process_features_model_2_pred_0": 11.634788751602173,
    "predict_and_compile_model_2_pred_0": 291.45970463752747,
    "process_features_model_3_pred_0": 15.089479684829712,
    "predict_and_compile_model_3_pred_0": 278.81991267204285,
    "process_features_model_4_pred_0": 17.418453216552734,
    "predict_and_compile_model_4_pred_0": 271.8496971130371,
    "process_features_model_5_pred_0": 14.182623386383057,
    "predict_and_compile_model_5_pred_0": 249.8435583114624,
    "relax_model_2_pred_0": 74.9842677116394
}