{
    "confidence_score": 0.6449642181396484,
    "ptm": 0.8663156032562256,
    "iptm": 0.0,
    "ligand_iptm": 0.0,
    "protein_iptm": 0.0,
    "complex_plddt": 0.8062052726745605,
    "complex_iplddt": 0.0,
    "complex_pde": 0.6220673322677612,
    "complex_ipde": 0.0,
    "chains_ptm": {
        "0": 0.8663156032562256
    },
    "pair_chains_iptm": {
        "0": {
            "0": 0.8663156032562256
        }
    }
}