{
    "confidence_score": 0.6802248954772949,
    "ptm": 0.8878232836723328,
    "iptm": 0.0,
    "ligand_iptm": 0.0,
    "protein_iptm": 0.0,
    "complex_plddt": 0.8502811193466187,
    "complex_iplddt": 0.0,
    "complex_pde": 0.6015671491622925,
    "complex_ipde": 0.0,
    "chains_ptm": {
        "0": 0.8878232836723328
    },
    "pair_chains_iptm": {
        "0": {
            "0": 0.8878232836723328
        }
    }
}