{
    "confidence_score": 0.7189326882362366,
    "ptm": 0.9164173007011414,
    "iptm": 0.0,
    "ligand_iptm": 0.0,
    "protein_iptm": 0.0,
    "complex_plddt": 0.8986658453941345,
    "complex_iplddt": 0.0,
    "complex_pde": 0.4808950424194336,
    "complex_ipde": 0.0,
    "chains_ptm": {
        "0": 0.9164173007011414
    },
    "pair_chains_iptm": {
        "0": {
            "0": 0.9164173007011414
        }
    }
}