{
    "confidence_score": 0.5037062168121338,
    "ptm": 0.6253356337547302,
    "iptm": 0.0,
    "ligand_iptm": 0.0,
    "protein_iptm": 0.0,
    "complex_plddt": 0.6296327710151672,
    "complex_iplddt": 0.0,
    "complex_pde": 1.4252139329910278,
    "complex_ipde": 0.0,
    "chains_ptm": {
        "0": 0.6253356337547302
    },
    "pair_chains_iptm": {
        "0": {
            "0": 0.6253356337547302
        }
    }
}