{
    "confidence_score": 0.6918653249740601,
    "ptm": 0.8918314576148987,
    "iptm": 0.0,
    "ligand_iptm": 0.0,
    "protein_iptm": 0.0,
    "complex_plddt": 0.8648316264152527,
    "complex_iplddt": 0.0,
    "complex_pde": 0.7203988432884216,
    "complex_ipde": 0.0,
    "chains_ptm": {
        "0": 0.8918314576148987
    },
    "pair_chains_iptm": {
        "0": {
            "0": 0.8918314576148987
        }
    }
}