{
    "confidence_score": 0.6263324618339539,
    "ptm": 0.6920219659805298,
    "iptm": 0.0,
    "ligand_iptm": 0.0,
    "protein_iptm": 0.0,
    "complex_plddt": 0.7829155921936035,
    "complex_iplddt": 0.0,
    "complex_pde": 1.1023632287979126,
    "complex_ipde": 0.0,
    "chains_ptm": {
        "0": 0.6920219659805298
    },
    "pair_chains_iptm": {
        "0": {
            "0": 0.6920219659805298
        }
    }
}