{
    "confidence_score": 0.5753002762794495,
    "ptm": 0.5695309042930603,
    "iptm": 0.0,
    "ligand_iptm": 0.0,
    "protein_iptm": 0.0,
    "complex_plddt": 0.7191253304481506,
    "complex_iplddt": 0.0,
    "complex_pde": 1.221052646636963,
    "complex_ipde": 0.0,
    "chains_ptm": {
        "0": 0.5695309042930603
    },
    "pair_chains_iptm": {
        "0": {
            "0": 0.5695309042930603
        }
    }
}