{
    "confidence_score": 0.5699407458305359,
    "ptm": 0.48264825344085693,
    "iptm": 0.0,
    "ligand_iptm": 0.0,
    "protein_iptm": 0.0,
    "complex_plddt": 0.712425947189331,
    "complex_iplddt": 0.0,
    "complex_pde": 2.004558563232422,
    "complex_ipde": 0.0,
    "chains_ptm": {
        "0": 0.48264825344085693
    },
    "pair_chains_iptm": {
        "0": {
            "0": 0.48264825344085693
        }
    }
}