{
    "confidence_score": 0.6228911280632019,
    "ptm": 0.7584139704704285,
    "iptm": 0.0,
    "ligand_iptm": 0.0,
    "protein_iptm": 0.0,
    "complex_plddt": 0.7786139249801636,
    "complex_iplddt": 0.0,
    "complex_pde": 0.7193149328231812,
    "complex_ipde": 0.0,
    "chains_ptm": {
        "0": 0.7584139704704285
    },
    "pair_chains_iptm": {
        "0": {
            "0": 0.7584139704704285
        }
    }
}