{
    "confidence_score": 0.6391153335571289,
    "ptm": 0.7943922877311707,
    "iptm": 0.0,
    "ligand_iptm": 0.0,
    "protein_iptm": 0.0,
    "complex_plddt": 0.7988941669464111,
    "complex_iplddt": 0.0,
    "complex_pde": 0.9518371224403381,
    "complex_ipde": 0.0,
    "chains_ptm": {
        "0": 0.7943922877311707
    },
    "pair_chains_iptm": {
        "0": {
            "0": 0.7943922877311707
        }
    }
}