{
    "confidence_score": 0.6972664594650269,
    "ptm": 0.822513222694397,
    "iptm": 0.0,
    "ligand_iptm": 0.0,
    "protein_iptm": 0.0,
    "complex_plddt": 0.8715830445289612,
    "complex_iplddt": 0.0,
    "complex_pde": 0.44985559582710266,
    "complex_ipde": 0.0,
    "chains_ptm": {
        "0": 0.822513222694397
    },
    "pair_chains_iptm": {
        "0": {
            "0": 0.822513222694397
        }
    }
}