{
    "confidence_score": 0.6208652853965759,
    "ptm": 0.8517688512802124,
    "iptm": 0.0,
    "ligand_iptm": 0.0,
    "protein_iptm": 0.0,
    "complex_plddt": 0.7760815620422363,
    "complex_iplddt": 0.0,
    "complex_pde": 0.7447049021720886,
    "complex_ipde": 0.0,
    "chains_ptm": {
        "0": 0.8517688512802124
    },
    "pair_chains_iptm": {
        "0": {
            "0": 0.8517688512802124
        }
    }
}