{
    "confidence_score": 0.7523074746131897,
    "ptm": 0.9390497803688049,
    "iptm": 0.0,
    "ligand_iptm": 0.0,
    "protein_iptm": 0.0,
    "complex_plddt": 0.9403843283653259,
    "complex_iplddt": 0.0,
    "complex_pde": 0.33518922328948975,
    "complex_ipde": 0.0,
    "chains_ptm": {
        "0": 0.9390497803688049
    },
    "pair_chains_iptm": {
        "0": {
            "0": 0.9390497803688049
        }
    }
}