{
    "confidence_score": 0.6341542601585388,
    "ptm": 0.7650993466377258,
    "iptm": 0.0,
    "ligand_iptm": 0.0,
    "protein_iptm": 0.0,
    "complex_plddt": 0.7926927804946899,
    "complex_iplddt": 0.0,
    "complex_pde": 0.6044056415557861,
    "complex_ipde": 0.0,
    "chains_ptm": {
        "0": 0.7650993466377258
    },
    "pair_chains_iptm": {
        "0": {
            "0": 0.7650993466377258
        }
    }
}