{
    "confidence_score": 0.7472376823425293,
    "ptm": 0.9303585886955261,
    "iptm": 0.0,
    "ligand_iptm": 0.0,
    "protein_iptm": 0.0,
    "complex_plddt": 0.9340471029281616,
    "complex_iplddt": 0.0,
    "complex_pde": 0.3225700557231903,
    "complex_ipde": 0.0,
    "chains_ptm": {
        "0": 0.9303585886955261
    },
    "pair_chains_iptm": {
        "0": {
            "0": 0.9303585886955261
        }
    }
}