{
    "confidence_score": 0.546576976776123,
    "ptm": 0.6932712197303772,
    "iptm": 0.0,
    "ligand_iptm": 0.0,
    "protein_iptm": 0.0,
    "complex_plddt": 0.6832212209701538,
    "complex_iplddt": 0.0,
    "complex_pde": 1.3029122352600098,
    "complex_ipde": 0.0,
    "chains_ptm": {
        "0": 0.6932712197303772
    },
    "pair_chains_iptm": {
        "0": {
            "0": 0.6932712197303772
        }
    }
}