{
    "confidence_score": 0.6729339957237244,
    "ptm": 0.8274112343788147,
    "iptm": 0.0,
    "ligand_iptm": 0.0,
    "protein_iptm": 0.0,
    "complex_plddt": 0.8411675095558167,
    "complex_iplddt": 0.0,
    "complex_pde": 0.4998997747898102,
    "complex_ipde": 0.0,
    "chains_ptm": {
        "0": 0.8274112343788147
    },
    "pair_chains_iptm": {
        "0": {
            "0": 0.8274112343788147
        }
    }
}