{
    "confidence_score": 0.7302238345146179,
    "ptm": 0.9227470755577087,
    "iptm": 0.0,
    "ligand_iptm": 0.0,
    "protein_iptm": 0.0,
    "complex_plddt": 0.9127797484397888,
    "complex_iplddt": 0.0,
    "complex_pde": 0.5124629139900208,
    "complex_ipde": 0.0,
    "chains_ptm": {
        "0": 0.9227470755577087
    },
    "pair_chains_iptm": {
        "0": {
            "0": 0.9227470755577087
        }
    }
}