{
    "confidence_score": 0.632491409778595,
    "ptm": 0.7787941098213196,
    "iptm": 0.0,
    "ligand_iptm": 0.0,
    "protein_iptm": 0.0,
    "complex_plddt": 0.7906142473220825,
    "complex_iplddt": 0.0,
    "complex_pde": 0.754485011100769,
    "complex_ipde": 0.0,
    "chains_ptm": {
        "0": 0.7787941098213196
    },
    "pair_chains_iptm": {
        "0": {
            "0": 0.7787941098213196
        }
    }
}