{
    "confidence_score": 0.7096399664878845,
    "ptm": 0.9271010160446167,
    "iptm": 0.0,
    "ligand_iptm": 0.0,
    "protein_iptm": 0.0,
    "complex_plddt": 0.8870499730110168,
    "complex_iplddt": 0.0,
    "complex_pde": 0.4922202527523041,
    "complex_ipde": 0.0,
    "chains_ptm": {
        "0": 0.9271010160446167
    },
    "pair_chains_iptm": {
        "0": {
            "0": 0.9271010160446167
        }
    }
}