{
    "confidence_score": 0.7139704823493958,
    "ptm": 0.8914778232574463,
    "iptm": 0.0,
    "ligand_iptm": 0.0,
    "protein_iptm": 0.0,
    "complex_plddt": 0.8924630880355835,
    "complex_iplddt": 0.0,
    "complex_pde": 0.4991195499897003,
    "complex_ipde": 0.0,
    "chains_ptm": {
        "0": 0.8914778232574463
    },
    "pair_chains_iptm": {
        "0": {
            "0": 0.8914778232574463
        }
    }
}