{
    "confidence_score": 0.48293599486351013,
    "ptm": 0.33271023631095886,
    "iptm": 0.0,
    "ligand_iptm": 0.0,
    "protein_iptm": 0.0,
    "complex_plddt": 0.6036700010299683,
    "complex_iplddt": 0.0,
    "complex_pde": 2.494903326034546,
    "complex_ipde": 0.0,
    "chains_ptm": {
        "0": 0.33271023631095886
    },
    "pair_chains_iptm": {
        "0": {
            "0": 0.33271023631095886
        }
    }
}