{
    "confidence_score": 0.5599467158317566,
    "ptm": 0.37001869082450867,
    "iptm": 0.0,
    "ligand_iptm": 0.0,
    "protein_iptm": 0.0,
    "complex_plddt": 0.6999334096908569,
    "complex_iplddt": 0.0,
    "complex_pde": 0.8454344272613525,
    "complex_ipde": 0.0,
    "chains_ptm": {
        "0": 0.37001869082450867
    },
    "pair_chains_iptm": {
        "0": {
            "0": 0.37001869082450867
        }
    }
}