{
    "confidence_score": 0.5949000716209412,
    "ptm": 0.717451274394989,
    "iptm": 0.0,
    "ligand_iptm": 0.0,
    "protein_iptm": 0.0,
    "complex_plddt": 0.7436251044273376,
    "complex_iplddt": 0.0,
    "complex_pde": 1.4118447303771973,
    "complex_ipde": 0.0,
    "chains_ptm": {
        "0": 0.717451274394989
    },
    "pair_chains_iptm": {
        "0": {
            "0": 0.717451274394989
        }
    }
}