{
    "confidence_score": 0.7404831051826477,
    "ptm": 0.7646775245666504,
    "iptm": 0.0,
    "ligand_iptm": 0.0,
    "protein_iptm": 0.0,
    "complex_plddt": 0.9256038665771484,
    "complex_iplddt": 0.0,
    "complex_pde": 0.36123913526535034,
    "complex_ipde": 0.0,
    "chains_ptm": {
        "0": 0.7646775245666504
    },
    "pair_chains_iptm": {
        "0": {
            "0": 0.7646775245666504
        }
    }
}