{
    "plddts": {
        "model_1_pred_0": 79.97699321453923,
        "model_2_pred_0": 76.8388583764945,
        "model_3_pred_0": 81.0181083657746,
        "model_4_pred_0": 81.39289953756567,
        "model_5_pred_0": 80.39049905296451
    },
    "order": [
        "model_4_pred_0",
        "model_3_pred_0",
        "model_5_pred_0",
        "model_1_pred_0",
        "model_2_pred_0"
    ]
}