{
    "features": 2918.4039561748505,
    "process_features_model_1_pred_0": 1.8255767822265625,
    "predict_and_compile_model_1_pred_0": 436.98008370399475,
    "process_features_model_2_pred_0": 2.2026562690734863,
    "predict_and_compile_model_2_pred_0": 413.44079971313477,
    "process_features_model_3_pred_0": 1.458878993988037,
    "predict_and_compile_model_3_pred_0": 378.0129907131195,
    "process_features_model_4_pred_0": 1.4124314785003662,
    "predict_and_compile_model_4_pred_0": 369.7691671848297,
    "process_features_model_5_pred_0": 1.4375903606414795,
    "predict_and_compile_model_5_pred_0": 341.9925401210785,
    "relax_model_4_pred_0": 76.37578964233398
}