{
    "confidence_score": 0.5389189124107361,
    "ptm": 0.5455307960510254,
    "iptm": 0.0,
    "ligand_iptm": 0.0,
    "protein_iptm": 0.0,
    "complex_plddt": 0.6736486554145813,
    "complex_iplddt": 0.0,
    "complex_pde": 2.6551599502563477,
    "complex_ipde": 0.0,
    "chains_ptm": {
        "0": 0.5455307960510254
    },
    "pair_chains_iptm": {
        "0": {
            "0": 0.5455307960510254
        }
    }
}