{
    "confidence_score": 0.5825185775756836,
    "ptm": 0.6803957223892212,
    "iptm": 0.0,
    "ligand_iptm": 0.0,
    "protein_iptm": 0.0,
    "complex_plddt": 0.7281482219696045,
    "complex_iplddt": 0.0,
    "complex_pde": 1.4602892398834229,
    "complex_ipde": 0.0,
    "chains_ptm": {
        "0": 0.6803957223892212
    },
    "pair_chains_iptm": {
        "0": {
            "0": 0.6803957223892212
        }
    }
}