{
    "confidence_score": 0.6666402816772461,
    "ptm": 0.8380175232887268,
    "iptm": 0.0,
    "ligand_iptm": 0.0,
    "protein_iptm": 0.0,
    "complex_plddt": 0.8333003520965576,
    "complex_iplddt": 0.0,
    "complex_pde": 0.5599566698074341,
    "complex_ipde": 0.0,
    "chains_ptm": {
        "0": 0.8380175232887268
    },
    "pair_chains_iptm": {
        "0": {
            "0": 0.8380175232887268
        }
    }
}