{
    "confidence_score": 0.7504206895828247,
    "ptm": 0.9372373819351196,
    "iptm": 0.0,
    "ligand_iptm": 0.0,
    "protein_iptm": 0.0,
    "complex_plddt": 0.9380258321762085,
    "complex_iplddt": 0.0,
    "complex_pde": 0.32927072048187256,
    "complex_ipde": 0.0,
    "chains_ptm": {
        "0": 0.9372373819351196
    },
    "pair_chains_iptm": {
        "0": {
            "0": 0.9372373819351196
        }
    }
}