{
    "confidence_score": 0.4016842842102051,
    "ptm": 0.4414849579334259,
    "iptm": 0.0,
    "ligand_iptm": 0.0,
    "protein_iptm": 0.0,
    "complex_plddt": 0.5021053552627563,
    "complex_iplddt": 0.0,
    "complex_pde": 2.9490911960601807,
    "complex_ipde": 0.0,
    "chains_ptm": {
        "0": 0.4414849579334259
    },
    "pair_chains_iptm": {
        "0": {
            "0": 0.4414849579334259
        }
    }
}