{
    "confidence_score": 0.7178881168365479,
    "ptm": 0.7124961614608765,
    "iptm": 0.0,
    "ligand_iptm": 0.0,
    "protein_iptm": 0.0,
    "complex_plddt": 0.8973601460456848,
    "complex_iplddt": 0.0,
    "complex_pde": 0.5233415961265564,
    "complex_ipde": 0.0,
    "chains_ptm": {
        "0": 0.7124961614608765
    },
    "pair_chains_iptm": {
        "0": {
            "0": 0.7124961614608765
        }
    }
}