{
    "confidence_score": 0.5357171893119812,
    "ptm": 0.7657066583633423,
    "iptm": 0.0,
    "ligand_iptm": 0.0,
    "protein_iptm": 0.0,
    "complex_plddt": 0.6696465015411377,
    "complex_iplddt": 0.0,
    "complex_pde": 0.7056365609169006,
    "complex_ipde": 0.0,
    "chains_ptm": {
        "0": 0.7657066583633423
    },
    "pair_chains_iptm": {
        "0": {
            "0": 0.7657066583633423
        }
    }
}