{
    "confidence_score": 0.7569984197616577,
    "ptm": 0.923271119594574,
    "iptm": 0.0,
    "ligand_iptm": 0.0,
    "protein_iptm": 0.0,
    "complex_plddt": 0.9462479948997498,
    "complex_iplddt": 0.0,
    "complex_pde": 0.31594669818878174,
    "complex_ipde": 0.0,
    "chains_ptm": {
        "0": 0.923271119594574
    },
    "pair_chains_iptm": {
        "0": {
            "0": 0.923271119594574
        }
    }
}