{
    "confidence_score": 0.6685604453086853,
    "ptm": 0.7912717461585999,
    "iptm": 0.0,
    "ligand_iptm": 0.0,
    "protein_iptm": 0.0,
    "complex_plddt": 0.835700511932373,
    "complex_iplddt": 0.0,
    "complex_pde": 0.504824161529541,
    "complex_ipde": 0.0,
    "chains_ptm": {
        "0": 0.7912717461585999
    },
    "pair_chains_iptm": {
        "0": {
            "0": 0.7912717461585999
        }
    }
}