{
    "confidence_score": 0.6635610461235046,
    "ptm": 0.7958610653877258,
    "iptm": 0.0,
    "ligand_iptm": 0.0,
    "protein_iptm": 0.0,
    "complex_plddt": 0.829451322555542,
    "complex_iplddt": 0.0,
    "complex_pde": 0.6099995970726013,
    "complex_ipde": 0.0,
    "chains_ptm": {
        "0": 0.7958610653877258
    },
    "pair_chains_iptm": {
        "0": {
            "0": 0.7958610653877258
        }
    }
}