{
    "confidence_score": 0.5425364375114441,
    "ptm": 0.5266677737236023,
    "iptm": 0.0,
    "ligand_iptm": 0.0,
    "protein_iptm": 0.0,
    "complex_plddt": 0.6781705021858215,
    "complex_iplddt": 0.0,
    "complex_pde": 1.1946371793746948,
    "complex_ipde": 0.0,
    "chains_ptm": {
        "0": 0.5266677737236023
    },
    "pair_chains_iptm": {
        "0": {
            "0": 0.5266677737236023
        }
    }
}