{
    "confidence_score": 0.6852218508720398,
    "ptm": 0.782417893409729,
    "iptm": 0.0,
    "ligand_iptm": 0.0,
    "protein_iptm": 0.0,
    "complex_plddt": 0.8565272688865662,
    "complex_iplddt": 0.0,
    "complex_pde": 0.7918144464492798,
    "complex_ipde": 0.0,
    "chains_ptm": {
        "0": 0.782417893409729
    },
    "pair_chains_iptm": {
        "0": {
            "0": 0.782417893409729
        }
    }
}