{
    "confidence_score": 0.6947155594825745,
    "ptm": 0.8166388273239136,
    "iptm": 0.0,
    "ligand_iptm": 0.0,
    "protein_iptm": 0.0,
    "complex_plddt": 0.8683944344520569,
    "complex_iplddt": 0.0,
    "complex_pde": 0.7696406245231628,
    "complex_ipde": 0.0,
    "chains_ptm": {
        "0": 0.8166388273239136
    },
    "pair_chains_iptm": {
        "0": {
            "0": 0.8166388273239136
        }
    }
}