{
    "confidence_score": 0.7442835569381714,
    "ptm": 0.9447640180587769,
    "iptm": 0.0,
    "ligand_iptm": 0.0,
    "protein_iptm": 0.0,
    "complex_plddt": 0.9303544163703918,
    "complex_iplddt": 0.0,
    "complex_pde": 0.32925066351890564,
    "complex_ipde": 0.0,
    "chains_ptm": {
        "0": 0.9447640180587769
    },
    "pair_chains_iptm": {
        "0": {
            "0": 0.9447640180587769
        }
    }
}