{
    "confidence_score": 0.5440530776977539,
    "ptm": 0.31319689750671387,
    "iptm": 0.0,
    "ligand_iptm": 0.0,
    "protein_iptm": 0.0,
    "complex_plddt": 0.6800663471221924,
    "complex_iplddt": 0.0,
    "complex_pde": 1.1371594667434692,
    "complex_ipde": 0.0,
    "chains_ptm": {
        "0": 0.31319689750671387
    },
    "pair_chains_iptm": {
        "0": {
            "0": 0.31319689750671387
        }
    }
}