{
    "confidence_score": 0.5247876048088074,
    "ptm": 0.37479424476623535,
    "iptm": 0.0,
    "ligand_iptm": 0.0,
    "protein_iptm": 0.0,
    "complex_plddt": 0.6559845209121704,
    "complex_iplddt": 0.0,
    "complex_pde": 1.397739291191101,
    "complex_ipde": 0.0,
    "chains_ptm": {
        "0": 0.37479424476623535
    },
    "pair_chains_iptm": {
        "0": {
            "0": 0.37479424476623535
        }
    }
}