{
    "confidence_score": 0.6461924314498901,
    "ptm": 0.7173570990562439,
    "iptm": 0.0,
    "ligand_iptm": 0.0,
    "protein_iptm": 0.0,
    "complex_plddt": 0.8077405095100403,
    "complex_iplddt": 0.0,
    "complex_pde": 0.5122796893119812,
    "complex_ipde": 0.0,
    "chains_ptm": {
        "0": 0.7173570990562439
    },
    "pair_chains_iptm": {
        "0": {
            "0": 0.7173570990562439
        }
    }
}