{
    "confidence_score": 0.5409049391746521,
    "ptm": 0.38000035285949707,
    "iptm": 0.0,
    "ligand_iptm": 0.0,
    "protein_iptm": 0.0,
    "complex_plddt": 0.6761311292648315,
    "complex_iplddt": 0.0,
    "complex_pde": 1.2395604848861694,
    "complex_ipde": 0.0,
    "chains_ptm": {
        "0": 0.38000035285949707
    },
    "pair_chains_iptm": {
        "0": {
            "0": 0.38000035285949707
        }
    }
}