{
    "confidence_score": 0.6982204914093018,
    "ptm": 0.7991608381271362,
    "iptm": 0.0,
    "ligand_iptm": 0.0,
    "protein_iptm": 0.0,
    "complex_plddt": 0.8727756142616272,
    "complex_iplddt": 0.0,
    "complex_pde": 0.518502414226532,
    "complex_ipde": 0.0,
    "chains_ptm": {
        "0": 0.7991608381271362
    },
    "pair_chains_iptm": {
        "0": {
            "0": 0.7991608381271362
        }
    }
}