{
    "confidence_score": 0.6615824103355408,
    "ptm": 0.757002592086792,
    "iptm": 0.0,
    "ligand_iptm": 0.0,
    "protein_iptm": 0.0,
    "complex_plddt": 0.8269780278205872,
    "complex_iplddt": 0.0,
    "complex_pde": 0.5177032947540283,
    "complex_ipde": 0.0,
    "chains_ptm": {
        "0": 0.757002592086792
    },
    "pair_chains_iptm": {
        "0": {
            "0": 0.757002592086792
        }
    }
}