{
    "confidence_score": 0.5486304759979248,
    "ptm": 0.6731806993484497,
    "iptm": 0.0,
    "ligand_iptm": 0.0,
    "protein_iptm": 0.0,
    "complex_plddt": 0.685788094997406,
    "complex_iplddt": 0.0,
    "complex_pde": 1.133942723274231,
    "complex_ipde": 0.0,
    "chains_ptm": {
        "0": 0.6731806993484497
    },
    "pair_chains_iptm": {
        "0": {
            "0": 0.6731806993484497
        }
    }
}