{
    "confidence_score": 0.572470486164093,
    "ptm": 0.49129191040992737,
    "iptm": 0.0,
    "ligand_iptm": 0.0,
    "protein_iptm": 0.0,
    "complex_plddt": 0.7155880928039551,
    "complex_iplddt": 0.0,
    "complex_pde": 1.4850976467132568,
    "complex_ipde": 0.0,
    "chains_ptm": {
        "0": 0.49129191040992737
    },
    "pair_chains_iptm": {
        "0": {
            "0": 0.49129191040992737
        }
    }
}