{
    "confidence_score": 0.7113581895828247,
    "ptm": 0.8444713354110718,
    "iptm": 0.0,
    "ligand_iptm": 0.0,
    "protein_iptm": 0.0,
    "complex_plddt": 0.8891977071762085,
    "complex_iplddt": 0.0,
    "complex_pde": 0.4575420916080475,
    "complex_ipde": 0.0,
    "chains_ptm": {
        "0": 0.8444713354110718
    },
    "pair_chains_iptm": {
        "0": {
            "0": 0.8444713354110718
        }
    }
}