{
    "confidence_score": 0.6516904234886169,
    "ptm": 0.7528101205825806,
    "iptm": 0.0,
    "ligand_iptm": 0.0,
    "protein_iptm": 0.0,
    "complex_plddt": 0.8146129846572876,
    "complex_iplddt": 0.0,
    "complex_pde": 0.7156258225440979,
    "complex_ipde": 0.0,
    "chains_ptm": {
        "0": 0.7528101205825806
    },
    "pair_chains_iptm": {
        "0": {
            "0": 0.7528101205825806
        }
    }
}