{
    "confidence_score": 0.49212580919265747,
    "ptm": 0.30592426657676697,
    "iptm": 0.0,
    "ligand_iptm": 0.0,
    "protein_iptm": 0.0,
    "complex_plddt": 0.6151572465896606,
    "complex_iplddt": 0.0,
    "complex_pde": 3.04766583442688,
    "complex_ipde": 0.0,
    "chains_ptm": {
        "0": 0.30592426657676697
    },
    "pair_chains_iptm": {
        "0": {
            "0": 0.30592426657676697
        }
    }
}