{
    "confidence_score": 0.5728203654289246,
    "ptm": 0.6678942441940308,
    "iptm": 0.0,
    "ligand_iptm": 0.0,
    "protein_iptm": 0.0,
    "complex_plddt": 0.7160254716873169,
    "complex_iplddt": 0.0,
    "complex_pde": 0.7110316753387451,
    "complex_ipde": 0.0,
    "chains_ptm": {
        "0": 0.6678942441940308
    },
    "pair_chains_iptm": {
        "0": {
            "0": 0.6678942441940308
        }
    }
}