{
    "confidence_score": 0.7106112837791443,
    "ptm": 0.9075256586074829,
    "iptm": 0.0,
    "ligand_iptm": 0.0,
    "protein_iptm": 0.0,
    "complex_plddt": 0.8882641196250916,
    "complex_iplddt": 0.0,
    "complex_pde": 0.5587429404258728,
    "complex_ipde": 0.0,
    "chains_ptm": {
        "0": 0.9075256586074829
    },
    "pair_chains_iptm": {
        "0": {
            "0": 0.9075256586074829
        }
    }
}