{
    "confidence_score": 0.6377235651016235,
    "ptm": 0.7506058216094971,
    "iptm": 0.0,
    "ligand_iptm": 0.0,
    "protein_iptm": 0.0,
    "complex_plddt": 0.797154426574707,
    "complex_iplddt": 0.0,
    "complex_pde": 0.9397163391113281,
    "complex_ipde": 0.0,
    "chains_ptm": {
        "0": 0.7506058216094971
    },
    "pair_chains_iptm": {
        "0": {
            "0": 0.7506058216094971
        }
    }
}