{
    "confidence_score": 0.3852691054344177,
    "ptm": 0.21447566151618958,
    "iptm": 0.0,
    "ligand_iptm": 0.0,
    "protein_iptm": 0.0,
    "complex_plddt": 0.48158636689186096,
    "complex_iplddt": 0.0,
    "complex_pde": 3.237609386444092,
    "complex_ipde": 0.0,
    "chains_ptm": {
        "0": 0.21447566151618958
    },
    "pair_chains_iptm": {
        "0": {
            "0": 0.21447566151618958
        }
    }
}