{
    "confidence_score": 0.6221751570701599,
    "ptm": 0.756287157535553,
    "iptm": 0.0,
    "ligand_iptm": 0.0,
    "protein_iptm": 0.0,
    "complex_plddt": 0.7777189016342163,
    "complex_iplddt": 0.0,
    "complex_pde": 0.6325677037239075,
    "complex_ipde": 0.0,
    "chains_ptm": {
        "0": 0.756287157535553
    },
    "pair_chains_iptm": {
        "0": {
            "0": 0.756287157535553
        }
    }
}