{
    "confidence_score": 0.4932457506656647,
    "ptm": 0.36211293935775757,
    "iptm": 0.0,
    "ligand_iptm": 0.0,
    "protein_iptm": 0.0,
    "complex_plddt": 0.6165571808815002,
    "complex_iplddt": 0.0,
    "complex_pde": 1.58950674533844,
    "complex_ipde": 0.0,
    "chains_ptm": {
        "0": 0.36211293935775757
    },
    "pair_chains_iptm": {
        "0": {
            "0": 0.36211293935775757
        }
    }
}