{
    "confidence_score": 0.6319478154182434,
    "ptm": 0.7002934217453003,
    "iptm": 0.0,
    "ligand_iptm": 0.0,
    "protein_iptm": 0.0,
    "complex_plddt": 0.7899347543716431,
    "complex_iplddt": 0.0,
    "complex_pde": 0.8182090520858765,
    "complex_ipde": 0.0,
    "chains_ptm": {
        "0": 0.7002934217453003
    },
    "pair_chains_iptm": {
        "0": {
            "0": 0.7002934217453003
        }
    }
}