{
    "confidence_score": 0.5972225069999695,
    "ptm": 0.6910912394523621,
    "iptm": 0.0,
    "ligand_iptm": 0.0,
    "protein_iptm": 0.0,
    "complex_plddt": 0.746528148651123,
    "complex_iplddt": 0.0,
    "complex_pde": 1.3664714097976685,
    "complex_ipde": 0.0,
    "chains_ptm": {
        "0": 0.6910912394523621
    },
    "pair_chains_iptm": {
        "0": {
            "0": 0.6910912394523621
        }
    }
}