{
    "features": 5248.215712785721,
    "process_features_model_1_pred_0": 11.14523458480835,
    "predict_and_compile_model_1_pred_0": 423.8836748600006,
    "process_features_model_2_pred_0": 11.401166915893555,
    "predict_and_compile_model_2_pred_0": 391.7745985984802,
    "process_features_model_3_pred_0": 11.062287092208862,
    "predict_and_compile_model_3_pred_0": 364.0965039730072,
    "process_features_model_4_pred_0": 13.758599281311035,
    "predict_and_compile_model_4_pred_0": 366.82771706581116,
    "process_features_model_5_pred_0": 11.358606576919556,
    "predict_and_compile_model_5_pred_0": 347.121267080307,
    "relax_model_3_pred_0": 78.58350229263306
}