{
    "confidence_score": 0.622367799282074,
    "ptm": 0.5042389631271362,
    "iptm": 0.0,
    "ligand_iptm": 0.0,
    "protein_iptm": 0.0,
    "complex_plddt": 0.7779597043991089,
    "complex_iplddt": 0.0,
    "complex_pde": 1.2444707155227661,
    "complex_ipde": 0.0,
    "chains_ptm": {
        "0": 0.5042389631271362
    },
    "pair_chains_iptm": {
        "0": {
            "0": 0.5042389631271362
        }
    }
}