{
    "confidence_score": 0.6845553517341614,
    "ptm": 0.8568253517150879,
    "iptm": 0.0,
    "ligand_iptm": 0.0,
    "protein_iptm": 0.0,
    "complex_plddt": 0.8556941747665405,
    "complex_iplddt": 0.0,
    "complex_pde": 0.7901199460029602,
    "complex_ipde": 0.0,
    "chains_ptm": {
        "0": 0.8568253517150879
    },
    "pair_chains_iptm": {
        "0": {
            "0": 0.8568253517150879
        }
    }
}