{
    "confidence_score": 0.7607453465461731,
    "ptm": 0.9573922753334045,
    "iptm": 0.0,
    "ligand_iptm": 0.0,
    "protein_iptm": 0.0,
    "complex_plddt": 0.9509316682815552,
    "complex_iplddt": 0.0,
    "complex_pde": 0.32383614778518677,
    "complex_ipde": 0.0,
    "chains_ptm": {
        "0": 0.9573922753334045
    },
    "pair_chains_iptm": {
        "0": {
            "0": 0.9573922753334045
        }
    }
}