{
    "confidence_score": 0.5133720636367798,
    "ptm": 0.3745900094509125,
    "iptm": 0.0,
    "ligand_iptm": 0.0,
    "protein_iptm": 0.0,
    "complex_plddt": 0.6417150497436523,
    "complex_iplddt": 0.0,
    "complex_pde": 1.8300414085388184,
    "complex_ipde": 0.0,
    "chains_ptm": {
        "0": 0.3745900094509125
    },
    "pair_chains_iptm": {
        "0": {
            "0": 0.3745900094509125
        }
    }
}