{
    "confidence_score": 0.4561133086681366,
    "ptm": 0.4077569842338562,
    "iptm": 0.0,
    "ligand_iptm": 0.0,
    "protein_iptm": 0.0,
    "complex_plddt": 0.570141613483429,
    "complex_iplddt": 0.0,
    "complex_pde": 2.0707006454467773,
    "complex_ipde": 0.0,
    "chains_ptm": {
        "0": 0.4077569842338562
    },
    "pair_chains_iptm": {
        "0": {
            "0": 0.4077569842338562
        }
    }
}