{
    "confidence_score": 0.49026376008987427,
    "ptm": 0.48637115955352783,
    "iptm": 0.0,
    "ligand_iptm": 0.0,
    "protein_iptm": 0.0,
    "complex_plddt": 0.6128296852111816,
    "complex_iplddt": 0.0,
    "complex_pde": 1.7286099195480347,
    "complex_ipde": 0.0,
    "chains_ptm": {
        "0": 0.48637115955352783
    },
    "pair_chains_iptm": {
        "0": {
            "0": 0.48637115955352783
        }
    }
}