{
    "confidence_score": 0.7116557359695435,
    "ptm": 0.8902405500411987,
    "iptm": 0.0,
    "ligand_iptm": 0.0,
    "protein_iptm": 0.0,
    "complex_plddt": 0.8895696401596069,
    "complex_iplddt": 0.0,
    "complex_pde": 0.6141613125801086,
    "complex_ipde": 0.0,
    "chains_ptm": {
        "0": 0.8902405500411987
    },
    "pair_chains_iptm": {
        "0": {
            "0": 0.8902405500411987
        }
    }
}