{
    "confidence_score": 0.7167803645133972,
    "ptm": 0.8504583239555359,
    "iptm": 0.0,
    "ligand_iptm": 0.0,
    "protein_iptm": 0.0,
    "complex_plddt": 0.8959754109382629,
    "complex_iplddt": 0.0,
    "complex_pde": 0.4783468246459961,
    "complex_ipde": 0.0,
    "chains_ptm": {
        "0": 0.8504583239555359
    },
    "pair_chains_iptm": {
        "0": {
            "0": 0.8504583239555359
        }
    }
}