{
    "confidence_score": 0.4726683795452118,
    "ptm": 0.5069572925567627,
    "iptm": 0.0,
    "ligand_iptm": 0.0,
    "protein_iptm": 0.0,
    "complex_plddt": 0.590835452079773,
    "complex_iplddt": 0.0,
    "complex_pde": 2.1297740936279297,
    "complex_ipde": 0.0,
    "chains_ptm": {
        "0": 0.5069572925567627
    },
    "pair_chains_iptm": {
        "0": {
            "0": 0.5069572925567627
        }
    }
}