{
    "confidence_score": 0.5558325052261353,
    "ptm": 0.42915651202201843,
    "iptm": 0.0,
    "ligand_iptm": 0.0,
    "protein_iptm": 0.0,
    "complex_plddt": 0.6947906017303467,
    "complex_iplddt": 0.0,
    "complex_pde": 1.6979182958602905,
    "complex_ipde": 0.0,
    "chains_ptm": {
        "0": 0.42915651202201843
    },
    "pair_chains_iptm": {
        "0": {
            "0": 0.42915651202201843
        }
    }
}