{
    "confidence_score": 0.618090033531189,
    "ptm": 0.3406950533390045,
    "iptm": 0.0,
    "ligand_iptm": 0.0,
    "protein_iptm": 0.0,
    "complex_plddt": 0.7726125121116638,
    "complex_iplddt": 0.0,
    "complex_pde": 1.600991129875183,
    "complex_ipde": 0.0,
    "chains_ptm": {
        "0": 0.3406950533390045
    },
    "pair_chains_iptm": {
        "0": {
            "0": 0.3406950533390045
        }
    }
}