{
    "confidence_score": 0.6700074076652527,
    "ptm": 0.760406494140625,
    "iptm": 0.0,
    "ligand_iptm": 0.0,
    "protein_iptm": 0.0,
    "complex_plddt": 0.837509274482727,
    "complex_iplddt": 0.0,
    "complex_pde": 1.014699101448059,
    "complex_ipde": 0.0,
    "chains_ptm": {
        "0": 0.760406494140625
    },
    "pair_chains_iptm": {
        "0": {
            "0": 0.760406494140625
        }
    }
}