{
    "confidence_score": 0.48234373331069946,
    "ptm": 0.30795830488204956,
    "iptm": 0.0,
    "ligand_iptm": 0.0,
    "protein_iptm": 0.0,
    "complex_plddt": 0.6029296517372131,
    "complex_iplddt": 0.0,
    "complex_pde": 2.0023353099823,
    "complex_ipde": 0.0,
    "chains_ptm": {
        "0": 0.30795830488204956
    },
    "pair_chains_iptm": {
        "0": {
            "0": 0.30795830488204956
        }
    }
}