{
    "confidence_score": 0.7364202737808228,
    "ptm": 0.9313252568244934,
    "iptm": 0.0,
    "ligand_iptm": 0.0,
    "protein_iptm": 0.0,
    "complex_plddt": 0.920525312423706,
    "complex_iplddt": 0.0,
    "complex_pde": 0.37276729941368103,
    "complex_ipde": 0.0,
    "chains_ptm": {
        "0": 0.9313252568244934
    },
    "pair_chains_iptm": {
        "0": {
            "0": 0.9313252568244934
        }
    }
}