{
    "confidence_score": 0.6526942253112793,
    "ptm": 0.7263529896736145,
    "iptm": 0.0,
    "ligand_iptm": 0.0,
    "protein_iptm": 0.0,
    "complex_plddt": 0.8158677816390991,
    "complex_iplddt": 0.0,
    "complex_pde": 0.7486314177513123,
    "complex_ipde": 0.0,
    "chains_ptm": {
        "0": 0.7263529896736145
    },
    "pair_chains_iptm": {
        "0": {
            "0": 0.7263529896736145
        }
    }
}