{
    "confidence_score": 0.5109638571739197,
    "ptm": 0.31106314063072205,
    "iptm": 0.0,
    "ligand_iptm": 0.0,
    "protein_iptm": 0.0,
    "complex_plddt": 0.638704776763916,
    "complex_iplddt": 0.0,
    "complex_pde": 0.942893385887146,
    "complex_ipde": 0.0,
    "chains_ptm": {
        "0": 0.31106314063072205
    },
    "pair_chains_iptm": {
        "0": {
            "0": 0.31106314063072205
        }
    }
}