{
    "confidence_score": 0.6108226180076599,
    "ptm": 0.645611584186554,
    "iptm": 0.0,
    "ligand_iptm": 0.0,
    "protein_iptm": 0.0,
    "complex_plddt": 0.7635282278060913,
    "complex_iplddt": 0.0,
    "complex_pde": 1.4979254007339478,
    "complex_ipde": 0.0,
    "chains_ptm": {
        "0": 0.645611584186554
    },
    "pair_chains_iptm": {
        "0": {
            "0": 0.645611584186554
        }
    }
}