{
    "confidence_score": 0.5900639295578003,
    "ptm": 0.5816593766212463,
    "iptm": 0.0,
    "ligand_iptm": 0.0,
    "protein_iptm": 0.0,
    "complex_plddt": 0.737579882144928,
    "complex_iplddt": 0.0,
    "complex_pde": 1.0580923557281494,
    "complex_ipde": 0.0,
    "chains_ptm": {
        "0": 0.5816593766212463
    },
    "pair_chains_iptm": {
        "0": {
            "0": 0.5816593766212463
        }
    }
}