{
    "confidence_score": 0.551435649394989,
    "ptm": 0.4334692060947418,
    "iptm": 0.0,
    "ligand_iptm": 0.0,
    "protein_iptm": 0.0,
    "complex_plddt": 0.6892945170402527,
    "complex_iplddt": 0.0,
    "complex_pde": 1.7069201469421387,
    "complex_ipde": 0.0,
    "chains_ptm": {
        "0": 0.4334692060947418
    },
    "pair_chains_iptm": {
        "0": {
            "0": 0.4334692060947418
        }
    }
}