{
    "confidence_score": 0.6689369678497314,
    "ptm": 0.4338792562484741,
    "iptm": 0.0,
    "ligand_iptm": 0.0,
    "protein_iptm": 0.0,
    "complex_plddt": 0.8361712098121643,
    "complex_iplddt": 0.0,
    "complex_pde": 1.4379019737243652,
    "complex_ipde": 0.0,
    "chains_ptm": {
        "0": 0.4338792562484741
    },
    "pair_chains_iptm": {
        "0": {
            "0": 0.4338792562484741
        }
    }
}