{
    "confidence_score": 0.30836376547813416,
    "ptm": 0.2758355140686035,
    "iptm": 0.0,
    "ligand_iptm": 0.0,
    "protein_iptm": 0.0,
    "complex_plddt": 0.3854546844959259,
    "complex_iplddt": 0.0,
    "complex_pde": 3.283504009246826,
    "complex_ipde": 0.0,
    "chains_ptm": {
        "0": 0.2758355140686035
    },
    "pair_chains_iptm": {
        "0": {
            "0": 0.2758355140686035
        }
    }
}