{
    "confidence_score": 0.5503371357917786,
    "ptm": 0.7028982043266296,
    "iptm": 0.0,
    "ligand_iptm": 0.0,
    "protein_iptm": 0.0,
    "complex_plddt": 0.687921404838562,
    "complex_iplddt": 0.0,
    "complex_pde": 1.4164378643035889,
    "complex_ipde": 0.0,
    "chains_ptm": {
        "0": 0.7028982043266296
    },
    "pair_chains_iptm": {
        "0": {
            "0": 0.7028982043266296
        }
    }
}