{
    "confidence_score": 0.523378312587738,
    "ptm": 0.32156434655189514,
    "iptm": 0.0,
    "ligand_iptm": 0.0,
    "protein_iptm": 0.0,
    "complex_plddt": 0.654222846031189,
    "complex_iplddt": 0.0,
    "complex_pde": 2.374488592147827,
    "complex_ipde": 0.0,
    "chains_ptm": {
        "0": 0.32156434655189514
    },
    "pair_chains_iptm": {
        "0": {
            "0": 0.32156434655189514
        }
    }
}