{
    "confidence_score": 0.691628634929657,
    "ptm": 0.898880124092102,
    "iptm": 0.0,
    "ligand_iptm": 0.0,
    "protein_iptm": 0.0,
    "complex_plddt": 0.8645357489585876,
    "complex_iplddt": 0.0,
    "complex_pde": 0.4599251449108124,
    "complex_ipde": 0.0,
    "chains_ptm": {
        "0": 0.898880124092102
    },
    "pair_chains_iptm": {
        "0": {
            "0": 0.898880124092102
        }
    }
}