{
    "confidence_score": 0.5375815033912659,
    "ptm": 0.5684238076210022,
    "iptm": 0.0,
    "ligand_iptm": 0.0,
    "protein_iptm": 0.0,
    "complex_plddt": 0.6719768643379211,
    "complex_iplddt": 0.0,
    "complex_pde": 1.0107436180114746,
    "complex_ipde": 0.0,
    "chains_ptm": {
        "0": 0.5684238076210022
    },
    "pair_chains_iptm": {
        "0": {
            "0": 0.5684238076210022
        }
    }
}