{
    "confidence_score": 0.504531741142273,
    "ptm": 0.6312841773033142,
    "iptm": 0.0,
    "ligand_iptm": 0.0,
    "protein_iptm": 0.0,
    "complex_plddt": 0.6306646466255188,
    "complex_iplddt": 0.0,
    "complex_pde": 1.0118769407272339,
    "complex_ipde": 0.0,
    "chains_ptm": {
        "0": 0.6312841773033142
    },
    "pair_chains_iptm": {
        "0": {
            "0": 0.6312841773033142
        }
    }
}