{
    "confidence_score": 0.568325936794281,
    "ptm": 0.6446995735168457,
    "iptm": 0.0,
    "ligand_iptm": 0.0,
    "protein_iptm": 0.0,
    "complex_plddt": 0.7104074358940125,
    "complex_iplddt": 0.0,
    "complex_pde": 1.2455586194992065,
    "complex_ipde": 0.0,
    "chains_ptm": {
        "0": 0.6446995735168457
    },
    "pair_chains_iptm": {
        "0": {
            "0": 0.6446995735168457
        }
    }
}