{
    "plddts": {
        "model_1_pred_0": 77.24522423342827,
        "model_2_pred_0": 73.73031291271997,
        "model_3_pred_0": 75.75976247733009,
        "model_4_pred_0": 79.28915046456714,
        "model_5_pred_0": 76.32970213458302
    },
    "order": [
        "model_4_pred_0",
        "model_1_pred_0",
        "model_5_pred_0",
        "model_3_pred_0",
        "model_2_pred_0"
    ]
}