{
    "confidence_score": 0.5611815452575684,
    "ptm": 0.44172337651252747,
    "iptm": 0.0,
    "ligand_iptm": 0.0,
    "protein_iptm": 0.0,
    "complex_plddt": 0.7014769315719604,
    "complex_iplddt": 0.0,
    "complex_pde": 1.5466396808624268,
    "complex_ipde": 0.0,
    "chains_ptm": {
        "0": 0.44172337651252747
    },
    "pair_chains_iptm": {
        "0": {
            "0": 0.44172337651252747
        }
    }
}