{
    "confidence_score": 0.7480039596557617,
    "ptm": 0.9097130298614502,
    "iptm": 0.0,
    "ligand_iptm": 0.0,
    "protein_iptm": 0.0,
    "complex_plddt": 0.9350049495697021,
    "complex_iplddt": 0.0,
    "complex_pde": 0.3618079721927643,
    "complex_ipde": 0.0,
    "chains_ptm": {
        "0": 0.9097130298614502
    },
    "pair_chains_iptm": {
        "0": {
            "0": 0.9097130298614502
        }
    }
}