{
    "confidence_score": 0.7005801796913147,
    "ptm": 0.8751835823059082,
    "iptm": 0.0,
    "ligand_iptm": 0.0,
    "protein_iptm": 0.0,
    "complex_plddt": 0.8757252097129822,
    "complex_iplddt": 0.0,
    "complex_pde": 0.5703340768814087,
    "complex_ipde": 0.0,
    "chains_ptm": {
        "0": 0.8751835823059082
    },
    "pair_chains_iptm": {
        "0": {
            "0": 0.8751835823059082
        }
    }
}