{
    "plddts": {
        "model_1_pred_0": 75.7771718923961,
        "model_2_pred_0": 73.69941157416766,
        "model_3_pred_0": 78.2017762623875,
        "model_4_pred_0": 80.07813140304489,
        "model_5_pred_0": 76.5338740404616
    },
    "order": [
        "model_4_pred_0",
        "model_3_pred_0",
        "model_5_pred_0",
        "model_1_pred_0",
        "model_2_pred_0"
    ]
}