{
    "features": 13510.265984535217,
    "process_features_model_1_pred_0": 15.90402102470398,
    "predict_and_compile_model_1_pred_0": 460.6847519874573,
    "process_features_model_2_pred_0": 20.91448450088501,
    "predict_and_compile_model_2_pred_0": 419.12780690193176,
    "process_features_model_3_pred_0": 18.685949325561523,
    "predict_and_compile_model_3_pred_0": 388.3934223651886,
    "process_features_model_4_pred_0": 21.56626605987549,
    "predict_and_compile_model_4_pred_0": 386.13331031799316,
    "process_features_model_5_pred_0": 14.450364589691162,
    "predict_and_compile_model_5_pred_0": 363.39295268058777,
    "relax_model_4_pred_0": 316.84012603759766
}