{
    "confidence_score": 0.54091876745224,
    "ptm": 0.45049619674682617,
    "iptm": 0.0,
    "ligand_iptm": 0.0,
    "protein_iptm": 0.0,
    "complex_plddt": 0.6761484742164612,
    "complex_iplddt": 0.0,
    "complex_pde": 1.8586320877075195,
    "complex_ipde": 0.0,
    "chains_ptm": {
        "0": 0.45049619674682617
    },
    "pair_chains_iptm": {
        "0": {
            "0": 0.45049619674682617
        }
    }
}