{
    "confidence_score": 0.7129247188568115,
    "ptm": 0.8905243873596191,
    "iptm": 0.0,
    "ligand_iptm": 0.0,
    "protein_iptm": 0.0,
    "complex_plddt": 0.8911558985710144,
    "complex_iplddt": 0.0,
    "complex_pde": 0.3942525386810303,
    "complex_ipde": 0.0,
    "chains_ptm": {
        "0": 0.8905243873596191
    },
    "pair_chains_iptm": {
        "0": {
            "0": 0.8905243873596191
        }
    }
}