{
    "confidence_score": 0.4538716971874237,
    "ptm": 0.19176311790943146,
    "iptm": 0.0,
    "ligand_iptm": 0.0,
    "protein_iptm": 0.0,
    "complex_plddt": 0.5673395991325378,
    "complex_iplddt": 0.0,
    "complex_pde": 3.0718460083007812,
    "complex_ipde": 0.0,
    "chains_ptm": {
        "0": 0.19176311790943146
    },
    "pair_chains_iptm": {
        "0": {
            "0": 0.19176311790943146
        }
    }
}