{
    "confidence_score": 0.740129828453064,
    "ptm": 0.947066068649292,
    "iptm": 0.0,
    "ligand_iptm": 0.0,
    "protein_iptm": 0.0,
    "complex_plddt": 0.9251622557640076,
    "complex_iplddt": 0.0,
    "complex_pde": 0.322887122631073,
    "complex_ipde": 0.0,
    "chains_ptm": {
        "0": 0.947066068649292
    },
    "pair_chains_iptm": {
        "0": {
            "0": 0.947066068649292
        }
    }
}