{
    "confidence_score": 0.4599107801914215,
    "ptm": 0.19368427991867065,
    "iptm": 0.0,
    "ligand_iptm": 0.0,
    "protein_iptm": 0.0,
    "complex_plddt": 0.5748884677886963,
    "complex_iplddt": 0.0,
    "complex_pde": 2.6348817348480225,
    "complex_ipde": 0.0,
    "chains_ptm": {
        "0": 0.19368427991867065
    },
    "pair_chains_iptm": {
        "0": {
            "0": 0.19368427991867065
        }
    }
}