{
    "confidence_score": 0.7601625323295593,
    "ptm": 0.9434143304824829,
    "iptm": 0.0,
    "ligand_iptm": 0.0,
    "protein_iptm": 0.0,
    "complex_plddt": 0.9502031803131104,
    "complex_iplddt": 0.0,
    "complex_pde": 0.32146161794662476,
    "complex_ipde": 0.0,
    "chains_ptm": {
        "0": 0.9434143304824829
    },
    "pair_chains_iptm": {
        "0": {
            "0": 0.9434143304824829
        }
    }
}