{
    "confidence_score": 0.6219788789749146,
    "ptm": 0.7921344637870789,
    "iptm": 0.0,
    "ligand_iptm": 0.0,
    "protein_iptm": 0.0,
    "complex_plddt": 0.7774735689163208,
    "complex_iplddt": 0.0,
    "complex_pde": 0.7513977289199829,
    "complex_ipde": 0.0,
    "chains_ptm": {
        "0": 0.7921344637870789
    },
    "pair_chains_iptm": {
        "0": {
            "0": 0.7921344637870789
        }
    }
}