{
    "confidence_score": 0.6478242874145508,
    "ptm": 0.8882303237915039,
    "iptm": 0.0,
    "ligand_iptm": 0.0,
    "protein_iptm": 0.0,
    "complex_plddt": 0.8097803592681885,
    "complex_iplddt": 0.0,
    "complex_pde": 0.5707520842552185,
    "complex_ipde": 0.0,
    "chains_ptm": {
        "0": 0.8882303237915039
    },
    "pair_chains_iptm": {
        "0": {
            "0": 0.8882303237915039
        }
    }
}