{
    "confidence_score": 0.7528908252716064,
    "ptm": 0.9412059783935547,
    "iptm": 0.0,
    "ligand_iptm": 0.0,
    "protein_iptm": 0.0,
    "complex_plddt": 0.9411135315895081,
    "complex_iplddt": 0.0,
    "complex_pde": 0.3630739748477936,
    "complex_ipde": 0.0,
    "chains_ptm": {
        "0": 0.9412059783935547
    },
    "pair_chains_iptm": {
        "0": {
            "0": 0.9412059783935547
        }
    }
}