{
    "confidence_score": 0.6575552821159363,
    "ptm": 0.8870159387588501,
    "iptm": 0.0,
    "ligand_iptm": 0.0,
    "protein_iptm": 0.0,
    "complex_plddt": 0.8219441175460815,
    "complex_iplddt": 0.0,
    "complex_pde": 0.5567280650138855,
    "complex_ipde": 0.0,
    "chains_ptm": {
        "0": 0.8870159387588501
    },
    "pair_chains_iptm": {
        "0": {
            "0": 0.8870159387588501
        }
    }
}