{
    "confidence_score": 0.7122259736061096,
    "ptm": 0.7847557067871094,
    "iptm": 0.0,
    "ligand_iptm": 0.0,
    "protein_iptm": 0.0,
    "complex_plddt": 0.8902824521064758,
    "complex_iplddt": 0.0,
    "complex_pde": 0.5000864267349243,
    "complex_ipde": 0.0,
    "chains_ptm": {
        "0": 0.7847557067871094
    },
    "pair_chains_iptm": {
        "0": {
            "0": 0.7847557067871094
        }
    }
}