{
    "confidence_score": 0.7063912749290466,
    "ptm": 0.6992022395133972,
    "iptm": 0.0,
    "ligand_iptm": 0.0,
    "protein_iptm": 0.0,
    "complex_plddt": 0.8829891085624695,
    "complex_iplddt": 0.0,
    "complex_pde": 0.7990239262580872,
    "complex_ipde": 0.0,
    "chains_ptm": {
        "0": 0.6992022395133972
    },
    "pair_chains_iptm": {
        "0": {
            "0": 0.6992022395133972
        }
    }
}