{
    "confidence_score": 0.7403675317764282,
    "ptm": 0.9128474593162537,
    "iptm": 0.0,
    "ligand_iptm": 0.0,
    "protein_iptm": 0.0,
    "complex_plddt": 0.9254593849182129,
    "complex_iplddt": 0.0,
    "complex_pde": 0.38819077610969543,
    "complex_ipde": 0.0,
    "chains_ptm": {
        "0": 0.9128474593162537
    },
    "pair_chains_iptm": {
        "0": {
            "0": 0.9128474593162537
        }
    }
}