{
    "confidence_score": 0.6983388662338257,
    "ptm": 0.7660704255104065,
    "iptm": 0.0,
    "ligand_iptm": 0.0,
    "protein_iptm": 0.0,
    "complex_plddt": 0.8729235529899597,
    "complex_iplddt": 0.0,
    "complex_pde": 0.5431103706359863,
    "complex_ipde": 0.0,
    "chains_ptm": {
        "0": 0.7660704255104065
    },
    "pair_chains_iptm": {
        "0": {
            "0": 0.7660704255104065
        }
    }
}