{
    "confidence_score": 0.5680774450302124,
    "ptm": 0.8361510634422302,
    "iptm": 0.0,
    "ligand_iptm": 0.0,
    "protein_iptm": 0.0,
    "complex_plddt": 0.7100967764854431,
    "complex_iplddt": 0.0,
    "complex_pde": 0.7783457040786743,
    "complex_ipde": 0.0,
    "chains_ptm": {
        "0": 0.8361510634422302
    },
    "pair_chains_iptm": {
        "0": {
            "0": 0.8361510634422302
        }
    }
}