{
    "confidence_score": 0.7426832318305969,
    "ptm": 0.8163056969642639,
    "iptm": 0.0,
    "ligand_iptm": 0.0,
    "protein_iptm": 0.0,
    "complex_plddt": 0.928354024887085,
    "complex_iplddt": 0.0,
    "complex_pde": 0.4323846399784088,
    "complex_ipde": 0.0,
    "chains_ptm": {
        "0": 0.8163056969642639
    },
    "pair_chains_iptm": {
        "0": {
            "0": 0.8163056969642639
        }
    }
}