{
    "confidence_score": 0.6484531760215759,
    "ptm": 0.8174514174461365,
    "iptm": 0.0,
    "ligand_iptm": 0.0,
    "protein_iptm": 0.0,
    "complex_plddt": 0.8105664253234863,
    "complex_iplddt": 0.0,
    "complex_pde": 0.5886619091033936,
    "complex_ipde": 0.0,
    "chains_ptm": {
        "0": 0.8174514174461365
    },
    "pair_chains_iptm": {
        "0": {
            "0": 0.8174514174461365
        }
    }
}