{
    "confidence_score": 0.5844709277153015,
    "ptm": 0.6089016199111938,
    "iptm": 0.0,
    "ligand_iptm": 0.0,
    "protein_iptm": 0.0,
    "complex_plddt": 0.7305886149406433,
    "complex_iplddt": 0.0,
    "complex_pde": 1.2601262331008911,
    "complex_ipde": 0.0,
    "chains_ptm": {
        "0": 0.6089016199111938
    },
    "pair_chains_iptm": {
        "0": {
            "0": 0.6089016199111938
        }
    }
}