{
    "confidence_score": 0.6525657773017883,
    "ptm": 0.8340930938720703,
    "iptm": 0.0,
    "ligand_iptm": 0.0,
    "protein_iptm": 0.0,
    "complex_plddt": 0.8157072067260742,
    "complex_iplddt": 0.0,
    "complex_pde": 0.5159677267074585,
    "complex_ipde": 0.0,
    "chains_ptm": {
        "0": 0.8340930938720703
    },
    "pair_chains_iptm": {
        "0": {
            "0": 0.8340930938720703
        }
    }
}