{
    "confidence_score": 0.6192485094070435,
    "ptm": 0.7077746987342834,
    "iptm": 0.0,
    "ligand_iptm": 0.0,
    "protein_iptm": 0.0,
    "complex_plddt": 0.7740606069564819,
    "complex_iplddt": 0.0,
    "complex_pde": 0.9574673771858215,
    "complex_ipde": 0.0,
    "chains_ptm": {
        "0": 0.7077746987342834
    },
    "pair_chains_iptm": {
        "0": {
            "0": 0.7077746987342834
        }
    }
}