{
    "confidence_score": 0.7351705431938171,
    "ptm": 0.9318495988845825,
    "iptm": 0.0,
    "ligand_iptm": 0.0,
    "protein_iptm": 0.0,
    "complex_plddt": 0.9189631938934326,
    "complex_iplddt": 0.0,
    "complex_pde": 0.3814052641391754,
    "complex_ipde": 0.0,
    "chains_ptm": {
        "0": 0.9318495988845825
    },
    "pair_chains_iptm": {
        "0": {
            "0": 0.9318495988845825
        }
    }
}