{
    "confidence_score": 0.7368524074554443,
    "ptm": 0.9299881458282471,
    "iptm": 0.0,
    "ligand_iptm": 0.0,
    "protein_iptm": 0.0,
    "complex_plddt": 0.9210655093193054,
    "complex_iplddt": 0.0,
    "complex_pde": 0.3194388151168823,
    "complex_ipde": 0.0,
    "chains_ptm": {
        "0": 0.9299881458282471
    },
    "pair_chains_iptm": {
        "0": {
            "0": 0.9299881458282471
        }
    }
}