{
    "confidence_score": 0.7427849173545837,
    "ptm": 0.9370741844177246,
    "iptm": 0.0,
    "ligand_iptm": 0.0,
    "protein_iptm": 0.0,
    "complex_plddt": 0.9284811019897461,
    "complex_iplddt": 0.0,
    "complex_pde": 0.3646704852581024,
    "complex_ipde": 0.0,
    "chains_ptm": {
        "0": 0.9370741844177246
    },
    "pair_chains_iptm": {
        "0": {
            "0": 0.9370741844177246
        }
    }
}