{
    "confidence_score": 0.6998208165168762,
    "ptm": 0.8814678192138672,
    "iptm": 0.0,
    "ligand_iptm": 0.0,
    "protein_iptm": 0.0,
    "complex_plddt": 0.8747760057449341,
    "complex_iplddt": 0.0,
    "complex_pde": 0.592292308807373,
    "complex_ipde": 0.0,
    "chains_ptm": {
        "0": 0.8814678192138672
    },
    "pair_chains_iptm": {
        "0": {
            "0": 0.8814678192138672
        }
    }
}