{
    "confidence_score": 0.4426763951778412,
    "ptm": 0.37686145305633545,
    "iptm": 0.0,
    "ligand_iptm": 0.0,
    "protein_iptm": 0.0,
    "complex_plddt": 0.5533455014228821,
    "complex_iplddt": 0.0,
    "complex_pde": 2.6667370796203613,
    "complex_ipde": 0.0,
    "chains_ptm": {
        "0": 0.37686145305633545
    },
    "pair_chains_iptm": {
        "0": {
            "0": 0.37686145305633545
        }
    }
}