{
    "confidence_score": 0.7143358588218689,
    "ptm": 0.9200164079666138,
    "iptm": 0.0,
    "ligand_iptm": 0.0,
    "protein_iptm": 0.0,
    "complex_plddt": 0.8929197788238525,
    "complex_iplddt": 0.0,
    "complex_pde": 0.4454716742038727,
    "complex_ipde": 0.0,
    "chains_ptm": {
        "0": 0.9200164079666138
    },
    "pair_chains_iptm": {
        "0": {
            "0": 0.9200164079666138
        }
    }
}