{
    "confidence_score": 0.7026575207710266,
    "ptm": 0.90809166431427,
    "iptm": 0.0,
    "ligand_iptm": 0.0,
    "protein_iptm": 0.0,
    "complex_plddt": 0.8783218860626221,
    "complex_iplddt": 0.0,
    "complex_pde": 0.6435596942901611,
    "complex_ipde": 0.0,
    "chains_ptm": {
        "0": 0.90809166431427
    },
    "pair_chains_iptm": {
        "0": {
            "0": 0.90809166431427
        }
    }
}