{
    "confidence_score": 0.643744170665741,
    "ptm": 0.7765844464302063,
    "iptm": 0.0,
    "ligand_iptm": 0.0,
    "protein_iptm": 0.0,
    "complex_plddt": 0.8046802282333374,
    "complex_iplddt": 0.0,
    "complex_pde": 0.5476716756820679,
    "complex_ipde": 0.0,
    "chains_ptm": {
        "0": 0.7765844464302063
    },
    "pair_chains_iptm": {
        "0": {
            "0": 0.7765844464302063
        }
    }
}