{
    "confidence_score": 0.7426053881645203,
    "ptm": 0.8775946497917175,
    "iptm": 0.0,
    "ligand_iptm": 0.0,
    "protein_iptm": 0.0,
    "complex_plddt": 0.9282567501068115,
    "complex_iplddt": 0.0,
    "complex_pde": 0.4156729578971863,
    "complex_ipde": 0.0,
    "chains_ptm": {
        "0": 0.8775946497917175
    },
    "pair_chains_iptm": {
        "0": {
            "0": 0.8775946497917175
        }
    }
}