{
    "features": 9358.847683668137,
    "process_features_model_1_pred_0": 12.18305253982544,
    "predict_and_compile_model_1_pred_0": 641.0558695793152,
    "process_features_model_2_pred_0": 11.876589059829712,
    "predict_and_compile_model_2_pred_0": 580.5663113594055,
    "process_features_model_3_pred_0": 10.604257106781006,
    "predict_and_compile_model_3_pred_0": 549.3706572055817,
    "process_features_model_4_pred_0": 11.274576902389526,
    "predict_and_compile_model_4_pred_0": 546.2174043655396,
    "process_features_model_5_pred_0": 11.579232692718506,
    "predict_and_compile_model_5_pred_0": 506.3356080055237,
    "relax_model_1_pred_0": 816.2510747909546
}