{
    "confidence_score": 0.6671199202537537,
    "ptm": 0.7034603357315063,
    "iptm": 0.0,
    "ligand_iptm": 0.0,
    "protein_iptm": 0.0,
    "complex_plddt": 0.8338999152183533,
    "complex_iplddt": 0.0,
    "complex_pde": 0.7940124273300171,
    "complex_ipde": 0.0,
    "chains_ptm": {
        "0": 0.7034603357315063
    },
    "pair_chains_iptm": {
        "0": {
            "0": 0.7034603357315063
        }
    }
}