{
    "confidence_score": 0.7339093089103699,
    "ptm": 0.9185674786567688,
    "iptm": 0.0,
    "ligand_iptm": 0.0,
    "protein_iptm": 0.0,
    "complex_plddt": 0.9173865914344788,
    "complex_iplddt": 0.0,
    "complex_pde": 0.36275553703308105,
    "complex_ipde": 0.0,
    "chains_ptm": {
        "0": 0.9185674786567688
    },
    "pair_chains_iptm": {
        "0": {
            "0": 0.9185674786567688
        }
    }
}