{
    "confidence_score": 0.5756639838218689,
    "ptm": 0.3699101209640503,
    "iptm": 0.0,
    "ligand_iptm": 0.0,
    "protein_iptm": 0.0,
    "complex_plddt": 0.7195799946784973,
    "complex_iplddt": 0.0,
    "complex_pde": 0.9674398899078369,
    "complex_ipde": 0.0,
    "chains_ptm": {
        "0": 0.3699101209640503
    },
    "pair_chains_iptm": {
        "0": {
            "0": 0.3699101209640503
        }
    }
}