{
    "confidence_score": 0.700759768486023,
    "ptm": 0.9095220565795898,
    "iptm": 0.0,
    "ligand_iptm": 0.0,
    "protein_iptm": 0.0,
    "complex_plddt": 0.8759496808052063,
    "complex_iplddt": 0.0,
    "complex_pde": 0.431029736995697,
    "complex_ipde": 0.0,
    "chains_ptm": {
        "0": 0.9095220565795898
    },
    "pair_chains_iptm": {
        "0": {
            "0": 0.9095220565795898
        }
    }
}