{
    "confidence_score": 0.6795468926429749,
    "ptm": 0.8406540751457214,
    "iptm": 0.0,
    "ligand_iptm": 0.0,
    "protein_iptm": 0.0,
    "complex_plddt": 0.8494336009025574,
    "complex_iplddt": 0.0,
    "complex_pde": 0.584768533706665,
    "complex_ipde": 0.0,
    "chains_ptm": {
        "0": 0.8406540751457214
    },
    "pair_chains_iptm": {
        "0": {
            "0": 0.8406540751457214
        }
    }
}