{
    "confidence_score": 0.4630172848701477,
    "ptm": 0.22808188199996948,
    "iptm": 0.0,
    "ligand_iptm": 0.0,
    "protein_iptm": 0.0,
    "complex_plddt": 0.5787715911865234,
    "complex_iplddt": 0.0,
    "complex_pde": 1.9486948251724243,
    "complex_ipde": 0.0,
    "chains_ptm": {
        "0": 0.22808188199996948
    },
    "pair_chains_iptm": {
        "0": {
            "0": 0.22808188199996948
        }
    }
}