{
    "confidence_score": 0.6278079748153687,
    "ptm": 0.7428561449050903,
    "iptm": 0.0,
    "ligand_iptm": 0.0,
    "protein_iptm": 0.0,
    "complex_plddt": 0.7847599387168884,
    "complex_iplddt": 0.0,
    "complex_pde": 0.8725208044052124,
    "complex_ipde": 0.0,
    "chains_ptm": {
        "0": 0.7428561449050903
    },
    "pair_chains_iptm": {
        "0": {
            "0": 0.7428561449050903
        }
    }
}