{
    "confidence_score": 0.7374197840690613,
    "ptm": 0.9113336205482483,
    "iptm": 0.0,
    "ligand_iptm": 0.0,
    "protein_iptm": 0.0,
    "complex_plddt": 0.9217747449874878,
    "complex_iplddt": 0.0,
    "complex_pde": 0.38211795687675476,
    "complex_ipde": 0.0,
    "chains_ptm": {
        "0": 0.9113336205482483
    },
    "pair_chains_iptm": {
        "0": {
            "0": 0.9113336205482483
        }
    }
}