{
    "confidence_score": 0.690311849117279,
    "ptm": 0.928539514541626,
    "iptm": 0.0,
    "ligand_iptm": 0.0,
    "protein_iptm": 0.0,
    "complex_plddt": 0.86288982629776,
    "complex_iplddt": 0.0,
    "complex_pde": 0.41986602544784546,
    "complex_ipde": 0.0,
    "chains_ptm": {
        "0": 0.928539514541626
    },
    "pair_chains_iptm": {
        "0": {
            "0": 0.928539514541626
        }
    }
}