{
    "confidence_score": 0.6857801079750061,
    "ptm": 0.6074553728103638,
    "iptm": 0.0,
    "ligand_iptm": 0.0,
    "protein_iptm": 0.0,
    "complex_plddt": 0.8572251200675964,
    "complex_iplddt": 0.0,
    "complex_pde": 0.5995172262191772,
    "complex_ipde": 0.0,
    "chains_ptm": {
        "0": 0.6074553728103638
    },
    "pair_chains_iptm": {
        "0": {
            "0": 0.6074553728103638
        }
    }
}