{
    "confidence_score": 0.5933900475502014,
    "ptm": 0.8111186027526855,
    "iptm": 0.0,
    "ligand_iptm": 0.0,
    "protein_iptm": 0.0,
    "complex_plddt": 0.7417375445365906,
    "complex_iplddt": 0.0,
    "complex_pde": 0.8354622721672058,
    "complex_ipde": 0.0,
    "chains_ptm": {
        "0": 0.8111186027526855
    },
    "pair_chains_iptm": {
        "0": {
            "0": 0.8111186027526855
        }
    }
}