{
    "confidence_score": 0.5037270188331604,
    "ptm": 0.6936998963356018,
    "iptm": 0.0,
    "ligand_iptm": 0.0,
    "protein_iptm": 0.0,
    "complex_plddt": 0.6296587586402893,
    "complex_iplddt": 0.0,
    "complex_pde": 1.7107124328613281,
    "complex_ipde": 0.0,
    "chains_ptm": {
        "0": 0.6936998963356018
    },
    "pair_chains_iptm": {
        "0": {
            "0": 0.6936998963356018
        }
    }
}