{
    "confidence_score": 0.68011474609375,
    "ptm": 0.8808826208114624,
    "iptm": 0.0,
    "ligand_iptm": 0.0,
    "protein_iptm": 0.0,
    "complex_plddt": 0.8501434326171875,
    "complex_iplddt": 0.0,
    "complex_pde": 0.5900400280952454,
    "complex_ipde": 0.0,
    "chains_ptm": {
        "0": 0.8808826208114624
    },
    "pair_chains_iptm": {
        "0": {
            "0": 0.8808826208114624
        }
    }
}