{
    "confidence_score": 0.6182698607444763,
    "ptm": 0.7869519591331482,
    "iptm": 0.0,
    "ligand_iptm": 0.0,
    "protein_iptm": 0.0,
    "complex_plddt": 0.7728372812271118,
    "complex_iplddt": 0.0,
    "complex_pde": 0.9185320138931274,
    "complex_ipde": 0.0,
    "chains_ptm": {
        "0": 0.7869519591331482
    },
    "pair_chains_iptm": {
        "0": {
            "0": 0.7869519591331482
        }
    }
}