{
    "confidence_score": 0.7509679794311523,
    "ptm": 0.9646720886230469,
    "iptm": 0.0,
    "ligand_iptm": 0.0,
    "protein_iptm": 0.0,
    "complex_plddt": 0.9387099742889404,
    "complex_iplddt": 0.0,
    "complex_pde": 0.29943978786468506,
    "complex_ipde": 0.0,
    "chains_ptm": {
        "0": 0.9646720886230469
    },
    "pair_chains_iptm": {
        "0": {
            "0": 0.9646720886230469
        }
    }
}