{
    "confidence_score": 0.7375747561454773,
    "ptm": 0.9406219720840454,
    "iptm": 0.0,
    "ligand_iptm": 0.0,
    "protein_iptm": 0.0,
    "complex_plddt": 0.921968400478363,
    "complex_iplddt": 0.0,
    "complex_pde": 0.3669942617416382,
    "complex_ipde": 0.0,
    "chains_ptm": {
        "0": 0.9406219720840454
    },
    "pair_chains_iptm": {
        "0": {
            "0": 0.9406219720840454
        }
    }
}