{
    "confidence_score": 0.5458926558494568,
    "ptm": 0.37703099846839905,
    "iptm": 0.0,
    "ligand_iptm": 0.0,
    "protein_iptm": 0.0,
    "complex_plddt": 0.6823658347129822,
    "complex_iplddt": 0.0,
    "complex_pde": 1.4754101037979126,
    "complex_ipde": 0.0,
    "chains_ptm": {
        "0": 0.37703099846839905
    },
    "pair_chains_iptm": {
        "0": {
            "0": 0.37703099846839905
        }
    }
}