{
    "confidence_score": 0.5846454501152039,
    "ptm": 0.6764692068099976,
    "iptm": 0.0,
    "ligand_iptm": 0.0,
    "protein_iptm": 0.0,
    "complex_plddt": 0.7308067679405212,
    "complex_iplddt": 0.0,
    "complex_pde": 1.108129620552063,
    "complex_ipde": 0.0,
    "chains_ptm": {
        "0": 0.6764692068099976
    },
    "pair_chains_iptm": {
        "0": {
            "0": 0.6764692068099976
        }
    }
}