{
    "confidence_score": 0.5889406204223633,
    "ptm": 0.3223915994167328,
    "iptm": 0.0,
    "ligand_iptm": 0.0,
    "protein_iptm": 0.0,
    "complex_plddt": 0.7361757755279541,
    "complex_iplddt": 0.0,
    "complex_pde": 1.0631275177001953,
    "complex_ipde": 0.0,
    "chains_ptm": {
        "0": 0.3223915994167328
    },
    "pair_chains_iptm": {
        "0": {
            "0": 0.3223915994167328
        }
    }
}