{
    "confidence_score": 0.5957199931144714,
    "ptm": 0.8091333508491516,
    "iptm": 0.0,
    "ligand_iptm": 0.0,
    "protein_iptm": 0.0,
    "complex_plddt": 0.7446499466896057,
    "complex_iplddt": 0.0,
    "complex_pde": 0.594262957572937,
    "complex_ipde": 0.0,
    "chains_ptm": {
        "0": 0.8091333508491516
    },
    "pair_chains_iptm": {
        "0": {
            "0": 0.8091333508491516
        }
    }
}