{
    "plddts": {
        "model_1_pred_0": 75.04495302022733,
        "model_2_pred_0": 75.30519585498625,
        "model_3_pred_0": 76.51949408042739,
        "model_4_pred_0": 77.8015485771266,
        "model_5_pred_0": 74.53705270538727
    },
    "order": [
        "model_4_pred_0",
        "model_3_pred_0",
        "model_2_pred_0",
        "model_1_pred_0",
        "model_5_pred_0"
    ]
}