{
    "features": 6725.005622625351,
    "process_features_model_1_pred_0": 11.884642839431763,
    "predict_and_compile_model_1_pred_0": 319.3097722530365,
    "process_features_model_2_pred_0": 11.940794944763184,
    "predict_and_compile_model_2_pred_0": 304.4835424423218,
    "process_features_model_3_pred_0": 10.042201280593872,
    "predict_and_compile_model_3_pred_0": 260.0532274246216,
    "process_features_model_4_pred_0": 12.637611865997314,
    "predict_and_compile_model_4_pred_0": 269.40460681915283,
    "process_features_model_5_pred_0": 14.90031886100769,
    "predict_and_compile_model_5_pred_0": 251.43477725982666,
    "relax_model_4_pred_0": 55.662673234939575
}