{
    "confidence_score": 0.4760558307170868,
    "ptm": 0.4685021638870239,
    "iptm": 0.0,
    "ligand_iptm": 0.0,
    "protein_iptm": 0.0,
    "complex_plddt": 0.5950697660446167,
    "complex_iplddt": 0.0,
    "complex_pde": 1.803270697593689,
    "complex_ipde": 0.0,
    "chains_ptm": {
        "0": 0.4685021638870239
    },
    "pair_chains_iptm": {
        "0": {
            "0": 0.4685021638870239
        }
    }
}