{
    "confidence_score": 0.7522181272506714,
    "ptm": 0.9260789155960083,
    "iptm": 0.0,
    "ligand_iptm": 0.0,
    "protein_iptm": 0.0,
    "complex_plddt": 0.9402726292610168,
    "complex_iplddt": 0.0,
    "complex_pde": 0.36330410838127136,
    "complex_ipde": 0.0,
    "chains_ptm": {
        "0": 0.9260789155960083
    },
    "pair_chains_iptm": {
        "0": {
            "0": 0.9260789155960083
        }
    }
}