{
    "confidence_score": 0.7616089582443237,
    "ptm": 0.9631544351577759,
    "iptm": 0.0,
    "ligand_iptm": 0.0,
    "protein_iptm": 0.0,
    "complex_plddt": 0.9520111680030823,
    "complex_iplddt": 0.0,
    "complex_pde": 0.3082272708415985,
    "complex_ipde": 0.0,
    "chains_ptm": {
        "0": 0.9631544351577759
    },
    "pair_chains_iptm": {
        "0": {
            "0": 0.9631544351577759
        }
    }
}