{
    "confidence_score": 0.7173707485198975,
    "ptm": 0.9238172769546509,
    "iptm": 0.0,
    "ligand_iptm": 0.0,
    "protein_iptm": 0.0,
    "complex_plddt": 0.8967134356498718,
    "complex_iplddt": 0.0,
    "complex_pde": 0.40930771827697754,
    "complex_ipde": 0.0,
    "chains_ptm": {
        "0": 0.9238172769546509
    },
    "pair_chains_iptm": {
        "0": {
            "0": 0.9238172769546509
        }
    }
}