{
    "confidence_score": 0.5576304793357849,
    "ptm": 0.6488730311393738,
    "iptm": 0.0,
    "ligand_iptm": 0.0,
    "protein_iptm": 0.0,
    "complex_plddt": 0.6970381140708923,
    "complex_iplddt": 0.0,
    "complex_pde": 1.0235347747802734,
    "complex_ipde": 0.0,
    "chains_ptm": {
        "0": 0.6488730311393738
    },
    "pair_chains_iptm": {
        "0": {
            "0": 0.6488730311393738
        }
    }
}