{
    "confidence_score": 0.4754241406917572,
    "ptm": 0.3636896312236786,
    "iptm": 0.0,
    "ligand_iptm": 0.0,
    "protein_iptm": 0.0,
    "complex_plddt": 0.5942801833152771,
    "complex_iplddt": 0.0,
    "complex_pde": 1.4495553970336914,
    "complex_ipde": 0.0,
    "chains_ptm": {
        "0": 0.3636896312236786
    },
    "pair_chains_iptm": {
        "0": {
            "0": 0.3636896312236786
        }
    }
}