{
    "confidence_score": 0.6761309504508972,
    "ptm": 0.825221598148346,
    "iptm": 0.0,
    "ligand_iptm": 0.0,
    "protein_iptm": 0.0,
    "complex_plddt": 0.8451636433601379,
    "complex_iplddt": 0.0,
    "complex_pde": 0.5444310307502747,
    "complex_ipde": 0.0,
    "chains_ptm": {
        "0": 0.825221598148346
    },
    "pair_chains_iptm": {
        "0": {
            "0": 0.825221598148346
        }
    }
}