{
    "confidence_score": 0.7546852827072144,
    "ptm": 0.9313651919364929,
    "iptm": 0.0,
    "ligand_iptm": 0.0,
    "protein_iptm": 0.0,
    "complex_plddt": 0.9433565735816956,
    "complex_iplddt": 0.0,
    "complex_pde": 0.3515222668647766,
    "complex_ipde": 0.0,
    "chains_ptm": {
        "0": 0.9313651919364929
    },
    "pair_chains_iptm": {
        "0": {
            "0": 0.9313651919364929
        }
    }
}