{
    "confidence_score": 0.729494035243988,
    "ptm": 0.9100249409675598,
    "iptm": 0.0,
    "ligand_iptm": 0.0,
    "protein_iptm": 0.0,
    "complex_plddt": 0.9118674993515015,
    "complex_iplddt": 0.0,
    "complex_pde": 0.41248562932014465,
    "complex_ipde": 0.0,
    "chains_ptm": {
        "0": 0.9100249409675598
    },
    "pair_chains_iptm": {
        "0": {
            "0": 0.9100249409675598
        }
    }
}