{
    "confidence_score": 0.7314440011978149,
    "ptm": 0.9389903545379639,
    "iptm": 0.0,
    "ligand_iptm": 0.0,
    "protein_iptm": 0.0,
    "complex_plddt": 0.9143049716949463,
    "complex_iplddt": 0.0,
    "complex_pde": 0.3940846621990204,
    "complex_ipde": 0.0,
    "chains_ptm": {
        "0": 0.9389903545379639
    },
    "pair_chains_iptm": {
        "0": {
            "0": 0.9389903545379639
        }
    }
}