{
    "confidence_score": 0.493267297744751,
    "ptm": 0.3162691295146942,
    "iptm": 0.0,
    "ligand_iptm": 0.0,
    "protein_iptm": 0.0,
    "complex_plddt": 0.6165841221809387,
    "complex_iplddt": 0.0,
    "complex_pde": 1.593693733215332,
    "complex_ipde": 0.0,
    "chains_ptm": {
        "0": 0.3162691295146942
    },
    "pair_chains_iptm": {
        "0": {
            "0": 0.3162691295146942
        }
    }
}