{
    "confidence_score": 0.6522909998893738,
    "ptm": 0.7886252999305725,
    "iptm": 0.0,
    "ligand_iptm": 0.0,
    "protein_iptm": 0.0,
    "complex_plddt": 0.8153637051582336,
    "complex_iplddt": 0.0,
    "complex_pde": 0.6974932551383972,
    "complex_ipde": 0.0,
    "chains_ptm": {
        "0": 0.7886252999305725
    },
    "pair_chains_iptm": {
        "0": {
            "0": 0.7886252999305725
        }
    }
}