{
    "confidence_score": 0.27935945987701416,
    "ptm": 0.19943875074386597,
    "iptm": 0.0,
    "ligand_iptm": 0.0,
    "protein_iptm": 0.0,
    "complex_plddt": 0.3491993248462677,
    "complex_iplddt": 0.0,
    "complex_pde": 3.8817667961120605,
    "complex_ipde": 0.0,
    "chains_ptm": {
        "0": 0.19943875074386597
    },
    "pair_chains_iptm": {
        "0": {
            "0": 0.19943875074386597
        }
    }
}