{
    "confidence_score": 0.7410878539085388,
    "ptm": 0.9404752254486084,
    "iptm": 0.0,
    "ligand_iptm": 0.0,
    "protein_iptm": 0.0,
    "complex_plddt": 0.9263597726821899,
    "complex_iplddt": 0.0,
    "complex_pde": 0.37841346859931946,
    "complex_ipde": 0.0,
    "chains_ptm": {
        "0": 0.9404752254486084
    },
    "pair_chains_iptm": {
        "0": {
            "0": 0.9404752254486084
        }
    }
}