{
    "confidence_score": 0.5933055281639099,
    "ptm": 0.4805219769477844,
    "iptm": 0.0,
    "ligand_iptm": 0.0,
    "protein_iptm": 0.0,
    "complex_plddt": 0.7416318655014038,
    "complex_iplddt": 0.0,
    "complex_pde": 1.6848289966583252,
    "complex_ipde": 0.0,
    "chains_ptm": {
        "0": 0.4805219769477844
    },
    "pair_chains_iptm": {
        "0": {
            "0": 0.4805219769477844
        }
    }
}