{
    "confidence_score": 0.4847705364227295,
    "ptm": 0.33325570821762085,
    "iptm": 0.0,
    "ligand_iptm": 0.0,
    "protein_iptm": 0.0,
    "complex_plddt": 0.6059631705284119,
    "complex_iplddt": 0.0,
    "complex_pde": 2.8232831954956055,
    "complex_ipde": 0.0,
    "chains_ptm": {
        "0": 0.33325570821762085
    },
    "pair_chains_iptm": {
        "0": {
            "0": 0.33325570821762085
        }
    }
}