{
    "confidence_score": 0.7188194990158081,
    "ptm": 0.8762484788894653,
    "iptm": 0.0,
    "ligand_iptm": 0.0,
    "protein_iptm": 0.0,
    "complex_plddt": 0.8985243439674377,
    "complex_iplddt": 0.0,
    "complex_pde": 0.3971906304359436,
    "complex_ipde": 0.0,
    "chains_ptm": {
        "0": 0.8762484788894653
    },
    "pair_chains_iptm": {
        "0": {
            "0": 0.8762484788894653
        }
    }
}