{
    "confidence_score": 0.7175595164299011,
    "ptm": 0.9337674975395203,
    "iptm": 0.0,
    "ligand_iptm": 0.0,
    "protein_iptm": 0.0,
    "complex_plddt": 0.8969494104385376,
    "complex_iplddt": 0.0,
    "complex_pde": 0.44166839122772217,
    "complex_ipde": 0.0,
    "chains_ptm": {
        "0": 0.9337674975395203
    },
    "pair_chains_iptm": {
        "0": {
            "0": 0.9337674975395203
        }
    }
}