{
    "confidence_score": 0.5062753558158875,
    "ptm": 0.4283210039138794,
    "iptm": 0.0,
    "ligand_iptm": 0.0,
    "protein_iptm": 0.0,
    "complex_plddt": 0.6328442096710205,
    "complex_iplddt": 0.0,
    "complex_pde": 2.7105088233947754,
    "complex_ipde": 0.0,
    "chains_ptm": {
        "0": 0.4283210039138794
    },
    "pair_chains_iptm": {
        "0": {
            "0": 0.4283210039138794
        }
    }
}