{
    "confidence_score": 0.7668604850769043,
    "ptm": 0.9528528451919556,
    "iptm": 0.0,
    "ligand_iptm": 0.0,
    "protein_iptm": 0.0,
    "complex_plddt": 0.9585756063461304,
    "complex_iplddt": 0.0,
    "complex_pde": 0.33536383509635925,
    "complex_ipde": 0.0,
    "chains_ptm": {
        "0": 0.9528528451919556
    },
    "pair_chains_iptm": {
        "0": {
            "0": 0.9528528451919556
        }
    }
}