{
    "confidence_score": 0.6020009517669678,
    "ptm": 0.6229364275932312,
    "iptm": 0.0,
    "ligand_iptm": 0.0,
    "protein_iptm": 0.0,
    "complex_plddt": 0.7525011897087097,
    "complex_iplddt": 0.0,
    "complex_pde": 1.2824872732162476,
    "complex_ipde": 0.0,
    "chains_ptm": {
        "0": 0.6229364275932312
    },
    "pair_chains_iptm": {
        "0": {
            "0": 0.6229364275932312
        }
    }
}