{
    "confidence_score": 0.5452219247817993,
    "ptm": 0.6844214797019958,
    "iptm": 0.0,
    "ligand_iptm": 0.0,
    "protein_iptm": 0.0,
    "complex_plddt": 0.6815273761749268,
    "complex_iplddt": 0.0,
    "complex_pde": 1.7430155277252197,
    "complex_ipde": 0.0,
    "chains_ptm": {
        "0": 0.6844214797019958
    },
    "pair_chains_iptm": {
        "0": {
            "0": 0.6844214797019958
        }
    }
}