{
    "confidence_score": 0.4295470714569092,
    "ptm": 0.2081916332244873,
    "iptm": 0.0,
    "ligand_iptm": 0.0,
    "protein_iptm": 0.0,
    "complex_plddt": 0.5369338393211365,
    "complex_iplddt": 0.0,
    "complex_pde": 3.3890483379364014,
    "complex_ipde": 0.0,
    "chains_ptm": {
        "0": 0.2081916332244873
    },
    "pair_chains_iptm": {
        "0": {
            "0": 0.2081916332244873
        }
    }
}