{
    "confidence_score": 0.7330643534660339,
    "ptm": 0.9499444365501404,
    "iptm": 0.0,
    "ligand_iptm": 0.0,
    "protein_iptm": 0.0,
    "complex_plddt": 0.9163304567337036,
    "complex_iplddt": 0.0,
    "complex_pde": 0.4012315273284912,
    "complex_ipde": 0.0,
    "chains_ptm": {
        "0": 0.9499444365501404
    },
    "pair_chains_iptm": {
        "0": {
            "0": 0.9499444365501404
        }
    }
}