{
    "confidence_score": 0.677839457988739,
    "ptm": 0.5961600542068481,
    "iptm": 0.0,
    "ligand_iptm": 0.0,
    "protein_iptm": 0.0,
    "complex_plddt": 0.847299337387085,
    "complex_iplddt": 0.0,
    "complex_pde": 0.9286730885505676,
    "complex_ipde": 0.0,
    "chains_ptm": {
        "0": 0.5961600542068481
    },
    "pair_chains_iptm": {
        "0": {
            "0": 0.5961600542068481
        }
    }
}