{
    "confidence_score": 0.4956611692905426,
    "ptm": 0.2391769140958786,
    "iptm": 0.0,
    "ligand_iptm": 0.0,
    "protein_iptm": 0.0,
    "complex_plddt": 0.6195764541625977,
    "complex_iplddt": 0.0,
    "complex_pde": 1.8766649961471558,
    "complex_ipde": 0.0,
    "chains_ptm": {
        "0": 0.2391769140958786
    },
    "pair_chains_iptm": {
        "0": {
            "0": 0.2391769140958786
        }
    }
}