{
    "confidence_score": 0.761669933795929,
    "ptm": 0.9577493071556091,
    "iptm": 0.0,
    "ligand_iptm": 0.0,
    "protein_iptm": 0.0,
    "complex_plddt": 0.95208740234375,
    "complex_iplddt": 0.0,
    "complex_pde": 0.31061264872550964,
    "complex_ipde": 0.0,
    "chains_ptm": {
        "0": 0.9577493071556091
    },
    "pair_chains_iptm": {
        "0": {
            "0": 0.9577493071556091
        }
    }
}