{
    "confidence_score": 0.7295112609863281,
    "ptm": 0.9407001733779907,
    "iptm": 0.0,
    "ligand_iptm": 0.0,
    "protein_iptm": 0.0,
    "complex_plddt": 0.9118890762329102,
    "complex_iplddt": 0.0,
    "complex_pde": 0.366548627614975,
    "complex_ipde": 0.0,
    "chains_ptm": {
        "0": 0.9407001733779907
    },
    "pair_chains_iptm": {
        "0": {
            "0": 0.9407001733779907
        }
    }
}