{
    "confidence_score": 0.5487263202667236,
    "ptm": 0.6458563208580017,
    "iptm": 0.0,
    "ligand_iptm": 0.0,
    "protein_iptm": 0.0,
    "complex_plddt": 0.6859079003334045,
    "complex_iplddt": 0.0,
    "complex_pde": 1.8503974676132202,
    "complex_ipde": 0.0,
    "chains_ptm": {
        "0": 0.6458563208580017
    },
    "pair_chains_iptm": {
        "0": {
            "0": 0.6458563208580017
        }
    }
}