{
    "confidence_score": 0.4352758824825287,
    "ptm": 0.2149159461259842,
    "iptm": 0.0,
    "ligand_iptm": 0.0,
    "protein_iptm": 0.0,
    "complex_plddt": 0.5440948605537415,
    "complex_iplddt": 0.0,
    "complex_pde": 4.004134654998779,
    "complex_ipde": 0.0,
    "chains_ptm": {
        "0": 0.2149159461259842
    },
    "pair_chains_iptm": {
        "0": {
            "0": 0.2149159461259842
        }
    }
}