{
    "confidence_score": 0.6771516799926758,
    "ptm": 0.6505212187767029,
    "iptm": 0.0,
    "ligand_iptm": 0.0,
    "protein_iptm": 0.0,
    "complex_plddt": 0.8464395999908447,
    "complex_iplddt": 0.0,
    "complex_pde": 0.8244715929031372,
    "complex_ipde": 0.0,
    "chains_ptm": {
        "0": 0.6505212187767029
    },
    "pair_chains_iptm": {
        "0": {
            "0": 0.6505212187767029
        }
    }
}