{
    "confidence_score": 0.7112031579017639,
    "ptm": 0.8930509686470032,
    "iptm": 0.0,
    "ligand_iptm": 0.0,
    "protein_iptm": 0.0,
    "complex_plddt": 0.8890039324760437,
    "complex_iplddt": 0.0,
    "complex_pde": 0.47250744700431824,
    "complex_ipde": 0.0,
    "chains_ptm": {
        "0": 0.8930509686470032
    },
    "pair_chains_iptm": {
        "0": {
            "0": 0.8930509686470032
        }
    }
}