{
    "confidence_score": 0.6850047707557678,
    "ptm": 0.8683051466941833,
    "iptm": 0.0,
    "ligand_iptm": 0.0,
    "protein_iptm": 0.0,
    "complex_plddt": 0.8562559485435486,
    "complex_iplddt": 0.0,
    "complex_pde": 0.5271713733673096,
    "complex_ipde": 0.0,
    "chains_ptm": {
        "0": 0.8683051466941833
    },
    "pair_chains_iptm": {
        "0": {
            "0": 0.8683051466941833
        }
    }
}