{
    "confidence_score": 0.6393269896507263,
    "ptm": 0.8493475914001465,
    "iptm": 0.0,
    "ligand_iptm": 0.0,
    "protein_iptm": 0.0,
    "complex_plddt": 0.7991586923599243,
    "complex_iplddt": 0.0,
    "complex_pde": 0.8171960711479187,
    "complex_ipde": 0.0,
    "chains_ptm": {
        "0": 0.8493475914001465
    },
    "pair_chains_iptm": {
        "0": {
            "0": 0.8493475914001465
        }
    }
}