{
    "confidence_score": 0.6484910845756531,
    "ptm": 0.762790858745575,
    "iptm": 0.0,
    "ligand_iptm": 0.0,
    "protein_iptm": 0.0,
    "complex_plddt": 0.8106138110160828,
    "complex_iplddt": 0.0,
    "complex_pde": 0.7026026844978333,
    "complex_ipde": 0.0,
    "chains_ptm": {
        "0": 0.762790858745575
    },
    "pair_chains_iptm": {
        "0": {
            "0": 0.762790858745575
        }
    }
}