{
    "confidence_score": 0.42474743723869324,
    "ptm": 0.3891203701496124,
    "iptm": 0.0,
    "ligand_iptm": 0.0,
    "protein_iptm": 0.0,
    "complex_plddt": 0.5309342741966248,
    "complex_iplddt": 0.0,
    "complex_pde": 1.8863966464996338,
    "complex_ipde": 0.0,
    "chains_ptm": {
        "0": 0.3891203701496124
    },
    "pair_chains_iptm": {
        "0": {
            "0": 0.3891203701496124
        }
    }
}