{
    "confidence_score": 0.6520317196846008,
    "ptm": 0.9177041053771973,
    "iptm": 0.0,
    "ligand_iptm": 0.0,
    "protein_iptm": 0.0,
    "complex_plddt": 0.8150396347045898,
    "complex_iplddt": 0.0,
    "complex_pde": 0.3887660801410675,
    "complex_ipde": 0.0,
    "chains_ptm": {
        "0": 0.9177041053771973
    },
    "pair_chains_iptm": {
        "0": {
            "0": 0.9177041053771973
        }
    }
}