{
    "confidence_score": 0.6848509907722473,
    "ptm": 0.8001938462257385,
    "iptm": 0.0,
    "ligand_iptm": 0.0,
    "protein_iptm": 0.0,
    "complex_plddt": 0.856063723564148,
    "complex_iplddt": 0.0,
    "complex_pde": 0.5353772640228271,
    "complex_ipde": 0.0,
    "chains_ptm": {
        "0": 0.8001938462257385
    },
    "pair_chains_iptm": {
        "0": {
            "0": 0.8001938462257385
        }
    }
}