{
    "confidence_score": 0.7536700963973999,
    "ptm": 0.927377462387085,
    "iptm": 0.0,
    "ligand_iptm": 0.0,
    "protein_iptm": 0.0,
    "complex_plddt": 0.9420875906944275,
    "complex_iplddt": 0.0,
    "complex_pde": 0.3100670278072357,
    "complex_ipde": 0.0,
    "chains_ptm": {
        "0": 0.927377462387085
    },
    "pair_chains_iptm": {
        "0": {
            "0": 0.927377462387085
        }
    }
}