{
    "confidence_score": 0.6464564204216003,
    "ptm": 0.7631590366363525,
    "iptm": 0.0,
    "ligand_iptm": 0.0,
    "protein_iptm": 0.0,
    "complex_plddt": 0.8080704808235168,
    "complex_iplddt": 0.0,
    "complex_pde": 0.8292357325553894,
    "complex_ipde": 0.0,
    "chains_ptm": {
        "0": 0.7631590366363525
    },
    "pair_chains_iptm": {
        "0": {
            "0": 0.7631590366363525
        }
    }
}