{
    "confidence_score": 0.7092061042785645,
    "ptm": 0.899109959602356,
    "iptm": 0.0,
    "ligand_iptm": 0.0,
    "protein_iptm": 0.0,
    "complex_plddt": 0.8865076303482056,
    "complex_iplddt": 0.0,
    "complex_pde": 0.41012296080589294,
    "complex_ipde": 0.0,
    "chains_ptm": {
        "0": 0.899109959602356
    },
    "pair_chains_iptm": {
        "0": {
            "0": 0.899109959602356
        }
    }
}