{
    "confidence_score": 0.73468416929245,
    "ptm": 0.9385084509849548,
    "iptm": 0.0,
    "ligand_iptm": 0.0,
    "protein_iptm": 0.0,
    "complex_plddt": 0.9183552265167236,
    "complex_iplddt": 0.0,
    "complex_pde": 0.4058350920677185,
    "complex_ipde": 0.0,
    "chains_ptm": {
        "0": 0.9385084509849548
    },
    "pair_chains_iptm": {
        "0": {
            "0": 0.9385084509849548
        }
    }
}