{
    "confidence_score": 0.6585002541542053,
    "ptm": 0.7818853855133057,
    "iptm": 0.0,
    "ligand_iptm": 0.0,
    "protein_iptm": 0.0,
    "complex_plddt": 0.8231253027915955,
    "complex_iplddt": 0.0,
    "complex_pde": 0.778357207775116,
    "complex_ipde": 0.0,
    "chains_ptm": {
        "0": 0.7818853855133057
    },
    "pair_chains_iptm": {
        "0": {
            "0": 0.7818853855133057
        }
    }
}