{
    "confidence_score": 0.40674328804016113,
    "ptm": 0.3744892179965973,
    "iptm": 0.0,
    "ligand_iptm": 0.0,
    "protein_iptm": 0.0,
    "complex_plddt": 0.5084291100502014,
    "complex_iplddt": 0.0,
    "complex_pde": 2.2533323764801025,
    "complex_ipde": 0.0,
    "chains_ptm": {
        "0": 0.3744892179965973
    },
    "pair_chains_iptm": {
        "0": {
            "0": 0.3744892179965973
        }
    }
}