{
    "confidence_score": 0.7473061680793762,
    "ptm": 0.9528761506080627,
    "iptm": 0.0,
    "ligand_iptm": 0.0,
    "protein_iptm": 0.0,
    "complex_plddt": 0.9341326951980591,
    "complex_iplddt": 0.0,
    "complex_pde": 0.3442942798137665,
    "complex_ipde": 0.0,
    "chains_ptm": {
        "0": 0.9528761506080627
    },
    "pair_chains_iptm": {
        "0": {
            "0": 0.9528761506080627
        }
    }
}