{
    "confidence_score": 0.7345219254493713,
    "ptm": 0.9347440004348755,
    "iptm": 0.0,
    "ligand_iptm": 0.0,
    "protein_iptm": 0.0,
    "complex_plddt": 0.918152391910553,
    "complex_iplddt": 0.0,
    "complex_pde": 0.3373958468437195,
    "complex_ipde": 0.0,
    "chains_ptm": {
        "0": 0.9347440004348755
    },
    "pair_chains_iptm": {
        "0": {
            "0": 0.9347440004348755
        }
    }
}