{
    "confidence_score": 0.5646039843559265,
    "ptm": 0.4871566593647003,
    "iptm": 0.0,
    "ligand_iptm": 0.0,
    "protein_iptm": 0.0,
    "complex_plddt": 0.7057549357414246,
    "complex_iplddt": 0.0,
    "complex_pde": 1.0449327230453491,
    "complex_ipde": 0.0,
    "chains_ptm": {
        "0": 0.4871566593647003
    },
    "pair_chains_iptm": {
        "0": {
            "0": 0.4871566593647003
        }
    }
}