{
    "confidence_score": 0.7272582054138184,
    "ptm": 0.84815514087677,
    "iptm": 0.0,
    "ligand_iptm": 0.0,
    "protein_iptm": 0.0,
    "complex_plddt": 0.909072756767273,
    "complex_iplddt": 0.0,
    "complex_pde": 0.39584463834762573,
    "complex_ipde": 0.0,
    "chains_ptm": {
        "0": 0.84815514087677
    },
    "pair_chains_iptm": {
        "0": {
            "0": 0.84815514087677
        }
    }
}