{
    "plddts": {
        "model_1_pred_0": 48.45364101879761,
        "model_2_pred_0": 53.524623782980335,
        "model_3_pred_0": 53.324789462343894,
        "model_4_pred_0": 50.855369583488915,
        "model_5_pred_0": 51.12355415088187
    },
    "order": [
        "model_2_pred_0",
        "model_3_pred_0",
        "model_5_pred_0",
        "model_4_pred_0",
        "model_1_pred_0"
    ]
}