{
    "features": 5998.564015388489,
    "process_features_model_1_pred_0": 3.3854141235351562,
    "predict_and_compile_model_1_pred_0": 7973.634436845779,
    "process_features_model_2_pred_0": 2.9085171222686768,
    "predict_and_compile_model_2_pred_0": 7722.891543149948,
    "process_features_model_3_pred_0": 2.755422592163086,
    "predict_and_compile_model_3_pred_0": 7417.3596131801605,
    "process_features_model_4_pred_0": 2.5752882957458496,
    "predict_and_compile_model_4_pred_0": 7482.334627866745,
    "process_features_model_5_pred_0": 2.4284324645996094,
    "predict_and_compile_model_5_pred_0": 7257.329085826874,
    "relax_model_2_pred_0": 641.1728568077087
}