{
    "confidence_score": 0.48972615599632263,
    "ptm": 0.4731433689594269,
    "iptm": 0.0,
    "ligand_iptm": 0.0,
    "protein_iptm": 0.0,
    "complex_plddt": 0.6121577024459839,
    "complex_iplddt": 0.0,
    "complex_pde": 1.657839298248291,
    "complex_ipde": 0.0,
    "chains_ptm": {
        "0": 0.4731433689594269
    },
    "pair_chains_iptm": {
        "0": {
            "0": 0.4731433689594269
        }
    }
}