{
    "plddts": {
        "model_1_pred_0": 82.67490823979226,
        "model_2_pred_0": 82.62228590975035,
        "model_3_pred_0": 85.13593941602124,
        "model_4_pred_0": 84.4268329246802,
        "model_5_pred_0": 86.20416953877336
    },
    "order": [
        "model_5_pred_0",
        "model_3_pred_0",
        "model_4_pred_0",
        "model_1_pred_0",
        "model_2_pred_0"
    ]
}