{
    "confidence_score": 0.6381902098655701,
    "ptm": 0.8308720588684082,
    "iptm": 0.0,
    "ligand_iptm": 0.0,
    "protein_iptm": 0.0,
    "complex_plddt": 0.7977377772331238,
    "complex_iplddt": 0.0,
    "complex_pde": 0.5096838474273682,
    "complex_ipde": 0.0,
    "chains_ptm": {
        "0": 0.8308720588684082
    },
    "pair_chains_iptm": {
        "0": {
            "0": 0.8308720588684082
        }
    }
}