{
    "confidence_score": 0.5976841449737549,
    "ptm": 0.4615008234977722,
    "iptm": 0.0,
    "ligand_iptm": 0.0,
    "protein_iptm": 0.0,
    "complex_plddt": 0.7471051812171936,
    "complex_iplddt": 0.0,
    "complex_pde": 0.9111260771751404,
    "complex_ipde": 0.0,
    "chains_ptm": {
        "0": 0.4615008234977722
    },
    "pair_chains_iptm": {
        "0": {
            "0": 0.4615008234977722
        }
    }
}