{
    "confidence_score": 0.6718894839286804,
    "ptm": 0.8838952779769897,
    "iptm": 0.0,
    "ligand_iptm": 0.0,
    "protein_iptm": 0.0,
    "complex_plddt": 0.8398618102073669,
    "complex_iplddt": 0.0,
    "complex_pde": 0.5942820906639099,
    "complex_ipde": 0.0,
    "chains_ptm": {
        "0": 0.8838952779769897
    },
    "pair_chains_iptm": {
        "0": {
            "0": 0.8838952779769897
        }
    }
}