{
    "confidence_score": 0.6614536046981812,
    "ptm": 0.9009618759155273,
    "iptm": 0.0,
    "ligand_iptm": 0.0,
    "protein_iptm": 0.0,
    "complex_plddt": 0.826816976070404,
    "complex_iplddt": 0.0,
    "complex_pde": 0.8003411889076233,
    "complex_ipde": 0.0,
    "chains_ptm": {
        "0": 0.9009618759155273
    },
    "pair_chains_iptm": {
        "0": {
            "0": 0.9009618759155273
        }
    }
}