{
    "confidence_score": 0.4916372299194336,
    "ptm": 0.43948209285736084,
    "iptm": 0.0,
    "ligand_iptm": 0.0,
    "protein_iptm": 0.0,
    "complex_plddt": 0.614546537399292,
    "complex_iplddt": 0.0,
    "complex_pde": 1.5388072729110718,
    "complex_ipde": 0.0,
    "chains_ptm": {
        "0": 0.43948209285736084
    },
    "pair_chains_iptm": {
        "0": {
            "0": 0.43948209285736084
        }
    }
}