{
    "confidence_score": 0.5158533453941345,
    "ptm": 0.6646423935890198,
    "iptm": 0.0,
    "ligand_iptm": 0.0,
    "protein_iptm": 0.0,
    "complex_plddt": 0.6448166370391846,
    "complex_iplddt": 0.0,
    "complex_pde": 1.1913976669311523,
    "complex_ipde": 0.0,
    "chains_ptm": {
        "0": 0.6646423935890198
    },
    "pair_chains_iptm": {
        "0": {
            "0": 0.6646423935890198
        }
    }
}