{
    "confidence_score": 0.635138213634491,
    "ptm": 0.5263538360595703,
    "iptm": 0.0,
    "ligand_iptm": 0.0,
    "protein_iptm": 0.0,
    "complex_plddt": 0.7939227223396301,
    "complex_iplddt": 0.0,
    "complex_pde": 1.320737361907959,
    "complex_ipde": 0.0,
    "chains_ptm": {
        "0": 0.5263538360595703
    },
    "pair_chains_iptm": {
        "0": {
            "0": 0.5263538360595703
        }
    }
}