{
    "confidence_score": 0.7068885564804077,
    "ptm": 0.7783904075622559,
    "iptm": 0.0,
    "ligand_iptm": 0.0,
    "protein_iptm": 0.0,
    "complex_plddt": 0.8836106657981873,
    "complex_iplddt": 0.0,
    "complex_pde": 0.4177637994289398,
    "complex_ipde": 0.0,
    "chains_ptm": {
        "0": 0.7783904075622559
    },
    "pair_chains_iptm": {
        "0": {
            "0": 0.7783904075622559
        }
    }
}