{
    "confidence_score": 0.6178654432296753,
    "ptm": 0.6677409410476685,
    "iptm": 0.0,
    "ligand_iptm": 0.0,
    "protein_iptm": 0.0,
    "complex_plddt": 0.7723317742347717,
    "complex_iplddt": 0.0,
    "complex_pde": 1.0826035737991333,
    "complex_ipde": 0.0,
    "chains_ptm": {
        "0": 0.6677409410476685
    },
    "pair_chains_iptm": {
        "0": {
            "0": 0.6677409410476685
        }
    }
}