{
    "confidence_score": 0.691781222820282,
    "ptm": 0.8052882552146912,
    "iptm": 0.0,
    "ligand_iptm": 0.0,
    "protein_iptm": 0.0,
    "complex_plddt": 0.8647265434265137,
    "complex_iplddt": 0.0,
    "complex_pde": 0.517572283744812,
    "complex_ipde": 0.0,
    "chains_ptm": {
        "0": 0.8052882552146912
    },
    "pair_chains_iptm": {
        "0": {
            "0": 0.8052882552146912
        }
    }
}