{
    "confidence_score": 0.5607240796089172,
    "ptm": 0.3405521810054779,
    "iptm": 0.0,
    "ligand_iptm": 0.0,
    "protein_iptm": 0.0,
    "complex_plddt": 0.7009050846099854,
    "complex_iplddt": 0.0,
    "complex_pde": 1.4923503398895264,
    "complex_ipde": 0.0,
    "chains_ptm": {
        "0": 0.3405521810054779
    },
    "pair_chains_iptm": {
        "0": {
            "0": 0.3405521810054779
        }
    }
}