{
    "confidence_score": 0.6488267183303833,
    "ptm": 0.7939842939376831,
    "iptm": 0.0,
    "ligand_iptm": 0.0,
    "protein_iptm": 0.0,
    "complex_plddt": 0.8110333681106567,
    "complex_iplddt": 0.0,
    "complex_pde": 0.7339718341827393,
    "complex_ipde": 0.0,
    "chains_ptm": {
        "0": 0.7939842939376831
    },
    "pair_chains_iptm": {
        "0": {
            "0": 0.7939842939376831
        }
    }
}