{
    "confidence_score": 0.759739875793457,
    "ptm": 0.9575968384742737,
    "iptm": 0.0,
    "ligand_iptm": 0.0,
    "protein_iptm": 0.0,
    "complex_plddt": 0.9496748447418213,
    "complex_iplddt": 0.0,
    "complex_pde": 0.3184863030910492,
    "complex_ipde": 0.0,
    "chains_ptm": {
        "0": 0.9575968384742737
    },
    "pair_chains_iptm": {
        "0": {
            "0": 0.9575968384742737
        }
    }
}