{
    "confidence_score": 0.4554331302642822,
    "ptm": 0.2107776701450348,
    "iptm": 0.0,
    "ligand_iptm": 0.0,
    "protein_iptm": 0.0,
    "complex_plddt": 0.5692914128303528,
    "complex_iplddt": 0.0,
    "complex_pde": 3.3864200115203857,
    "complex_ipde": 0.0,
    "chains_ptm": {
        "0": 0.2107776701450348
    },
    "pair_chains_iptm": {
        "0": {
            "0": 0.2107776701450348
        }
    }
}