{
    "confidence_score": 0.48491474986076355,
    "ptm": 0.46083205938339233,
    "iptm": 0.0,
    "ligand_iptm": 0.0,
    "protein_iptm": 0.0,
    "complex_plddt": 0.6061434149742126,
    "complex_iplddt": 0.0,
    "complex_pde": 1.792826533317566,
    "complex_ipde": 0.0,
    "chains_ptm": {
        "0": 0.46083205938339233
    },
    "pair_chains_iptm": {
        "0": {
            "0": 0.46083205938339233
        }
    }
}