{
    "confidence_score": 0.616045355796814,
    "ptm": 0.6844293475151062,
    "iptm": 0.0,
    "ligand_iptm": 0.0,
    "protein_iptm": 0.0,
    "complex_plddt": 0.7700566649436951,
    "complex_iplddt": 0.0,
    "complex_pde": 1.3137774467468262,
    "complex_ipde": 0.0,
    "chains_ptm": {
        "0": 0.6844293475151062
    },
    "pair_chains_iptm": {
        "0": {
            "0": 0.6844293475151062
        }
    }
}