{
    "confidence_score": 0.6752681136131287,
    "ptm": 0.8444051742553711,
    "iptm": 0.0,
    "ligand_iptm": 0.0,
    "protein_iptm": 0.0,
    "complex_plddt": 0.8440850973129272,
    "complex_iplddt": 0.0,
    "complex_pde": 0.6016128659248352,
    "complex_ipde": 0.0,
    "chains_ptm": {
        "0": 0.8444051742553711
    },
    "pair_chains_iptm": {
        "0": {
            "0": 0.8444051742553711
        }
    }
}