{
    "confidence_score": 0.6522902846336365,
    "ptm": 0.7601713538169861,
    "iptm": 0.0,
    "ligand_iptm": 0.0,
    "protein_iptm": 0.0,
    "complex_plddt": 0.8153628706932068,
    "complex_iplddt": 0.0,
    "complex_pde": 1.2100732326507568,
    "complex_ipde": 0.0,
    "chains_ptm": {
        "0": 0.7601713538169861
    },
    "pair_chains_iptm": {
        "0": {
            "0": 0.7601713538169861
        }
    }
}