{
    "confidence_score": 0.6704374551773071,
    "ptm": 0.8456693887710571,
    "iptm": 0.0,
    "ligand_iptm": 0.0,
    "protein_iptm": 0.0,
    "complex_plddt": 0.8380467891693115,
    "complex_iplddt": 0.0,
    "complex_pde": 0.769064724445343,
    "complex_ipde": 0.0,
    "chains_ptm": {
        "0": 0.8456693887710571
    },
    "pair_chains_iptm": {
        "0": {
            "0": 0.8456693887710571
        }
    }
}