{
    "confidence_score": 0.7374730110168457,
    "ptm": 0.9552921652793884,
    "iptm": 0.0,
    "ligand_iptm": 0.0,
    "protein_iptm": 0.0,
    "complex_plddt": 0.9218412637710571,
    "complex_iplddt": 0.0,
    "complex_pde": 0.3558543920516968,
    "complex_ipde": 0.0,
    "chains_ptm": {
        "0": 0.9552921652793884
    },
    "pair_chains_iptm": {
        "0": {
            "0": 0.9552921652793884
        }
    }
}