{
    "confidence_score": 0.6797782778739929,
    "ptm": 0.8507129549980164,
    "iptm": 0.0,
    "ligand_iptm": 0.0,
    "protein_iptm": 0.0,
    "complex_plddt": 0.8497228026390076,
    "complex_iplddt": 0.0,
    "complex_pde": 0.6428754329681396,
    "complex_ipde": 0.0,
    "chains_ptm": {
        "0": 0.8507129549980164
    },
    "pair_chains_iptm": {
        "0": {
            "0": 0.8507129549980164
        }
    }
}