{
    "confidence_score": 0.7441830039024353,
    "ptm": 0.9233255386352539,
    "iptm": 0.0,
    "ligand_iptm": 0.0,
    "protein_iptm": 0.0,
    "complex_plddt": 0.9302287101745605,
    "complex_iplddt": 0.0,
    "complex_pde": 0.3617051839828491,
    "complex_ipde": 0.0,
    "chains_ptm": {
        "0": 0.9233255386352539
    },
    "pair_chains_iptm": {
        "0": {
            "0": 0.9233255386352539
        }
    }
}