{
    "confidence_score": 0.42357882857322693,
    "ptm": 0.2759077847003937,
    "iptm": 0.0,
    "ligand_iptm": 0.0,
    "protein_iptm": 0.0,
    "complex_plddt": 0.5294735431671143,
    "complex_iplddt": 0.0,
    "complex_pde": 2.9681568145751953,
    "complex_ipde": 0.0,
    "chains_ptm": {
        "0": 0.2759077847003937
    },
    "pair_chains_iptm": {
        "0": {
            "0": 0.2759077847003937
        }
    }
}