{
    "confidence_score": 0.6877055764198303,
    "ptm": 0.8861602544784546,
    "iptm": 0.0,
    "ligand_iptm": 0.0,
    "protein_iptm": 0.0,
    "complex_plddt": 0.8596319556236267,
    "complex_iplddt": 0.0,
    "complex_pde": 0.5700401663780212,
    "complex_ipde": 0.0,
    "chains_ptm": {
        "0": 0.8861602544784546
    },
    "pair_chains_iptm": {
        "0": {
            "0": 0.8861602544784546
        }
    }
}