{
    "confidence_score": 0.4380981922149658,
    "ptm": 0.5106065273284912,
    "iptm": 0.0,
    "ligand_iptm": 0.0,
    "protein_iptm": 0.0,
    "complex_plddt": 0.5476227402687073,
    "complex_iplddt": 0.0,
    "complex_pde": 2.1658172607421875,
    "complex_ipde": 0.0,
    "chains_ptm": {
        "0": 0.5106065273284912
    },
    "pair_chains_iptm": {
        "0": {
            "0": 0.5106065273284912
        }
    }
}