{
    "confidence_score": 0.6613835692405701,
    "ptm": 0.8177558779716492,
    "iptm": 0.0,
    "ligand_iptm": 0.0,
    "protein_iptm": 0.0,
    "complex_plddt": 0.8267294764518738,
    "complex_iplddt": 0.0,
    "complex_pde": 0.7999473214149475,
    "complex_ipde": 0.0,
    "chains_ptm": {
        "0": 0.8177558779716492
    },
    "pair_chains_iptm": {
        "0": {
            "0": 0.8177558779716492
        }
    }
}