{
    "confidence_score": 0.36805325746536255,
    "ptm": 0.25558850169181824,
    "iptm": 0.0,
    "ligand_iptm": 0.0,
    "protein_iptm": 0.0,
    "complex_plddt": 0.460066556930542,
    "complex_iplddt": 0.0,
    "complex_pde": 3.0713353157043457,
    "complex_ipde": 0.0,
    "chains_ptm": {
        "0": 0.25558850169181824
    },
    "pair_chains_iptm": {
        "0": {
            "0": 0.25558850169181824
        }
    }
}