{
    "confidence_score": 0.3561461865901947,
    "ptm": 0.3123196065425873,
    "iptm": 0.0,
    "ligand_iptm": 0.0,
    "protein_iptm": 0.0,
    "complex_plddt": 0.445182740688324,
    "complex_iplddt": 0.0,
    "complex_pde": 2.709517002105713,
    "complex_ipde": 0.0,
    "chains_ptm": {
        "0": 0.3123196065425873
    },
    "pair_chains_iptm": {
        "0": {
            "0": 0.3123196065425873
        }
    }
}