{
    "confidence_score": 0.7711462378501892,
    "ptm": 0.9727438688278198,
    "iptm": 0.0,
    "ligand_iptm": 0.0,
    "protein_iptm": 0.0,
    "complex_plddt": 0.9639328122138977,
    "complex_iplddt": 0.0,
    "complex_pde": 0.27531442046165466,
    "complex_ipde": 0.0,
    "chains_ptm": {
        "0": 0.9727438688278198
    },
    "pair_chains_iptm": {
        "0": {
            "0": 0.9727438688278198
        }
    }
}