{
    "confidence_score": 0.42576560378074646,
    "ptm": 0.36624494194984436,
    "iptm": 0.0,
    "ligand_iptm": 0.0,
    "protein_iptm": 0.0,
    "complex_plddt": 0.5322070121765137,
    "complex_iplddt": 0.0,
    "complex_pde": 2.783064126968384,
    "complex_ipde": 0.0,
    "chains_ptm": {
        "0": 0.36624494194984436
    },
    "pair_chains_iptm": {
        "0": {
            "0": 0.36624494194984436
        }
    }
}