{
    "confidence_score": 0.6159325242042542,
    "ptm": 0.7201283574104309,
    "iptm": 0.0,
    "ligand_iptm": 0.0,
    "protein_iptm": 0.0,
    "complex_plddt": 0.7699156403541565,
    "complex_iplddt": 0.0,
    "complex_pde": 0.9773669838905334,
    "complex_ipde": 0.0,
    "chains_ptm": {
        "0": 0.7201283574104309
    },
    "pair_chains_iptm": {
        "0": {
            "0": 0.7201283574104309
        }
    }
}