{
    "confidence_score": 0.7353835701942444,
    "ptm": 0.9088083505630493,
    "iptm": 0.0,
    "ligand_iptm": 0.0,
    "protein_iptm": 0.0,
    "complex_plddt": 0.9192294478416443,
    "complex_iplddt": 0.0,
    "complex_pde": 0.3896774351596832,
    "complex_ipde": 0.0,
    "chains_ptm": {
        "0": 0.9088083505630493
    },
    "pair_chains_iptm": {
        "0": {
            "0": 0.9088083505630493
        }
    }
}