{
    "confidence_score": 0.5887822508811951,
    "ptm": 0.6025932431221008,
    "iptm": 0.0,
    "ligand_iptm": 0.0,
    "protein_iptm": 0.0,
    "complex_plddt": 0.7359777688980103,
    "complex_iplddt": 0.0,
    "complex_pde": 0.616407573223114,
    "complex_ipde": 0.0,
    "chains_ptm": {
        "0": 0.6025932431221008
    },
    "pair_chains_iptm": {
        "0": {
            "0": 0.6025932431221008
        }
    }
}