{
    "confidence_score": 0.6462511420249939,
    "ptm": 0.7877704501152039,
    "iptm": 0.0,
    "ligand_iptm": 0.0,
    "protein_iptm": 0.0,
    "complex_plddt": 0.8078138828277588,
    "complex_iplddt": 0.0,
    "complex_pde": 0.8142138123512268,
    "complex_ipde": 0.0,
    "chains_ptm": {
        "0": 0.7877704501152039
    },
    "pair_chains_iptm": {
        "0": {
            "0": 0.7877704501152039
        }
    }
}