{
    "confidence_score": 0.7180315256118774,
    "ptm": 0.9148935079574585,
    "iptm": 0.0,
    "ligand_iptm": 0.0,
    "protein_iptm": 0.0,
    "complex_plddt": 0.8975393772125244,
    "complex_iplddt": 0.0,
    "complex_pde": 0.4321533739566803,
    "complex_ipde": 0.0,
    "chains_ptm": {
        "0": 0.9148935079574585
    },
    "pair_chains_iptm": {
        "0": {
            "0": 0.9148935079574585
        }
    }
}