{
    "confidence_score": 0.6216602921485901,
    "ptm": 0.6963372826576233,
    "iptm": 0.0,
    "ligand_iptm": 0.0,
    "protein_iptm": 0.0,
    "complex_plddt": 0.7770753502845764,
    "complex_iplddt": 0.0,
    "complex_pde": 0.8725575804710388,
    "complex_ipde": 0.0,
    "chains_ptm": {
        "0": 0.6963372826576233
    },
    "pair_chains_iptm": {
        "0": {
            "0": 0.6963372826576233
        }
    }
}