{
    "confidence_score": 0.4388289451599121,
    "ptm": 0.47667866945266724,
    "iptm": 0.0,
    "ligand_iptm": 0.0,
    "protein_iptm": 0.0,
    "complex_plddt": 0.5485361814498901,
    "complex_iplddt": 0.0,
    "complex_pde": 2.1301159858703613,
    "complex_ipde": 0.0,
    "chains_ptm": {
        "0": 0.47667866945266724
    },
    "pair_chains_iptm": {
        "0": {
            "0": 0.47667866945266724
        }
    }
}