{
    "confidence_score": 0.3535514175891876,
    "ptm": 0.3696136176586151,
    "iptm": 0.0,
    "ligand_iptm": 0.0,
    "protein_iptm": 0.0,
    "complex_plddt": 0.44193926453590393,
    "complex_iplddt": 0.0,
    "complex_pde": 2.8760933876037598,
    "complex_ipde": 0.0,
    "chains_ptm": {
        "0": 0.3696136176586151
    },
    "pair_chains_iptm": {
        "0": {
            "0": 0.3696136176586151
        }
    }
}