{
    "confidence_score": 0.5528333187103271,
    "ptm": 0.4768693745136261,
    "iptm": 0.0,
    "ligand_iptm": 0.0,
    "protein_iptm": 0.0,
    "complex_plddt": 0.6910416483879089,
    "complex_iplddt": 0.0,
    "complex_pde": 1.0859930515289307,
    "complex_ipde": 0.0,
    "chains_ptm": {
        "0": 0.4768693745136261
    },
    "pair_chains_iptm": {
        "0": {
            "0": 0.4768693745136261
        }
    }
}