{
    "confidence_score": 0.5590358972549438,
    "ptm": 0.694165825843811,
    "iptm": 0.0,
    "ligand_iptm": 0.0,
    "protein_iptm": 0.0,
    "complex_plddt": 0.6987948417663574,
    "complex_iplddt": 0.0,
    "complex_pde": 0.6818261742591858,
    "complex_ipde": 0.0,
    "chains_ptm": {
        "0": 0.694165825843811
    },
    "pair_chains_iptm": {
        "0": {
            "0": 0.694165825843811
        }
    }
}