{
    "plddts": {
        "model_1_pred_0": 88.52479263937629,
        "model_2_pred_0": 89.15785479739061,
        "model_3_pred_0": 90.14227970718025,
        "model_4_pred_0": 89.73213140408198,
        "model_5_pred_0": 89.21227067418754
    },
    "order": [
        "model_3_pred_0",
        "model_4_pred_0",
        "model_5_pred_0",
        "model_2_pred_0",
        "model_1_pred_0"
    ]
}