{
    "confidence_score": 0.5339280366897583,
    "ptm": 0.5628954768180847,
    "iptm": 0.0,
    "ligand_iptm": 0.0,
    "protein_iptm": 0.0,
    "complex_plddt": 0.6674100160598755,
    "complex_iplddt": 0.0,
    "complex_pde": 1.2228251695632935,
    "complex_ipde": 0.0,
    "chains_ptm": {
        "0": 0.5628954768180847
    },
    "pair_chains_iptm": {
        "0": {
            "0": 0.5628954768180847
        }
    }
}