{
    "confidence_score": 0.734175443649292,
    "ptm": 0.8961751461029053,
    "iptm": 0.0,
    "ligand_iptm": 0.0,
    "protein_iptm": 0.0,
    "complex_plddt": 0.917719304561615,
    "complex_iplddt": 0.0,
    "complex_pde": 0.4068357050418854,
    "complex_ipde": 0.0,
    "chains_ptm": {
        "0": 0.8961751461029053
    },
    "pair_chains_iptm": {
        "0": {
            "0": 0.8961751461029053
        }
    }
}