{
    "confidence_score": 0.5706210732460022,
    "ptm": 0.5880868434906006,
    "iptm": 0.0,
    "ligand_iptm": 0.0,
    "protein_iptm": 0.0,
    "complex_plddt": 0.7132763266563416,
    "complex_iplddt": 0.0,
    "complex_pde": 1.9812614917755127,
    "complex_ipde": 0.0,
    "chains_ptm": {
        "0": 0.5880868434906006
    },
    "pair_chains_iptm": {
        "0": {
            "0": 0.5880868434906006
        }
    }
}