{
    "confidence_score": 0.7009907960891724,
    "ptm": 0.8726967573165894,
    "iptm": 0.0,
    "ligand_iptm": 0.0,
    "protein_iptm": 0.0,
    "complex_plddt": 0.8762384653091431,
    "complex_iplddt": 0.0,
    "complex_pde": 0.5696184635162354,
    "complex_ipde": 0.0,
    "chains_ptm": {
        "0": 0.8726967573165894
    },
    "pair_chains_iptm": {
        "0": {
            "0": 0.8726967573165894
        }
    }
}