{
    "plddts": {
        "model_1_pred_0": 66.05789854560089,
        "model_2_pred_0": 63.55440099197706,
        "model_3_pred_0": 65.32870857355657,
        "model_4_pred_0": 65.20482383875955,
        "model_5_pred_0": 64.99798879334203
    },
    "order": [
        "model_1_pred_0",
        "model_3_pred_0",
        "model_4_pred_0",
        "model_5_pred_0",
        "model_2_pred_0"
    ]
}