{
    "features": 4201.882125377655,
    "process_features_model_1_pred_0": 3.1942975521087646,
    "predict_and_compile_model_1_pred_0": 478.5192618370056,
    "process_features_model_2_pred_0": 3.650543689727783,
    "predict_and_compile_model_2_pred_0": 442.9522006511688,
    "process_features_model_3_pred_0": 3.084977865219116,
    "predict_and_compile_model_3_pred_0": 426.1303060054779,
    "process_features_model_4_pred_0": 3.151516914367676,
    "predict_and_compile_model_4_pred_0": 423.5922830104828,
    "process_features_model_5_pred_0": 3.020782709121704,
    "predict_and_compile_model_5_pred_0": 390.5266375541687,
    "relax_model_1_pred_0": 98.98214364051819
}