{
    "confidence_score": 0.6802923083305359,
    "ptm": 0.7828593254089355,
    "iptm": 0.0,
    "ligand_iptm": 0.0,
    "protein_iptm": 0.0,
    "complex_plddt": 0.850365400314331,
    "complex_iplddt": 0.0,
    "complex_pde": 0.7555151581764221,
    "complex_ipde": 0.0,
    "chains_ptm": {
        "0": 0.7828593254089355
    },
    "pair_chains_iptm": {
        "0": {
            "0": 0.7828593254089355
        }
    }
}