{
    "confidence_score": 0.6123999953269958,
    "ptm": 0.8302022814750671,
    "iptm": 0.0,
    "ligand_iptm": 0.0,
    "protein_iptm": 0.0,
    "complex_plddt": 0.7654999494552612,
    "complex_iplddt": 0.0,
    "complex_pde": 0.8625701665878296,
    "complex_ipde": 0.0,
    "chains_ptm": {
        "0": 0.8302022814750671
    },
    "pair_chains_iptm": {
        "0": {
            "0": 0.8302022814750671
        }
    }
}