{
    "confidence_score": 0.758424699306488,
    "ptm": 0.9494947791099548,
    "iptm": 0.0,
    "ligand_iptm": 0.0,
    "protein_iptm": 0.0,
    "complex_plddt": 0.9480308294296265,
    "complex_iplddt": 0.0,
    "complex_pde": 0.32137706875801086,
    "complex_ipde": 0.0,
    "chains_ptm": {
        "0": 0.9494947791099548
    },
    "pair_chains_iptm": {
        "0": {
            "0": 0.9494947791099548
        }
    }
}