{
    "confidence_score": 0.72333163022995,
    "ptm": 0.8945301175117493,
    "iptm": 0.0,
    "ligand_iptm": 0.0,
    "protein_iptm": 0.0,
    "complex_plddt": 0.9041645526885986,
    "complex_iplddt": 0.0,
    "complex_pde": 0.4786461591720581,
    "complex_ipde": 0.0,
    "chains_ptm": {
        "0": 0.8945301175117493
    },
    "pair_chains_iptm": {
        "0": {
            "0": 0.8945301175117493
        }
    }
}