{
    "confidence_score": 0.7485522627830505,
    "ptm": 0.9459356665611267,
    "iptm": 0.0,
    "ligand_iptm": 0.0,
    "protein_iptm": 0.0,
    "complex_plddt": 0.9356903433799744,
    "complex_iplddt": 0.0,
    "complex_pde": 0.36024799942970276,
    "complex_ipde": 0.0,
    "chains_ptm": {
        "0": 0.9459356665611267
    },
    "pair_chains_iptm": {
        "0": {
            "0": 0.9459356665611267
        }
    }
}