{
    "confidence_score": 0.584462583065033,
    "ptm": 0.6368951797485352,
    "iptm": 0.0,
    "ligand_iptm": 0.0,
    "protein_iptm": 0.0,
    "complex_plddt": 0.7305781841278076,
    "complex_iplddt": 0.0,
    "complex_pde": 1.2243741750717163,
    "complex_ipde": 0.0,
    "chains_ptm": {
        "0": 0.6368951797485352
    },
    "pair_chains_iptm": {
        "0": {
            "0": 0.6368951797485352
        }
    }
}