{
    "confidence_score": 0.754442572593689,
    "ptm": 0.9620818495750427,
    "iptm": 0.0,
    "ligand_iptm": 0.0,
    "protein_iptm": 0.0,
    "complex_plddt": 0.9430531859397888,
    "complex_iplddt": 0.0,
    "complex_pde": 0.31555914878845215,
    "complex_ipde": 0.0,
    "chains_ptm": {
        "0": 0.9620818495750427
    },
    "pair_chains_iptm": {
        "0": {
            "0": 0.9620818495750427
        }
    }
}