{
    "confidence_score": 0.7503005862236023,
    "ptm": 0.848910927772522,
    "iptm": 0.0,
    "ligand_iptm": 0.0,
    "protein_iptm": 0.0,
    "complex_plddt": 0.9378757476806641,
    "complex_iplddt": 0.0,
    "complex_pde": 0.4736250936985016,
    "complex_ipde": 0.0,
    "chains_ptm": {
        "0": 0.848910927772522
    },
    "pair_chains_iptm": {
        "0": {
            "0": 0.848910927772522
        }
    }
}