{
    "confidence_score": 0.45797258615493774,
    "ptm": 0.17164793610572815,
    "iptm": 0.0,
    "ligand_iptm": 0.0,
    "protein_iptm": 0.0,
    "complex_plddt": 0.572465717792511,
    "complex_iplddt": 0.0,
    "complex_pde": 1.9049129486083984,
    "complex_ipde": 0.0,
    "chains_ptm": {
        "0": 0.17164793610572815
    },
    "pair_chains_iptm": {
        "0": {
            "0": 0.17164793610572815
        }
    }
}