{
    "confidence_score": 0.7308309078216553,
    "ptm": 0.8506385684013367,
    "iptm": 0.0,
    "ligand_iptm": 0.0,
    "protein_iptm": 0.0,
    "complex_plddt": 0.9135386347770691,
    "complex_iplddt": 0.0,
    "complex_pde": 0.37731802463531494,
    "complex_ipde": 0.0,
    "chains_ptm": {
        "0": 0.8506385684013367
    },
    "pair_chains_iptm": {
        "0": {
            "0": 0.8506385684013367
        }
    }
}