{
    "confidence_score": 0.6669996976852417,
    "ptm": 0.845866858959198,
    "iptm": 0.0,
    "ligand_iptm": 0.0,
    "protein_iptm": 0.0,
    "complex_plddt": 0.8337495923042297,
    "complex_iplddt": 0.0,
    "complex_pde": 0.6821268200874329,
    "complex_ipde": 0.0,
    "chains_ptm": {
        "0": 0.845866858959198
    },
    "pair_chains_iptm": {
        "0": {
            "0": 0.845866858959198
        }
    }
}