{
    "confidence_score": 0.6435670852661133,
    "ptm": 0.8368083834648132,
    "iptm": 0.0,
    "ligand_iptm": 0.0,
    "protein_iptm": 0.0,
    "complex_plddt": 0.8044588565826416,
    "complex_iplddt": 0.0,
    "complex_pde": 0.7084859013557434,
    "complex_ipde": 0.0,
    "chains_ptm": {
        "0": 0.8368083834648132
    },
    "pair_chains_iptm": {
        "0": {
            "0": 0.8368083834648132
        }
    }
}