{
    "confidence_score": 0.5943763852119446,
    "ptm": 0.4991733729839325,
    "iptm": 0.0,
    "ligand_iptm": 0.0,
    "protein_iptm": 0.0,
    "complex_plddt": 0.7429704666137695,
    "complex_iplddt": 0.0,
    "complex_pde": 1.819985270500183,
    "complex_ipde": 0.0,
    "chains_ptm": {
        "0": 0.4991733729839325
    },
    "pair_chains_iptm": {
        "0": {
            "0": 0.4991733729839325
        }
    }
}