{
    "confidence_score": 0.7352708578109741,
    "ptm": 0.9474114179611206,
    "iptm": 0.0,
    "ligand_iptm": 0.0,
    "protein_iptm": 0.0,
    "complex_plddt": 0.9190885424613953,
    "complex_iplddt": 0.0,
    "complex_pde": 0.34405532479286194,
    "complex_ipde": 0.0,
    "chains_ptm": {
        "0": 0.9474114179611206
    },
    "pair_chains_iptm": {
        "0": {
            "0": 0.9474114179611206
        }
    }
}