{
    "confidence_score": 0.5885818004608154,
    "ptm": 0.6982546448707581,
    "iptm": 0.0,
    "ligand_iptm": 0.0,
    "protein_iptm": 0.0,
    "complex_plddt": 0.7357272505760193,
    "complex_iplddt": 0.0,
    "complex_pde": 0.7859340906143188,
    "complex_ipde": 0.0,
    "chains_ptm": {
        "0": 0.6982546448707581
    },
    "pair_chains_iptm": {
        "0": {
            "0": 0.6982546448707581
        }
    }
}