{
    "confidence_score": 0.561043381690979,
    "ptm": 0.4881904423236847,
    "iptm": 0.0,
    "ligand_iptm": 0.0,
    "protein_iptm": 0.0,
    "complex_plddt": 0.7013041973114014,
    "complex_iplddt": 0.0,
    "complex_pde": 1.2539163827896118,
    "complex_ipde": 0.0,
    "chains_ptm": {
        "0": 0.4881904423236847
    },
    "pair_chains_iptm": {
        "0": {
            "0": 0.4881904423236847
        }
    }
}