{
    "confidence_score": 0.6670646071434021,
    "ptm": 0.8749070763587952,
    "iptm": 0.0,
    "ligand_iptm": 0.0,
    "protein_iptm": 0.0,
    "complex_plddt": 0.8338307738304138,
    "complex_iplddt": 0.0,
    "complex_pde": 0.6818644404411316,
    "complex_ipde": 0.0,
    "chains_ptm": {
        "0": 0.8749070763587952
    },
    "pair_chains_iptm": {
        "0": {
            "0": 0.8749070763587952
        }
    }
}