{
    "confidence_score": 0.6830344796180725,
    "ptm": 0.9023082256317139,
    "iptm": 0.0,
    "ligand_iptm": 0.0,
    "protein_iptm": 0.0,
    "complex_plddt": 0.8537930846214294,
    "complex_iplddt": 0.0,
    "complex_pde": 0.5194909572601318,
    "complex_ipde": 0.0,
    "chains_ptm": {
        "0": 0.9023082256317139
    },
    "pair_chains_iptm": {
        "0": {
            "0": 0.9023082256317139
        }
    }
}