{
    "confidence_score": 0.6364778876304626,
    "ptm": 0.4535166919231415,
    "iptm": 0.0,
    "ligand_iptm": 0.0,
    "protein_iptm": 0.0,
    "complex_plddt": 0.7955973744392395,
    "complex_iplddt": 0.0,
    "complex_pde": 0.5915493369102478,
    "complex_ipde": 0.0,
    "chains_ptm": {
        "0": 0.4535166919231415
    },
    "pair_chains_iptm": {
        "0": {
            "0": 0.4535166919231415
        }
    }
}