{
    "confidence_score": 0.6551379561424255,
    "ptm": 0.818411648273468,
    "iptm": 0.0,
    "ligand_iptm": 0.0,
    "protein_iptm": 0.0,
    "complex_plddt": 0.8189224004745483,
    "complex_iplddt": 0.0,
    "complex_pde": 0.9991019368171692,
    "complex_ipde": 0.0,
    "chains_ptm": {
        "0": 0.818411648273468
    },
    "pair_chains_iptm": {
        "0": {
            "0": 0.818411648273468
        }
    }
}