{
    "confidence_score": 0.6825810670852661,
    "ptm": 0.8098107576370239,
    "iptm": 0.0,
    "ligand_iptm": 0.0,
    "protein_iptm": 0.0,
    "complex_plddt": 0.8532263040542603,
    "complex_iplddt": 0.0,
    "complex_pde": 0.7589037418365479,
    "complex_ipde": 0.0,
    "chains_ptm": {
        "0": 0.8098107576370239
    },
    "pair_chains_iptm": {
        "0": {
            "0": 0.8098107576370239
        }
    }
}