{
    "confidence_score": 0.6255847811698914,
    "ptm": 0.8340717554092407,
    "iptm": 0.0,
    "ligand_iptm": 0.0,
    "protein_iptm": 0.0,
    "complex_plddt": 0.7819809317588806,
    "complex_iplddt": 0.0,
    "complex_pde": 0.9332469701766968,
    "complex_ipde": 0.0,
    "chains_ptm": {
        "0": 0.8340717554092407
    },
    "pair_chains_iptm": {
        "0": {
            "0": 0.8340717554092407
        }
    }
}