{
    "confidence_score": 0.6065595746040344,
    "ptm": 0.7094244956970215,
    "iptm": 0.0,
    "ligand_iptm": 0.0,
    "protein_iptm": 0.0,
    "complex_plddt": 0.7581994533538818,
    "complex_iplddt": 0.0,
    "complex_pde": 1.2603167295455933,
    "complex_ipde": 0.0,
    "chains_ptm": {
        "0": 0.7094244956970215
    },
    "pair_chains_iptm": {
        "0": {
            "0": 0.7094244956970215
        }
    }
}