{
    "confidence_score": 0.7409268021583557,
    "ptm": 0.9490793943405151,
    "iptm": 0.0,
    "ligand_iptm": 0.0,
    "protein_iptm": 0.0,
    "complex_plddt": 0.9261584877967834,
    "complex_iplddt": 0.0,
    "complex_pde": 0.3885672390460968,
    "complex_ipde": 0.0,
    "chains_ptm": {
        "0": 0.9490793943405151
    },
    "pair_chains_iptm": {
        "0": {
            "0": 0.9490793943405151
        }
    }
}