{
    "confidence_score": 0.6243005990982056,
    "ptm": 0.8646776676177979,
    "iptm": 0.0,
    "ligand_iptm": 0.0,
    "protein_iptm": 0.0,
    "complex_plddt": 0.7803757190704346,
    "complex_iplddt": 0.0,
    "complex_pde": 0.5044841170310974,
    "complex_ipde": 0.0,
    "chains_ptm": {
        "0": 0.8646776676177979
    },
    "pair_chains_iptm": {
        "0": {
            "0": 0.8646776676177979
        }
    }
}