{
    "confidence_score": 0.723302960395813,
    "ptm": 0.9392485022544861,
    "iptm": 0.0,
    "ligand_iptm": 0.0,
    "protein_iptm": 0.0,
    "complex_plddt": 0.9041286706924438,
    "complex_iplddt": 0.0,
    "complex_pde": 0.4107343256473541,
    "complex_ipde": 0.0,
    "chains_ptm": {
        "0": 0.9392485022544861
    },
    "pair_chains_iptm": {
        "0": {
            "0": 0.9392485022544861
        }
    }
}