{
    "confidence_score": 0.48881950974464417,
    "ptm": 0.7049864530563354,
    "iptm": 0.0,
    "ligand_iptm": 0.0,
    "protein_iptm": 0.0,
    "complex_plddt": 0.6110243797302246,
    "complex_iplddt": 0.0,
    "complex_pde": 1.790083646774292,
    "complex_ipde": 0.0,
    "chains_ptm": {
        "0": 0.7049864530563354
    },
    "pair_chains_iptm": {
        "0": {
            "0": 0.7049864530563354
        }
    }
}