{
    "confidence_score": 0.7596151232719421,
    "ptm": 0.9449328184127808,
    "iptm": 0.0,
    "ligand_iptm": 0.0,
    "protein_iptm": 0.0,
    "complex_plddt": 0.9495188593864441,
    "complex_iplddt": 0.0,
    "complex_pde": 0.319757342338562,
    "complex_ipde": 0.0,
    "chains_ptm": {
        "0": 0.9449328184127808
    },
    "pair_chains_iptm": {
        "0": {
            "0": 0.9449328184127808
        }
    }
}