{
    "confidence_score": 0.6232092380523682,
    "ptm": 0.7974027395248413,
    "iptm": 0.0,
    "ligand_iptm": 0.0,
    "protein_iptm": 0.0,
    "complex_plddt": 0.7790115475654602,
    "complex_iplddt": 0.0,
    "complex_pde": 0.8319982886314392,
    "complex_ipde": 0.0,
    "chains_ptm": {
        "0": 0.7974027395248413
    },
    "pair_chains_iptm": {
        "0": {
            "0": 0.7974027395248413
        }
    }
}