{
    "confidence_score": 0.5752476453781128,
    "ptm": 0.7670809626579285,
    "iptm": 0.0,
    "ligand_iptm": 0.0,
    "protein_iptm": 0.0,
    "complex_plddt": 0.7190595269203186,
    "complex_iplddt": 0.0,
    "complex_pde": 1.2374792098999023,
    "complex_ipde": 0.0,
    "chains_ptm": {
        "0": 0.7670809626579285
    },
    "pair_chains_iptm": {
        "0": {
            "0": 0.7670809626579285
        }
    }
}