{
    "confidence_score": 0.5342122912406921,
    "ptm": 0.3466039299964905,
    "iptm": 0.0,
    "ligand_iptm": 0.0,
    "protein_iptm": 0.0,
    "complex_plddt": 0.6677653789520264,
    "complex_iplddt": 0.0,
    "complex_pde": 1.082204818725586,
    "complex_ipde": 0.0,
    "chains_ptm": {
        "0": 0.3466039299964905
    },
    "pair_chains_iptm": {
        "0": {
            "0": 0.3466039299964905
        }
    }
}