{
    "confidence_score": 0.6439678072929382,
    "ptm": 0.7926508188247681,
    "iptm": 0.0,
    "ligand_iptm": 0.0,
    "protein_iptm": 0.0,
    "complex_plddt": 0.804959774017334,
    "complex_iplddt": 0.0,
    "complex_pde": 0.6826589703559875,
    "complex_ipde": 0.0,
    "chains_ptm": {
        "0": 0.7926508188247681
    },
    "pair_chains_iptm": {
        "0": {
            "0": 0.7926508188247681
        }
    }
}