{
    "plddts": {
        "model_1_pred_0": 58.72474028737795,
        "model_2_pred_0": 52.103170160849295,
        "model_3_pred_0": 55.763029691749,
        "model_4_pred_0": 58.264889533701215,
        "model_5_pred_0": 59.08365910255516
    },
    "order": [
        "model_5_pred_0",
        "model_1_pred_0",
        "model_4_pred_0",
        "model_3_pred_0",
        "model_2_pred_0"
    ]
}