{
    "confidence_score": 0.6424112319946289,
    "ptm": 0.8500559329986572,
    "iptm": 0.0,
    "ligand_iptm": 0.0,
    "protein_iptm": 0.0,
    "complex_plddt": 0.8030140399932861,
    "complex_iplddt": 0.0,
    "complex_pde": 0.4531303942203522,
    "complex_ipde": 0.0,
    "chains_ptm": {
        "0": 0.8500559329986572
    },
    "pair_chains_iptm": {
        "0": {
            "0": 0.8500559329986572
        }
    }
}