{
    "confidence_score": 0.6609631776809692,
    "ptm": 0.8423514366149902,
    "iptm": 0.0,
    "ligand_iptm": 0.0,
    "protein_iptm": 0.0,
    "complex_plddt": 0.8262039422988892,
    "complex_iplddt": 0.0,
    "complex_pde": 0.5649600028991699,
    "complex_ipde": 0.0,
    "chains_ptm": {
        "0": 0.8423514366149902
    },
    "pair_chains_iptm": {
        "0": {
            "0": 0.8423514366149902
        }
    }
}