{
    "confidence_score": 0.6439835429191589,
    "ptm": 0.7905487418174744,
    "iptm": 0.0,
    "ligand_iptm": 0.0,
    "protein_iptm": 0.0,
    "complex_plddt": 0.8049793839454651,
    "complex_iplddt": 0.0,
    "complex_pde": 0.8544659614562988,
    "complex_ipde": 0.0,
    "chains_ptm": {
        "0": 0.7905487418174744
    },
    "pair_chains_iptm": {
        "0": {
            "0": 0.7905487418174744
        }
    }
}