{
    "confidence_score": 0.5784136056900024,
    "ptm": 0.701785683631897,
    "iptm": 0.0,
    "ligand_iptm": 0.0,
    "protein_iptm": 0.0,
    "complex_plddt": 0.7230169773101807,
    "complex_iplddt": 0.0,
    "complex_pde": 2.193788528442383,
    "complex_ipde": 0.0,
    "chains_ptm": {
        "0": 0.701785683631897
    },
    "pair_chains_iptm": {
        "0": {
            "0": 0.701785683631897
        }
    }
}