{
    "confidence_score": 0.7412254214286804,
    "ptm": 0.9438602328300476,
    "iptm": 0.0,
    "ligand_iptm": 0.0,
    "protein_iptm": 0.0,
    "complex_plddt": 0.9265317916870117,
    "complex_iplddt": 0.0,
    "complex_pde": 0.3623025715351105,
    "complex_ipde": 0.0,
    "chains_ptm": {
        "0": 0.9438602328300476
    },
    "pair_chains_iptm": {
        "0": {
            "0": 0.9438602328300476
        }
    }
}