{
    "confidence_score": 0.6249200105667114,
    "ptm": 0.7755758762359619,
    "iptm": 0.0,
    "ligand_iptm": 0.0,
    "protein_iptm": 0.0,
    "complex_plddt": 0.7811499834060669,
    "complex_iplddt": 0.0,
    "complex_pde": 1.0654689073562622,
    "complex_ipde": 0.0,
    "chains_ptm": {
        "0": 0.7755758762359619
    },
    "pair_chains_iptm": {
        "0": {
            "0": 0.7755758762359619
        }
    }
}