{
    "confidence_score": 0.35917532444000244,
    "ptm": 0.3509320914745331,
    "iptm": 0.0,
    "ligand_iptm": 0.0,
    "protein_iptm": 0.0,
    "complex_plddt": 0.44896915555000305,
    "complex_iplddt": 0.0,
    "complex_pde": 2.8273911476135254,
    "complex_ipde": 0.0,
    "chains_ptm": {
        "0": 0.3509320914745331
    },
    "pair_chains_iptm": {
        "0": {
            "0": 0.3509320914745331
        }
    }
}