{
    "confidence_score": 0.5166214108467102,
    "ptm": 0.388845294713974,
    "iptm": 0.0,
    "ligand_iptm": 0.0,
    "protein_iptm": 0.0,
    "complex_plddt": 0.6457767486572266,
    "complex_iplddt": 0.0,
    "complex_pde": 2.0597023963928223,
    "complex_ipde": 0.0,
    "chains_ptm": {
        "0": 0.388845294713974
    },
    "pair_chains_iptm": {
        "0": {
            "0": 0.388845294713974
        }
    }
}