{
    "confidence_score": 0.7487254738807678,
    "ptm": 0.9440849423408508,
    "iptm": 0.0,
    "ligand_iptm": 0.0,
    "protein_iptm": 0.0,
    "complex_plddt": 0.9359068274497986,
    "complex_iplddt": 0.0,
    "complex_pde": 0.3329111635684967,
    "complex_ipde": 0.0,
    "chains_ptm": {
        "0": 0.9440849423408508
    },
    "pair_chains_iptm": {
        "0": {
            "0": 0.9440849423408508
        }
    }
}