{
    "confidence_score": 0.5482804179191589,
    "ptm": 0.25958091020584106,
    "iptm": 0.0,
    "ligand_iptm": 0.0,
    "protein_iptm": 0.0,
    "complex_plddt": 0.6853505373001099,
    "complex_iplddt": 0.0,
    "complex_pde": 2.065031051635742,
    "complex_ipde": 0.0,
    "chains_ptm": {
        "0": 0.25958091020584106
    },
    "pair_chains_iptm": {
        "0": {
            "0": 0.25958091020584106
        }
    }
}