{
    "confidence_score": 0.706601083278656,
    "ptm": 0.8944152593612671,
    "iptm": 0.0,
    "ligand_iptm": 0.0,
    "protein_iptm": 0.0,
    "complex_plddt": 0.8832513093948364,
    "complex_iplddt": 0.0,
    "complex_pde": 0.49964380264282227,
    "complex_ipde": 0.0,
    "chains_ptm": {
        "0": 0.8944152593612671
    },
    "pair_chains_iptm": {
        "0": {
            "0": 0.8944152593612671
        }
    }
}