{
    "confidence_score": 0.3340390622615814,
    "ptm": 0.23378315567970276,
    "iptm": 0.0,
    "ligand_iptm": 0.0,
    "protein_iptm": 0.0,
    "complex_plddt": 0.417548805475235,
    "complex_iplddt": 0.0,
    "complex_pde": 3.102775812149048,
    "complex_ipde": 0.0,
    "chains_ptm": {
        "0": 0.23378315567970276
    },
    "pair_chains_iptm": {
        "0": {
            "0": 0.23378315567970276
        }
    }
}