{
    "confidence_score": 0.5361189246177673,
    "ptm": 0.6159761548042297,
    "iptm": 0.0,
    "ligand_iptm": 0.0,
    "protein_iptm": 0.0,
    "complex_plddt": 0.6701486706733704,
    "complex_iplddt": 0.0,
    "complex_pde": 2.067697525024414,
    "complex_ipde": 0.0,
    "chains_ptm": {
        "0": 0.6159761548042297
    },
    "pair_chains_iptm": {
        "0": {
            "0": 0.6159761548042297
        }
    }
}