{
    "confidence_score": 0.5959452986717224,
    "ptm": 0.6666311025619507,
    "iptm": 0.0,
    "ligand_iptm": 0.0,
    "protein_iptm": 0.0,
    "complex_plddt": 0.7449316382408142,
    "complex_iplddt": 0.0,
    "complex_pde": 0.8696238994598389,
    "complex_ipde": 0.0,
    "chains_ptm": {
        "0": 0.6666311025619507
    },
    "pair_chains_iptm": {
        "0": {
            "0": 0.6666311025619507
        }
    }
}