{
    "confidence_score": 0.7462028861045837,
    "ptm": 0.9352152943611145,
    "iptm": 0.0,
    "ligand_iptm": 0.0,
    "protein_iptm": 0.0,
    "complex_plddt": 0.9327536225318909,
    "complex_iplddt": 0.0,
    "complex_pde": 0.3597557842731476,
    "complex_ipde": 0.0,
    "chains_ptm": {
        "0": 0.9352152943611145
    },
    "pair_chains_iptm": {
        "0": {
            "0": 0.9352152943611145
        }
    }
}