{
    "confidence_score": 0.7335609793663025,
    "ptm": 0.9034200310707092,
    "iptm": 0.0,
    "ligand_iptm": 0.0,
    "protein_iptm": 0.0,
    "complex_plddt": 0.9169511795043945,
    "complex_iplddt": 0.0,
    "complex_pde": 0.35085275769233704,
    "complex_ipde": 0.0,
    "chains_ptm": {
        "0": 0.9034200310707092
    },
    "pair_chains_iptm": {
        "0": {
            "0": 0.9034200310707092
        }
    }
}