{
    "confidence_score": 0.7036739587783813,
    "ptm": 0.7996422648429871,
    "iptm": 0.0,
    "ligand_iptm": 0.0,
    "protein_iptm": 0.0,
    "complex_plddt": 0.8795924186706543,
    "complex_iplddt": 0.0,
    "complex_pde": 0.5667069554328918,
    "complex_ipde": 0.0,
    "chains_ptm": {
        "0": 0.7996422648429871
    },
    "pair_chains_iptm": {
        "0": {
            "0": 0.7996422648429871
        }
    }
}