{
    "confidence_score": 0.6957225203514099,
    "ptm": 0.7078554630279541,
    "iptm": 0.0,
    "ligand_iptm": 0.0,
    "protein_iptm": 0.0,
    "complex_plddt": 0.8696531653404236,
    "complex_iplddt": 0.0,
    "complex_pde": 0.760431706905365,
    "complex_ipde": 0.0,
    "chains_ptm": {
        "0": 0.7078554630279541
    },
    "pair_chains_iptm": {
        "0": {
            "0": 0.7078554630279541
        }
    }
}