{
    "confidence_score": 0.6790537238121033,
    "ptm": 0.9209050536155701,
    "iptm": 0.0,
    "ligand_iptm": 0.0,
    "protein_iptm": 0.0,
    "complex_plddt": 0.8488171696662903,
    "complex_iplddt": 0.0,
    "complex_pde": 0.4192338287830353,
    "complex_ipde": 0.0,
    "chains_ptm": {
        "0": 0.9209050536155701
    },
    "pair_chains_iptm": {
        "0": {
            "0": 0.9209050536155701
        }
    }
}