{
    "confidence_score": 0.7052788734436035,
    "ptm": 0.9004473090171814,
    "iptm": 0.0,
    "ligand_iptm": 0.0,
    "protein_iptm": 0.0,
    "complex_plddt": 0.8815985918045044,
    "complex_iplddt": 0.0,
    "complex_pde": 0.5261157155036926,
    "complex_ipde": 0.0,
    "chains_ptm": {
        "0": 0.9004473090171814
    },
    "pair_chains_iptm": {
        "0": {
            "0": 0.9004473090171814
        }
    }
}