{
    "confidence_score": 0.6267094612121582,
    "ptm": 0.6661528944969177,
    "iptm": 0.0,
    "ligand_iptm": 0.0,
    "protein_iptm": 0.0,
    "complex_plddt": 0.7833868265151978,
    "complex_iplddt": 0.0,
    "complex_pde": 1.4757304191589355,
    "complex_ipde": 0.0,
    "chains_ptm": {
        "0": 0.6661528944969177
    },
    "pair_chains_iptm": {
        "0": {
            "0": 0.6661528944969177
        }
    }
}