{
    "confidence_score": 0.39306604862213135,
    "ptm": 0.18456989526748657,
    "iptm": 0.0,
    "ligand_iptm": 0.0,
    "protein_iptm": 0.0,
    "complex_plddt": 0.4913325607776642,
    "complex_iplddt": 0.0,
    "complex_pde": 4.116603851318359,
    "complex_ipde": 0.0,
    "chains_ptm": {
        "0": 0.18456989526748657
    },
    "pair_chains_iptm": {
        "0": {
            "0": 0.18456989526748657
        }
    }
}