{
    "confidence_score": 0.7184306979179382,
    "ptm": 0.9010833501815796,
    "iptm": 0.0,
    "ligand_iptm": 0.0,
    "protein_iptm": 0.0,
    "complex_plddt": 0.8980383276939392,
    "complex_iplddt": 0.0,
    "complex_pde": 0.4573591351509094,
    "complex_ipde": 0.0,
    "chains_ptm": {
        "0": 0.9010833501815796
    },
    "pair_chains_iptm": {
        "0": {
            "0": 0.9010833501815796
        }
    }
}