{
    "confidence_score": 0.6435989737510681,
    "ptm": 0.7909642457962036,
    "iptm": 0.0,
    "ligand_iptm": 0.0,
    "protein_iptm": 0.0,
    "complex_plddt": 0.8044986724853516,
    "complex_iplddt": 0.0,
    "complex_pde": 0.5342536568641663,
    "complex_ipde": 0.0,
    "chains_ptm": {
        "0": 0.7909642457962036
    },
    "pair_chains_iptm": {
        "0": {
            "0": 0.7909642457962036
        }
    }
}