{
    "confidence_score": 0.5471076369285583,
    "ptm": 0.6733131408691406,
    "iptm": 0.0,
    "ligand_iptm": 0.0,
    "protein_iptm": 0.0,
    "complex_plddt": 0.6838845014572144,
    "complex_iplddt": 0.0,
    "complex_pde": 1.5533676147460938,
    "complex_ipde": 0.0,
    "chains_ptm": {
        "0": 0.6733131408691406
    },
    "pair_chains_iptm": {
        "0": {
            "0": 0.6733131408691406
        }
    }
}