{
    "confidence_score": 0.5527812838554382,
    "ptm": 0.4460369944572449,
    "iptm": 0.0,
    "ligand_iptm": 0.0,
    "protein_iptm": 0.0,
    "complex_plddt": 0.690976619720459,
    "complex_iplddt": 0.0,
    "complex_pde": 1.7149466276168823,
    "complex_ipde": 0.0,
    "chains_ptm": {
        "0": 0.4460369944572449
    },
    "pair_chains_iptm": {
        "0": {
            "0": 0.4460369944572449
        }
    }
}