{
    "confidence_score": 0.6404238939285278,
    "ptm": 0.42747312784194946,
    "iptm": 0.0,
    "ligand_iptm": 0.0,
    "protein_iptm": 0.0,
    "complex_plddt": 0.8005298376083374,
    "complex_iplddt": 0.0,
    "complex_pde": 1.1714118719100952,
    "complex_ipde": 0.0,
    "chains_ptm": {
        "0": 0.42747312784194946
    },
    "pair_chains_iptm": {
        "0": {
            "0": 0.42747312784194946
        }
    }
}