{
    "confidence_score": 0.52557373046875,
    "ptm": 0.48812851309776306,
    "iptm": 0.0,
    "ligand_iptm": 0.0,
    "protein_iptm": 0.0,
    "complex_plddt": 0.6569671630859375,
    "complex_iplddt": 0.0,
    "complex_pde": 2.659716844558716,
    "complex_ipde": 0.0,
    "chains_ptm": {
        "0": 0.48812851309776306
    },
    "pair_chains_iptm": {
        "0": {
            "0": 0.48812851309776306
        }
    }
}