{
    "confidence_score": 0.6623572707176208,
    "ptm": 0.7532469630241394,
    "iptm": 0.0,
    "ligand_iptm": 0.0,
    "protein_iptm": 0.0,
    "complex_plddt": 0.8279466032981873,
    "complex_iplddt": 0.0,
    "complex_pde": 0.8354291915893555,
    "complex_ipde": 0.0,
    "chains_ptm": {
        "0": 0.7532469630241394
    },
    "pair_chains_iptm": {
        "0": {
            "0": 0.7532469630241394
        }
    }
}