{
    "confidence_score": 0.5257852673530579,
    "ptm": 0.297404408454895,
    "iptm": 0.0,
    "ligand_iptm": 0.0,
    "protein_iptm": 0.0,
    "complex_plddt": 0.6572315692901611,
    "complex_iplddt": 0.0,
    "complex_pde": 1.5136570930480957,
    "complex_ipde": 0.0,
    "chains_ptm": {
        "0": 0.297404408454895
    },
    "pair_chains_iptm": {
        "0": {
            "0": 0.297404408454895
        }
    }
}