{
    "confidence_score": 0.6023208498954773,
    "ptm": 0.6795300245285034,
    "iptm": 0.0,
    "ligand_iptm": 0.0,
    "protein_iptm": 0.0,
    "complex_plddt": 0.7529010772705078,
    "complex_iplddt": 0.0,
    "complex_pde": 1.381683349609375,
    "complex_ipde": 0.0,
    "chains_ptm": {
        "0": 0.6795300245285034
    },
    "pair_chains_iptm": {
        "0": {
            "0": 0.6795300245285034
        }
    }
}