{
    "confidence_score": 0.5662321448326111,
    "ptm": 0.6060564517974854,
    "iptm": 0.0,
    "ligand_iptm": 0.0,
    "protein_iptm": 0.0,
    "complex_plddt": 0.7077901363372803,
    "complex_iplddt": 0.0,
    "complex_pde": 0.9445444941520691,
    "complex_ipde": 0.0,
    "chains_ptm": {
        "0": 0.6060564517974854
    },
    "pair_chains_iptm": {
        "0": {
            "0": 0.6060564517974854
        }
    }
}