{
    "confidence_score": 0.736738383769989,
    "ptm": 0.9169859290122986,
    "iptm": 0.0,
    "ligand_iptm": 0.0,
    "protein_iptm": 0.0,
    "complex_plddt": 0.9209229946136475,
    "complex_iplddt": 0.0,
    "complex_pde": 0.3707888424396515,
    "complex_ipde": 0.0,
    "chains_ptm": {
        "0": 0.9169859290122986
    },
    "pair_chains_iptm": {
        "0": {
            "0": 0.9169859290122986
        }
    }
}