{
    "confidence_score": 0.7409939169883728,
    "ptm": 0.9474759697914124,
    "iptm": 0.0,
    "ligand_iptm": 0.0,
    "protein_iptm": 0.0,
    "complex_plddt": 0.9262423515319824,
    "complex_iplddt": 0.0,
    "complex_pde": 0.40674030780792236,
    "complex_ipde": 0.0,
    "chains_ptm": {
        "0": 0.9474759697914124
    },
    "pair_chains_iptm": {
        "0": {
            "0": 0.9474759697914124
        }
    }
}