{
    "confidence_score": 0.6658144593238831,
    "ptm": 0.5111864805221558,
    "iptm": 0.0,
    "ligand_iptm": 0.0,
    "protein_iptm": 0.0,
    "complex_plddt": 0.8322680592536926,
    "complex_iplddt": 0.0,
    "complex_pde": 0.8310361504554749,
    "complex_ipde": 0.0,
    "chains_ptm": {
        "0": 0.5111864805221558
    },
    "pair_chains_iptm": {
        "0": {
            "0": 0.5111864805221558
        }
    }
}