{
    "confidence_score": 0.7401196956634521,
    "ptm": 0.9222466945648193,
    "iptm": 0.0,
    "ligand_iptm": 0.0,
    "protein_iptm": 0.0,
    "complex_plddt": 0.9251496195793152,
    "complex_iplddt": 0.0,
    "complex_pde": 0.35945913195610046,
    "complex_ipde": 0.0,
    "chains_ptm": {
        "0": 0.9222466945648193
    },
    "pair_chains_iptm": {
        "0": {
            "0": 0.9222466945648193
        }
    }
}