{
    "confidence_score": 0.6034315228462219,
    "ptm": 0.655042290687561,
    "iptm": 0.0,
    "ligand_iptm": 0.0,
    "protein_iptm": 0.0,
    "complex_plddt": 0.7542893886566162,
    "complex_iplddt": 0.0,
    "complex_pde": 0.6292568445205688,
    "complex_ipde": 0.0,
    "chains_ptm": {
        "0": 0.655042290687561
    },
    "pair_chains_iptm": {
        "0": {
            "0": 0.655042290687561
        }
    }
}