{
    "plddts": {
        "model_1_pred_0": 66.96752742786249,
        "model_2_pred_0": 59.39715070965146,
        "model_3_pred_0": 63.72282465443241,
        "model_4_pred_0": 65.95511367631508,
        "model_5_pred_0": 61.10485732453031
    },
    "order": [
        "model_1_pred_0",
        "model_4_pred_0",
        "model_3_pred_0",
        "model_5_pred_0",
        "model_2_pred_0"
    ]
}