{
    "features": 7825.185943603516,
    "process_features_model_1_pred_0": 28.096333265304565,
    "predict_and_compile_model_1_pred_0": 1134.022795200348,
    "process_features_model_2_pred_0": 28.95110034942627,
    "predict_and_compile_model_2_pred_0": 1063.581384897232,
    "process_features_model_3_pred_0": 26.802734851837158,
    "predict_and_compile_model_3_pred_0": 6465.141451120377,
    "process_features_model_4_pred_0": 26.997161388397217,
    "predict_and_compile_model_4_pred_0": 6457.795031309128,
    "process_features_model_5_pred_0": 26.87857151031494,
    "predict_and_compile_model_5_pred_0": 5517.131057500839,
    "relax_model_1_pred_0": 330.02222657203674
}