{
    "confidence_score": 0.7218279242515564,
    "ptm": 0.9083690047264099,
    "iptm": 0.0,
    "ligand_iptm": 0.0,
    "protein_iptm": 0.0,
    "complex_plddt": 0.9022849202156067,
    "complex_iplddt": 0.0,
    "complex_pde": 0.4169693887233734,
    "complex_ipde": 0.0,
    "chains_ptm": {
        "0": 0.9083690047264099
    },
    "pair_chains_iptm": {
        "0": {
            "0": 0.9083690047264099
        }
    }
}