{
    "confidence_score": 0.40925684571266174,
    "ptm": 0.2958184480667114,
    "iptm": 0.0,
    "ligand_iptm": 0.0,
    "protein_iptm": 0.0,
    "complex_plddt": 0.5115710496902466,
    "complex_iplddt": 0.0,
    "complex_pde": 2.1727027893066406,
    "complex_ipde": 0.0,
    "chains_ptm": {
        "0": 0.2958184480667114
    },
    "pair_chains_iptm": {
        "0": {
            "0": 0.2958184480667114
        }
    }
}