{
    "confidence_score": 0.4469655156135559,
    "ptm": 0.2915341258049011,
    "iptm": 0.0,
    "ligand_iptm": 0.0,
    "protein_iptm": 0.0,
    "complex_plddt": 0.5587068796157837,
    "complex_iplddt": 0.0,
    "complex_pde": 2.204794406890869,
    "complex_ipde": 0.0,
    "chains_ptm": {
        "0": 0.2915341258049011
    },
    "pair_chains_iptm": {
        "0": {
            "0": 0.2915341258049011
        }
    }
}