{
    "confidence_score": 0.727501392364502,
    "ptm": 0.931944727897644,
    "iptm": 0.0,
    "ligand_iptm": 0.0,
    "protein_iptm": 0.0,
    "complex_plddt": 0.9093767404556274,
    "complex_iplddt": 0.0,
    "complex_pde": 0.39092308282852173,
    "complex_ipde": 0.0,
    "chains_ptm": {
        "0": 0.931944727897644
    },
    "pair_chains_iptm": {
        "0": {
            "0": 0.931944727897644
        }
    }
}