{
    "confidence_score": 0.6121074557304382,
    "ptm": 0.7706317901611328,
    "iptm": 0.0,
    "ligand_iptm": 0.0,
    "protein_iptm": 0.0,
    "complex_plddt": 0.765134334564209,
    "complex_iplddt": 0.0,
    "complex_pde": 0.6853401064872742,
    "complex_ipde": 0.0,
    "chains_ptm": {
        "0": 0.7706317901611328
    },
    "pair_chains_iptm": {
        "0": {
            "0": 0.7706317901611328
        }
    }
}