{
    "confidence_score": 0.7130200266838074,
    "ptm": 0.9198067784309387,
    "iptm": 0.0,
    "ligand_iptm": 0.0,
    "protein_iptm": 0.0,
    "complex_plddt": 0.8912750482559204,
    "complex_iplddt": 0.0,
    "complex_pde": 0.41885051131248474,
    "complex_ipde": 0.0,
    "chains_ptm": {
        "0": 0.9198067784309387
    },
    "pair_chains_iptm": {
        "0": {
            "0": 0.9198067784309387
        }
    }
}