{
    "confidence_score": 0.6596021056175232,
    "ptm": 0.8355880975723267,
    "iptm": 0.0,
    "ligand_iptm": 0.0,
    "protein_iptm": 0.0,
    "complex_plddt": 0.8245026469230652,
    "complex_iplddt": 0.0,
    "complex_pde": 0.7715198993682861,
    "complex_ipde": 0.0,
    "chains_ptm": {
        "0": 0.8355880975723267
    },
    "pair_chains_iptm": {
        "0": {
            "0": 0.8355880975723267
        }
    }
}