{
    "confidence_score": 0.7113090753555298,
    "ptm": 0.8931788802146912,
    "iptm": 0.0,
    "ligand_iptm": 0.0,
    "protein_iptm": 0.0,
    "complex_plddt": 0.8891363143920898,
    "complex_iplddt": 0.0,
    "complex_pde": 0.5377135872840881,
    "complex_ipde": 0.0,
    "chains_ptm": {
        "0": 0.8931788802146912
    },
    "pair_chains_iptm": {
        "0": {
            "0": 0.8931788802146912
        }
    }
}