{
    "confidence_score": 0.7561769485473633,
    "ptm": 0.940009355545044,
    "iptm": 0.0,
    "ligand_iptm": 0.0,
    "protein_iptm": 0.0,
    "complex_plddt": 0.9452211856842041,
    "complex_iplddt": 0.0,
    "complex_pde": 0.3095751702785492,
    "complex_ipde": 0.0,
    "chains_ptm": {
        "0": 0.940009355545044
    },
    "pair_chains_iptm": {
        "0": {
            "0": 0.940009355545044
        }
    }
}