{
    "confidence_score": 0.621981143951416,
    "ptm": 0.7816764116287231,
    "iptm": 0.0,
    "ligand_iptm": 0.0,
    "protein_iptm": 0.0,
    "complex_plddt": 0.77747642993927,
    "complex_iplddt": 0.0,
    "complex_pde": 1.4039075374603271,
    "complex_ipde": 0.0,
    "chains_ptm": {
        "0": 0.7816764116287231
    },
    "pair_chains_iptm": {
        "0": {
            "0": 0.7816764116287231
        }
    }
}