{
    "confidence_score": 0.7445473074913025,
    "ptm": 0.9528058767318726,
    "iptm": 0.0,
    "ligand_iptm": 0.0,
    "protein_iptm": 0.0,
    "complex_plddt": 0.9306840896606445,
    "complex_iplddt": 0.0,
    "complex_pde": 0.32653898000717163,
    "complex_ipde": 0.0,
    "chains_ptm": {
        "0": 0.9528058767318726
    },
    "pair_chains_iptm": {
        "0": {
            "0": 0.9528058767318726
        }
    }
}