{
    "confidence_score": 0.6264371275901794,
    "ptm": 0.5614877939224243,
    "iptm": 0.0,
    "ligand_iptm": 0.0,
    "protein_iptm": 0.0,
    "complex_plddt": 0.7830463647842407,
    "complex_iplddt": 0.0,
    "complex_pde": 0.7392982840538025,
    "complex_ipde": 0.0,
    "chains_ptm": {
        "0": 0.5614877939224243
    },
    "pair_chains_iptm": {
        "0": {
            "0": 0.5614877939224243
        }
    }
}