{
    "confidence_score": 0.7021300196647644,
    "ptm": 0.8753908276557922,
    "iptm": 0.0,
    "ligand_iptm": 0.0,
    "protein_iptm": 0.0,
    "complex_plddt": 0.8776624798774719,
    "complex_iplddt": 0.0,
    "complex_pde": 0.6453793048858643,
    "complex_ipde": 0.0,
    "chains_ptm": {
        "0": 0.8753908276557922
    },
    "pair_chains_iptm": {
        "0": {
            "0": 0.8753908276557922
        }
    }
}