{
    "confidence_score": 0.6846300363540649,
    "ptm": 0.9018739461898804,
    "iptm": 0.0,
    "ligand_iptm": 0.0,
    "protein_iptm": 0.0,
    "complex_plddt": 0.8557875156402588,
    "complex_iplddt": 0.0,
    "complex_pde": 0.4804658591747284,
    "complex_ipde": 0.0,
    "chains_ptm": {
        "0": 0.9018739461898804
    },
    "pair_chains_iptm": {
        "0": {
            "0": 0.9018739461898804
        }
    }
}