{
    "confidence_score": 0.750748336315155,
    "ptm": 0.9192358255386353,
    "iptm": 0.0,
    "ligand_iptm": 0.0,
    "protein_iptm": 0.0,
    "complex_plddt": 0.9384353756904602,
    "complex_iplddt": 0.0,
    "complex_pde": 0.3192887008190155,
    "complex_ipde": 0.0,
    "chains_ptm": {
        "0": 0.9192358255386353
    },
    "pair_chains_iptm": {
        "0": {
            "0": 0.9192358255386353
        }
    }
}