{
    "confidence_score": 0.668549120426178,
    "ptm": 0.8280763030052185,
    "iptm": 0.0,
    "ligand_iptm": 0.0,
    "protein_iptm": 0.0,
    "complex_plddt": 0.8356863856315613,
    "complex_iplddt": 0.0,
    "complex_pde": 0.8690648674964905,
    "complex_ipde": 0.0,
    "chains_ptm": {
        "0": 0.8280763030052185
    },
    "pair_chains_iptm": {
        "0": {
            "0": 0.8280763030052185
        }
    }
}