{
    "confidence_score": 0.5735597014427185,
    "ptm": 0.6587359309196472,
    "iptm": 0.0,
    "ligand_iptm": 0.0,
    "protein_iptm": 0.0,
    "complex_plddt": 0.7169496417045593,
    "complex_iplddt": 0.0,
    "complex_pde": 0.8880422115325928,
    "complex_ipde": 0.0,
    "chains_ptm": {
        "0": 0.6587359309196472
    },
    "pair_chains_iptm": {
        "0": {
            "0": 0.6587359309196472
        }
    }
}