{
    "confidence_score": 0.5252631902694702,
    "ptm": 0.42253607511520386,
    "iptm": 0.0,
    "ligand_iptm": 0.0,
    "protein_iptm": 0.0,
    "complex_plddt": 0.6565789580345154,
    "complex_iplddt": 0.0,
    "complex_pde": 2.066413164138794,
    "complex_ipde": 0.0,
    "chains_ptm": {
        "0": 0.42253607511520386
    },
    "pair_chains_iptm": {
        "0": {
            "0": 0.42253607511520386
        }
    }
}