{
    "confidence_score": 0.7102662920951843,
    "ptm": 0.8782194256782532,
    "iptm": 0.0,
    "ligand_iptm": 0.0,
    "protein_iptm": 0.0,
    "complex_plddt": 0.8878328204154968,
    "complex_iplddt": 0.0,
    "complex_pde": 0.39901450276374817,
    "complex_ipde": 0.0,
    "chains_ptm": {
        "0": 0.8782194256782532
    },
    "pair_chains_iptm": {
        "0": {
            "0": 0.8782194256782532
        }
    }
}