{
    "confidence_score": 0.7658950686454773,
    "ptm": 0.9609352946281433,
    "iptm": 0.0,
    "ligand_iptm": 0.0,
    "protein_iptm": 0.0,
    "complex_plddt": 0.9573688507080078,
    "complex_iplddt": 0.0,
    "complex_pde": 0.3226480185985565,
    "complex_ipde": 0.0,
    "chains_ptm": {
        "0": 0.9609352946281433
    },
    "pair_chains_iptm": {
        "0": {
            "0": 0.9609352946281433
        }
    }
}