{
    "confidence_score": 0.7546700239181519,
    "ptm": 0.8682852983474731,
    "iptm": 0.0,
    "ligand_iptm": 0.0,
    "protein_iptm": 0.0,
    "complex_plddt": 0.9433375000953674,
    "complex_iplddt": 0.0,
    "complex_pde": 0.32989129424095154,
    "complex_ipde": 0.0,
    "chains_ptm": {
        "0": 0.8682852983474731
    },
    "pair_chains_iptm": {
        "0": {
            "0": 0.8682852983474731
        }
    }
}