{
    "confidence_score": 0.6765226125717163,
    "ptm": 0.8323778510093689,
    "iptm": 0.0,
    "ligand_iptm": 0.0,
    "protein_iptm": 0.0,
    "complex_plddt": 0.845653235912323,
    "complex_iplddt": 0.0,
    "complex_pde": 0.6010993123054504,
    "complex_ipde": 0.0,
    "chains_ptm": {
        "0": 0.8323778510093689
    },
    "pair_chains_iptm": {
        "0": {
            "0": 0.8323778510093689
        }
    }
}