{
    "confidence_score": 0.6851074695587158,
    "ptm": 0.44900408387184143,
    "iptm": 0.0,
    "ligand_iptm": 0.0,
    "protein_iptm": 0.0,
    "complex_plddt": 0.8563843369483948,
    "complex_iplddt": 0.0,
    "complex_pde": 0.8951851725578308,
    "complex_ipde": 0.0,
    "chains_ptm": {
        "0": 0.44900408387184143
    },
    "pair_chains_iptm": {
        "0": {
            "0": 0.44900408387184143
        }
    }
}