{
    "confidence_score": 0.5807197093963623,
    "ptm": 0.7835125923156738,
    "iptm": 0.0,
    "ligand_iptm": 0.0,
    "protein_iptm": 0.0,
    "complex_plddt": 0.7258996367454529,
    "complex_iplddt": 0.0,
    "complex_pde": 0.563248336315155,
    "complex_ipde": 0.0,
    "chains_ptm": {
        "0": 0.7835125923156738
    },
    "pair_chains_iptm": {
        "0": {
            "0": 0.7835125923156738
        }
    }
}