{
    "confidence_score": 0.7406381368637085,
    "ptm": 0.9567893743515015,
    "iptm": 0.0,
    "ligand_iptm": 0.0,
    "protein_iptm": 0.0,
    "complex_plddt": 0.9257976412773132,
    "complex_iplddt": 0.0,
    "complex_pde": 0.33216342329978943,
    "complex_ipde": 0.0,
    "chains_ptm": {
        "0": 0.9567893743515015
    },
    "pair_chains_iptm": {
        "0": {
            "0": 0.9567893743515015
        }
    }
}