{
    "confidence_score": 0.4294312596321106,
    "ptm": 0.36044326424598694,
    "iptm": 0.0,
    "ligand_iptm": 0.0,
    "protein_iptm": 0.0,
    "complex_plddt": 0.536789059638977,
    "complex_iplddt": 0.0,
    "complex_pde": 2.212491512298584,
    "complex_ipde": 0.0,
    "chains_ptm": {
        "0": 0.36044326424598694
    },
    "pair_chains_iptm": {
        "0": {
            "0": 0.36044326424598694
        }
    }
}