{
    "confidence_score": 0.47292599081993103,
    "ptm": 0.6011047959327698,
    "iptm": 0.0,
    "ligand_iptm": 0.0,
    "protein_iptm": 0.0,
    "complex_plddt": 0.5911574959754944,
    "complex_iplddt": 0.0,
    "complex_pde": 2.598968267440796,
    "complex_ipde": 0.0,
    "chains_ptm": {
        "0": 0.6011047959327698
    },
    "pair_chains_iptm": {
        "0": {
            "0": 0.6011047959327698
        }
    }
}