{
    "confidence_score": 0.470714807510376,
    "ptm": 0.4020005762577057,
    "iptm": 0.0,
    "ligand_iptm": 0.0,
    "protein_iptm": 0.0,
    "complex_plddt": 0.58839350938797,
    "complex_iplddt": 0.0,
    "complex_pde": 2.475557565689087,
    "complex_ipde": 0.0,
    "chains_ptm": {
        "0": 0.4020005762577057
    },
    "pair_chains_iptm": {
        "0": {
            "0": 0.4020005762577057
        }
    }
}