{
    "confidence_score": 0.5930725336074829,
    "ptm": 0.6444035172462463,
    "iptm": 0.0,
    "ligand_iptm": 0.0,
    "protein_iptm": 0.0,
    "complex_plddt": 0.7413406372070312,
    "complex_iplddt": 0.0,
    "complex_pde": 1.1788562536239624,
    "complex_ipde": 0.0,
    "chains_ptm": {
        "0": 0.6444035172462463
    },
    "pair_chains_iptm": {
        "0": {
            "0": 0.6444035172462463
        }
    }
}