{
    "confidence_score": 0.5803001523017883,
    "ptm": 0.5432398319244385,
    "iptm": 0.0,
    "ligand_iptm": 0.0,
    "protein_iptm": 0.0,
    "complex_plddt": 0.7253751754760742,
    "complex_iplddt": 0.0,
    "complex_pde": 1.4190086126327515,
    "complex_ipde": 0.0,
    "chains_ptm": {
        "0": 0.5432398319244385
    },
    "pair_chains_iptm": {
        "0": {
            "0": 0.5432398319244385
        }
    }
}