{
    "confidence_score": 0.6551795601844788,
    "ptm": 0.8475136756896973,
    "iptm": 0.0,
    "ligand_iptm": 0.0,
    "protein_iptm": 0.0,
    "complex_plddt": 0.8189744353294373,
    "complex_iplddt": 0.0,
    "complex_pde": 0.7327560782432556,
    "complex_ipde": 0.0,
    "chains_ptm": {
        "0": 0.8475136756896973
    },
    "pair_chains_iptm": {
        "0": {
            "0": 0.8475136756896973
        }
    }
}