{
    "confidence_score": 0.6514995098114014,
    "ptm": 0.8368976712226868,
    "iptm": 0.0,
    "ligand_iptm": 0.0,
    "protein_iptm": 0.0,
    "complex_plddt": 0.8143743872642517,
    "complex_iplddt": 0.0,
    "complex_pde": 1.0964245796203613,
    "complex_ipde": 0.0,
    "chains_ptm": {
        "0": 0.8368976712226868
    },
    "pair_chains_iptm": {
        "0": {
            "0": 0.8368976712226868
        }
    }
}