{
    "confidence_score": 0.5621716380119324,
    "ptm": 0.35366377234458923,
    "iptm": 0.0,
    "ligand_iptm": 0.0,
    "protein_iptm": 0.0,
    "complex_plddt": 0.7027145624160767,
    "complex_iplddt": 0.0,
    "complex_pde": 2.2077198028564453,
    "complex_ipde": 0.0,
    "chains_ptm": {
        "0": 0.35366377234458923
    },
    "pair_chains_iptm": {
        "0": {
            "0": 0.35366377234458923
        }
    }
}