{
    "confidence_score": 0.6434674859046936,
    "ptm": 0.7759418487548828,
    "iptm": 0.0,
    "ligand_iptm": 0.0,
    "protein_iptm": 0.0,
    "complex_plddt": 0.8043343424797058,
    "complex_iplddt": 0.0,
    "complex_pde": 0.7719491720199585,
    "complex_ipde": 0.0,
    "chains_ptm": {
        "0": 0.7759418487548828
    },
    "pair_chains_iptm": {
        "0": {
            "0": 0.7759418487548828
        }
    }
}