{
    "confidence_score": 0.6624209880828857,
    "ptm": 0.8606340289115906,
    "iptm": 0.0,
    "ligand_iptm": 0.0,
    "protein_iptm": 0.0,
    "complex_plddt": 0.8280262351036072,
    "complex_iplddt": 0.0,
    "complex_pde": 0.7569052577018738,
    "complex_ipde": 0.0,
    "chains_ptm": {
        "0": 0.8606340289115906
    },
    "pair_chains_iptm": {
        "0": {
            "0": 0.8606340289115906
        }
    }
}