{
    "confidence_score": 0.7251865267753601,
    "ptm": 0.9060420393943787,
    "iptm": 0.0,
    "ligand_iptm": 0.0,
    "protein_iptm": 0.0,
    "complex_plddt": 0.9064831137657166,
    "complex_iplddt": 0.0,
    "complex_pde": 0.42277100682258606,
    "complex_ipde": 0.0,
    "chains_ptm": {
        "0": 0.9060420393943787
    },
    "pair_chains_iptm": {
        "0": {
            "0": 0.9060420393943787
        }
    }
}