{
    "confidence_score": 0.7129010558128357,
    "ptm": 0.8992646932601929,
    "iptm": 0.0,
    "ligand_iptm": 0.0,
    "protein_iptm": 0.0,
    "complex_plddt": 0.8911263346672058,
    "complex_iplddt": 0.0,
    "complex_pde": 0.5641502737998962,
    "complex_ipde": 0.0,
    "chains_ptm": {
        "0": 0.8992646932601929
    },
    "pair_chains_iptm": {
        "0": {
            "0": 0.8992646932601929
        }
    }
}