{
    "confidence_score": 0.5971106290817261,
    "ptm": 0.7738216519355774,
    "iptm": 0.0,
    "ligand_iptm": 0.0,
    "protein_iptm": 0.0,
    "complex_plddt": 0.7463882565498352,
    "complex_iplddt": 0.0,
    "complex_pde": 0.8066555857658386,
    "complex_ipde": 0.0,
    "chains_ptm": {
        "0": 0.7738216519355774
    },
    "pair_chains_iptm": {
        "0": {
            "0": 0.7738216519355774
        }
    }
}