{
    "confidence_score": 0.5512024760246277,
    "ptm": 0.5308308005332947,
    "iptm": 0.0,
    "ligand_iptm": 0.0,
    "protein_iptm": 0.0,
    "complex_plddt": 0.689003050327301,
    "complex_iplddt": 0.0,
    "complex_pde": 2.2405571937561035,
    "complex_ipde": 0.0,
    "chains_ptm": {
        "0": 0.5308308005332947
    },
    "pair_chains_iptm": {
        "0": {
            "0": 0.5308308005332947
        }
    }
}