{
    "confidence_score": 0.49217525124549866,
    "ptm": 0.3731076121330261,
    "iptm": 0.0,
    "ligand_iptm": 0.0,
    "protein_iptm": 0.0,
    "complex_plddt": 0.6152190566062927,
    "complex_iplddt": 0.0,
    "complex_pde": 1.257544755935669,
    "complex_ipde": 0.0,
    "chains_ptm": {
        "0": 0.3731076121330261
    },
    "pair_chains_iptm": {
        "0": {
            "0": 0.3731076121330261
        }
    }
}