{
    "confidence_score": 0.7050939202308655,
    "ptm": 0.9008166193962097,
    "iptm": 0.0,
    "ligand_iptm": 0.0,
    "protein_iptm": 0.0,
    "complex_plddt": 0.8813673853874207,
    "complex_iplddt": 0.0,
    "complex_pde": 0.4506540894508362,
    "complex_ipde": 0.0,
    "chains_ptm": {
        "0": 0.9008166193962097
    },
    "pair_chains_iptm": {
        "0": {
            "0": 0.9008166193962097
        }
    }
}