{
    "confidence_score": 0.5719053149223328,
    "ptm": 0.4181964695453644,
    "iptm": 0.0,
    "ligand_iptm": 0.0,
    "protein_iptm": 0.0,
    "complex_plddt": 0.7148816585540771,
    "complex_iplddt": 0.0,
    "complex_pde": 1.0692933797836304,
    "complex_ipde": 0.0,
    "chains_ptm": {
        "0": 0.4181964695453644
    },
    "pair_chains_iptm": {
        "0": {
            "0": 0.4181964695453644
        }
    }
}