{
    "confidence_score": 0.7129313945770264,
    "ptm": 0.8838470578193665,
    "iptm": 0.0,
    "ligand_iptm": 0.0,
    "protein_iptm": 0.0,
    "complex_plddt": 0.891164243221283,
    "complex_iplddt": 0.0,
    "complex_pde": 0.48217469453811646,
    "complex_ipde": 0.0,
    "chains_ptm": {
        "0": 0.8838470578193665
    },
    "pair_chains_iptm": {
        "0": {
            "0": 0.8838470578193665
        }
    }
}