{
    "confidence_score": 0.6454729437828064,
    "ptm": 0.8317514061927795,
    "iptm": 0.0,
    "ligand_iptm": 0.0,
    "protein_iptm": 0.0,
    "complex_plddt": 0.8068411946296692,
    "complex_iplddt": 0.0,
    "complex_pde": 0.8612041473388672,
    "complex_ipde": 0.0,
    "chains_ptm": {
        "0": 0.8317514061927795
    },
    "pair_chains_iptm": {
        "0": {
            "0": 0.8317514061927795
        }
    }
}