{
    "confidence_score": 0.708794355392456,
    "ptm": 0.9089843034744263,
    "iptm": 0.0,
    "ligand_iptm": 0.0,
    "protein_iptm": 0.0,
    "complex_plddt": 0.8859929442405701,
    "complex_iplddt": 0.0,
    "complex_pde": 0.5050069689750671,
    "complex_ipde": 0.0,
    "chains_ptm": {
        "0": 0.9089843034744263
    },
    "pair_chains_iptm": {
        "0": {
            "0": 0.9089843034744263
        }
    }
}