{
    "confidence_score": 0.7067458033561707,
    "ptm": 0.6637410521507263,
    "iptm": 0.0,
    "ligand_iptm": 0.0,
    "protein_iptm": 0.0,
    "complex_plddt": 0.8834322690963745,
    "complex_iplddt": 0.0,
    "complex_pde": 0.466040700674057,
    "complex_ipde": 0.0,
    "chains_ptm": {
        "0": 0.6637410521507263
    },
    "pair_chains_iptm": {
        "0": {
            "0": 0.6637410521507263
        }
    }
}