{
    "confidence_score": 0.6428305506706238,
    "ptm": 0.7644900679588318,
    "iptm": 0.0,
    "ligand_iptm": 0.0,
    "protein_iptm": 0.0,
    "complex_plddt": 0.8035382032394409,
    "complex_iplddt": 0.0,
    "complex_pde": 0.42575299739837646,
    "complex_ipde": 0.0,
    "chains_ptm": {
        "0": 0.7644900679588318
    },
    "pair_chains_iptm": {
        "0": {
            "0": 0.7644900679588318
        }
    }
}