{
    "confidence_score": 0.4937390983104706,
    "ptm": 0.5768829584121704,
    "iptm": 0.0,
    "ligand_iptm": 0.0,
    "protein_iptm": 0.0,
    "complex_plddt": 0.6171738505363464,
    "complex_iplddt": 0.0,
    "complex_pde": 2.0431976318359375,
    "complex_ipde": 0.0,
    "chains_ptm": {
        "0": 0.5768829584121704
    },
    "pair_chains_iptm": {
        "0": {
            "0": 0.5768829584121704
        }
    }
}