{
    "confidence_score": 0.7242929935455322,
    "ptm": 0.9492278099060059,
    "iptm": 0.0,
    "ligand_iptm": 0.0,
    "protein_iptm": 0.0,
    "complex_plddt": 0.9053662419319153,
    "complex_iplddt": 0.0,
    "complex_pde": 0.4509686529636383,
    "complex_ipde": 0.0,
    "chains_ptm": {
        "0": 0.9492278099060059
    },
    "pair_chains_iptm": {
        "0": {
            "0": 0.9492278099060059
        }
    }
}