{
    "confidence_score": 0.6315028667449951,
    "ptm": 0.8115248084068298,
    "iptm": 0.0,
    "ligand_iptm": 0.0,
    "protein_iptm": 0.0,
    "complex_plddt": 0.7893785834312439,
    "complex_iplddt": 0.0,
    "complex_pde": 1.1454557180404663,
    "complex_ipde": 0.0,
    "chains_ptm": {
        "0": 0.8115248084068298
    },
    "pair_chains_iptm": {
        "0": {
            "0": 0.8115248084068298
        }
    }
}