{
    "confidence_score": 0.5779380798339844,
    "ptm": 0.39852216839790344,
    "iptm": 0.0,
    "ligand_iptm": 0.0,
    "protein_iptm": 0.0,
    "complex_plddt": 0.7224225997924805,
    "complex_iplddt": 0.0,
    "complex_pde": 1.7766271829605103,
    "complex_ipde": 0.0,
    "chains_ptm": {
        "0": 0.39852216839790344
    },
    "pair_chains_iptm": {
        "0": {
            "0": 0.39852216839790344
        }
    }
}