{
    "confidence_score": 0.5755326151847839,
    "ptm": 0.6384757161140442,
    "iptm": 0.0,
    "ligand_iptm": 0.0,
    "protein_iptm": 0.0,
    "complex_plddt": 0.7194157838821411,
    "complex_iplddt": 0.0,
    "complex_pde": 1.2996916770935059,
    "complex_ipde": 0.0,
    "chains_ptm": {
        "0": 0.6384757161140442
    },
    "pair_chains_iptm": {
        "0": {
            "0": 0.6384757161140442
        }
    }
}