{
    "confidence_score": 0.6130432486534119,
    "ptm": 0.8132595419883728,
    "iptm": 0.0,
    "ligand_iptm": 0.0,
    "protein_iptm": 0.0,
    "complex_plddt": 0.7663040161132812,
    "complex_iplddt": 0.0,
    "complex_pde": 0.5405718088150024,
    "complex_ipde": 0.0,
    "chains_ptm": {
        "0": 0.8132595419883728
    },
    "pair_chains_iptm": {
        "0": {
            "0": 0.8132595419883728
        }
    }
}