{
    "confidence_score": 0.7169319987297058,
    "ptm": 0.904609739780426,
    "iptm": 0.0,
    "ligand_iptm": 0.0,
    "protein_iptm": 0.0,
    "complex_plddt": 0.8961649537086487,
    "complex_iplddt": 0.0,
    "complex_pde": 0.5721589922904968,
    "complex_ipde": 0.0,
    "chains_ptm": {
        "0": 0.904609739780426
    },
    "pair_chains_iptm": {
        "0": {
            "0": 0.904609739780426
        }
    }
}