{
    "confidence_score": 0.6403107047080994,
    "ptm": 0.8389855027198792,
    "iptm": 0.0,
    "ligand_iptm": 0.0,
    "protein_iptm": 0.0,
    "complex_plddt": 0.8003883957862854,
    "complex_iplddt": 0.0,
    "complex_pde": 0.7166026830673218,
    "complex_ipde": 0.0,
    "chains_ptm": {
        "0": 0.8389855027198792
    },
    "pair_chains_iptm": {
        "0": {
            "0": 0.8389855027198792
        }
    }
}