{
    "confidence_score": 0.7178738117218018,
    "ptm": 0.8589330911636353,
    "iptm": 0.0,
    "ligand_iptm": 0.0,
    "protein_iptm": 0.0,
    "complex_plddt": 0.8973422646522522,
    "complex_iplddt": 0.0,
    "complex_pde": 0.42625880241394043,
    "complex_ipde": 0.0,
    "chains_ptm": {
        "0": 0.8589330911636353
    },
    "pair_chains_iptm": {
        "0": {
            "0": 0.8589330911636353
        }
    }
}