{
    "confidence_score": 0.5009597539901733,
    "ptm": 0.5934667587280273,
    "iptm": 0.0,
    "ligand_iptm": 0.0,
    "protein_iptm": 0.0,
    "complex_plddt": 0.6261996626853943,
    "complex_iplddt": 0.0,
    "complex_pde": 2.090837240219116,
    "complex_ipde": 0.0,
    "chains_ptm": {
        "0": 0.5934667587280273
    },
    "pair_chains_iptm": {
        "0": {
            "0": 0.5934667587280273
        }
    }
}