{
    "confidence_score": 0.730560302734375,
    "ptm": 0.9124389290809631,
    "iptm": 0.0,
    "ligand_iptm": 0.0,
    "protein_iptm": 0.0,
    "complex_plddt": 0.9132003784179688,
    "complex_iplddt": 0.0,
    "complex_pde": 0.4014895260334015,
    "complex_ipde": 0.0,
    "chains_ptm": {
        "0": 0.9124389290809631
    },
    "pair_chains_iptm": {
        "0": {
            "0": 0.9124389290809631
        }
    }
}