{
    "confidence_score": 0.6460222601890564,
    "ptm": 0.825371503829956,
    "iptm": 0.0,
    "ligand_iptm": 0.0,
    "protein_iptm": 0.0,
    "complex_plddt": 0.8075277805328369,
    "complex_iplddt": 0.0,
    "complex_pde": 1.0940957069396973,
    "complex_ipde": 0.0,
    "chains_ptm": {
        "0": 0.825371503829956
    },
    "pair_chains_iptm": {
        "0": {
            "0": 0.825371503829956
        }
    }
}