{
    "plddts": {
        "model_1_pred_0": 69.16551711850327,
        "model_2_pred_0": 68.17008669865281,
        "model_3_pred_0": 70.88754929790416,
        "model_4_pred_0": 69.82190141763844,
        "model_5_pred_0": 68.85863922641734
    },
    "order": [
        "model_3_pred_0",
        "model_4_pred_0",
        "model_1_pred_0",
        "model_5_pred_0",
        "model_2_pred_0"
    ]
}