{
    "confidence_score": 0.6943067312240601,
    "ptm": 0.8556297421455383,
    "iptm": 0.0,
    "ligand_iptm": 0.0,
    "protein_iptm": 0.0,
    "complex_plddt": 0.8678833842277527,
    "complex_iplddt": 0.0,
    "complex_pde": 0.5017311573028564,
    "complex_ipde": 0.0,
    "chains_ptm": {
        "0": 0.8556297421455383
    },
    "pair_chains_iptm": {
        "0": {
            "0": 0.8556297421455383
        }
    }
}