{
    "confidence_score": 0.4263879954814911,
    "ptm": 0.24829715490341187,
    "iptm": 0.0,
    "ligand_iptm": 0.0,
    "protein_iptm": 0.0,
    "complex_plddt": 0.5329849720001221,
    "complex_iplddt": 0.0,
    "complex_pde": 2.477259874343872,
    "complex_ipde": 0.0,
    "chains_ptm": {
        "0": 0.24829715490341187
    },
    "pair_chains_iptm": {
        "0": {
            "0": 0.24829715490341187
        }
    }
}