{
    "confidence_score": 0.5793256163597107,
    "ptm": 0.6080623269081116,
    "iptm": 0.0,
    "ligand_iptm": 0.0,
    "protein_iptm": 0.0,
    "complex_plddt": 0.7241569757461548,
    "complex_iplddt": 0.0,
    "complex_pde": 1.258156418800354,
    "complex_ipde": 0.0,
    "chains_ptm": {
        "0": 0.6080623269081116
    },
    "pair_chains_iptm": {
        "0": {
            "0": 0.6080623269081116
        }
    }
}