{
    "confidence_score": 0.6822449564933777,
    "ptm": 0.8711432814598083,
    "iptm": 0.0,
    "ligand_iptm": 0.0,
    "protein_iptm": 0.0,
    "complex_plddt": 0.8528062105178833,
    "complex_iplddt": 0.0,
    "complex_pde": 0.5808734893798828,
    "complex_ipde": 0.0,
    "chains_ptm": {
        "0": 0.8711432814598083
    },
    "pair_chains_iptm": {
        "0": {
            "0": 0.8711432814598083
        }
    }
}