{
    "confidence_score": 0.6782438158988953,
    "ptm": 0.864395797252655,
    "iptm": 0.0,
    "ligand_iptm": 0.0,
    "protein_iptm": 0.0,
    "complex_plddt": 0.8478047251701355,
    "complex_iplddt": 0.0,
    "complex_pde": 0.5464172959327698,
    "complex_ipde": 0.0,
    "chains_ptm": {
        "0": 0.864395797252655
    },
    "pair_chains_iptm": {
        "0": {
            "0": 0.864395797252655
        }
    }
}