{
    "confidence_score": 0.7402063012123108,
    "ptm": 0.9319279193878174,
    "iptm": 0.0,
    "ligand_iptm": 0.0,
    "protein_iptm": 0.0,
    "complex_plddt": 0.9252578616142273,
    "complex_iplddt": 0.0,
    "complex_pde": 0.35531315207481384,
    "complex_ipde": 0.0,
    "chains_ptm": {
        "0": 0.9319279193878174
    },
    "pair_chains_iptm": {
        "0": {
            "0": 0.9319279193878174
        }
    }
}