{
    "confidence_score": 0.5113222599029541,
    "ptm": 0.22922208905220032,
    "iptm": 0.0,
    "ligand_iptm": 0.0,
    "protein_iptm": 0.0,
    "complex_plddt": 0.6391528248786926,
    "complex_iplddt": 0.0,
    "complex_pde": 1.783617615699768,
    "complex_ipde": 0.0,
    "chains_ptm": {
        "0": 0.22922208905220032
    },
    "pair_chains_iptm": {
        "0": {
            "0": 0.22922208905220032
        }
    }
}