{
    "confidence_score": 0.654207706451416,
    "ptm": 0.7336211800575256,
    "iptm": 0.0,
    "ligand_iptm": 0.0,
    "protein_iptm": 0.0,
    "complex_plddt": 0.81775963306427,
    "complex_iplddt": 0.0,
    "complex_pde": 1.0308111906051636,
    "complex_ipde": 0.0,
    "chains_ptm": {
        "0": 0.7336211800575256
    },
    "pair_chains_iptm": {
        "0": {
            "0": 0.7336211800575256
        }
    }
}