{
    "confidence_score": 0.39440611004829407,
    "ptm": 0.3723450005054474,
    "iptm": 0.0,
    "ligand_iptm": 0.0,
    "protein_iptm": 0.0,
    "complex_plddt": 0.493007630109787,
    "complex_iplddt": 0.0,
    "complex_pde": 2.3447253704071045,
    "complex_ipde": 0.0,
    "chains_ptm": {
        "0": 0.3723450005054474
    },
    "pair_chains_iptm": {
        "0": {
            "0": 0.3723450005054474
        }
    }
}