{
    "confidence_score": 0.6220898032188416,
    "ptm": 0.8845346570014954,
    "iptm": 0.0,
    "ligand_iptm": 0.0,
    "protein_iptm": 0.0,
    "complex_plddt": 0.7776122093200684,
    "complex_iplddt": 0.0,
    "complex_pde": 0.5675216317176819,
    "complex_ipde": 0.0,
    "chains_ptm": {
        "0": 0.8845346570014954
    },
    "pair_chains_iptm": {
        "0": {
            "0": 0.8845346570014954
        }
    }
}