{
    "confidence_score": 0.6734057068824768,
    "ptm": 0.3847495913505554,
    "iptm": 0.0,
    "ligand_iptm": 0.0,
    "protein_iptm": 0.0,
    "complex_plddt": 0.8417571187019348,
    "complex_iplddt": 0.0,
    "complex_pde": 1.4479933977127075,
    "complex_ipde": 0.0,
    "chains_ptm": {
        "0": 0.3847495913505554
    },
    "pair_chains_iptm": {
        "0": {
            "0": 0.3847495913505554
        }
    }
}