{
    "confidence_score": 0.6896989941596985,
    "ptm": 0.8520120978355408,
    "iptm": 0.0,
    "ligand_iptm": 0.0,
    "protein_iptm": 0.0,
    "complex_plddt": 0.8621237277984619,
    "complex_iplddt": 0.0,
    "complex_pde": 0.5102691650390625,
    "complex_ipde": 0.0,
    "chains_ptm": {
        "0": 0.8520120978355408
    },
    "pair_chains_iptm": {
        "0": {
            "0": 0.8520120978355408
        }
    }
}