{
    "confidence_score": 0.6872007250785828,
    "ptm": 0.7811289429664612,
    "iptm": 0.0,
    "ligand_iptm": 0.0,
    "protein_iptm": 0.0,
    "complex_plddt": 0.8590008616447449,
    "complex_iplddt": 0.0,
    "complex_pde": 0.6852915287017822,
    "complex_ipde": 0.0,
    "chains_ptm": {
        "0": 0.7811289429664612
    },
    "pair_chains_iptm": {
        "0": {
            "0": 0.7811289429664612
        }
    }
}