{
    "confidence_score": 0.5399103164672852,
    "ptm": 0.38157105445861816,
    "iptm": 0.0,
    "ligand_iptm": 0.0,
    "protein_iptm": 0.0,
    "complex_plddt": 0.6748878955841064,
    "complex_iplddt": 0.0,
    "complex_pde": 1.5994553565979004,
    "complex_ipde": 0.0,
    "chains_ptm": {
        "0": 0.38157105445861816
    },
    "pair_chains_iptm": {
        "0": {
            "0": 0.38157105445861816
        }
    }
}