{
    "confidence_score": 0.49513107538223267,
    "ptm": 0.385757178068161,
    "iptm": 0.0,
    "ligand_iptm": 0.0,
    "protein_iptm": 0.0,
    "complex_plddt": 0.6189138293266296,
    "complex_iplddt": 0.0,
    "complex_pde": 2.526263475418091,
    "complex_ipde": 0.0,
    "chains_ptm": {
        "0": 0.385757178068161
    },
    "pair_chains_iptm": {
        "0": {
            "0": 0.385757178068161
        }
    }
}