{
    "confidence_score": 0.5442752242088318,
    "ptm": 0.7102715373039246,
    "iptm": 0.0,
    "ligand_iptm": 0.0,
    "protein_iptm": 0.0,
    "complex_plddt": 0.6803439855575562,
    "complex_iplddt": 0.0,
    "complex_pde": 0.7708568572998047,
    "complex_ipde": 0.0,
    "chains_ptm": {
        "0": 0.7102715373039246
    },
    "pair_chains_iptm": {
        "0": {
            "0": 0.7102715373039246
        }
    }
}