{
    "confidence_score": 0.6842324733734131,
    "ptm": 0.8947007656097412,
    "iptm": 0.0,
    "ligand_iptm": 0.0,
    "protein_iptm": 0.0,
    "complex_plddt": 0.8552905917167664,
    "complex_iplddt": 0.0,
    "complex_pde": 0.4163062870502472,
    "complex_ipde": 0.0,
    "chains_ptm": {
        "0": 0.8947007656097412
    },
    "pair_chains_iptm": {
        "0": {
            "0": 0.8947007656097412
        }
    }
}