{
    "confidence_score": 0.5440348982810974,
    "ptm": 0.7730300426483154,
    "iptm": 0.0,
    "ligand_iptm": 0.0,
    "protein_iptm": 0.0,
    "complex_plddt": 0.680043637752533,
    "complex_iplddt": 0.0,
    "complex_pde": 0.6474559307098389,
    "complex_ipde": 0.0,
    "chains_ptm": {
        "0": 0.7730300426483154
    },
    "pair_chains_iptm": {
        "0": {
            "0": 0.7730300426483154
        }
    }
}