{
    "confidence_score": 0.7605999112129211,
    "ptm": 0.9553308486938477,
    "iptm": 0.0,
    "ligand_iptm": 0.0,
    "protein_iptm": 0.0,
    "complex_plddt": 0.9507498741149902,
    "complex_iplddt": 0.0,
    "complex_pde": 0.31925320625305176,
    "complex_ipde": 0.0,
    "chains_ptm": {
        "0": 0.9553308486938477
    },
    "pair_chains_iptm": {
        "0": {
            "0": 0.9553308486938477
        }
    }
}