{
    "confidence_score": 0.6673285365104675,
    "ptm": 0.4148060977458954,
    "iptm": 0.0,
    "ligand_iptm": 0.0,
    "protein_iptm": 0.0,
    "complex_plddt": 0.8341606855392456,
    "complex_iplddt": 0.0,
    "complex_pde": 1.0331203937530518,
    "complex_ipde": 0.0,
    "chains_ptm": {
        "0": 0.4148060977458954
    },
    "pair_chains_iptm": {
        "0": {
            "0": 0.4148060977458954
        }
    }
}