{
    "confidence_score": 0.7266674041748047,
    "ptm": 0.9306341409683228,
    "iptm": 0.0,
    "ligand_iptm": 0.0,
    "protein_iptm": 0.0,
    "complex_plddt": 0.9083342552185059,
    "complex_iplddt": 0.0,
    "complex_pde": 0.36879947781562805,
    "complex_ipde": 0.0,
    "chains_ptm": {
        "0": 0.9306341409683228
    },
    "pair_chains_iptm": {
        "0": {
            "0": 0.9306341409683228
        }
    }
}