{
    "confidence_score": 0.5598177909851074,
    "ptm": 0.5037617087364197,
    "iptm": 0.0,
    "ligand_iptm": 0.0,
    "protein_iptm": 0.0,
    "complex_plddt": 0.6997722387313843,
    "complex_iplddt": 0.0,
    "complex_pde": 1.1607531309127808,
    "complex_ipde": 0.0,
    "chains_ptm": {
        "0": 0.5037617087364197
    },
    "pair_chains_iptm": {
        "0": {
            "0": 0.5037617087364197
        }
    }
}