{
    "confidence_score": 0.7390539050102234,
    "ptm": 0.9166235327720642,
    "iptm": 0.0,
    "ligand_iptm": 0.0,
    "protein_iptm": 0.0,
    "complex_plddt": 0.9238173961639404,
    "complex_iplddt": 0.0,
    "complex_pde": 0.6613357663154602,
    "complex_ipde": 0.0,
    "chains_ptm": {
        "0": 0.9166235327720642
    },
    "pair_chains_iptm": {
        "0": {
            "0": 0.9166235327720642
        }
    }
}