{
    "confidence_score": 0.4788484275341034,
    "ptm": 0.4601008892059326,
    "iptm": 0.0,
    "ligand_iptm": 0.0,
    "protein_iptm": 0.0,
    "complex_plddt": 0.5985605120658875,
    "complex_iplddt": 0.0,
    "complex_pde": 1.7787446975708008,
    "complex_ipde": 0.0,
    "chains_ptm": {
        "0": 0.4601008892059326
    },
    "pair_chains_iptm": {
        "0": {
            "0": 0.4601008892059326
        }
    }
}