{
    "confidence_score": 0.6365012526512146,
    "ptm": 0.6815211772918701,
    "iptm": 0.0,
    "ligand_iptm": 0.0,
    "protein_iptm": 0.0,
    "complex_plddt": 0.7956265807151794,
    "complex_iplddt": 0.0,
    "complex_pde": 1.4629297256469727,
    "complex_ipde": 0.0,
    "chains_ptm": {
        "0": 0.6815211772918701
    },
    "pair_chains_iptm": {
        "0": {
            "0": 0.6815211772918701
        }
    }
}