{
    "confidence_score": 0.5634275674819946,
    "ptm": 0.38739174604415894,
    "iptm": 0.0,
    "ligand_iptm": 0.0,
    "protein_iptm": 0.0,
    "complex_plddt": 0.7042844295501709,
    "complex_iplddt": 0.0,
    "complex_pde": 2.1109955310821533,
    "complex_ipde": 0.0,
    "chains_ptm": {
        "0": 0.38739174604415894
    },
    "pair_chains_iptm": {
        "0": {
            "0": 0.38739174604415894
        }
    }
}