{
    "confidence_score": 0.6561015248298645,
    "ptm": 0.8287071585655212,
    "iptm": 0.0,
    "ligand_iptm": 0.0,
    "protein_iptm": 0.0,
    "complex_plddt": 0.8201268911361694,
    "complex_iplddt": 0.0,
    "complex_pde": 0.41123658418655396,
    "complex_ipde": 0.0,
    "chains_ptm": {
        "0": 0.8287071585655212
    },
    "pair_chains_iptm": {
        "0": {
            "0": 0.8287071585655212
        }
    }
}