{
    "confidence_score": 0.6188103556632996,
    "ptm": 0.8990384340286255,
    "iptm": 0.0,
    "ligand_iptm": 0.0,
    "protein_iptm": 0.0,
    "complex_plddt": 0.7735129594802856,
    "complex_iplddt": 0.0,
    "complex_pde": 0.5253518223762512,
    "complex_ipde": 0.0,
    "chains_ptm": {
        "0": 0.8990384340286255
    },
    "pair_chains_iptm": {
        "0": {
            "0": 0.8990384340286255
        }
    }
}