{
    "confidence_score": 0.7317844033241272,
    "ptm": 0.8089990615844727,
    "iptm": 0.0,
    "ligand_iptm": 0.0,
    "protein_iptm": 0.0,
    "complex_plddt": 0.9147304892539978,
    "complex_iplddt": 0.0,
    "complex_pde": 0.42676860094070435,
    "complex_ipde": 0.0,
    "chains_ptm": {
        "0": 0.8089990615844727
    },
    "pair_chains_iptm": {
        "0": {
            "0": 0.8089990615844727
        }
    }
}