{
    "confidence_score": 0.6151220202445984,
    "ptm": 0.6122056841850281,
    "iptm": 0.0,
    "ligand_iptm": 0.0,
    "protein_iptm": 0.0,
    "complex_plddt": 0.7689025402069092,
    "complex_iplddt": 0.0,
    "complex_pde": 0.7985610365867615,
    "complex_ipde": 0.0,
    "chains_ptm": {
        "0": 0.6122056841850281
    },
    "pair_chains_iptm": {
        "0": {
            "0": 0.6122056841850281
        }
    }
}