{
    "confidence_score": 0.4952758848667145,
    "ptm": 0.4176945090293884,
    "iptm": 0.0,
    "ligand_iptm": 0.0,
    "protein_iptm": 0.0,
    "complex_plddt": 0.6190948486328125,
    "complex_iplddt": 0.0,
    "complex_pde": 1.256987452507019,
    "complex_ipde": 0.0,
    "chains_ptm": {
        "0": 0.4176945090293884
    },
    "pair_chains_iptm": {
        "0": {
            "0": 0.4176945090293884
        }
    }
}