{
    "plddts": {
        "model_1_pred_0": 82.37318064782843,
        "model_2_pred_0": 83.46937131874043,
        "model_3_pred_0": 83.74341952265704,
        "model_4_pred_0": 82.67797160604637,
        "model_5_pred_0": 82.45688947183204
    },
    "order": [
        "model_3_pred_0",
        "model_2_pred_0",
        "model_4_pred_0",
        "model_5_pred_0",
        "model_1_pred_0"
    ]
}