{
    "features": 2060.222074985504,
    "process_features_model_1_pred_0": 1.6451401710510254,
    "predict_and_compile_model_1_pred_0": 500.38773107528687,
    "process_features_model_2_pred_0": 1.7245416641235352,
    "predict_and_compile_model_2_pred_0": 458.4432713985443,
    "process_features_model_3_pred_0": 1.2888948917388916,
    "predict_and_compile_model_3_pred_0": 432.45301580429077,
    "process_features_model_4_pred_0": 1.3465299606323242,
    "predict_and_compile_model_4_pred_0": 430.44826340675354,
    "process_features_model_5_pred_0": 1.8390851020812988,
    "predict_and_compile_model_5_pred_0": 396.5838236808777,
    "relax_model_1_pred_0": 220.81329536437988
}