{
    "confidence_score": 0.6583110094070435,
    "ptm": 0.7662476897239685,
    "iptm": 0.0,
    "ligand_iptm": 0.0,
    "protein_iptm": 0.0,
    "complex_plddt": 0.8228887319564819,
    "complex_iplddt": 0.0,
    "complex_pde": 0.724424421787262,
    "complex_ipde": 0.0,
    "chains_ptm": {
        "0": 0.7662476897239685
    },
    "pair_chains_iptm": {
        "0": {
            "0": 0.7662476897239685
        }
    }
}