{
    "confidence_score": 0.6936072707176208,
    "ptm": 0.8965162038803101,
    "iptm": 0.0,
    "ligand_iptm": 0.0,
    "protein_iptm": 0.0,
    "complex_plddt": 0.8670091032981873,
    "complex_iplddt": 0.0,
    "complex_pde": 0.4692833125591278,
    "complex_ipde": 0.0,
    "chains_ptm": {
        "0": 0.8965162038803101
    },
    "pair_chains_iptm": {
        "0": {
            "0": 0.8965162038803101
        }
    }
}