{
    "confidence_score": 0.673954427242279,
    "ptm": 0.7903687953948975,
    "iptm": 0.0,
    "ligand_iptm": 0.0,
    "protein_iptm": 0.0,
    "complex_plddt": 0.84244304895401,
    "complex_iplddt": 0.0,
    "complex_pde": 0.8093103170394897,
    "complex_ipde": 0.0,
    "chains_ptm": {
        "0": 0.7903687953948975
    },
    "pair_chains_iptm": {
        "0": {
            "0": 0.7903687953948975
        }
    }
}