{
    "confidence_score": 0.6950029134750366,
    "ptm": 0.8931265473365784,
    "iptm": 0.0,
    "ligand_iptm": 0.0,
    "protein_iptm": 0.0,
    "complex_plddt": 0.8687536120414734,
    "complex_iplddt": 0.0,
    "complex_pde": 0.5146003365516663,
    "complex_ipde": 0.0,
    "chains_ptm": {
        "0": 0.8931265473365784
    },
    "pair_chains_iptm": {
        "0": {
            "0": 0.8931265473365784
        }
    }
}