{
    "confidence_score": 0.7153242230415344,
    "ptm": 0.8749732971191406,
    "iptm": 0.0,
    "ligand_iptm": 0.0,
    "protein_iptm": 0.0,
    "complex_plddt": 0.8941552639007568,
    "complex_iplddt": 0.0,
    "complex_pde": 0.4359554052352905,
    "complex_ipde": 0.0,
    "chains_ptm": {
        "0": 0.8749732971191406
    },
    "pair_chains_iptm": {
        "0": {
            "0": 0.8749732971191406
        }
    }
}