{
    "confidence_score": 0.6996984481811523,
    "ptm": 0.8797808289527893,
    "iptm": 0.0,
    "ligand_iptm": 0.0,
    "protein_iptm": 0.0,
    "complex_plddt": 0.8746230602264404,
    "complex_iplddt": 0.0,
    "complex_pde": 0.5336501598358154,
    "complex_ipde": 0.0,
    "chains_ptm": {
        "0": 0.8797808289527893
    },
    "pair_chains_iptm": {
        "0": {
            "0": 0.8797808289527893
        }
    }
}