{
    "confidence_score": 0.5718583464622498,
    "ptm": 0.3852912187576294,
    "iptm": 0.0,
    "ligand_iptm": 0.0,
    "protein_iptm": 0.0,
    "complex_plddt": 0.7148228883743286,
    "complex_iplddt": 0.0,
    "complex_pde": 1.0199737548828125,
    "complex_ipde": 0.0,
    "chains_ptm": {
        "0": 0.3852912187576294
    },
    "pair_chains_iptm": {
        "0": {
            "0": 0.3852912187576294
        }
    }
}