{
    "confidence_score": 0.5950722694396973,
    "ptm": 0.6956835389137268,
    "iptm": 0.0,
    "ligand_iptm": 0.0,
    "protein_iptm": 0.0,
    "complex_plddt": 0.7438403367996216,
    "complex_iplddt": 0.0,
    "complex_pde": 1.2190452814102173,
    "complex_ipde": 0.0,
    "chains_ptm": {
        "0": 0.6956835389137268
    },
    "pair_chains_iptm": {
        "0": {
            "0": 0.6956835389137268
        }
    }
}