{
    "confidence_score": 0.7077476382255554,
    "ptm": 0.909247875213623,
    "iptm": 0.0,
    "ligand_iptm": 0.0,
    "protein_iptm": 0.0,
    "complex_plddt": 0.8846845030784607,
    "complex_iplddt": 0.0,
    "complex_pde": 0.4111989736557007,
    "complex_ipde": 0.0,
    "chains_ptm": {
        "0": 0.909247875213623
    },
    "pair_chains_iptm": {
        "0": {
            "0": 0.909247875213623
        }
    }
}