{
    "confidence_score": 0.6256375312805176,
    "ptm": 0.8042342066764832,
    "iptm": 0.0,
    "ligand_iptm": 0.0,
    "protein_iptm": 0.0,
    "complex_plddt": 0.782046914100647,
    "complex_iplddt": 0.0,
    "complex_pde": 0.9858773946762085,
    "complex_ipde": 0.0,
    "chains_ptm": {
        "0": 0.8042342066764832
    },
    "pair_chains_iptm": {
        "0": {
            "0": 0.8042342066764832
        }
    }
}