{
    "confidence_score": 0.46438756585121155,
    "ptm": 0.3144644796848297,
    "iptm": 0.0,
    "ligand_iptm": 0.0,
    "protein_iptm": 0.0,
    "complex_plddt": 0.5804844498634338,
    "complex_iplddt": 0.0,
    "complex_pde": 2.717180013656616,
    "complex_ipde": 0.0,
    "chains_ptm": {
        "0": 0.3144644796848297
    },
    "pair_chains_iptm": {
        "0": {
            "0": 0.3144644796848297
        }
    }
}