{
    "plddts": {
        "model_1_pred_0": 76.727231839683,
        "model_2_pred_0": 79.19014378495018,
        "model_3_pred_0": 77.91667230105031,
        "model_4_pred_0": 77.69887029471032,
        "model_5_pred_0": 74.7940994786409
    },
    "order": [
        "model_2_pred_0",
        "model_3_pred_0",
        "model_4_pred_0",
        "model_1_pred_0",
        "model_5_pred_0"
    ]
}