{
    "features": 4990.305879354477,
    "process_features_model_1_pred_0": 12.469547748565674,
    "predict_and_compile_model_1_pred_0": 402.99672651290894,
    "process_features_model_2_pred_0": 13.60368537902832,
    "predict_and_compile_model_2_pred_0": 377.1143033504486,
    "process_features_model_3_pred_0": 13.07626724243164,
    "predict_and_compile_model_3_pred_0": 349.93412923812866,
    "process_features_model_4_pred_0": 12.804052829742432,
    "predict_and_compile_model_4_pred_0": 342.86971783638,
    "process_features_model_5_pred_0": 14.218806982040405,
    "predict_and_compile_model_5_pred_0": 314.6076421737671,
    "relax_model_2_pred_0": 90.01611185073853
}