{
    "confidence_score": 0.700157105922699,
    "ptm": 0.8278982639312744,
    "iptm": 0.0,
    "ligand_iptm": 0.0,
    "protein_iptm": 0.0,
    "complex_plddt": 0.8751963973045349,
    "complex_iplddt": 0.0,
    "complex_pde": 0.5042322278022766,
    "complex_ipde": 0.0,
    "chains_ptm": {
        "0": 0.8278982639312744
    },
    "pair_chains_iptm": {
        "0": {
            "0": 0.8278982639312744
        }
    }
}