{
    "confidence_score": 0.7278792858123779,
    "ptm": 0.8874390125274658,
    "iptm": 0.0,
    "ligand_iptm": 0.0,
    "protein_iptm": 0.0,
    "complex_plddt": 0.9098491072654724,
    "complex_iplddt": 0.0,
    "complex_pde": 0.4962782561779022,
    "complex_ipde": 0.0,
    "chains_ptm": {
        "0": 0.8874390125274658
    },
    "pair_chains_iptm": {
        "0": {
            "0": 0.8874390125274658
        }
    }
}