{
    "confidence_score": 0.6888510584831238,
    "ptm": 0.6487575769424438,
    "iptm": 0.0,
    "ligand_iptm": 0.0,
    "protein_iptm": 0.0,
    "complex_plddt": 0.8610638380050659,
    "complex_iplddt": 0.0,
    "complex_pde": 0.5941867232322693,
    "complex_ipde": 0.0,
    "chains_ptm": {
        "0": 0.6487575769424438
    },
    "pair_chains_iptm": {
        "0": {
            "0": 0.6487575769424438
        }
    }
}