{
    "confidence_score": 0.6472645998001099,
    "ptm": 0.8158541321754456,
    "iptm": 0.0,
    "ligand_iptm": 0.0,
    "protein_iptm": 0.0,
    "complex_plddt": 0.8090807199478149,
    "complex_iplddt": 0.0,
    "complex_pde": 0.5922073721885681,
    "complex_ipde": 0.0,
    "chains_ptm": {
        "0": 0.8158541321754456
    },
    "pair_chains_iptm": {
        "0": {
            "0": 0.8158541321754456
        }
    }
}