{
    "confidence_score": 0.7556202411651611,
    "ptm": 0.9485292434692383,
    "iptm": 0.0,
    "ligand_iptm": 0.0,
    "protein_iptm": 0.0,
    "complex_plddt": 0.9445253014564514,
    "complex_iplddt": 0.0,
    "complex_pde": 0.34136971831321716,
    "complex_ipde": 0.0,
    "chains_ptm": {
        "0": 0.9485292434692383
    },
    "pair_chains_iptm": {
        "0": {
            "0": 0.9485292434692383
        }
    }
}