{
    "confidence_score": 0.7300521731376648,
    "ptm": 0.9240667223930359,
    "iptm": 0.0,
    "ligand_iptm": 0.0,
    "protein_iptm": 0.0,
    "complex_plddt": 0.9125651717185974,
    "complex_iplddt": 0.0,
    "complex_pde": 0.5278779864311218,
    "complex_ipde": 0.0,
    "chains_ptm": {
        "0": 0.9240667223930359
    },
    "pair_chains_iptm": {
        "0": {
            "0": 0.9240667223930359
        }
    }
}