{
    "confidence_score": 0.6843886971473694,
    "ptm": 0.8479108214378357,
    "iptm": 0.0,
    "ligand_iptm": 0.0,
    "protein_iptm": 0.0,
    "complex_plddt": 0.8554858565330505,
    "complex_iplddt": 0.0,
    "complex_pde": 0.5770236253738403,
    "complex_ipde": 0.0,
    "chains_ptm": {
        "0": 0.8479108214378357
    },
    "pair_chains_iptm": {
        "0": {
            "0": 0.8479108214378357
        }
    }
}