{
    "confidence_score": 0.7186064124107361,
    "ptm": 0.9207738041877747,
    "iptm": 0.0,
    "ligand_iptm": 0.0,
    "protein_iptm": 0.0,
    "complex_plddt": 0.8982580304145813,
    "complex_iplddt": 0.0,
    "complex_pde": 0.44783538579940796,
    "complex_ipde": 0.0,
    "chains_ptm": {
        "0": 0.9207738041877747
    },
    "pair_chains_iptm": {
        "0": {
            "0": 0.9207738041877747
        }
    }
}