{
    "plddts": {
        "model_1_pred_0": 80.90597220364229,
        "model_2_pred_0": 79.81155167704634,
        "model_3_pred_0": 81.68489426777633,
        "model_4_pred_0": 82.87573273573558,
        "model_5_pred_0": 80.76188058128004
    },
    "order": [
        "model_4_pred_0",
        "model_3_pred_0",
        "model_1_pred_0",
        "model_5_pred_0",
        "model_2_pred_0"
    ]
}