{
    "plddts": {
        "model_1_pred_0": 36.950344620658136,
        "model_2_pred_0": 32.099221944334225,
        "model_3_pred_0": 29.470200310845726,
        "model_4_pred_0": 31.001821740062613,
        "model_5_pred_0": 26.6593025946633
    },
    "order": [
        "model_1_pred_0",
        "model_2_pred_0",
        "model_4_pred_0",
        "model_3_pred_0",
        "model_5_pred_0"
    ]
}