{
    "features": 1780.8066651821136,
    "process_features_model_1_pred_0": 1.5073895454406738,
    "predict_and_compile_model_1_pred_0": 331.51362681388855,
    "process_features_model_2_pred_0": 1.573291301727295,
    "predict_and_compile_model_2_pred_0": 300.14964509010315,
    "process_features_model_3_pred_0": 1.2132673263549805,
    "predict_and_compile_model_3_pred_0": 274.72301268577576,
    "process_features_model_4_pred_0": 1.1809155941009521,
    "predict_and_compile_model_4_pred_0": 274.3100860118866,
    "process_features_model_5_pred_0": 1.1635191440582275,
    "predict_and_compile_model_5_pred_0": 253.6333305835724,
    "relax_model_1_pred_0": 60.39813280105591
}