{
    "confidence_score": 0.5095723867416382,
    "ptm": 0.5606522560119629,
    "iptm": 0.0,
    "ligand_iptm": 0.0,
    "protein_iptm": 0.0,
    "complex_plddt": 0.6369654536247253,
    "complex_iplddt": 0.0,
    "complex_pde": 2.216686964035034,
    "complex_ipde": 0.0,
    "chains_ptm": {
        "0": 0.5606522560119629
    },
    "pair_chains_iptm": {
        "0": {
            "0": 0.5606522560119629
        }
    }
}