{
    "confidence_score": 0.6903394460678101,
    "ptm": 0.898584246635437,
    "iptm": 0.0,
    "ligand_iptm": 0.0,
    "protein_iptm": 0.0,
    "complex_plddt": 0.8629242777824402,
    "complex_iplddt": 0.0,
    "complex_pde": 0.4288559556007385,
    "complex_ipde": 0.0,
    "chains_ptm": {
        "0": 0.898584246635437
    },
    "pair_chains_iptm": {
        "0": {
            "0": 0.898584246635437
        }
    }
}