{
    "confidence_score": 0.7352873682975769,
    "ptm": 0.9114019870758057,
    "iptm": 0.0,
    "ligand_iptm": 0.0,
    "protein_iptm": 0.0,
    "complex_plddt": 0.9191092252731323,
    "complex_iplddt": 0.0,
    "complex_pde": 0.4281107485294342,
    "complex_ipde": 0.0,
    "chains_ptm": {
        "0": 0.9114019870758057
    },
    "pair_chains_iptm": {
        "0": {
            "0": 0.9114019870758057
        }
    }
}