{
    "confidence_score": 0.713352382183075,
    "ptm": 0.9074956178665161,
    "iptm": 0.0,
    "ligand_iptm": 0.0,
    "protein_iptm": 0.0,
    "complex_plddt": 0.8916904926300049,
    "complex_iplddt": 0.0,
    "complex_pde": 0.5546655654907227,
    "complex_ipde": 0.0,
    "chains_ptm": {
        "0": 0.9074956178665161
    },
    "pair_chains_iptm": {
        "0": {
            "0": 0.9074956178665161
        }
    }
}