{
    "confidence_score": 0.5382722616195679,
    "ptm": 0.5372949838638306,
    "iptm": 0.0,
    "ligand_iptm": 0.0,
    "protein_iptm": 0.0,
    "complex_plddt": 0.6728402972221375,
    "complex_iplddt": 0.0,
    "complex_pde": 1.5503090620040894,
    "complex_ipde": 0.0,
    "chains_ptm": {
        "0": 0.5372949838638306
    },
    "pair_chains_iptm": {
        "0": {
            "0": 0.5372949838638306
        }
    }
}