{
    "confidence_score": 0.7601787447929382,
    "ptm": 0.9616677165031433,
    "iptm": 0.0,
    "ligand_iptm": 0.0,
    "protein_iptm": 0.0,
    "complex_plddt": 0.9502233862876892,
    "complex_iplddt": 0.0,
    "complex_pde": 0.31250080466270447,
    "complex_ipde": 0.0,
    "chains_ptm": {
        "0": 0.9616677165031433
    },
    "pair_chains_iptm": {
        "0": {
            "0": 0.9616677165031433
        }
    }
}