{
    "confidence_score": 0.45615726709365845,
    "ptm": 0.2569388151168823,
    "iptm": 0.0,
    "ligand_iptm": 0.0,
    "protein_iptm": 0.0,
    "complex_plddt": 0.5701965689659119,
    "complex_iplddt": 0.0,
    "complex_pde": 1.8020282983779907,
    "complex_ipde": 0.0,
    "chains_ptm": {
        "0": 0.2569388151168823
    },
    "pair_chains_iptm": {
        "0": {
            "0": 0.2569388151168823
        }
    }
}