{
    "confidence_score": 0.6461837887763977,
    "ptm": 0.854370653629303,
    "iptm": 0.0,
    "ligand_iptm": 0.0,
    "protein_iptm": 0.0,
    "complex_plddt": 0.8077297210693359,
    "complex_iplddt": 0.0,
    "complex_pde": 0.5944756865501404,
    "complex_ipde": 0.0,
    "chains_ptm": {
        "0": 0.854370653629303
    },
    "pair_chains_iptm": {
        "0": {
            "0": 0.854370653629303
        }
    }
}