{
    "confidence_score": 0.5175620913505554,
    "ptm": 0.3501932919025421,
    "iptm": 0.0,
    "ligand_iptm": 0.0,
    "protein_iptm": 0.0,
    "complex_plddt": 0.6469525694847107,
    "complex_iplddt": 0.0,
    "complex_pde": 1.6984617710113525,
    "complex_ipde": 0.0,
    "chains_ptm": {
        "0": 0.3501932919025421
    },
    "pair_chains_iptm": {
        "0": {
            "0": 0.3501932919025421
        }
    }
}