{
    "features": 2297.452615261078,
    "process_features_model_1_pred_0": 1.3916032314300537,
    "predict_and_compile_model_1_pred_0": 328.71433115005493,
    "process_features_model_2_pred_0": 1.5469796657562256,
    "predict_and_compile_model_2_pred_0": 296.8750796318054,
    "process_features_model_3_pred_0": 1.2001066207885742,
    "predict_and_compile_model_3_pred_0": 272.4964790344238,
    "process_features_model_4_pred_0": 1.2187788486480713,
    "predict_and_compile_model_4_pred_0": 272.52280855178833,
    "process_features_model_5_pred_0": 1.2121906280517578,
    "predict_and_compile_model_5_pred_0": 247.24598169326782,
    "relax_model_2_pred_0": 142.29241847991943
}