{
    "confidence_score": 0.5698639750480652,
    "ptm": 0.48968571424484253,
    "iptm": 0.0,
    "ligand_iptm": 0.0,
    "protein_iptm": 0.0,
    "complex_plddt": 0.7123299241065979,
    "complex_iplddt": 0.0,
    "complex_pde": 1.7449089288711548,
    "complex_ipde": 0.0,
    "chains_ptm": {
        "0": 0.48968571424484253
    },
    "pair_chains_iptm": {
        "0": {
            "0": 0.48968571424484253
        }
    }
}