{
    "confidence_score": 0.6400548815727234,
    "ptm": 0.6651532649993896,
    "iptm": 0.0,
    "ligand_iptm": 0.0,
    "protein_iptm": 0.0,
    "complex_plddt": 0.8000685572624207,
    "complex_iplddt": 0.0,
    "complex_pde": 1.6595882177352905,
    "complex_ipde": 0.0,
    "chains_ptm": {
        "0": 0.6651532649993896
    },
    "pair_chains_iptm": {
        "0": {
            "0": 0.6651532649993896
        }
    }
}