{
    "confidence_score": 0.6812980771064758,
    "ptm": 0.8958120942115784,
    "iptm": 0.0,
    "ligand_iptm": 0.0,
    "protein_iptm": 0.0,
    "complex_plddt": 0.8516225814819336,
    "complex_iplddt": 0.0,
    "complex_pde": 0.5001035332679749,
    "complex_ipde": 0.0,
    "chains_ptm": {
        "0": 0.8958120942115784
    },
    "pair_chains_iptm": {
        "0": {
            "0": 0.8958120942115784
        }
    }
}