{
    "confidence_score": 0.60710608959198,
    "ptm": 0.8479520678520203,
    "iptm": 0.0,
    "ligand_iptm": 0.0,
    "protein_iptm": 0.0,
    "complex_plddt": 0.7588825821876526,
    "complex_iplddt": 0.0,
    "complex_pde": 0.6587581038475037,
    "complex_ipde": 0.0,
    "chains_ptm": {
        "0": 0.8479520678520203
    },
    "pair_chains_iptm": {
        "0": {
            "0": 0.8479520678520203
        }
    }
}