{
    "confidence_score": 0.6520317792892456,
    "ptm": 0.8635278344154358,
    "iptm": 0.0,
    "ligand_iptm": 0.0,
    "protein_iptm": 0.0,
    "complex_plddt": 0.8150396943092346,
    "complex_iplddt": 0.0,
    "complex_pde": 1.0651025772094727,
    "complex_ipde": 0.0,
    "chains_ptm": {
        "0": 0.8635278344154358
    },
    "pair_chains_iptm": {
        "0": {
            "0": 0.8635278344154358
        }
    }
}