{
    "confidence_score": 0.688134491443634,
    "ptm": 0.902668833732605,
    "iptm": 0.0,
    "ligand_iptm": 0.0,
    "protein_iptm": 0.0,
    "complex_plddt": 0.8601680994033813,
    "complex_iplddt": 0.0,
    "complex_pde": 0.6317388415336609,
    "complex_ipde": 0.0,
    "chains_ptm": {
        "0": 0.902668833732605
    },
    "pair_chains_iptm": {
        "0": {
            "0": 0.902668833732605
        }
    }
}