{
    "confidence_score": 0.5159137845039368,
    "ptm": 0.3330008387565613,
    "iptm": 0.0,
    "ligand_iptm": 0.0,
    "protein_iptm": 0.0,
    "complex_plddt": 0.6448922157287598,
    "complex_iplddt": 0.0,
    "complex_pde": 1.8379871845245361,
    "complex_ipde": 0.0,
    "chains_ptm": {
        "0": 0.3330008387565613
    },
    "pair_chains_iptm": {
        "0": {
            "0": 0.3330008387565613
        }
    }
}