{
    "confidence_score": 0.6532859206199646,
    "ptm": 0.8603558540344238,
    "iptm": 0.0,
    "ligand_iptm": 0.0,
    "protein_iptm": 0.0,
    "complex_plddt": 0.8166074156761169,
    "complex_iplddt": 0.0,
    "complex_pde": 0.7650356888771057,
    "complex_ipde": 0.0,
    "chains_ptm": {
        "0": 0.8603558540344238
    },
    "pair_chains_iptm": {
        "0": {
            "0": 0.8603558540344238
        }
    }
}