{
    "confidence_score": 0.6264213919639587,
    "ptm": 0.9052125215530396,
    "iptm": 0.0,
    "ligand_iptm": 0.0,
    "protein_iptm": 0.0,
    "complex_plddt": 0.7830266952514648,
    "complex_iplddt": 0.0,
    "complex_pde": 0.6768344044685364,
    "complex_ipde": 0.0,
    "chains_ptm": {
        "0": 0.9052125215530396
    },
    "pair_chains_iptm": {
        "0": {
            "0": 0.9052125215530396
        }
    }
}