{
    "confidence_score": 0.6719639897346497,
    "ptm": 0.9193099141120911,
    "iptm": 0.0,
    "ligand_iptm": 0.0,
    "protein_iptm": 0.0,
    "complex_plddt": 0.8399549722671509,
    "complex_iplddt": 0.0,
    "complex_pde": 0.4156688153743744,
    "complex_ipde": 0.0,
    "chains_ptm": {
        "0": 0.9193099141120911
    },
    "pair_chains_iptm": {
        "0": {
            "0": 0.9193099141120911
        }
    }
}