{
    "confidence_score": 0.6750224232673645,
    "ptm": 0.8713957071304321,
    "iptm": 0.0,
    "ligand_iptm": 0.0,
    "protein_iptm": 0.0,
    "complex_plddt": 0.8437780141830444,
    "complex_iplddt": 0.0,
    "complex_pde": 0.6883850693702698,
    "complex_ipde": 0.0,
    "chains_ptm": {
        "0": 0.8713957071304321
    },
    "pair_chains_iptm": {
        "0": {
            "0": 0.8713957071304321
        }
    }
}