{
    "confidence_score": 0.498563289642334,
    "ptm": 0.7046185731887817,
    "iptm": 0.0,
    "ligand_iptm": 0.0,
    "protein_iptm": 0.0,
    "complex_plddt": 0.6232041120529175,
    "complex_iplddt": 0.0,
    "complex_pde": 0.8699615001678467,
    "complex_ipde": 0.0,
    "chains_ptm": {
        "0": 0.7046185731887817
    },
    "pair_chains_iptm": {
        "0": {
            "0": 0.7046185731887817
        }
    }
}