{
    "confidence_score": 0.6887845396995544,
    "ptm": 0.9060893654823303,
    "iptm": 0.0,
    "ligand_iptm": 0.0,
    "protein_iptm": 0.0,
    "complex_plddt": 0.8609806895256042,
    "complex_iplddt": 0.0,
    "complex_pde": 0.4692639112472534,
    "complex_ipde": 0.0,
    "chains_ptm": {
        "0": 0.9060893654823303
    },
    "pair_chains_iptm": {
        "0": {
            "0": 0.9060893654823303
        }
    }
}