{
    "confidence_score": 0.5474452972412109,
    "ptm": 0.3917523920536041,
    "iptm": 0.0,
    "ligand_iptm": 0.0,
    "protein_iptm": 0.0,
    "complex_plddt": 0.6843066215515137,
    "complex_iplddt": 0.0,
    "complex_pde": 0.690392792224884,
    "complex_ipde": 0.0,
    "chains_ptm": {
        "0": 0.3917523920536041
    },
    "pair_chains_iptm": {
        "0": {
            "0": 0.3917523920536041
        }
    }
}