{
    "confidence_score": 0.7210056185722351,
    "ptm": 0.8526324033737183,
    "iptm": 0.0,
    "ligand_iptm": 0.0,
    "protein_iptm": 0.0,
    "complex_plddt": 0.9012569785118103,
    "complex_iplddt": 0.0,
    "complex_pde": 0.43305379152297974,
    "complex_ipde": 0.0,
    "chains_ptm": {
        "0": 0.8526324033737183
    },
    "pair_chains_iptm": {
        "0": {
            "0": 0.8526324033737183
        }
    }
}