{
    "confidence_score": 0.43759971857070923,
    "ptm": 0.5297020673751831,
    "iptm": 0.0,
    "ligand_iptm": 0.0,
    "protein_iptm": 0.0,
    "complex_plddt": 0.5469996333122253,
    "complex_iplddt": 0.0,
    "complex_pde": 2.6652379035949707,
    "complex_ipde": 0.0,
    "chains_ptm": {
        "0": 0.5297020673751831
    },
    "pair_chains_iptm": {
        "0": {
            "0": 0.5297020673751831
        }
    }
}