{
    "plddts": {
        "model_1_pred_0": 84.53468995793554,
        "model_2_pred_0": 82.90426680707154,
        "model_3_pred_0": 83.33392492049906,
        "model_4_pred_0": 85.07250154179114,
        "model_5_pred_0": 82.76837232584126
    },
    "order": [
        "model_4_pred_0",
        "model_1_pred_0",
        "model_3_pred_0",
        "model_2_pred_0",
        "model_5_pred_0"
    ]
}