{
    "confidence_score": 0.6643223166465759,
    "ptm": 0.7426106333732605,
    "iptm": 0.0,
    "ligand_iptm": 0.0,
    "protein_iptm": 0.0,
    "complex_plddt": 0.8304028511047363,
    "complex_iplddt": 0.0,
    "complex_pde": 0.683569073677063,
    "complex_ipde": 0.0,
    "chains_ptm": {
        "0": 0.7426106333732605
    },
    "pair_chains_iptm": {
        "0": {
            "0": 0.7426106333732605
        }
    }
}