{
    "confidence_score": 0.48445066809654236,
    "ptm": 0.41482412815093994,
    "iptm": 0.0,
    "ligand_iptm": 0.0,
    "protein_iptm": 0.0,
    "complex_plddt": 0.6055633425712585,
    "complex_iplddt": 0.0,
    "complex_pde": 1.965631127357483,
    "complex_ipde": 0.0,
    "chains_ptm": {
        "0": 0.41482412815093994
    },
    "pair_chains_iptm": {
        "0": {
            "0": 0.41482412815093994
        }
    }
}