{
    "confidence_score": 0.7342239618301392,
    "ptm": 0.9376083612442017,
    "iptm": 0.0,
    "ligand_iptm": 0.0,
    "protein_iptm": 0.0,
    "complex_plddt": 0.9177799224853516,
    "complex_iplddt": 0.0,
    "complex_pde": 0.37612485885620117,
    "complex_ipde": 0.0,
    "chains_ptm": {
        "0": 0.9376083612442017
    },
    "pair_chains_iptm": {
        "0": {
            "0": 0.9376083612442017
        }
    }
}