{
    "confidence_score": 0.7377409934997559,
    "ptm": 0.8804852366447449,
    "iptm": 0.0,
    "ligand_iptm": 0.0,
    "protein_iptm": 0.0,
    "complex_plddt": 0.9221762418746948,
    "complex_iplddt": 0.0,
    "complex_pde": 0.46471357345581055,
    "complex_ipde": 0.0,
    "chains_ptm": {
        "0": 0.8804852366447449
    },
    "pair_chains_iptm": {
        "0": {
            "0": 0.8804852366447449
        }
    }
}