{
    "confidence_score": 0.7152202725410461,
    "ptm": 0.9337700605392456,
    "iptm": 0.0,
    "ligand_iptm": 0.0,
    "protein_iptm": 0.0,
    "complex_plddt": 0.8940253257751465,
    "complex_iplddt": 0.0,
    "complex_pde": 0.4796311557292938,
    "complex_ipde": 0.0,
    "chains_ptm": {
        "0": 0.9337700605392456
    },
    "pair_chains_iptm": {
        "0": {
            "0": 0.9337700605392456
        }
    }
}