{
    "plddts": {
        "model_1_pred_0": 83.97694323901904,
        "model_2_pred_0": 85.35997073201405,
        "model_3_pred_0": 85.32933494466445,
        "model_4_pred_0": 84.84504310401245,
        "model_5_pred_0": 86.1567502345705
    },
    "order": [
        "model_5_pred_0",
        "model_2_pred_0",
        "model_3_pred_0",
        "model_4_pred_0",
        "model_1_pred_0"
    ]
}