{
    "confidence_score": 0.6499726176261902,
    "ptm": 0.7393928170204163,
    "iptm": 0.0,
    "ligand_iptm": 0.0,
    "protein_iptm": 0.0,
    "complex_plddt": 0.8124657273292542,
    "complex_iplddt": 0.0,
    "complex_pde": 0.9273716807365417,
    "complex_ipde": 0.0,
    "chains_ptm": {
        "0": 0.7393928170204163
    },
    "pair_chains_iptm": {
        "0": {
            "0": 0.7393928170204163
        }
    }
}