{
    "confidence_score": 0.6831092238426208,
    "ptm": 0.8661388158798218,
    "iptm": 0.0,
    "ligand_iptm": 0.0,
    "protein_iptm": 0.0,
    "complex_plddt": 0.8538864850997925,
    "complex_iplddt": 0.0,
    "complex_pde": 0.6931358575820923,
    "complex_ipde": 0.0,
    "chains_ptm": {
        "0": 0.8661388158798218
    },
    "pair_chains_iptm": {
        "0": {
            "0": 0.8661388158798218
        }
    }
}