{
    "features": 3408.0447006225586,
    "process_features_model_1_pred_0": 1.4968328475952148,
    "predict_and_compile_model_1_pred_0": 361.17440462112427,
    "process_features_model_2_pred_0": 1.7484931945800781,
    "predict_and_compile_model_2_pred_0": 338.36141085624695,
    "process_features_model_3_pred_0": 1.3636438846588135,
    "predict_and_compile_model_3_pred_0": 311.47400069236755,
    "process_features_model_4_pred_0": 1.2676939964294434,
    "predict_and_compile_model_4_pred_0": 314.6706485748291,
    "process_features_model_5_pred_0": 1.2715885639190674,
    "predict_and_compile_model_5_pred_0": 287.5439119338989,
    "relax_model_4_pred_0": 74.5035309791565
}