{
    "confidence_score": 0.6994993090629578,
    "ptm": 0.8103002905845642,
    "iptm": 0.0,
    "ligand_iptm": 0.0,
    "protein_iptm": 0.0,
    "complex_plddt": 0.8743740916252136,
    "complex_iplddt": 0.0,
    "complex_pde": 0.6455976963043213,
    "complex_ipde": 0.0,
    "chains_ptm": {
        "0": 0.8103002905845642
    },
    "pair_chains_iptm": {
        "0": {
            "0": 0.8103002905845642
        }
    }
}