{
    "confidence_score": 0.5079348087310791,
    "ptm": 0.41731011867523193,
    "iptm": 0.0,
    "ligand_iptm": 0.0,
    "protein_iptm": 0.0,
    "complex_plddt": 0.6349185109138489,
    "complex_iplddt": 0.0,
    "complex_pde": 1.7705763578414917,
    "complex_ipde": 0.0,
    "chains_ptm": {
        "0": 0.41731011867523193
    },
    "pair_chains_iptm": {
        "0": {
            "0": 0.41731011867523193
        }
    }
}