{
    "confidence_score": 0.6657782196998596,
    "ptm": 0.7580828666687012,
    "iptm": 0.0,
    "ligand_iptm": 0.0,
    "protein_iptm": 0.0,
    "complex_plddt": 0.8322227597236633,
    "complex_iplddt": 0.0,
    "complex_pde": 0.5740926265716553,
    "complex_ipde": 0.0,
    "chains_ptm": {
        "0": 0.7580828666687012
    },
    "pair_chains_iptm": {
        "0": {
            "0": 0.7580828666687012
        }
    }
}