{
    "confidence_score": 0.6307442784309387,
    "ptm": 0.9213390946388245,
    "iptm": 0.0,
    "ligand_iptm": 0.0,
    "protein_iptm": 0.0,
    "complex_plddt": 0.7884303331375122,
    "complex_iplddt": 0.0,
    "complex_pde": 0.5165643692016602,
    "complex_ipde": 0.0,
    "chains_ptm": {
        "0": 0.9213390946388245
    },
    "pair_chains_iptm": {
        "0": {
            "0": 0.9213390946388245
        }
    }
}