{
    "confidence_score": 0.4707966446876526,
    "ptm": 0.27982547879219055,
    "iptm": 0.0,
    "ligand_iptm": 0.0,
    "protein_iptm": 0.0,
    "complex_plddt": 0.5884957909584045,
    "complex_iplddt": 0.0,
    "complex_pde": 2.8820743560791016,
    "complex_ipde": 0.0,
    "chains_ptm": {
        "0": 0.27982547879219055
    },
    "pair_chains_iptm": {
        "0": {
            "0": 0.27982547879219055
        }
    }
}