{
    "confidence_score": 0.6594778895378113,
    "ptm": 0.8527111411094666,
    "iptm": 0.0,
    "ligand_iptm": 0.0,
    "protein_iptm": 0.0,
    "complex_plddt": 0.8243473172187805,
    "complex_iplddt": 0.0,
    "complex_pde": 0.5801858901977539,
    "complex_ipde": 0.0,
    "chains_ptm": {
        "0": 0.8527111411094666
    },
    "pair_chains_iptm": {
        "0": {
            "0": 0.8527111411094666
        }
    }
}