{
    "confidence_score": 0.7220199704170227,
    "ptm": 0.8483211398124695,
    "iptm": 0.0,
    "ligand_iptm": 0.0,
    "protein_iptm": 0.0,
    "complex_plddt": 0.9025249481201172,
    "complex_iplddt": 0.0,
    "complex_pde": 0.6772050261497498,
    "complex_ipde": 0.0,
    "chains_ptm": {
        "0": 0.8483211398124695
    },
    "pair_chains_iptm": {
        "0": {
            "0": 0.8483211398124695
        }
    }
}