{
    "confidence_score": 0.6410067081451416,
    "ptm": 0.7688486576080322,
    "iptm": 0.0,
    "ligand_iptm": 0.0,
    "protein_iptm": 0.0,
    "complex_plddt": 0.801258385181427,
    "complex_iplddt": 0.0,
    "complex_pde": 0.8913162350654602,
    "complex_ipde": 0.0,
    "chains_ptm": {
        "0": 0.7688486576080322
    },
    "pair_chains_iptm": {
        "0": {
            "0": 0.7688486576080322
        }
    }
}