{
    "confidence_score": 0.5776358246803284,
    "ptm": 0.4415494501590729,
    "iptm": 0.0,
    "ligand_iptm": 0.0,
    "protein_iptm": 0.0,
    "complex_plddt": 0.7220447659492493,
    "complex_iplddt": 0.0,
    "complex_pde": 1.7403695583343506,
    "complex_ipde": 0.0,
    "chains_ptm": {
        "0": 0.4415494501590729
    },
    "pair_chains_iptm": {
        "0": {
            "0": 0.4415494501590729
        }
    }
}