{
    "confidence_score": 0.5714921951293945,
    "ptm": 0.3116998076438904,
    "iptm": 0.0,
    "ligand_iptm": 0.0,
    "protein_iptm": 0.0,
    "complex_plddt": 0.7143652439117432,
    "complex_iplddt": 0.0,
    "complex_pde": 0.830306887626648,
    "complex_ipde": 0.0,
    "chains_ptm": {
        "0": 0.3116998076438904
    },
    "pair_chains_iptm": {
        "0": {
            "0": 0.3116998076438904
        }
    }
}