{
    "confidence_score": 0.5996938347816467,
    "ptm": 0.7103350758552551,
    "iptm": 0.0,
    "ligand_iptm": 0.0,
    "protein_iptm": 0.0,
    "complex_plddt": 0.7496172785758972,
    "complex_iplddt": 0.0,
    "complex_pde": 0.9181699156761169,
    "complex_ipde": 0.0,
    "chains_ptm": {
        "0": 0.7103350758552551
    },
    "pair_chains_iptm": {
        "0": {
            "0": 0.7103350758552551
        }
    }
}