{
    "features": 3485.6836273670197,
    "process_features_model_1_pred_0": 10.796031951904297,
    "predict_and_compile_model_1_pred_0": 319.120215177536,
    "process_features_model_2_pred_0": 10.756720542907715,
    "predict_and_compile_model_2_pred_0": 284.62189388275146,
    "process_features_model_3_pred_0": 11.55443787574768,
    "predict_and_compile_model_3_pred_0": 266.04113483428955,
    "process_features_model_4_pred_0": 10.036655187606812,
    "predict_and_compile_model_4_pred_0": 262.4519648551941,
    "process_features_model_5_pred_0": 9.899859428405762,
    "predict_and_compile_model_5_pred_0": 241.90987849235535,
    "relax_model_1_pred_0": 55.80493187904358
}