{
    "confidence_score": 0.7495086789131165,
    "ptm": 0.9082720875740051,
    "iptm": 0.0,
    "ligand_iptm": 0.0,
    "protein_iptm": 0.0,
    "complex_plddt": 0.9368858337402344,
    "complex_iplddt": 0.0,
    "complex_pde": 0.33386051654815674,
    "complex_ipde": 0.0,
    "chains_ptm": {
        "0": 0.9082720875740051
    },
    "pair_chains_iptm": {
        "0": {
            "0": 0.9082720875740051
        }
    }
}