{
    "confidence_score": 0.48224973678588867,
    "ptm": 0.4279433786869049,
    "iptm": 0.0,
    "ligand_iptm": 0.0,
    "protein_iptm": 0.0,
    "complex_plddt": 0.6028121709823608,
    "complex_iplddt": 0.0,
    "complex_pde": 1.787429928779602,
    "complex_ipde": 0.0,
    "chains_ptm": {
        "0": 0.4279433786869049
    },
    "pair_chains_iptm": {
        "0": {
            "0": 0.4279433786869049
        }
    }
}