{
    "confidence_score": 0.6894445419311523,
    "ptm": 0.8702964782714844,
    "iptm": 0.0,
    "ligand_iptm": 0.0,
    "protein_iptm": 0.0,
    "complex_plddt": 0.8618056774139404,
    "complex_iplddt": 0.0,
    "complex_pde": 0.560110330581665,
    "complex_ipde": 0.0,
    "chains_ptm": {
        "0": 0.8702964782714844
    },
    "pair_chains_iptm": {
        "0": {
            "0": 0.8702964782714844
        }
    }
}