{
    "confidence_score": 0.7575909495353699,
    "ptm": 0.9525356292724609,
    "iptm": 0.0,
    "ligand_iptm": 0.0,
    "protein_iptm": 0.0,
    "complex_plddt": 0.9469887018203735,
    "complex_iplddt": 0.0,
    "complex_pde": 0.342050164937973,
    "complex_ipde": 0.0,
    "chains_ptm": {
        "0": 0.9525356292724609
    },
    "pair_chains_iptm": {
        "0": {
            "0": 0.9525356292724609
        }
    }
}