{
    "confidence_score": 0.7202747464179993,
    "ptm": 0.9335946440696716,
    "iptm": 0.0,
    "ligand_iptm": 0.0,
    "protein_iptm": 0.0,
    "complex_plddt": 0.9003434181213379,
    "complex_iplddt": 0.0,
    "complex_pde": 0.44754496216773987,
    "complex_ipde": 0.0,
    "chains_ptm": {
        "0": 0.9335946440696716
    },
    "pair_chains_iptm": {
        "0": {
            "0": 0.9335946440696716
        }
    }
}