{
    "confidence_score": 0.6291770339012146,
    "ptm": 0.7578257322311401,
    "iptm": 0.0,
    "ligand_iptm": 0.0,
    "protein_iptm": 0.0,
    "complex_plddt": 0.7864713072776794,
    "complex_iplddt": 0.0,
    "complex_pde": 0.6987898349761963,
    "complex_ipde": 0.0,
    "chains_ptm": {
        "0": 0.7578257322311401
    },
    "pair_chains_iptm": {
        "0": {
            "0": 0.7578257322311401
        }
    }
}