{
    "confidence_score": 0.44997167587280273,
    "ptm": 0.22970306873321533,
    "iptm": 0.0,
    "ligand_iptm": 0.0,
    "protein_iptm": 0.0,
    "complex_plddt": 0.5624645948410034,
    "complex_iplddt": 0.0,
    "complex_pde": 3.205052614212036,
    "complex_ipde": 0.0,
    "chains_ptm": {
        "0": 0.22970306873321533
    },
    "pair_chains_iptm": {
        "0": {
            "0": 0.22970306873321533
        }
    }
}