{
    "confidence_score": 0.6606834530830383,
    "ptm": 0.779900312423706,
    "iptm": 0.0,
    "ligand_iptm": 0.0,
    "protein_iptm": 0.0,
    "complex_plddt": 0.8258543014526367,
    "complex_iplddt": 0.0,
    "complex_pde": 0.9337652921676636,
    "complex_ipde": 0.0,
    "chains_ptm": {
        "0": 0.779900312423706
    },
    "pair_chains_iptm": {
        "0": {
            "0": 0.779900312423706
        }
    }
}