{
    "confidence_score": 0.6190237402915955,
    "ptm": 0.4476989507675171,
    "iptm": 0.0,
    "ligand_iptm": 0.0,
    "protein_iptm": 0.0,
    "complex_plddt": 0.7737796902656555,
    "complex_iplddt": 0.0,
    "complex_pde": 1.5005649328231812,
    "complex_ipde": 0.0,
    "chains_ptm": {
        "0": 0.4476989507675171
    },
    "pair_chains_iptm": {
        "0": {
            "0": 0.4476989507675171
        }
    }
}