{
    "confidence_score": 0.6916691660881042,
    "ptm": 0.9033603072166443,
    "iptm": 0.0,
    "ligand_iptm": 0.0,
    "protein_iptm": 0.0,
    "complex_plddt": 0.8645864725112915,
    "complex_iplddt": 0.0,
    "complex_pde": 0.48413658142089844,
    "complex_ipde": 0.0,
    "chains_ptm": {
        "0": 0.9033603072166443
    },
    "pair_chains_iptm": {
        "0": {
            "0": 0.9033603072166443
        }
    }
}