{
    "confidence_score": 0.5498473048210144,
    "ptm": 0.5844159126281738,
    "iptm": 0.0,
    "ligand_iptm": 0.0,
    "protein_iptm": 0.0,
    "complex_plddt": 0.6873090863227844,
    "complex_iplddt": 0.0,
    "complex_pde": 1.2760579586029053,
    "complex_ipde": 0.0,
    "chains_ptm": {
        "0": 0.5844159126281738
    },
    "pair_chains_iptm": {
        "0": {
            "0": 0.5844159126281738
        }
    }
}