{
    "confidence_score": 0.6000681519508362,
    "ptm": 0.6592740416526794,
    "iptm": 0.0,
    "ligand_iptm": 0.0,
    "protein_iptm": 0.0,
    "complex_plddt": 0.750085175037384,
    "complex_iplddt": 0.0,
    "complex_pde": 0.8488737940788269,
    "complex_ipde": 0.0,
    "chains_ptm": {
        "0": 0.6592740416526794
    },
    "pair_chains_iptm": {
        "0": {
            "0": 0.6592740416526794
        }
    }
}