{
    "confidence_score": 0.4660021960735321,
    "ptm": 0.48630279302597046,
    "iptm": 0.0,
    "ligand_iptm": 0.0,
    "protein_iptm": 0.0,
    "complex_plddt": 0.5825027227401733,
    "complex_iplddt": 0.0,
    "complex_pde": 2.259850263595581,
    "complex_ipde": 0.0,
    "chains_ptm": {
        "0": 0.48630279302597046
    },
    "pair_chains_iptm": {
        "0": {
            "0": 0.48630279302597046
        }
    }
}