{
    "confidence_score": 0.540798544883728,
    "ptm": 0.5712917447090149,
    "iptm": 0.0,
    "ligand_iptm": 0.0,
    "protein_iptm": 0.0,
    "complex_plddt": 0.6759981513023376,
    "complex_iplddt": 0.0,
    "complex_pde": 1.401763916015625,
    "complex_ipde": 0.0,
    "chains_ptm": {
        "0": 0.5712917447090149
    },
    "pair_chains_iptm": {
        "0": {
            "0": 0.5712917447090149
        }
    }
}