{
    "confidence_score": 0.7331140041351318,
    "ptm": 0.8872480988502502,
    "iptm": 0.0,
    "ligand_iptm": 0.0,
    "protein_iptm": 0.0,
    "complex_plddt": 0.9163925051689148,
    "complex_iplddt": 0.0,
    "complex_pde": 0.44901931285858154,
    "complex_ipde": 0.0,
    "chains_ptm": {
        "0": 0.8872480988502502
    },
    "pair_chains_iptm": {
        "0": {
            "0": 0.8872480988502502
        }
    }
}