{
    "confidence_score": 0.45491424202919006,
    "ptm": 0.34054940938949585,
    "iptm": 0.0,
    "ligand_iptm": 0.0,
    "protein_iptm": 0.0,
    "complex_plddt": 0.568642795085907,
    "complex_iplddt": 0.0,
    "complex_pde": 2.1852500438690186,
    "complex_ipde": 0.0,
    "chains_ptm": {
        "0": 0.34054940938949585
    },
    "pair_chains_iptm": {
        "0": {
            "0": 0.34054940938949585
        }
    }
}