{
    "confidence_score": 0.6394214034080505,
    "ptm": 0.7288990020751953,
    "iptm": 0.0,
    "ligand_iptm": 0.0,
    "protein_iptm": 0.0,
    "complex_plddt": 0.7992767691612244,
    "complex_iplddt": 0.0,
    "complex_pde": 0.9152394533157349,
    "complex_ipde": 0.0,
    "chains_ptm": {
        "0": 0.7288990020751953
    },
    "pair_chains_iptm": {
        "0": {
            "0": 0.7288990020751953
        }
    }
}