{
    "features": 7204.382786989212,
    "process_features_model_1_pred_0": 2.7465953826904297,
    "predict_and_compile_model_1_pred_0": 3996.3957874774933,
    "process_features_model_2_pred_0": 1.805251121520996,
    "predict_and_compile_model_2_pred_0": 4300.055286884308,
    "process_features_model_3_pred_0": 1.6858088970184326,
    "predict_and_compile_model_3_pred_0": 4604.421107053757,
    "process_features_model_4_pred_0": 1.5619769096374512,
    "predict_and_compile_model_4_pred_0": 4540.331924200058,
    "process_features_model_5_pred_0": 1.4651811122894287,
    "predict_and_compile_model_5_pred_0": 4411.7133872509,
    "relax_model_1_pred_0": 1652.701443195343
}