{
    "confidence_score": 0.558207631111145,
    "ptm": 0.4174025058746338,
    "iptm": 0.0,
    "ligand_iptm": 0.0,
    "protein_iptm": 0.0,
    "complex_plddt": 0.6977595090866089,
    "complex_iplddt": 0.0,
    "complex_pde": 1.6995368003845215,
    "complex_ipde": 0.0,
    "chains_ptm": {
        "0": 0.4174025058746338
    },
    "pair_chains_iptm": {
        "0": {
            "0": 0.4174025058746338
        }
    }
}