{
    "confidence_score": 0.7580211758613586,
    "ptm": 0.9535670280456543,
    "iptm": 0.0,
    "ligand_iptm": 0.0,
    "protein_iptm": 0.0,
    "complex_plddt": 0.9475264549255371,
    "complex_iplddt": 0.0,
    "complex_pde": 0.3310467600822449,
    "complex_ipde": 0.0,
    "chains_ptm": {
        "0": 0.9535670280456543
    },
    "pair_chains_iptm": {
        "0": {
            "0": 0.9535670280456543
        }
    }
}