{
    "confidence_score": 0.585308849811554,
    "ptm": 0.27559152245521545,
    "iptm": 0.0,
    "ligand_iptm": 0.0,
    "protein_iptm": 0.0,
    "complex_plddt": 0.7316360473632812,
    "complex_iplddt": 0.0,
    "complex_pde": 0.9261711835861206,
    "complex_ipde": 0.0,
    "chains_ptm": {
        "0": 0.27559152245521545
    },
    "pair_chains_iptm": {
        "0": {
            "0": 0.27559152245521545
        }
    }
}