{
    "confidence_score": 0.731820821762085,
    "ptm": 0.8683668375015259,
    "iptm": 0.0,
    "ligand_iptm": 0.0,
    "protein_iptm": 0.0,
    "complex_plddt": 0.9147760272026062,
    "complex_iplddt": 0.0,
    "complex_pde": 0.4077438712120056,
    "complex_ipde": 0.0,
    "chains_ptm": {
        "0": 0.8683668375015259
    },
    "pair_chains_iptm": {
        "0": {
            "0": 0.8683668375015259
        }
    }
}