{
    "confidence_score": 0.49260464310646057,
    "ptm": 0.6439146995544434,
    "iptm": 0.0,
    "ligand_iptm": 0.0,
    "protein_iptm": 0.0,
    "complex_plddt": 0.6157557964324951,
    "complex_iplddt": 0.0,
    "complex_pde": 1.1673517227172852,
    "complex_ipde": 0.0,
    "chains_ptm": {
        "0": 0.6439146995544434
    },
    "pair_chains_iptm": {
        "0": {
            "0": 0.6439146995544434
        }
    }
}