{
    "confidence_score": 0.5412870645523071,
    "ptm": 0.6263203024864197,
    "iptm": 0.0,
    "ligand_iptm": 0.0,
    "protein_iptm": 0.0,
    "complex_plddt": 0.6766088008880615,
    "complex_iplddt": 0.0,
    "complex_pde": 1.6067097187042236,
    "complex_ipde": 0.0,
    "chains_ptm": {
        "0": 0.6263203024864197
    },
    "pair_chains_iptm": {
        "0": {
            "0": 0.6263203024864197
        }
    }
}