{
    "confidence_score": 0.6898676753044128,
    "ptm": 0.8087100386619568,
    "iptm": 0.0,
    "ligand_iptm": 0.0,
    "protein_iptm": 0.0,
    "complex_plddt": 0.8623345494270325,
    "complex_iplddt": 0.0,
    "complex_pde": 0.5639451146125793,
    "complex_ipde": 0.0,
    "chains_ptm": {
        "0": 0.8087100386619568
    },
    "pair_chains_iptm": {
        "0": {
            "0": 0.8087100386619568
        }
    }
}