{
    "features": 10165.143260002136,
    "process_features_model_1_pred_0": 16.79276180267334,
    "predict_and_compile_model_1_pred_0": 533.3644587993622,
    "process_features_model_2_pred_0": 16.525243759155273,
    "predict_and_compile_model_2_pred_0": 480.0101730823517,
    "process_features_model_3_pred_0": 18.18198323249817,
    "predict_and_compile_model_3_pred_0": 454.9189121723175,
    "process_features_model_4_pred_0": 15.691952466964722,
    "predict_and_compile_model_4_pred_0": 448.48496651649475,
    "process_features_model_5_pred_0": 15.608120918273926,
    "predict_and_compile_model_5_pred_0": 412.6870858669281,
    "relax_model_5_pred_0": 96.7858989238739
}