{
    "confidence_score": 0.3571372330188751,
    "ptm": 0.288734495639801,
    "iptm": 0.0,
    "ligand_iptm": 0.0,
    "protein_iptm": 0.0,
    "complex_plddt": 0.4464215338230133,
    "complex_iplddt": 0.0,
    "complex_pde": 2.6851820945739746,
    "complex_ipde": 0.0,
    "chains_ptm": {
        "0": 0.288734495639801
    },
    "pair_chains_iptm": {
        "0": {
            "0": 0.288734495639801
        }
    }
}