{
    "confidence_score": 0.6546618342399597,
    "ptm": 0.792290985584259,
    "iptm": 0.0,
    "ligand_iptm": 0.0,
    "protein_iptm": 0.0,
    "complex_plddt": 0.8183272480964661,
    "complex_iplddt": 0.0,
    "complex_pde": 0.6486956477165222,
    "complex_ipde": 0.0,
    "chains_ptm": {
        "0": 0.792290985584259
    },
    "pair_chains_iptm": {
        "0": {
            "0": 0.792290985584259
        }
    }
}