{
    "confidence_score": 0.735808789730072,
    "ptm": 0.7469456195831299,
    "iptm": 0.0,
    "ligand_iptm": 0.0,
    "protein_iptm": 0.0,
    "complex_plddt": 0.9197610020637512,
    "complex_iplddt": 0.0,
    "complex_pde": 0.4349009692668915,
    "complex_ipde": 0.0,
    "chains_ptm": {
        "0": 0.7469456195831299
    },
    "pair_chains_iptm": {
        "0": {
            "0": 0.7469456195831299
        }
    }
}