{
    "confidence_score": 0.6928696632385254,
    "ptm": 0.9023154973983765,
    "iptm": 0.0,
    "ligand_iptm": 0.0,
    "protein_iptm": 0.0,
    "complex_plddt": 0.8660870790481567,
    "complex_iplddt": 0.0,
    "complex_pde": 0.5067382454872131,
    "complex_ipde": 0.0,
    "chains_ptm": {
        "0": 0.9023154973983765
    },
    "pair_chains_iptm": {
        "0": {
            "0": 0.9023154973983765
        }
    }
}