{
    "features": 5149.784651994705,
    "process_features_model_1_pred_0": 12.386544942855835,
    "predict_and_compile_model_1_pred_0": 1726.8165364265442,
    "process_features_model_2_pred_0": 16.681909561157227,
    "predict_and_compile_model_2_pred_0": 1233.116081237793,
    "process_features_model_3_pred_0": 24.330422163009644,
    "predict_and_compile_model_3_pred_0": 1177.4778409004211,
    "process_features_model_4_pred_0": 11.853927850723267,
    "predict_and_compile_model_4_pred_0": 1118.7773456573486,
    "process_features_model_5_pred_0": 12.052988052368164,
    "predict_and_compile_model_5_pred_0": 904.0936152935028,
    "relax_model_4_pred_0": 190.5654263496399
}