{
    "plddts": {
        "model_1_pred_0": 82.32505376167923,
        "model_2_pred_0": 80.5519350761574,
        "model_3_pred_0": 81.76729293664742,
        "model_4_pred_0": 80.99080743841832,
        "model_5_pred_0": 79.92202052594448
    },
    "order": [
        "model_1_pred_0",
        "model_3_pred_0",
        "model_4_pred_0",
        "model_2_pred_0",
        "model_5_pred_0"
    ]
}