{
    "features": 5009.0903470516205,
    "process_features_model_1_pred_0": 9.533807277679443,
    "predict_and_compile_model_1_pred_0": 335.4369013309479,
    "process_features_model_2_pred_0": 9.356427669525146,
    "predict_and_compile_model_2_pred_0": 305.3303737640381,
    "process_features_model_3_pred_0": 8.700468063354492,
    "predict_and_compile_model_3_pred_0": 280.171462059021,
    "process_features_model_4_pred_0": 8.43392038345337,
    "predict_and_compile_model_4_pred_0": 279.88308787345886,
    "process_features_model_5_pred_0": 8.302370548248291,
    "predict_and_compile_model_5_pred_0": 258.2652955055237,
    "relax_model_1_pred_0": 50.497068643569946
}