{
    "confidence_score": 0.7450310587882996,
    "ptm": 0.9333766102790833,
    "iptm": 0.0,
    "ligand_iptm": 0.0,
    "protein_iptm": 0.0,
    "complex_plddt": 0.9312888383865356,
    "complex_iplddt": 0.0,
    "complex_pde": 0.3318055272102356,
    "complex_ipde": 0.0,
    "chains_ptm": {
        "0": 0.9333766102790833
    },
    "pair_chains_iptm": {
        "0": {
            "0": 0.9333766102790833
        }
    }
}