{
    "confidence_score": 0.7000329494476318,
    "ptm": 0.9228093028068542,
    "iptm": 0.0,
    "ligand_iptm": 0.0,
    "protein_iptm": 0.0,
    "complex_plddt": 0.8750411868095398,
    "complex_iplddt": 0.0,
    "complex_pde": 0.49252787232398987,
    "complex_ipde": 0.0,
    "chains_ptm": {
        "0": 0.9228093028068542
    },
    "pair_chains_iptm": {
        "0": {
            "0": 0.9228093028068542
        }
    }
}