{
    "confidence_score": 0.7601380944252014,
    "ptm": 0.9595819711685181,
    "iptm": 0.0,
    "ligand_iptm": 0.0,
    "protein_iptm": 0.0,
    "complex_plddt": 0.9501726031303406,
    "complex_iplddt": 0.0,
    "complex_pde": 0.32840609550476074,
    "complex_ipde": 0.0,
    "chains_ptm": {
        "0": 0.9595819711685181
    },
    "pair_chains_iptm": {
        "0": {
            "0": 0.9595819711685181
        }
    }
}