{
    "confidence_score": 0.4845801889896393,
    "ptm": 0.2596922516822815,
    "iptm": 0.0,
    "ligand_iptm": 0.0,
    "protein_iptm": 0.0,
    "complex_plddt": 0.6057252287864685,
    "complex_iplddt": 0.0,
    "complex_pde": 1.7880802154541016,
    "complex_ipde": 0.0,
    "chains_ptm": {
        "0": 0.2596922516822815
    },
    "pair_chains_iptm": {
        "0": {
            "0": 0.2596922516822815
        }
    }
}