{
    "confidence_score": 0.7181112170219421,
    "ptm": 0.8452758193016052,
    "iptm": 0.0,
    "ligand_iptm": 0.0,
    "protein_iptm": 0.0,
    "complex_plddt": 0.8976390361785889,
    "complex_iplddt": 0.0,
    "complex_pde": 0.5466607213020325,
    "complex_ipde": 0.0,
    "chains_ptm": {
        "0": 0.8452758193016052
    },
    "pair_chains_iptm": {
        "0": {
            "0": 0.8452758193016052
        }
    }
}