{
    "confidence_score": 0.6063225269317627,
    "ptm": 0.6898766756057739,
    "iptm": 0.0,
    "ligand_iptm": 0.0,
    "protein_iptm": 0.0,
    "complex_plddt": 0.7579031586647034,
    "complex_iplddt": 0.0,
    "complex_pde": 1.256864309310913,
    "complex_ipde": 0.0,
    "chains_ptm": {
        "0": 0.6898766756057739
    },
    "pair_chains_iptm": {
        "0": {
            "0": 0.6898766756057739
        }
    }
}