{
    "confidence_score": 0.7064322829246521,
    "ptm": 0.8646163940429688,
    "iptm": 0.0,
    "ligand_iptm": 0.0,
    "protein_iptm": 0.0,
    "complex_plddt": 0.8830403089523315,
    "complex_iplddt": 0.0,
    "complex_pde": 0.40463605523109436,
    "complex_ipde": 0.0,
    "chains_ptm": {
        "0": 0.8646163940429688
    },
    "pair_chains_iptm": {
        "0": {
            "0": 0.8646163940429688
        }
    }
}