{
    "confidence_score": 0.6252745985984802,
    "ptm": 0.2671809196472168,
    "iptm": 0.0,
    "ligand_iptm": 0.0,
    "protein_iptm": 0.0,
    "complex_plddt": 0.7815932035446167,
    "complex_iplddt": 0.0,
    "complex_pde": 2.3262758255004883,
    "complex_ipde": 0.0,
    "chains_ptm": {
        "0": 0.2671809196472168
    },
    "pair_chains_iptm": {
        "0": {
            "0": 0.2671809196472168
        }
    }
}