{
    "confidence_score": 0.5565282702445984,
    "ptm": 0.4953020513057709,
    "iptm": 0.0,
    "ligand_iptm": 0.0,
    "protein_iptm": 0.0,
    "complex_plddt": 0.6956603527069092,
    "complex_iplddt": 0.0,
    "complex_pde": 2.1528842449188232,
    "complex_ipde": 0.0,
    "chains_ptm": {
        "0": 0.4953020513057709
    },
    "pair_chains_iptm": {
        "0": {
            "0": 0.4953020513057709
        }
    }
}