{
    "confidence_score": 0.6635401248931885,
    "ptm": 0.8348280787467957,
    "iptm": 0.0,
    "ligand_iptm": 0.0,
    "protein_iptm": 0.0,
    "complex_plddt": 0.8294251561164856,
    "complex_iplddt": 0.0,
    "complex_pde": 0.621038556098938,
    "complex_ipde": 0.0,
    "chains_ptm": {
        "0": 0.8348280787467957
    },
    "pair_chains_iptm": {
        "0": {
            "0": 0.8348280787467957
        }
    }
}