{
    "confidence_score": 0.7161759734153748,
    "ptm": 0.7742874026298523,
    "iptm": 0.0,
    "ligand_iptm": 0.0,
    "protein_iptm": 0.0,
    "complex_plddt": 0.8952199220657349,
    "complex_iplddt": 0.0,
    "complex_pde": 0.44520893692970276,
    "complex_ipde": 0.0,
    "chains_ptm": {
        "0": 0.7742874026298523
    },
    "pair_chains_iptm": {
        "0": {
            "0": 0.7742874026298523
        }
    }
}