{
    "confidence_score": 0.7617583870887756,
    "ptm": 0.965116024017334,
    "iptm": 0.0,
    "ligand_iptm": 0.0,
    "protein_iptm": 0.0,
    "complex_plddt": 0.9521979689598083,
    "complex_iplddt": 0.0,
    "complex_pde": 0.29526302218437195,
    "complex_ipde": 0.0,
    "chains_ptm": {
        "0": 0.965116024017334
    },
    "pair_chains_iptm": {
        "0": {
            "0": 0.965116024017334
        }
    }
}