{
    "confidence_score": 0.7410523295402527,
    "ptm": 0.9073895812034607,
    "iptm": 0.0,
    "ligand_iptm": 0.0,
    "protein_iptm": 0.0,
    "complex_plddt": 0.9263153672218323,
    "complex_iplddt": 0.0,
    "complex_pde": 0.3353841304779053,
    "complex_ipde": 0.0,
    "chains_ptm": {
        "0": 0.9073895812034607
    },
    "pair_chains_iptm": {
        "0": {
            "0": 0.9073895812034607
        }
    }
}