{
    "confidence_score": 0.5591391324996948,
    "ptm": 0.6313765645027161,
    "iptm": 0.0,
    "ligand_iptm": 0.0,
    "protein_iptm": 0.0,
    "complex_plddt": 0.6989238858222961,
    "complex_iplddt": 0.0,
    "complex_pde": 2.2266194820404053,
    "complex_ipde": 0.0,
    "chains_ptm": {
        "0": 0.6313765645027161
    },
    "pair_chains_iptm": {
        "0": {
            "0": 0.6313765645027161
        }
    }
}