{
    "confidence_score": 0.6905742883682251,
    "ptm": 0.5210756659507751,
    "iptm": 0.0,
    "ligand_iptm": 0.0,
    "protein_iptm": 0.0,
    "complex_plddt": 0.863217830657959,
    "complex_iplddt": 0.0,
    "complex_pde": 0.8299770355224609,
    "complex_ipde": 0.0,
    "chains_ptm": {
        "0": 0.5210756659507751
    },
    "pair_chains_iptm": {
        "0": {
            "0": 0.5210756659507751
        }
    }
}