{
    "confidence_score": 0.6305915713310242,
    "ptm": 0.756512463092804,
    "iptm": 0.0,
    "ligand_iptm": 0.0,
    "protein_iptm": 0.0,
    "complex_plddt": 0.7882394790649414,
    "complex_iplddt": 0.0,
    "complex_pde": 0.7919748425483704,
    "complex_ipde": 0.0,
    "chains_ptm": {
        "0": 0.756512463092804
    },
    "pair_chains_iptm": {
        "0": {
            "0": 0.756512463092804
        }
    }
}