{
    "confidence_score": 0.730451226234436,
    "ptm": 0.9200774431228638,
    "iptm": 0.0,
    "ligand_iptm": 0.0,
    "protein_iptm": 0.0,
    "complex_plddt": 0.9130640029907227,
    "complex_iplddt": 0.0,
    "complex_pde": 0.39049696922302246,
    "complex_ipde": 0.0,
    "chains_ptm": {
        "0": 0.9200774431228638
    },
    "pair_chains_iptm": {
        "0": {
            "0": 0.9200774431228638
        }
    }
}