{
    "plddts": {
        "model_1_pred_0": 87.95444767715315,
        "model_2_pred_0": 88.51521220365535,
        "model_3_pred_0": 88.94314351843718,
        "model_4_pred_0": 88.51431276588033,
        "model_5_pred_0": 87.77665836133212
    },
    "order": [
        "model_3_pred_0",
        "model_2_pred_0",
        "model_4_pred_0",
        "model_1_pred_0",
        "model_5_pred_0"
    ]
}