{
    "features": 3393.1679186820984,
    "process_features_model_1_pred_0": 9.346923112869263,
    "predict_and_compile_model_1_pred_0": 1979.339171409607,
    "process_features_model_2_pred_0": 10.418581247329712,
    "predict_and_compile_model_2_pred_0": 798.9835233688354,
    "process_features_model_3_pred_0": 10.362728357315063,
    "predict_and_compile_model_3_pred_0": 922.415905714035,
    "process_features_model_4_pred_0": 9.997336864471436,
    "predict_and_compile_model_4_pred_0": 772.1274948120117,
    "process_features_model_5_pred_0": 9.50190258026123,
    "predict_and_compile_model_5_pred_0": 639.0735983848572,
    "relax_model_3_pred_0": 43.293660163879395
}