{
    "confidence_score": 0.7379246950149536,
    "ptm": 0.9591025710105896,
    "iptm": 0.0,
    "ligand_iptm": 0.0,
    "protein_iptm": 0.0,
    "complex_plddt": 0.9224058389663696,
    "complex_iplddt": 0.0,
    "complex_pde": 0.3697272837162018,
    "complex_ipde": 0.0,
    "chains_ptm": {
        "0": 0.9591025710105896
    },
    "pair_chains_iptm": {
        "0": {
            "0": 0.9591025710105896
        }
    }
}