{
    "confidence_score": 0.6337106227874756,
    "ptm": 0.7686630487442017,
    "iptm": 0.0,
    "ligand_iptm": 0.0,
    "protein_iptm": 0.0,
    "complex_plddt": 0.7921382784843445,
    "complex_iplddt": 0.0,
    "complex_pde": 1.019417643547058,
    "complex_ipde": 0.0,
    "chains_ptm": {
        "0": 0.7686630487442017
    },
    "pair_chains_iptm": {
        "0": {
            "0": 0.7686630487442017
        }
    }
}