{
    "plddts": {
        "model_1_pred_0": 70.9093295826443,
        "model_2_pred_0": 68.67410193097498,
        "model_3_pred_0": 72.06152763209471,
        "model_4_pred_0": 72.97593491716682,
        "model_5_pred_0": 66.82176447343909
    },
    "order": [
        "model_4_pred_0",
        "model_3_pred_0",
        "model_1_pred_0",
        "model_2_pred_0",
        "model_5_pred_0"
    ]
}