{
    "features": 6889.373583078384,
    "process_features_model_1_pred_0": 4.362406253814697,
    "predict_and_compile_model_1_pred_0": 406.81834506988525,
    "process_features_model_2_pred_0": 4.067645311355591,
    "predict_and_compile_model_2_pred_0": 369.4031322002411,
    "process_features_model_3_pred_0": 4.054140090942383,
    "predict_and_compile_model_3_pred_0": 350.96702122688293,
    "process_features_model_4_pred_0": 3.8702988624572754,
    "predict_and_compile_model_4_pred_0": 353.4939510822296,
    "process_features_model_5_pred_0": 3.865584135055542,
    "predict_and_compile_model_5_pred_0": 319.12604689598083,
    "relax_model_4_pred_0": 147.56990313529968
}