{
    "confidence_score": 0.747307300567627,
    "ptm": 0.8939056992530823,
    "iptm": 0.0,
    "ligand_iptm": 0.0,
    "protein_iptm": 0.0,
    "complex_plddt": 0.9341341257095337,
    "complex_iplddt": 0.0,
    "complex_pde": 0.3576091229915619,
    "complex_ipde": 0.0,
    "chains_ptm": {
        "0": 0.8939056992530823
    },
    "pair_chains_iptm": {
        "0": {
            "0": 0.8939056992530823
        }
    }
}