{
    "confidence_score": 0.5720084309577942,
    "ptm": 0.6461378931999207,
    "iptm": 0.0,
    "ligand_iptm": 0.0,
    "protein_iptm": 0.0,
    "complex_plddt": 0.7150105237960815,
    "complex_iplddt": 0.0,
    "complex_pde": 0.7283835411071777,
    "complex_ipde": 0.0,
    "chains_ptm": {
        "0": 0.6461378931999207
    },
    "pair_chains_iptm": {
        "0": {
            "0": 0.6461378931999207
        }
    }
}