{
    "plddts": {
        "model_1_pred_0": 85.81416144114347,
        "model_2_pred_0": 85.32846934504214,
        "model_3_pred_0": 86.86726792972236,
        "model_4_pred_0": 86.42570222236631,
        "model_5_pred_0": 85.77551027765493
    },
    "order": [
        "model_3_pred_0",
        "model_4_pred_0",
        "model_1_pred_0",
        "model_5_pred_0",
        "model_2_pred_0"
    ]
}