{
    "confidence_score": 0.7356969714164734,
    "ptm": 0.916463315486908,
    "iptm": 0.0,
    "ligand_iptm": 0.0,
    "protein_iptm": 0.0,
    "complex_plddt": 0.9196211695671082,
    "complex_iplddt": 0.0,
    "complex_pde": 0.4206753075122833,
    "complex_ipde": 0.0,
    "chains_ptm": {
        "0": 0.916463315486908
    },
    "pair_chains_iptm": {
        "0": {
            "0": 0.916463315486908
        }
    }
}