{
    "confidence_score": 0.7424346208572388,
    "ptm": 0.9202308654785156,
    "iptm": 0.0,
    "ligand_iptm": 0.0,
    "protein_iptm": 0.0,
    "complex_plddt": 0.9280432462692261,
    "complex_iplddt": 0.0,
    "complex_pde": 0.4037072956562042,
    "complex_ipde": 0.0,
    "chains_ptm": {
        "0": 0.9202308654785156
    },
    "pair_chains_iptm": {
        "0": {
            "0": 0.9202308654785156
        }
    }
}