{
    "confidence_score": 0.6596372127532959,
    "ptm": 0.8338591456413269,
    "iptm": 0.0,
    "ligand_iptm": 0.0,
    "protein_iptm": 0.0,
    "complex_plddt": 0.8245465159416199,
    "complex_iplddt": 0.0,
    "complex_pde": 0.6872938871383667,
    "complex_ipde": 0.0,
    "chains_ptm": {
        "0": 0.8338591456413269
    },
    "pair_chains_iptm": {
        "0": {
            "0": 0.8338591456413269
        }
    }
}