{
    "confidence_score": 0.38751551508903503,
    "ptm": 0.5314260721206665,
    "iptm": 0.0,
    "ligand_iptm": 0.0,
    "protein_iptm": 0.0,
    "complex_plddt": 0.4843944013118744,
    "complex_iplddt": 0.0,
    "complex_pde": 2.6616902351379395,
    "complex_ipde": 0.0,
    "chains_ptm": {
        "0": 0.5314260721206665
    },
    "pair_chains_iptm": {
        "0": {
            "0": 0.5314260721206665
        }
    }
}