{
    "confidence_score": 0.7026048302650452,
    "ptm": 0.7995728850364685,
    "iptm": 0.0,
    "ligand_iptm": 0.0,
    "protein_iptm": 0.0,
    "complex_plddt": 0.8782560229301453,
    "complex_iplddt": 0.0,
    "complex_pde": 0.801086962223053,
    "complex_ipde": 0.0,
    "chains_ptm": {
        "0": 0.7995728850364685
    },
    "pair_chains_iptm": {
        "0": {
            "0": 0.7995728850364685
        }
    }
}