{
    "confidence_score": 0.5077916979789734,
    "ptm": 0.5510134100914001,
    "iptm": 0.0,
    "ligand_iptm": 0.0,
    "protein_iptm": 0.0,
    "complex_plddt": 0.6347395777702332,
    "complex_iplddt": 0.0,
    "complex_pde": 1.8338978290557861,
    "complex_ipde": 0.0,
    "chains_ptm": {
        "0": 0.5510134100914001
    },
    "pair_chains_iptm": {
        "0": {
            "0": 0.5510134100914001
        }
    }
}