{
    "confidence_score": 0.5996463298797607,
    "ptm": 0.7744868397712708,
    "iptm": 0.0,
    "ligand_iptm": 0.0,
    "protein_iptm": 0.0,
    "complex_plddt": 0.7495579123497009,
    "complex_iplddt": 0.0,
    "complex_pde": 0.7753344774246216,
    "complex_ipde": 0.0,
    "chains_ptm": {
        "0": 0.7744868397712708
    },
    "pair_chains_iptm": {
        "0": {
            "0": 0.7744868397712708
        }
    }
}