{
    "confidence_score": 0.6091334223747253,
    "ptm": 0.5934650301933289,
    "iptm": 0.0,
    "ligand_iptm": 0.0,
    "protein_iptm": 0.0,
    "complex_plddt": 0.7614167332649231,
    "complex_iplddt": 0.0,
    "complex_pde": 0.938981831073761,
    "complex_ipde": 0.0,
    "chains_ptm": {
        "0": 0.5934650301933289
    },
    "pair_chains_iptm": {
        "0": {
            "0": 0.5934650301933289
        }
    }
}