{
    "confidence_score": 0.6089144945144653,
    "ptm": 0.3990805149078369,
    "iptm": 0.0,
    "ligand_iptm": 0.0,
    "protein_iptm": 0.0,
    "complex_plddt": 0.7611430883407593,
    "complex_iplddt": 0.0,
    "complex_pde": 0.6741507649421692,
    "complex_ipde": 0.0,
    "chains_ptm": {
        "0": 0.3990805149078369
    },
    "pair_chains_iptm": {
        "0": {
            "0": 0.3990805149078369
        }
    }
}