{
    "confidence_score": 0.48604512214660645,
    "ptm": 0.2874574065208435,
    "iptm": 0.0,
    "ligand_iptm": 0.0,
    "protein_iptm": 0.0,
    "complex_plddt": 0.6075564026832581,
    "complex_iplddt": 0.0,
    "complex_pde": 2.0676844120025635,
    "complex_ipde": 0.0,
    "chains_ptm": {
        "0": 0.2874574065208435
    },
    "pair_chains_iptm": {
        "0": {
            "0": 0.2874574065208435
        }
    }
}