{
    "confidence_score": 0.5701572299003601,
    "ptm": 0.545258641242981,
    "iptm": 0.0,
    "ligand_iptm": 0.0,
    "protein_iptm": 0.0,
    "complex_plddt": 0.7126965522766113,
    "complex_iplddt": 0.0,
    "complex_pde": 1.3518131971359253,
    "complex_ipde": 0.0,
    "chains_ptm": {
        "0": 0.545258641242981
    },
    "pair_chains_iptm": {
        "0": {
            "0": 0.545258641242981
        }
    }
}