{
    "confidence_score": 0.7043391466140747,
    "ptm": 0.9087554216384888,
    "iptm": 0.0,
    "ligand_iptm": 0.0,
    "protein_iptm": 0.0,
    "complex_plddt": 0.880423903465271,
    "complex_iplddt": 0.0,
    "complex_pde": 0.4063994884490967,
    "complex_ipde": 0.0,
    "chains_ptm": {
        "0": 0.9087554216384888
    },
    "pair_chains_iptm": {
        "0": {
            "0": 0.9087554216384888
        }
    }
}