{
    "confidence_score": 0.5361903309822083,
    "ptm": 0.6193932890892029,
    "iptm": 0.0,
    "ligand_iptm": 0.0,
    "protein_iptm": 0.0,
    "complex_plddt": 0.6702378988265991,
    "complex_iplddt": 0.0,
    "complex_pde": 1.2151532173156738,
    "complex_ipde": 0.0,
    "chains_ptm": {
        "0": 0.6193932890892029
    },
    "pair_chains_iptm": {
        "0": {
            "0": 0.6193932890892029
        }
    }
}