{
    "confidence_score": 0.5698362588882446,
    "ptm": 0.7094228267669678,
    "iptm": 0.0,
    "ligand_iptm": 0.0,
    "protein_iptm": 0.0,
    "complex_plddt": 0.7122952938079834,
    "complex_iplddt": 0.0,
    "complex_pde": 0.637968122959137,
    "complex_ipde": 0.0,
    "chains_ptm": {
        "0": 0.7094228267669678
    },
    "pair_chains_iptm": {
        "0": {
            "0": 0.7094228267669678
        }
    }
}