{
    "confidence_score": 0.5425548553466797,
    "ptm": 0.2921520173549652,
    "iptm": 0.0,
    "ligand_iptm": 0.0,
    "protein_iptm": 0.0,
    "complex_plddt": 0.6781935691833496,
    "complex_iplddt": 0.0,
    "complex_pde": 2.4934473037719727,
    "complex_ipde": 0.0,
    "chains_ptm": {
        "0": 0.2921520173549652
    },
    "pair_chains_iptm": {
        "0": {
            "0": 0.2921520173549652
        }
    }
}