{
    "confidence_score": 0.6740522384643555,
    "ptm": 0.8865559101104736,
    "iptm": 0.0,
    "ligand_iptm": 0.0,
    "protein_iptm": 0.0,
    "complex_plddt": 0.8425652980804443,
    "complex_iplddt": 0.0,
    "complex_pde": 0.5688478946685791,
    "complex_ipde": 0.0,
    "chains_ptm": {
        "0": 0.8865559101104736
    },
    "pair_chains_iptm": {
        "0": {
            "0": 0.8865559101104736
        }
    }
}