{
    "confidence_score": 0.4895826280117035,
    "ptm": 0.27771279215812683,
    "iptm": 0.0,
    "ligand_iptm": 0.0,
    "protein_iptm": 0.0,
    "complex_plddt": 0.61197829246521,
    "complex_iplddt": 0.0,
    "complex_pde": 1.7651262283325195,
    "complex_ipde": 0.0,
    "chains_ptm": {
        "0": 0.27771279215812683
    },
    "pair_chains_iptm": {
        "0": {
            "0": 0.27771279215812683
        }
    }
}