{
    "confidence_score": 0.5892123579978943,
    "ptm": 0.623788595199585,
    "iptm": 0.0,
    "ligand_iptm": 0.0,
    "protein_iptm": 0.0,
    "complex_plddt": 0.736515462398529,
    "complex_iplddt": 0.0,
    "complex_pde": 1.1455546617507935,
    "complex_ipde": 0.0,
    "chains_ptm": {
        "0": 0.623788595199585
    },
    "pair_chains_iptm": {
        "0": {
            "0": 0.623788595199585
        }
    }
}