{
    "confidence_score": 0.7125658392906189,
    "ptm": 0.908684253692627,
    "iptm": 0.0,
    "ligand_iptm": 0.0,
    "protein_iptm": 0.0,
    "complex_plddt": 0.8907073140144348,
    "complex_iplddt": 0.0,
    "complex_pde": 0.46209344267845154,
    "complex_ipde": 0.0,
    "chains_ptm": {
        "0": 0.908684253692627
    },
    "pair_chains_iptm": {
        "0": {
            "0": 0.908684253692627
        }
    }
}