{
    "confidence_score": 0.6252458095550537,
    "ptm": 0.3247775435447693,
    "iptm": 0.0,
    "ligand_iptm": 0.0,
    "protein_iptm": 0.0,
    "complex_plddt": 0.7815572619438171,
    "complex_iplddt": 0.0,
    "complex_pde": 2.2489309310913086,
    "complex_ipde": 0.0,
    "chains_ptm": {
        "0": 0.3247775435447693
    },
    "pair_chains_iptm": {
        "0": {
            "0": 0.3247775435447693
        }
    }
}