{
    "confidence_score": 0.37008926272392273,
    "ptm": 0.3491346538066864,
    "iptm": 0.0,
    "ligand_iptm": 0.0,
    "protein_iptm": 0.0,
    "complex_plddt": 0.462611585855484,
    "complex_iplddt": 0.0,
    "complex_pde": 3.2185728549957275,
    "complex_ipde": 0.0,
    "chains_ptm": {
        "0": 0.3491346538066864
    },
    "pair_chains_iptm": {
        "0": {
            "0": 0.3491346538066864
        }
    }
}