{
    "confidence_score": 0.5233791470527649,
    "ptm": 0.47111383080482483,
    "iptm": 0.0,
    "ligand_iptm": 0.0,
    "protein_iptm": 0.0,
    "complex_plddt": 0.6542239189147949,
    "complex_iplddt": 0.0,
    "complex_pde": 1.4796323776245117,
    "complex_ipde": 0.0,
    "chains_ptm": {
        "0": 0.47111383080482483
    },
    "pair_chains_iptm": {
        "0": {
            "0": 0.47111383080482483
        }
    }
}