{
    "confidence_score": 0.6391768455505371,
    "ptm": 0.5522041320800781,
    "iptm": 0.0,
    "ligand_iptm": 0.0,
    "protein_iptm": 0.0,
    "complex_plddt": 0.7989710569381714,
    "complex_iplddt": 0.0,
    "complex_pde": 0.8569289445877075,
    "complex_ipde": 0.0,
    "chains_ptm": {
        "0": 0.5522041320800781
    },
    "pair_chains_iptm": {
        "0": {
            "0": 0.5522041320800781
        }
    }
}