{
    "confidence_score": 0.7352799773216248,
    "ptm": 0.945412814617157,
    "iptm": 0.0,
    "ligand_iptm": 0.0,
    "protein_iptm": 0.0,
    "complex_plddt": 0.9190999865531921,
    "complex_iplddt": 0.0,
    "complex_pde": 0.3470420837402344,
    "complex_ipde": 0.0,
    "chains_ptm": {
        "0": 0.945412814617157
    },
    "pair_chains_iptm": {
        "0": {
            "0": 0.945412814617157
        }
    }
}