{
    "confidence_score": 0.746880054473877,
    "ptm": 0.8869848251342773,
    "iptm": 0.0,
    "ligand_iptm": 0.0,
    "protein_iptm": 0.0,
    "complex_plddt": 0.9336000680923462,
    "complex_iplddt": 0.0,
    "complex_pde": 0.3313559591770172,
    "complex_ipde": 0.0,
    "chains_ptm": {
        "0": 0.8869848251342773
    },
    "pair_chains_iptm": {
        "0": {
            "0": 0.8869848251342773
        }
    }
}