{
    "confidence_score": 0.6917495131492615,
    "ptm": 0.8773976564407349,
    "iptm": 0.0,
    "ligand_iptm": 0.0,
    "protein_iptm": 0.0,
    "complex_plddt": 0.864686906337738,
    "complex_iplddt": 0.0,
    "complex_pde": 0.5651852488517761,
    "complex_ipde": 0.0,
    "chains_ptm": {
        "0": 0.8773976564407349
    },
    "pair_chains_iptm": {
        "0": {
            "0": 0.8773976564407349
        }
    }
}