{
    "confidence_score": 0.3633931279182434,
    "ptm": 0.20285062491893768,
    "iptm": 0.0,
    "ligand_iptm": 0.0,
    "protein_iptm": 0.0,
    "complex_plddt": 0.45424139499664307,
    "complex_iplddt": 0.0,
    "complex_pde": 3.852041482925415,
    "complex_ipde": 0.0,
    "chains_ptm": {
        "0": 0.20285062491893768
    },
    "pair_chains_iptm": {
        "0": {
            "0": 0.20285062491893768
        }
    }
}