{
    "confidence_score": 0.7013465762138367,
    "ptm": 0.9040161371231079,
    "iptm": 0.0,
    "ligand_iptm": 0.0,
    "protein_iptm": 0.0,
    "complex_plddt": 0.8766831755638123,
    "complex_iplddt": 0.0,
    "complex_pde": 0.7227413654327393,
    "complex_ipde": 0.0,
    "chains_ptm": {
        "0": 0.9040161371231079
    },
    "pair_chains_iptm": {
        "0": {
            "0": 0.9040161371231079
        }
    }
}