{
    "confidence_score": 0.631687343120575,
    "ptm": 0.784991443157196,
    "iptm": 0.0,
    "ligand_iptm": 0.0,
    "protein_iptm": 0.0,
    "complex_plddt": 0.7896091938018799,
    "complex_iplddt": 0.0,
    "complex_pde": 0.7495972514152527,
    "complex_ipde": 0.0,
    "chains_ptm": {
        "0": 0.784991443157196
    },
    "pair_chains_iptm": {
        "0": {
            "0": 0.784991443157196
        }
    }
}