{
    "confidence_score": 0.5233779549598694,
    "ptm": 0.36288201808929443,
    "iptm": 0.0,
    "ligand_iptm": 0.0,
    "protein_iptm": 0.0,
    "complex_plddt": 0.6542224287986755,
    "complex_iplddt": 0.0,
    "complex_pde": 1.2796601057052612,
    "complex_ipde": 0.0,
    "chains_ptm": {
        "0": 0.36288201808929443
    },
    "pair_chains_iptm": {
        "0": {
            "0": 0.36288201808929443
        }
    }
}