{
    "plddts": {
        "model_1_pred_0": 78.71892624034986,
        "model_2_pred_0": 78.42965002949083,
        "model_3_pred_0": 79.89866331320215,
        "model_4_pred_0": 78.86915864854468,
        "model_5_pred_0": 79.0214755211326
    },
    "order": [
        "model_3_pred_0",
        "model_5_pred_0",
        "model_4_pred_0",
        "model_1_pred_0",
        "model_2_pred_0"
    ]
}