{
    "confidence_score": 0.6020786166191101,
    "ptm": 0.6369410157203674,
    "iptm": 0.0,
    "ligand_iptm": 0.0,
    "protein_iptm": 0.0,
    "complex_plddt": 0.752598226070404,
    "complex_iplddt": 0.0,
    "complex_pde": 1.173658847808838,
    "complex_ipde": 0.0,
    "chains_ptm": {
        "0": 0.6369410157203674
    },
    "pair_chains_iptm": {
        "0": {
            "0": 0.6369410157203674
        }
    }
}