{
    "confidence_score": 0.4975178837776184,
    "ptm": 0.3411402404308319,
    "iptm": 0.0,
    "ligand_iptm": 0.0,
    "protein_iptm": 0.0,
    "complex_plddt": 0.6218973398208618,
    "complex_iplddt": 0.0,
    "complex_pde": 1.378126621246338,
    "complex_ipde": 0.0,
    "chains_ptm": {
        "0": 0.3411402404308319
    },
    "pair_chains_iptm": {
        "0": {
            "0": 0.3411402404308319
        }
    }
}