{
    "confidence_score": 0.4001290500164032,
    "ptm": 0.3391457498073578,
    "iptm": 0.0,
    "ligand_iptm": 0.0,
    "protein_iptm": 0.0,
    "complex_plddt": 0.5001612901687622,
    "complex_iplddt": 0.0,
    "complex_pde": 3.4392716884613037,
    "complex_ipde": 0.0,
    "chains_ptm": {
        "0": 0.3391457498073578
    },
    "pair_chains_iptm": {
        "0": {
            "0": 0.3391457498073578
        }
    }
}