{
    "confidence_score": 0.7128946185112,
    "ptm": 0.9137015342712402,
    "iptm": 0.0,
    "ligand_iptm": 0.0,
    "protein_iptm": 0.0,
    "complex_plddt": 0.8911182284355164,
    "complex_iplddt": 0.0,
    "complex_pde": 0.4513910114765167,
    "complex_ipde": 0.0,
    "chains_ptm": {
        "0": 0.9137015342712402
    },
    "pair_chains_iptm": {
        "0": {
            "0": 0.9137015342712402
        }
    }
}