{
    "confidence_score": 0.7579533457756042,
    "ptm": 0.9381193518638611,
    "iptm": 0.0,
    "ligand_iptm": 0.0,
    "protein_iptm": 0.0,
    "complex_plddt": 0.9474416375160217,
    "complex_iplddt": 0.0,
    "complex_pde": 0.32231250405311584,
    "complex_ipde": 0.0,
    "chains_ptm": {
        "0": 0.9381193518638611
    },
    "pair_chains_iptm": {
        "0": {
            "0": 0.9381193518638611
        }
    }
}