{
    "confidence_score": 0.6298603415489197,
    "ptm": 0.695099949836731,
    "iptm": 0.0,
    "ligand_iptm": 0.0,
    "protein_iptm": 0.0,
    "complex_plddt": 0.7873254418373108,
    "complex_iplddt": 0.0,
    "complex_pde": 0.8841873407363892,
    "complex_ipde": 0.0,
    "chains_ptm": {
        "0": 0.695099949836731
    },
    "pair_chains_iptm": {
        "0": {
            "0": 0.695099949836731
        }
    }
}