{
    "confidence_score": 0.48153194785118103,
    "ptm": 0.2642172873020172,
    "iptm": 0.0,
    "ligand_iptm": 0.0,
    "protein_iptm": 0.0,
    "complex_plddt": 0.6019149422645569,
    "complex_iplddt": 0.0,
    "complex_pde": 2.1044819355010986,
    "complex_ipde": 0.0,
    "chains_ptm": {
        "0": 0.2642172873020172
    },
    "pair_chains_iptm": {
        "0": {
            "0": 0.2642172873020172
        }
    }
}