{
    "confidence_score": 0.7210444808006287,
    "ptm": 0.904549241065979,
    "iptm": 0.0,
    "ligand_iptm": 0.0,
    "protein_iptm": 0.0,
    "complex_plddt": 0.9013055562973022,
    "complex_iplddt": 0.0,
    "complex_pde": 0.5164932012557983,
    "complex_ipde": 0.0,
    "chains_ptm": {
        "0": 0.904549241065979
    },
    "pair_chains_iptm": {
        "0": {
            "0": 0.904549241065979
        }
    }
}