{
    "confidence_score": 0.7015290260314941,
    "ptm": 0.914052426815033,
    "iptm": 0.0,
    "ligand_iptm": 0.0,
    "protein_iptm": 0.0,
    "complex_plddt": 0.8769112825393677,
    "complex_iplddt": 0.0,
    "complex_pde": 0.41379112005233765,
    "complex_ipde": 0.0,
    "chains_ptm": {
        "0": 0.914052426815033
    },
    "pair_chains_iptm": {
        "0": {
            "0": 0.914052426815033
        }
    }
}