{
    "confidence_score": 0.7610325217247009,
    "ptm": 0.9569537043571472,
    "iptm": 0.0,
    "ligand_iptm": 0.0,
    "protein_iptm": 0.0,
    "complex_plddt": 0.9512906670570374,
    "complex_iplddt": 0.0,
    "complex_pde": 0.2958299219608307,
    "complex_ipde": 0.0,
    "chains_ptm": {
        "0": 0.9569537043571472
    },
    "pair_chains_iptm": {
        "0": {
            "0": 0.9569537043571472
        }
    }
}