{
    "confidence_score": 0.7324711680412292,
    "ptm": 0.9177249670028687,
    "iptm": 0.0,
    "ligand_iptm": 0.0,
    "protein_iptm": 0.0,
    "complex_plddt": 0.915588915348053,
    "complex_iplddt": 0.0,
    "complex_pde": 0.43877536058425903,
    "complex_ipde": 0.0,
    "chains_ptm": {
        "0": 0.9177249670028687
    },
    "pair_chains_iptm": {
        "0": {
            "0": 0.9177249670028687
        }
    }
}