{
    "confidence_score": 0.3982020616531372,
    "ptm": 0.38810715079307556,
    "iptm": 0.0,
    "ligand_iptm": 0.0,
    "protein_iptm": 0.0,
    "complex_plddt": 0.4977525770664215,
    "complex_iplddt": 0.0,
    "complex_pde": 2.0290281772613525,
    "complex_ipde": 0.0,
    "chains_ptm": {
        "0": 0.38810715079307556
    },
    "pair_chains_iptm": {
        "0": {
            "0": 0.38810715079307556
        }
    }
}