{
    "confidence_score": 0.38728949427604675,
    "ptm": 0.3861958980560303,
    "iptm": 0.0,
    "ligand_iptm": 0.0,
    "protein_iptm": 0.0,
    "complex_plddt": 0.48411187529563904,
    "complex_iplddt": 0.0,
    "complex_pde": 2.4237751960754395,
    "complex_ipde": 0.0,
    "chains_ptm": {
        "0": 0.3861958980560303
    },
    "pair_chains_iptm": {
        "0": {
            "0": 0.3861958980560303
        }
    }
}