{
    "confidence_score": 0.6644169092178345,
    "ptm": 0.900948703289032,
    "iptm": 0.0,
    "ligand_iptm": 0.0,
    "protein_iptm": 0.0,
    "complex_plddt": 0.8305211067199707,
    "complex_iplddt": 0.0,
    "complex_pde": 0.5839644074440002,
    "complex_ipde": 0.0,
    "chains_ptm": {
        "0": 0.900948703289032
    },
    "pair_chains_iptm": {
        "0": {
            "0": 0.900948703289032
        }
    }
}