{
    "confidence_score": 0.7033445239067078,
    "ptm": 0.6030954122543335,
    "iptm": 0.0,
    "ligand_iptm": 0.0,
    "protein_iptm": 0.0,
    "complex_plddt": 0.8791806697845459,
    "complex_iplddt": 0.0,
    "complex_pde": 0.5395610928535461,
    "complex_ipde": 0.0,
    "chains_ptm": {
        "0": 0.6030954122543335
    },
    "pair_chains_iptm": {
        "0": {
            "0": 0.6030954122543335
        }
    }
}