{
    "confidence_score": 0.6278388500213623,
    "ptm": 0.6159023642539978,
    "iptm": 0.0,
    "ligand_iptm": 0.0,
    "protein_iptm": 0.0,
    "complex_plddt": 0.7847985625267029,
    "complex_iplddt": 0.0,
    "complex_pde": 0.807429850101471,
    "complex_ipde": 0.0,
    "chains_ptm": {
        "0": 0.6159023642539978
    },
    "pair_chains_iptm": {
        "0": {
            "0": 0.6159023642539978
        }
    }
}