{
    "confidence_score": 0.7354552149772644,
    "ptm": 0.9208580851554871,
    "iptm": 0.0,
    "ligand_iptm": 0.0,
    "protein_iptm": 0.0,
    "complex_plddt": 0.9193189740180969,
    "complex_iplddt": 0.0,
    "complex_pde": 0.40446674823760986,
    "complex_ipde": 0.0,
    "chains_ptm": {
        "0": 0.9208580851554871
    },
    "pair_chains_iptm": {
        "0": {
            "0": 0.9208580851554871
        }
    }
}