{
    "confidence_score": 0.6550750732421875,
    "ptm": 0.7873733043670654,
    "iptm": 0.0,
    "ligand_iptm": 0.0,
    "protein_iptm": 0.0,
    "complex_plddt": 0.8188438415527344,
    "complex_iplddt": 0.0,
    "complex_pde": 0.6447238326072693,
    "complex_ipde": 0.0,
    "chains_ptm": {
        "0": 0.7873733043670654
    },
    "pair_chains_iptm": {
        "0": {
            "0": 0.7873733043670654
        }
    }
}