{
    "confidence_score": 0.5705913305282593,
    "ptm": 0.5808902978897095,
    "iptm": 0.0,
    "ligand_iptm": 0.0,
    "protein_iptm": 0.0,
    "complex_plddt": 0.7132391333580017,
    "complex_iplddt": 0.0,
    "complex_pde": 1.7171496152877808,
    "complex_ipde": 0.0,
    "chains_ptm": {
        "0": 0.5808902978897095
    },
    "pair_chains_iptm": {
        "0": {
            "0": 0.5808902978897095
        }
    }
}