{
    "confidence_score": 0.6297592520713806,
    "ptm": 0.8656845092773438,
    "iptm": 0.0,
    "ligand_iptm": 0.0,
    "protein_iptm": 0.0,
    "complex_plddt": 0.7871990203857422,
    "complex_iplddt": 0.0,
    "complex_pde": 0.6613568663597107,
    "complex_ipde": 0.0,
    "chains_ptm": {
        "0": 0.8656845092773438
    },
    "pair_chains_iptm": {
        "0": {
            "0": 0.8656845092773438
        }
    }
}