{
    "confidence_score": 0.7536654472351074,
    "ptm": 0.9667923450469971,
    "iptm": 0.0,
    "ligand_iptm": 0.0,
    "protein_iptm": 0.0,
    "complex_plddt": 0.9420818090438843,
    "complex_iplddt": 0.0,
    "complex_pde": 0.3219774663448334,
    "complex_ipde": 0.0,
    "chains_ptm": {
        "0": 0.9667923450469971
    },
    "pair_chains_iptm": {
        "0": {
            "0": 0.9667923450469971
        }
    }
}