{
    "confidence_score": 0.7338458299636841,
    "ptm": 0.9431890845298767,
    "iptm": 0.0,
    "ligand_iptm": 0.0,
    "protein_iptm": 0.0,
    "complex_plddt": 0.9173072576522827,
    "complex_iplddt": 0.0,
    "complex_pde": 0.39707449078559875,
    "complex_ipde": 0.0,
    "chains_ptm": {
        "0": 0.9431890845298767
    },
    "pair_chains_iptm": {
        "0": {
            "0": 0.9431890845298767
        }
    }
}