{
    "confidence_score": 0.7143049836158752,
    "ptm": 0.8737532496452332,
    "iptm": 0.0,
    "ligand_iptm": 0.0,
    "protein_iptm": 0.0,
    "complex_plddt": 0.8928812146186829,
    "complex_iplddt": 0.0,
    "complex_pde": 0.4698632061481476,
    "complex_ipde": 0.0,
    "chains_ptm": {
        "0": 0.8737532496452332
    },
    "pair_chains_iptm": {
        "0": {
            "0": 0.8737532496452332
        }
    }
}