{
    "confidence_score": 0.6797465682029724,
    "ptm": 0.7013176679611206,
    "iptm": 0.0,
    "ligand_iptm": 0.0,
    "protein_iptm": 0.0,
    "complex_plddt": 0.8496831655502319,
    "complex_iplddt": 0.0,
    "complex_pde": 0.792961835861206,
    "complex_ipde": 0.0,
    "chains_ptm": {
        "0": 0.7013176679611206
    },
    "pair_chains_iptm": {
        "0": {
            "0": 0.7013176679611206
        }
    }
}