{
    "confidence_score": 0.72088223695755,
    "ptm": 0.9106693267822266,
    "iptm": 0.0,
    "ligand_iptm": 0.0,
    "protein_iptm": 0.0,
    "complex_plddt": 0.9011027812957764,
    "complex_iplddt": 0.0,
    "complex_pde": 0.3693665564060211,
    "complex_ipde": 0.0,
    "chains_ptm": {
        "0": 0.9106693267822266
    },
    "pair_chains_iptm": {
        "0": {
            "0": 0.9106693267822266
        }
    }
}