{
    "confidence_score": 0.6477527022361755,
    "ptm": 0.6054225564002991,
    "iptm": 0.0,
    "ligand_iptm": 0.0,
    "protein_iptm": 0.0,
    "complex_plddt": 0.8096908926963806,
    "complex_iplddt": 0.0,
    "complex_pde": 1.19120192527771,
    "complex_ipde": 0.0,
    "chains_ptm": {
        "0": 0.6054225564002991
    },
    "pair_chains_iptm": {
        "0": {
            "0": 0.6054225564002991
        }
    }
}