{
    "confidence_score": 0.6848322153091431,
    "ptm": 0.8112099170684814,
    "iptm": 0.0,
    "ligand_iptm": 0.0,
    "protein_iptm": 0.0,
    "complex_plddt": 0.8560402393341064,
    "complex_iplddt": 0.0,
    "complex_pde": 0.61583012342453,
    "complex_ipde": 0.0,
    "chains_ptm": {
        "0": 0.8112099170684814
    },
    "pair_chains_iptm": {
        "0": {
            "0": 0.8112099170684814
        }
    }
}