{
    "confidence_score": 0.571904182434082,
    "ptm": 0.5511682033538818,
    "iptm": 0.0,
    "ligand_iptm": 0.0,
    "protein_iptm": 0.0,
    "complex_plddt": 0.7148802280426025,
    "complex_iplddt": 0.0,
    "complex_pde": 1.251177430152893,
    "complex_ipde": 0.0,
    "chains_ptm": {
        "0": 0.5511682033538818
    },
    "pair_chains_iptm": {
        "0": {
            "0": 0.5511682033538818
        }
    }
}