{
    "confidence_score": 0.7234546542167664,
    "ptm": 0.9342814683914185,
    "iptm": 0.0,
    "ligand_iptm": 0.0,
    "protein_iptm": 0.0,
    "complex_plddt": 0.9043183326721191,
    "complex_iplddt": 0.0,
    "complex_pde": 0.49115198850631714,
    "complex_ipde": 0.0,
    "chains_ptm": {
        "0": 0.9342814683914185
    },
    "pair_chains_iptm": {
        "0": {
            "0": 0.9342814683914185
        }
    }
}