{
    "confidence_score": 0.4091739356517792,
    "ptm": 0.22399351000785828,
    "iptm": 0.0,
    "ligand_iptm": 0.0,
    "protein_iptm": 0.0,
    "complex_plddt": 0.5114673972129822,
    "complex_iplddt": 0.0,
    "complex_pde": 3.3710134029388428,
    "complex_ipde": 0.0,
    "chains_ptm": {
        "0": 0.22399351000785828
    },
    "pair_chains_iptm": {
        "0": {
            "0": 0.22399351000785828
        }
    }
}