{
    "confidence_score": 0.7109469771385193,
    "ptm": 0.8784175515174866,
    "iptm": 0.0,
    "ligand_iptm": 0.0,
    "protein_iptm": 0.0,
    "complex_plddt": 0.8886836767196655,
    "complex_iplddt": 0.0,
    "complex_pde": 0.47231537103652954,
    "complex_ipde": 0.0,
    "chains_ptm": {
        "0": 0.8784175515174866
    },
    "pair_chains_iptm": {
        "0": {
            "0": 0.8784175515174866
        }
    }
}