{
    "confidence_score": 0.6998604536056519,
    "ptm": 0.8130305409431458,
    "iptm": 0.0,
    "ligand_iptm": 0.0,
    "protein_iptm": 0.0,
    "complex_plddt": 0.8748255372047424,
    "complex_iplddt": 0.0,
    "complex_pde": 0.4673950970172882,
    "complex_ipde": 0.0,
    "chains_ptm": {
        "0": 0.8130305409431458
    },
    "pair_chains_iptm": {
        "0": {
            "0": 0.8130305409431458
        }
    }
}