{
    "confidence_score": 0.6104550957679749,
    "ptm": 0.6449644565582275,
    "iptm": 0.0,
    "ligand_iptm": 0.0,
    "protein_iptm": 0.0,
    "complex_plddt": 0.7630688548088074,
    "complex_iplddt": 0.0,
    "complex_pde": 1.2260900735855103,
    "complex_ipde": 0.0,
    "chains_ptm": {
        "0": 0.6449644565582275
    },
    "pair_chains_iptm": {
        "0": {
            "0": 0.6449644565582275
        }
    }
}