{
    "confidence_score": 0.6472151875495911,
    "ptm": 0.7213838696479797,
    "iptm": 0.0,
    "ligand_iptm": 0.0,
    "protein_iptm": 0.0,
    "complex_plddt": 0.8090189695358276,
    "complex_iplddt": 0.0,
    "complex_pde": 0.8112335205078125,
    "complex_ipde": 0.0,
    "chains_ptm": {
        "0": 0.7213838696479797
    },
    "pair_chains_iptm": {
        "0": {
            "0": 0.7213838696479797
        }
    }
}