{
    "confidence_score": 0.639678418636322,
    "ptm": 0.8737824559211731,
    "iptm": 0.0,
    "ligand_iptm": 0.0,
    "protein_iptm": 0.0,
    "complex_plddt": 0.799597978591919,
    "complex_iplddt": 0.0,
    "complex_pde": 0.5447992086410522,
    "complex_ipde": 0.0,
    "chains_ptm": {
        "0": 0.8737824559211731
    },
    "pair_chains_iptm": {
        "0": {
            "0": 0.8737824559211731
        }
    }
}