{
    "confidence_score": 0.65828937292099,
    "ptm": 0.8808918595314026,
    "iptm": 0.0,
    "ligand_iptm": 0.0,
    "protein_iptm": 0.0,
    "complex_plddt": 0.8228616714477539,
    "complex_iplddt": 0.0,
    "complex_pde": 0.5089088678359985,
    "complex_ipde": 0.0,
    "chains_ptm": {
        "0": 0.8808918595314026
    },
    "pair_chains_iptm": {
        "0": {
            "0": 0.8808918595314026
        }
    }
}