{
    "confidence_score": 0.6544443964958191,
    "ptm": 0.4697667360305786,
    "iptm": 0.0,
    "ligand_iptm": 0.0,
    "protein_iptm": 0.0,
    "complex_plddt": 0.8180554509162903,
    "complex_iplddt": 0.0,
    "complex_pde": 0.5981968641281128,
    "complex_ipde": 0.0,
    "chains_ptm": {
        "0": 0.4697667360305786
    },
    "pair_chains_iptm": {
        "0": {
            "0": 0.4697667360305786
        }
    }
}