{
    "confidence_score": 0.5523461103439331,
    "ptm": 0.6299481391906738,
    "iptm": 0.0,
    "ligand_iptm": 0.0,
    "protein_iptm": 0.0,
    "complex_plddt": 0.690432608127594,
    "complex_iplddt": 0.0,
    "complex_pde": 1.5536967515945435,
    "complex_ipde": 0.0,
    "chains_ptm": {
        "0": 0.6299481391906738
    },
    "pair_chains_iptm": {
        "0": {
            "0": 0.6299481391906738
        }
    }
}