{
    "confidence_score": 0.6843896508216858,
    "ptm": 0.8592038750648499,
    "iptm": 0.0,
    "ligand_iptm": 0.0,
    "protein_iptm": 0.0,
    "complex_plddt": 0.855487048625946,
    "complex_iplddt": 0.0,
    "complex_pde": 0.5426273941993713,
    "complex_ipde": 0.0,
    "chains_ptm": {
        "0": 0.8592038750648499
    },
    "pair_chains_iptm": {
        "0": {
            "0": 0.8592038750648499
        }
    }
}