{
    "confidence_score": 0.43291088938713074,
    "ptm": 0.3477061986923218,
    "iptm": 0.0,
    "ligand_iptm": 0.0,
    "protein_iptm": 0.0,
    "complex_plddt": 0.5411385893821716,
    "complex_iplddt": 0.0,
    "complex_pde": 2.0432491302490234,
    "complex_ipde": 0.0,
    "chains_ptm": {
        "0": 0.3477061986923218
    },
    "pair_chains_iptm": {
        "0": {
            "0": 0.3477061986923218
        }
    }
}