{
    "confidence_score": 0.6281446814537048,
    "ptm": 0.6414101123809814,
    "iptm": 0.0,
    "ligand_iptm": 0.0,
    "protein_iptm": 0.0,
    "complex_plddt": 0.7851808667182922,
    "complex_iplddt": 0.0,
    "complex_pde": 0.7650146484375,
    "complex_ipde": 0.0,
    "chains_ptm": {
        "0": 0.6414101123809814
    },
    "pair_chains_iptm": {
        "0": {
            "0": 0.6414101123809814
        }
    }
}