{
    "confidence_score": 0.740883469581604,
    "ptm": 0.9072630405426025,
    "iptm": 0.0,
    "ligand_iptm": 0.0,
    "protein_iptm": 0.0,
    "complex_plddt": 0.9261043071746826,
    "complex_iplddt": 0.0,
    "complex_pde": 0.40213435888290405,
    "complex_ipde": 0.0,
    "chains_ptm": {
        "0": 0.9072630405426025
    },
    "pair_chains_iptm": {
        "0": {
            "0": 0.9072630405426025
        }
    }
}