{
    "confidence_score": 0.5333675742149353,
    "ptm": 0.4952120780944824,
    "iptm": 0.0,
    "ligand_iptm": 0.0,
    "protein_iptm": 0.0,
    "complex_plddt": 0.6667094230651855,
    "complex_iplddt": 0.0,
    "complex_pde": 2.454294443130493,
    "complex_ipde": 0.0,
    "chains_ptm": {
        "0": 0.4952120780944824
    },
    "pair_chains_iptm": {
        "0": {
            "0": 0.4952120780944824
        }
    }
}