{
    "confidence_score": 0.7292260527610779,
    "ptm": 0.9175057411193848,
    "iptm": 0.0,
    "ligand_iptm": 0.0,
    "protein_iptm": 0.0,
    "complex_plddt": 0.9115325808525085,
    "complex_iplddt": 0.0,
    "complex_pde": 0.43300747871398926,
    "complex_ipde": 0.0,
    "chains_ptm": {
        "0": 0.9175057411193848
    },
    "pair_chains_iptm": {
        "0": {
            "0": 0.9175057411193848
        }
    }
}