{
    "confidence_score": 0.4805198609828949,
    "ptm": 0.4351593852043152,
    "iptm": 0.0,
    "ligand_iptm": 0.0,
    "protein_iptm": 0.0,
    "complex_plddt": 0.6006498336791992,
    "complex_iplddt": 0.0,
    "complex_pde": 2.296633005142212,
    "complex_ipde": 0.0,
    "chains_ptm": {
        "0": 0.4351593852043152
    },
    "pair_chains_iptm": {
        "0": {
            "0": 0.4351593852043152
        }
    }
}