{
    "confidence_score": 0.47831249237060547,
    "ptm": 0.2572437822818756,
    "iptm": 0.0,
    "ligand_iptm": 0.0,
    "protein_iptm": 0.0,
    "complex_plddt": 0.5978906154632568,
    "complex_iplddt": 0.0,
    "complex_pde": 1.8699198961257935,
    "complex_ipde": 0.0,
    "chains_ptm": {
        "0": 0.2572437822818756
    },
    "pair_chains_iptm": {
        "0": {
            "0": 0.2572437822818756
        }
    }
}