{
    "confidence_score": 0.5635863542556763,
    "ptm": 0.6742041110992432,
    "iptm": 0.0,
    "ligand_iptm": 0.0,
    "protein_iptm": 0.0,
    "complex_plddt": 0.704482913017273,
    "complex_iplddt": 0.0,
    "complex_pde": 1.4755887985229492,
    "complex_ipde": 0.0,
    "chains_ptm": {
        "0": 0.6742041110992432
    },
    "pair_chains_iptm": {
        "0": {
            "0": 0.6742041110992432
        }
    }
}