{
    "confidence_score": 0.4886513352394104,
    "ptm": 0.20996640622615814,
    "iptm": 0.0,
    "ligand_iptm": 0.0,
    "protein_iptm": 0.0,
    "complex_plddt": 0.6108141541481018,
    "complex_iplddt": 0.0,
    "complex_pde": 1.9619051218032837,
    "complex_ipde": 0.0,
    "chains_ptm": {
        "0": 0.20996640622615814
    },
    "pair_chains_iptm": {
        "0": {
            "0": 0.20996640622615814
        }
    }
}