{
    "confidence_score": 0.7096162438392639,
    "ptm": 0.9349546432495117,
    "iptm": 0.0,
    "ligand_iptm": 0.0,
    "protein_iptm": 0.0,
    "complex_plddt": 0.8870202898979187,
    "complex_iplddt": 0.0,
    "complex_pde": 0.4638250470161438,
    "complex_ipde": 0.0,
    "chains_ptm": {
        "0": 0.9349546432495117
    },
    "pair_chains_iptm": {
        "0": {
            "0": 0.9349546432495117
        }
    }
}