{
    "confidence_score": 0.5423102378845215,
    "ptm": 0.5753389596939087,
    "iptm": 0.0,
    "ligand_iptm": 0.0,
    "protein_iptm": 0.0,
    "complex_plddt": 0.6778877973556519,
    "complex_iplddt": 0.0,
    "complex_pde": 1.836909532546997,
    "complex_ipde": 0.0,
    "chains_ptm": {
        "0": 0.5753389596939087
    },
    "pair_chains_iptm": {
        "0": {
            "0": 0.5753389596939087
        }
    }
}