{
    "confidence_score": 0.6536130309104919,
    "ptm": 0.6001262068748474,
    "iptm": 0.0,
    "ligand_iptm": 0.0,
    "protein_iptm": 0.0,
    "complex_plddt": 0.8170163035392761,
    "complex_iplddt": 0.0,
    "complex_pde": 0.690891444683075,
    "complex_ipde": 0.0,
    "chains_ptm": {
        "0": 0.6001262068748474
    },
    "pair_chains_iptm": {
        "0": {
            "0": 0.6001262068748474
        }
    }
}