{
    "confidence_score": 0.7037951350212097,
    "ptm": 0.7649837136268616,
    "iptm": 0.0,
    "ligand_iptm": 0.0,
    "protein_iptm": 0.0,
    "complex_plddt": 0.8797439336776733,
    "complex_iplddt": 0.0,
    "complex_pde": 0.4104888439178467,
    "complex_ipde": 0.0,
    "chains_ptm": {
        "0": 0.7649837136268616
    },
    "pair_chains_iptm": {
        "0": {
            "0": 0.7649837136268616
        }
    }
}