{
    "confidence_score": 0.6355236172676086,
    "ptm": 0.35043174028396606,
    "iptm": 0.0,
    "ligand_iptm": 0.0,
    "protein_iptm": 0.0,
    "complex_plddt": 0.7944045066833496,
    "complex_iplddt": 0.0,
    "complex_pde": 0.7484728097915649,
    "complex_ipde": 0.0,
    "chains_ptm": {
        "0": 0.35043174028396606
    },
    "pair_chains_iptm": {
        "0": {
            "0": 0.35043174028396606
        }
    }
}