{
    "confidence_score": 0.6326296925544739,
    "ptm": 0.6699407696723938,
    "iptm": 0.0,
    "ligand_iptm": 0.0,
    "protein_iptm": 0.0,
    "complex_plddt": 0.7907871007919312,
    "complex_iplddt": 0.0,
    "complex_pde": 0.9512601494789124,
    "complex_ipde": 0.0,
    "chains_ptm": {
        "0": 0.6699407696723938
    },
    "pair_chains_iptm": {
        "0": {
            "0": 0.6699407696723938
        }
    }
}