{
    "confidence_score": 0.7092470526695251,
    "ptm": 0.9146712422370911,
    "iptm": 0.0,
    "ligand_iptm": 0.0,
    "protein_iptm": 0.0,
    "complex_plddt": 0.8865588307380676,
    "complex_iplddt": 0.0,
    "complex_pde": 0.45863866806030273,
    "complex_ipde": 0.0,
    "chains_ptm": {
        "0": 0.9146712422370911
    },
    "pair_chains_iptm": {
        "0": {
            "0": 0.9146712422370911
        }
    }
}