{
    "confidence_score": 0.5685520172119141,
    "ptm": 0.6442335247993469,
    "iptm": 0.0,
    "ligand_iptm": 0.0,
    "protein_iptm": 0.0,
    "complex_plddt": 0.7106900215148926,
    "complex_iplddt": 0.0,
    "complex_pde": 0.9936221837997437,
    "complex_ipde": 0.0,
    "chains_ptm": {
        "0": 0.6442335247993469
    },
    "pair_chains_iptm": {
        "0": {
            "0": 0.6442335247993469
        }
    }
}