{
    "confidence_score": 0.7197299599647522,
    "ptm": 0.9276155233383179,
    "iptm": 0.0,
    "ligand_iptm": 0.0,
    "protein_iptm": 0.0,
    "complex_plddt": 0.899662435054779,
    "complex_iplddt": 0.0,
    "complex_pde": 0.408095121383667,
    "complex_ipde": 0.0,
    "chains_ptm": {
        "0": 0.9276155233383179
    },
    "pair_chains_iptm": {
        "0": {
            "0": 0.9276155233383179
        }
    }
}