{
    "confidence_score": 0.5077983736991882,
    "ptm": 0.5366054177284241,
    "iptm": 0.0,
    "ligand_iptm": 0.0,
    "protein_iptm": 0.0,
    "complex_plddt": 0.6347479224205017,
    "complex_iplddt": 0.0,
    "complex_pde": 1.696339726448059,
    "complex_ipde": 0.0,
    "chains_ptm": {
        "0": 0.5366054177284241
    },
    "pair_chains_iptm": {
        "0": {
            "0": 0.5366054177284241
        }
    }
}