{
    "confidence_score": 0.6766538023948669,
    "ptm": 0.5806087851524353,
    "iptm": 0.0,
    "ligand_iptm": 0.0,
    "protein_iptm": 0.0,
    "complex_plddt": 0.8458172678947449,
    "complex_iplddt": 0.0,
    "complex_pde": 0.8453218340873718,
    "complex_ipde": 0.0,
    "chains_ptm": {
        "0": 0.5806087851524353
    },
    "pair_chains_iptm": {
        "0": {
            "0": 0.5806087851524353
        }
    }
}