{
    "features": 6230.5959684848785,
    "process_features_model_1_pred_0": 12.346582651138306,
    "predict_and_compile_model_1_pred_0": 349.2899487018585,
    "process_features_model_2_pred_0": 12.06264853477478,
    "predict_and_compile_model_2_pred_0": 324.4245684146881,
    "process_features_model_3_pred_0": 11.280416488647461,
    "predict_and_compile_model_3_pred_0": 296.40170192718506,
    "process_features_model_4_pred_0": 17.52628254890442,
    "predict_and_compile_model_4_pred_0": 309.83497166633606,
    "process_features_model_5_pred_0": 11.683712244033813,
    "predict_and_compile_model_5_pred_0": 273.46326661109924,
    "relax_model_3_pred_0": 85.88457798957825
}