{
    "confidence_score": 0.5781066417694092,
    "ptm": 0.40509188175201416,
    "iptm": 0.0,
    "ligand_iptm": 0.0,
    "protein_iptm": 0.0,
    "complex_plddt": 0.7226333022117615,
    "complex_iplddt": 0.0,
    "complex_pde": 1.9167859554290771,
    "complex_ipde": 0.0,
    "chains_ptm": {
        "0": 0.40509188175201416
    },
    "pair_chains_iptm": {
        "0": {
            "0": 0.40509188175201416
        }
    }
}