{
    "confidence_score": 0.5736328363418579,
    "ptm": 0.7058449983596802,
    "iptm": 0.0,
    "ligand_iptm": 0.0,
    "protein_iptm": 0.0,
    "complex_plddt": 0.717041015625,
    "complex_iplddt": 0.0,
    "complex_pde": 0.6388904452323914,
    "complex_ipde": 0.0,
    "chains_ptm": {
        "0": 0.7058449983596802
    },
    "pair_chains_iptm": {
        "0": {
            "0": 0.7058449983596802
        }
    }
}