{
    "confidence_score": 0.3737248480319977,
    "ptm": 0.2917363941669464,
    "iptm": 0.0,
    "ligand_iptm": 0.0,
    "protein_iptm": 0.0,
    "complex_plddt": 0.4671560525894165,
    "complex_iplddt": 0.0,
    "complex_pde": 2.850003480911255,
    "complex_ipde": 0.0,
    "chains_ptm": {
        "0": 0.2917363941669464
    },
    "pair_chains_iptm": {
        "0": {
            "0": 0.2917363941669464
        }
    }
}