{
    "confidence_score": 0.516431987285614,
    "ptm": 0.6523374319076538,
    "iptm": 0.0,
    "ligand_iptm": 0.0,
    "protein_iptm": 0.0,
    "complex_plddt": 0.6455399394035339,
    "complex_iplddt": 0.0,
    "complex_pde": 0.999346911907196,
    "complex_ipde": 0.0,
    "chains_ptm": {
        "0": 0.6523374319076538
    },
    "pair_chains_iptm": {
        "0": {
            "0": 0.6523374319076538
        }
    }
}