{
    "confidence_score": 0.5972017645835876,
    "ptm": 0.5314586758613586,
    "iptm": 0.0,
    "ligand_iptm": 0.0,
    "protein_iptm": 0.0,
    "complex_plddt": 0.746502161026001,
    "complex_iplddt": 0.0,
    "complex_pde": 1.048233151435852,
    "complex_ipde": 0.0,
    "chains_ptm": {
        "0": 0.5314586758613586
    },
    "pair_chains_iptm": {
        "0": {
            "0": 0.5314586758613586
        }
    }
}