{
    "confidence_score": 0.6271403431892395,
    "ptm": 0.7089934349060059,
    "iptm": 0.0,
    "ligand_iptm": 0.0,
    "protein_iptm": 0.0,
    "complex_plddt": 0.7839254140853882,
    "complex_iplddt": 0.0,
    "complex_pde": 1.0483735799789429,
    "complex_ipde": 0.0,
    "chains_ptm": {
        "0": 0.7089934349060059
    },
    "pair_chains_iptm": {
        "0": {
            "0": 0.7089934349060059
        }
    }
}