{
    "confidence_score": 0.6400635838508606,
    "ptm": 0.7956265807151794,
    "iptm": 0.0,
    "ligand_iptm": 0.0,
    "protein_iptm": 0.0,
    "complex_plddt": 0.8000794649124146,
    "complex_iplddt": 0.0,
    "complex_pde": 0.9432452321052551,
    "complex_ipde": 0.0,
    "chains_ptm": {
        "0": 0.7956265807151794
    },
    "pair_chains_iptm": {
        "0": {
            "0": 0.7956265807151794
        }
    }
}