{
    "confidence_score": 0.6035000681877136,
    "ptm": 0.7896599173545837,
    "iptm": 0.0,
    "ligand_iptm": 0.0,
    "protein_iptm": 0.0,
    "complex_plddt": 0.7543751001358032,
    "complex_iplddt": 0.0,
    "complex_pde": 0.7215060591697693,
    "complex_ipde": 0.0,
    "chains_ptm": {
        "0": 0.7896599173545837
    },
    "pair_chains_iptm": {
        "0": {
            "0": 0.7896599173545837
        }
    }
}