{
    "plddts": {
        "model_1_pred_0": 82.74300305859958,
        "model_2_pred_0": 82.60606486336744,
        "model_3_pred_0": 84.2096501170116,
        "model_4_pred_0": 83.20990341877764,
        "model_5_pred_0": 83.70779376200976
    },
    "order": [
        "model_3_pred_0",
        "model_5_pred_0",
        "model_4_pred_0",
        "model_1_pred_0",
        "model_2_pred_0"
    ]
}