{
    "confidence_score": 0.6851281523704529,
    "ptm": 0.7661548852920532,
    "iptm": 0.0,
    "ligand_iptm": 0.0,
    "protein_iptm": 0.0,
    "complex_plddt": 0.8564101457595825,
    "complex_iplddt": 0.0,
    "complex_pde": 0.5506473183631897,
    "complex_ipde": 0.0,
    "chains_ptm": {
        "0": 0.7661548852920532
    },
    "pair_chains_iptm": {
        "0": {
            "0": 0.7661548852920532
        }
    }
}