{
    "confidence_score": 0.660359799861908,
    "ptm": 0.7675600051879883,
    "iptm": 0.0,
    "ligand_iptm": 0.0,
    "protein_iptm": 0.0,
    "complex_plddt": 0.8254497647285461,
    "complex_iplddt": 0.0,
    "complex_pde": 0.8689368367195129,
    "complex_ipde": 0.0,
    "chains_ptm": {
        "0": 0.7675600051879883
    },
    "pair_chains_iptm": {
        "0": {
            "0": 0.7675600051879883
        }
    }
}