{
    "confidence_score": 0.6001125574111938,
    "ptm": 0.5855798721313477,
    "iptm": 0.0,
    "ligand_iptm": 0.0,
    "protein_iptm": 0.0,
    "complex_plddt": 0.7501406669616699,
    "complex_iplddt": 0.0,
    "complex_pde": 1.0875316858291626,
    "complex_ipde": 0.0,
    "chains_ptm": {
        "0": 0.5855798721313477
    },
    "pair_chains_iptm": {
        "0": {
            "0": 0.5855798721313477
        }
    }
}