{
    "confidence_score": 0.4387819468975067,
    "ptm": 0.4714099168777466,
    "iptm": 0.0,
    "ligand_iptm": 0.0,
    "protein_iptm": 0.0,
    "complex_plddt": 0.5484774112701416,
    "complex_iplddt": 0.0,
    "complex_pde": 2.1368958950042725,
    "complex_ipde": 0.0,
    "chains_ptm": {
        "0": 0.4714099168777466
    },
    "pair_chains_iptm": {
        "0": {
            "0": 0.4714099168777466
        }
    }
}