{
    "confidence_score": 0.389112263917923,
    "ptm": 0.3633017838001251,
    "iptm": 0.0,
    "ligand_iptm": 0.0,
    "protein_iptm": 0.0,
    "complex_plddt": 0.4863903224468231,
    "complex_iplddt": 0.0,
    "complex_pde": 3.445131540298462,
    "complex_ipde": 0.0,
    "chains_ptm": {
        "0": 0.3633017838001251
    },
    "pair_chains_iptm": {
        "0": {
            "0": 0.3633017838001251
        }
    }
}