{
    "confidence_score": 0.7439942955970764,
    "ptm": 0.9383871555328369,
    "iptm": 0.0,
    "ligand_iptm": 0.0,
    "protein_iptm": 0.0,
    "complex_plddt": 0.9299928545951843,
    "complex_iplddt": 0.0,
    "complex_pde": 0.38323214650154114,
    "complex_ipde": 0.0,
    "chains_ptm": {
        "0": 0.9383871555328369
    },
    "pair_chains_iptm": {
        "0": {
            "0": 0.9383871555328369
        }
    }
}