{
    "confidence_score": 0.6008002161979675,
    "ptm": 0.4892187714576721,
    "iptm": 0.0,
    "ligand_iptm": 0.0,
    "protein_iptm": 0.0,
    "complex_plddt": 0.7510002851486206,
    "complex_iplddt": 0.0,
    "complex_pde": 1.8828321695327759,
    "complex_ipde": 0.0,
    "chains_ptm": {
        "0": 0.4892187714576721
    },
    "pair_chains_iptm": {
        "0": {
            "0": 0.4892187714576721
        }
    }
}