{
    "confidence_score": 0.7530930042266846,
    "ptm": 0.9338350892066956,
    "iptm": 0.0,
    "ligand_iptm": 0.0,
    "protein_iptm": 0.0,
    "complex_plddt": 0.9413662552833557,
    "complex_iplddt": 0.0,
    "complex_pde": 0.3221230208873749,
    "complex_ipde": 0.0,
    "chains_ptm": {
        "0": 0.9338350892066956
    },
    "pair_chains_iptm": {
        "0": {
            "0": 0.9338350892066956
        }
    }
}