{
    "confidence_score": 0.7423983216285706,
    "ptm": 0.9146206378936768,
    "iptm": 0.0,
    "ligand_iptm": 0.0,
    "protein_iptm": 0.0,
    "complex_plddt": 0.927997887134552,
    "complex_iplddt": 0.0,
    "complex_pde": 0.3243655860424042,
    "complex_ipde": 0.0,
    "chains_ptm": {
        "0": 0.9146206378936768
    },
    "pair_chains_iptm": {
        "0": {
            "0": 0.9146206378936768
        }
    }
}