{
    "confidence_score": 0.7544185519218445,
    "ptm": 0.9490250945091248,
    "iptm": 0.0,
    "ligand_iptm": 0.0,
    "protein_iptm": 0.0,
    "complex_plddt": 0.943023145198822,
    "complex_iplddt": 0.0,
    "complex_pde": 0.3434159457683563,
    "complex_ipde": 0.0,
    "chains_ptm": {
        "0": 0.9490250945091248
    },
    "pair_chains_iptm": {
        "0": {
            "0": 0.9490250945091248
        }
    }
}