{
    "confidence_score": 0.5511512160301208,
    "ptm": 0.5689510703086853,
    "iptm": 0.0,
    "ligand_iptm": 0.0,
    "protein_iptm": 0.0,
    "complex_plddt": 0.6889389753341675,
    "complex_iplddt": 0.0,
    "complex_pde": 1.7651416063308716,
    "complex_ipde": 0.0,
    "chains_ptm": {
        "0": 0.5689510703086853
    },
    "pair_chains_iptm": {
        "0": {
            "0": 0.5689510703086853
        }
    }
}