{
    "confidence_score": 0.33638325333595276,
    "ptm": 0.24204441905021667,
    "iptm": 0.0,
    "ligand_iptm": 0.0,
    "protein_iptm": 0.0,
    "complex_plddt": 0.42047905921936035,
    "complex_iplddt": 0.0,
    "complex_pde": 2.8809635639190674,
    "complex_ipde": 0.0,
    "chains_ptm": {
        "0": 0.24204441905021667
    },
    "pair_chains_iptm": {
        "0": {
            "0": 0.24204441905021667
        }
    }
}