{
    "confidence_score": 0.6014975309371948,
    "ptm": 0.6239003539085388,
    "iptm": 0.0,
    "ligand_iptm": 0.0,
    "protein_iptm": 0.0,
    "complex_plddt": 0.7518718838691711,
    "complex_iplddt": 0.0,
    "complex_pde": 1.1191798448562622,
    "complex_ipde": 0.0,
    "chains_ptm": {
        "0": 0.6239003539085388
    },
    "pair_chains_iptm": {
        "0": {
            "0": 0.6239003539085388
        }
    }
}