{
    "confidence_score": 0.7131205201148987,
    "ptm": 0.9133016467094421,
    "iptm": 0.0,
    "ligand_iptm": 0.0,
    "protein_iptm": 0.0,
    "complex_plddt": 0.8914006352424622,
    "complex_iplddt": 0.0,
    "complex_pde": 0.35580241680145264,
    "complex_ipde": 0.0,
    "chains_ptm": {
        "0": 0.9133016467094421
    },
    "pair_chains_iptm": {
        "0": {
            "0": 0.9133016467094421
        }
    }
}