{
    "confidence_score": 0.6158823370933533,
    "ptm": 0.4070177376270294,
    "iptm": 0.0,
    "ligand_iptm": 0.0,
    "protein_iptm": 0.0,
    "complex_plddt": 0.769852876663208,
    "complex_iplddt": 0.0,
    "complex_pde": 1.2136452198028564,
    "complex_ipde": 0.0,
    "chains_ptm": {
        "0": 0.4070177376270294
    },
    "pair_chains_iptm": {
        "0": {
            "0": 0.4070177376270294
        }
    }
}