{
    "confidence_score": 0.7423514723777771,
    "ptm": 0.9038569331169128,
    "iptm": 0.0,
    "ligand_iptm": 0.0,
    "protein_iptm": 0.0,
    "complex_plddt": 0.9279393553733826,
    "complex_iplddt": 0.0,
    "complex_pde": 0.37244513630867004,
    "complex_ipde": 0.0,
    "chains_ptm": {
        "0": 0.9038569331169128
    },
    "pair_chains_iptm": {
        "0": {
            "0": 0.9038569331169128
        }
    }
}