{
    "confidence_score": 0.7233197093009949,
    "ptm": 0.8694593906402588,
    "iptm": 0.0,
    "ligand_iptm": 0.0,
    "protein_iptm": 0.0,
    "complex_plddt": 0.9041496515274048,
    "complex_iplddt": 0.0,
    "complex_pde": 0.48611390590667725,
    "complex_ipde": 0.0,
    "chains_ptm": {
        "0": 0.8694593906402588
    },
    "pair_chains_iptm": {
        "0": {
            "0": 0.8694593906402588
        }
    }
}