{
    "confidence_score": 0.735579252243042,
    "ptm": 0.9419256448745728,
    "iptm": 0.0,
    "ligand_iptm": 0.0,
    "protein_iptm": 0.0,
    "complex_plddt": 0.9194740653038025,
    "complex_iplddt": 0.0,
    "complex_pde": 0.40917253494262695,
    "complex_ipde": 0.0,
    "chains_ptm": {
        "0": 0.9419256448745728
    },
    "pair_chains_iptm": {
        "0": {
            "0": 0.9419256448745728
        }
    }
}