{
    "confidence_score": 0.6486539244651794,
    "ptm": 0.71785569190979,
    "iptm": 0.0,
    "ligand_iptm": 0.0,
    "protein_iptm": 0.0,
    "complex_plddt": 0.8108174204826355,
    "complex_iplddt": 0.0,
    "complex_pde": 0.7624519467353821,
    "complex_ipde": 0.0,
    "chains_ptm": {
        "0": 0.71785569190979
    },
    "pair_chains_iptm": {
        "0": {
            "0": 0.71785569190979
        }
    }
}