{
    "confidence_score": 0.5805262923240662,
    "ptm": 0.5199891328811646,
    "iptm": 0.0,
    "ligand_iptm": 0.0,
    "protein_iptm": 0.0,
    "complex_plddt": 0.7256578207015991,
    "complex_iplddt": 0.0,
    "complex_pde": 1.3248093128204346,
    "complex_ipde": 0.0,
    "chains_ptm": {
        "0": 0.5199891328811646
    },
    "pair_chains_iptm": {
        "0": {
            "0": 0.5199891328811646
        }
    }
}