{
    "confidence_score": 0.6194465756416321,
    "ptm": 0.6434458494186401,
    "iptm": 0.0,
    "ligand_iptm": 0.0,
    "protein_iptm": 0.0,
    "complex_plddt": 0.7743082046508789,
    "complex_iplddt": 0.0,
    "complex_pde": 1.2078865766525269,
    "complex_ipde": 0.0,
    "chains_ptm": {
        "0": 0.6434458494186401
    },
    "pair_chains_iptm": {
        "0": {
            "0": 0.6434458494186401
        }
    }
}