{
    "confidence_score": 0.6040972471237183,
    "ptm": 0.6694807410240173,
    "iptm": 0.0,
    "ligand_iptm": 0.0,
    "protein_iptm": 0.0,
    "complex_plddt": 0.7551215291023254,
    "complex_iplddt": 0.0,
    "complex_pde": 1.142073154449463,
    "complex_ipde": 0.0,
    "chains_ptm": {
        "0": 0.6694807410240173
    },
    "pair_chains_iptm": {
        "0": {
            "0": 0.6694807410240173
        }
    }
}