{
    "confidence_score": 0.7581599354743958,
    "ptm": 0.94276362657547,
    "iptm": 0.0,
    "ligand_iptm": 0.0,
    "protein_iptm": 0.0,
    "complex_plddt": 0.9476999044418335,
    "complex_iplddt": 0.0,
    "complex_pde": 0.33693191409111023,
    "complex_ipde": 0.0,
    "chains_ptm": {
        "0": 0.94276362657547
    },
    "pair_chains_iptm": {
        "0": {
            "0": 0.94276362657547
        }
    }
}