{
    "confidence_score": 0.7251856327056885,
    "ptm": 0.8893100619316101,
    "iptm": 0.0,
    "ligand_iptm": 0.0,
    "protein_iptm": 0.0,
    "complex_plddt": 0.9064820408821106,
    "complex_iplddt": 0.0,
    "complex_pde": 0.4202393591403961,
    "complex_ipde": 0.0,
    "chains_ptm": {
        "0": 0.8893100619316101
    },
    "pair_chains_iptm": {
        "0": {
            "0": 0.8893100619316101
        }
    }
}