{
    "plddts": {
        "model_1_pred_0": 80.80780548448331,
        "model_2_pred_0": 81.2705105876982,
        "model_3_pred_0": 81.77959207318766,
        "model_4_pred_0": 82.40334158580337,
        "model_5_pred_0": 81.55659884789127
    },
    "order": [
        "model_4_pred_0",
        "model_3_pred_0",
        "model_5_pred_0",
        "model_2_pred_0",
        "model_1_pred_0"
    ]
}