{
    "features": 7527.618782281876,
    "process_features_model_1_pred_0": 11.213284015655518,
    "predict_and_compile_model_1_pred_0": 319.96977639198303,
    "process_features_model_2_pred_0": 11.209345817565918,
    "predict_and_compile_model_2_pred_0": 298.8416907787323,
    "process_features_model_3_pred_0": 10.106480121612549,
    "predict_and_compile_model_3_pred_0": 266.5296792984009,
    "process_features_model_4_pred_0": 10.249454259872437,
    "predict_and_compile_model_4_pred_0": 263.3193883895874,
    "process_features_model_5_pred_0": 10.180432796478271,
    "predict_and_compile_model_5_pred_0": 241.60791158676147,
    "relax_model_4_pred_0": 57.07017636299133
}