{
    "confidence_score": 0.6684247851371765,
    "ptm": 0.6906393766403198,
    "iptm": 0.0,
    "ligand_iptm": 0.0,
    "protein_iptm": 0.0,
    "complex_plddt": 0.8355309963226318,
    "complex_iplddt": 0.0,
    "complex_pde": 0.5741651058197021,
    "complex_ipde": 0.0,
    "chains_ptm": {
        "0": 0.6906393766403198
    },
    "pair_chains_iptm": {
        "0": {
            "0": 0.6906393766403198
        }
    }
}