{
    "confidence_score": 0.5510630011558533,
    "ptm": 0.6291557550430298,
    "iptm": 0.0,
    "ligand_iptm": 0.0,
    "protein_iptm": 0.0,
    "complex_plddt": 0.688828706741333,
    "complex_iplddt": 0.0,
    "complex_pde": 1.3206217288970947,
    "complex_ipde": 0.0,
    "chains_ptm": {
        "0": 0.6291557550430298
    },
    "pair_chains_iptm": {
        "0": {
            "0": 0.6291557550430298
        }
    }
}