{
    "confidence_score": 0.6525244116783142,
    "ptm": 0.8733416199684143,
    "iptm": 0.0,
    "ligand_iptm": 0.0,
    "protein_iptm": 0.0,
    "complex_plddt": 0.815655529499054,
    "complex_iplddt": 0.0,
    "complex_pde": 0.5286579132080078,
    "complex_ipde": 0.0,
    "chains_ptm": {
        "0": 0.8733416199684143
    },
    "pair_chains_iptm": {
        "0": {
            "0": 0.8733416199684143
        }
    }
}