{
    "confidence_score": 0.6295071244239807,
    "ptm": 0.7914021015167236,
    "iptm": 0.0,
    "ligand_iptm": 0.0,
    "protein_iptm": 0.0,
    "complex_plddt": 0.7868838906288147,
    "complex_iplddt": 0.0,
    "complex_pde": 0.7466834187507629,
    "complex_ipde": 0.0,
    "chains_ptm": {
        "0": 0.7914021015167236
    },
    "pair_chains_iptm": {
        "0": {
            "0": 0.7914021015167236
        }
    }
}