{
    "confidence_score": 0.5352610945701599,
    "ptm": 0.33862894773483276,
    "iptm": 0.0,
    "ligand_iptm": 0.0,
    "protein_iptm": 0.0,
    "complex_plddt": 0.6690763831138611,
    "complex_iplddt": 0.0,
    "complex_pde": 2.1888816356658936,
    "complex_ipde": 0.0,
    "chains_ptm": {
        "0": 0.33862894773483276
    },
    "pair_chains_iptm": {
        "0": {
            "0": 0.33862894773483276
        }
    }
}