{
    "confidence_score": 0.525823712348938,
    "ptm": 0.6055294871330261,
    "iptm": 0.0,
    "ligand_iptm": 0.0,
    "protein_iptm": 0.0,
    "complex_plddt": 0.6572796106338501,
    "complex_iplddt": 0.0,
    "complex_pde": 2.0171587467193604,
    "complex_ipde": 0.0,
    "chains_ptm": {
        "0": 0.6055294871330261
    },
    "pair_chains_iptm": {
        "0": {
            "0": 0.6055294871330261
        }
    }
}