{
    "confidence_score": 0.7585170269012451,
    "ptm": 0.9523029327392578,
    "iptm": 0.0,
    "ligand_iptm": 0.0,
    "protein_iptm": 0.0,
    "complex_plddt": 0.9481462836265564,
    "complex_iplddt": 0.0,
    "complex_pde": 0.3202233612537384,
    "complex_ipde": 0.0,
    "chains_ptm": {
        "0": 0.9523029327392578
    },
    "pair_chains_iptm": {
        "0": {
            "0": 0.9523029327392578
        }
    }
}