{
    "confidence_score": 0.7272007465362549,
    "ptm": 0.943486750125885,
    "iptm": 0.0,
    "ligand_iptm": 0.0,
    "protein_iptm": 0.0,
    "complex_plddt": 0.9090009331703186,
    "complex_iplddt": 0.0,
    "complex_pde": 0.41096892952919006,
    "complex_ipde": 0.0,
    "chains_ptm": {
        "0": 0.943486750125885
    },
    "pair_chains_iptm": {
        "0": {
            "0": 0.943486750125885
        }
    }
}