{
    "confidence_score": 0.7610843181610107,
    "ptm": 0.9274511933326721,
    "iptm": 0.0,
    "ligand_iptm": 0.0,
    "protein_iptm": 0.0,
    "complex_plddt": 0.9513553977012634,
    "complex_iplddt": 0.0,
    "complex_pde": 0.32568782567977905,
    "complex_ipde": 0.0,
    "chains_ptm": {
        "0": 0.9274511933326721
    },
    "pair_chains_iptm": {
        "0": {
            "0": 0.9274511933326721
        }
    }
}