{
    "confidence_score": 0.5663143992424011,
    "ptm": 0.6775944232940674,
    "iptm": 0.0,
    "ligand_iptm": 0.0,
    "protein_iptm": 0.0,
    "complex_plddt": 0.7078929543495178,
    "complex_iplddt": 0.0,
    "complex_pde": 1.2903501987457275,
    "complex_ipde": 0.0,
    "chains_ptm": {
        "0": 0.6775944232940674
    },
    "pair_chains_iptm": {
        "0": {
            "0": 0.6775944232940674
        }
    }
}