{
    "confidence_score": 0.5410535335540771,
    "ptm": 0.36460819840431213,
    "iptm": 0.0,
    "ligand_iptm": 0.0,
    "protein_iptm": 0.0,
    "complex_plddt": 0.6763169169425964,
    "complex_iplddt": 0.0,
    "complex_pde": 1.4449506998062134,
    "complex_ipde": 0.0,
    "chains_ptm": {
        "0": 0.36460819840431213
    },
    "pair_chains_iptm": {
        "0": {
            "0": 0.36460819840431213
        }
    }
}