{
    "confidence_score": 0.43326902389526367,
    "ptm": 0.32888442277908325,
    "iptm": 0.0,
    "ligand_iptm": 0.0,
    "protein_iptm": 0.0,
    "complex_plddt": 0.5415862798690796,
    "complex_iplddt": 0.0,
    "complex_pde": 2.161935329437256,
    "complex_ipde": 0.0,
    "chains_ptm": {
        "0": 0.32888442277908325
    },
    "pair_chains_iptm": {
        "0": {
            "0": 0.32888442277908325
        }
    }
}