{
    "plddts": {
        "model_1_pred_0": 75.67957948805427,
        "model_2_pred_0": 76.67592753230346,
        "model_3_pred_0": 75.10890912015415,
        "model_4_pred_0": 76.71759611832913,
        "model_5_pred_0": 80.09701670464152
    },
    "order": [
        "model_5_pred_0",
        "model_4_pred_0",
        "model_2_pred_0",
        "model_1_pred_0",
        "model_3_pred_0"
    ]
}