{
    "features": 14194.345017671585,
    "process_features_model_1_pred_0": 14.018821954727173,
    "predict_and_compile_model_1_pred_0": 677.7804763317108,
    "process_features_model_2_pred_0": 19.54222536087036,
    "predict_and_compile_model_2_pred_0": 615.8279728889465,
    "process_features_model_3_pred_0": 13.707815170288086,
    "predict_and_compile_model_3_pred_0": 583.2321131229401,
    "process_features_model_4_pred_0": 13.816826581954956,
    "predict_and_compile_model_4_pred_0": 588.6704940795898,
    "process_features_model_5_pred_0": 14.062782049179077,
    "predict_and_compile_model_5_pred_0": 546.8309564590454,
    "relax_model_5_pred_0": 92.13068461418152
}