{
    "confidence_score": 0.6528071165084839,
    "ptm": 0.9263604879379272,
    "iptm": 0.0,
    "ligand_iptm": 0.0,
    "protein_iptm": 0.0,
    "complex_plddt": 0.8160088658332825,
    "complex_iplddt": 0.0,
    "complex_pde": 0.3653433322906494,
    "complex_ipde": 0.0,
    "chains_ptm": {
        "0": 0.9263604879379272
    },
    "pair_chains_iptm": {
        "0": {
            "0": 0.9263604879379272
        }
    }
}