{
    "confidence_score": 0.6107801198959351,
    "ptm": 0.35261526703834534,
    "iptm": 0.0,
    "ligand_iptm": 0.0,
    "protein_iptm": 0.0,
    "complex_plddt": 0.7634751200675964,
    "complex_iplddt": 0.0,
    "complex_pde": 1.0406992435455322,
    "complex_ipde": 0.0,
    "chains_ptm": {
        "0": 0.35261526703834534
    },
    "pair_chains_iptm": {
        "0": {
            "0": 0.35261526703834534
        }
    }
}