{
    "confidence_score": 0.7018609046936035,
    "ptm": 0.9074857234954834,
    "iptm": 0.0,
    "ligand_iptm": 0.0,
    "protein_iptm": 0.0,
    "complex_plddt": 0.8773261308670044,
    "complex_iplddt": 0.0,
    "complex_pde": 0.5169757604598999,
    "complex_ipde": 0.0,
    "chains_ptm": {
        "0": 0.9074857234954834
    },
    "pair_chains_iptm": {
        "0": {
            "0": 0.9074857234954834
        }
    }
}