{
    "plddts": {
        "model_1_pred_0": 84.4587628237605,
        "model_2_pred_0": 85.56315755206029,
        "model_3_pred_0": 85.05864198899253,
        "model_4_pred_0": 86.64274041867866,
        "model_5_pred_0": 86.60146967330134
    },
    "order": [
        "model_4_pred_0",
        "model_5_pred_0",
        "model_2_pred_0",
        "model_3_pred_0",
        "model_1_pred_0"
    ]
}