{
    "confidence_score": 0.7055407166481018,
    "ptm": 0.9068277478218079,
    "iptm": 0.0,
    "ligand_iptm": 0.0,
    "protein_iptm": 0.0,
    "complex_plddt": 0.8819258809089661,
    "complex_iplddt": 0.0,
    "complex_pde": 0.5990092754364014,
    "complex_ipde": 0.0,
    "chains_ptm": {
        "0": 0.9068277478218079
    },
    "pair_chains_iptm": {
        "0": {
            "0": 0.9068277478218079
        }
    }
}