{
    "confidence_score": 0.5747184753417969,
    "ptm": 0.3556917905807495,
    "iptm": 0.0,
    "ligand_iptm": 0.0,
    "protein_iptm": 0.0,
    "complex_plddt": 0.7183980941772461,
    "complex_iplddt": 0.0,
    "complex_pde": 2.0468578338623047,
    "complex_ipde": 0.0,
    "chains_ptm": {
        "0": 0.3556917905807495
    },
    "pair_chains_iptm": {
        "0": {
            "0": 0.3556917905807495
        }
    }
}