{
    "confidence_score": 0.6722850799560547,
    "ptm": 0.9084339737892151,
    "iptm": 0.0,
    "ligand_iptm": 0.0,
    "protein_iptm": 0.0,
    "complex_plddt": 0.8403563499450684,
    "complex_iplddt": 0.0,
    "complex_pde": 0.4686039090156555,
    "complex_ipde": 0.0,
    "chains_ptm": {
        "0": 0.9084339737892151
    },
    "pair_chains_iptm": {
        "0": {
            "0": 0.9084339737892151
        }
    }
}