{
    "confidence_score": 0.7128268480300903,
    "ptm": 0.9074591994285583,
    "iptm": 0.0,
    "ligand_iptm": 0.0,
    "protein_iptm": 0.0,
    "complex_plddt": 0.8910335302352905,
    "complex_iplddt": 0.0,
    "complex_pde": 0.5646465420722961,
    "complex_ipde": 0.0,
    "chains_ptm": {
        "0": 0.9074591994285583
    },
    "pair_chains_iptm": {
        "0": {
            "0": 0.9074591994285583
        }
    }
}