{
    "confidence_score": 0.5111324787139893,
    "ptm": 0.5385971069335938,
    "iptm": 0.0,
    "ligand_iptm": 0.0,
    "protein_iptm": 0.0,
    "complex_plddt": 0.6389155983924866,
    "complex_iplddt": 0.0,
    "complex_pde": 1.1325180530548096,
    "complex_ipde": 0.0,
    "chains_ptm": {
        "0": 0.5385971069335938
    },
    "pair_chains_iptm": {
        "0": {
            "0": 0.5385971069335938
        }
    }
}