{
    "confidence_score": 0.7443875074386597,
    "ptm": 0.9535828828811646,
    "iptm": 0.0,
    "ligand_iptm": 0.0,
    "protein_iptm": 0.0,
    "complex_plddt": 0.9304843544960022,
    "complex_iplddt": 0.0,
    "complex_pde": 0.399169385433197,
    "complex_ipde": 0.0,
    "chains_ptm": {
        "0": 0.9535828828811646
    },
    "pair_chains_iptm": {
        "0": {
            "0": 0.9535828828811646
        }
    }
}