{
    "confidence_score": 0.6694807410240173,
    "ptm": 0.7168135643005371,
    "iptm": 0.0,
    "ligand_iptm": 0.0,
    "protein_iptm": 0.0,
    "complex_plddt": 0.8368509411811829,
    "complex_iplddt": 0.0,
    "complex_pde": 1.0817362070083618,
    "complex_ipde": 0.0,
    "chains_ptm": {
        "0": 0.7168135643005371
    },
    "pair_chains_iptm": {
        "0": {
            "0": 0.7168135643005371
        }
    }
}