{
    "confidence_score": 0.7438504099845886,
    "ptm": 0.941279947757721,
    "iptm": 0.0,
    "ligand_iptm": 0.0,
    "protein_iptm": 0.0,
    "complex_plddt": 0.9298129677772522,
    "complex_iplddt": 0.0,
    "complex_pde": 0.41435134410858154,
    "complex_ipde": 0.0,
    "chains_ptm": {
        "0": 0.941279947757721
    },
    "pair_chains_iptm": {
        "0": {
            "0": 0.941279947757721
        }
    }
}