{
    "confidence_score": 0.741447389125824,
    "ptm": 0.8833088278770447,
    "iptm": 0.0,
    "ligand_iptm": 0.0,
    "protein_iptm": 0.0,
    "complex_plddt": 0.9268092513084412,
    "complex_iplddt": 0.0,
    "complex_pde": 0.35768693685531616,
    "complex_ipde": 0.0,
    "chains_ptm": {
        "0": 0.8833088278770447
    },
    "pair_chains_iptm": {
        "0": {
            "0": 0.8833088278770447
        }
    }
}