{
    "confidence_score": 0.5941430926322937,
    "ptm": 0.544252872467041,
    "iptm": 0.0,
    "ligand_iptm": 0.0,
    "protein_iptm": 0.0,
    "complex_plddt": 0.7426788806915283,
    "complex_iplddt": 0.0,
    "complex_pde": 1.0982245206832886,
    "complex_ipde": 0.0,
    "chains_ptm": {
        "0": 0.544252872467041
    },
    "pair_chains_iptm": {
        "0": {
            "0": 0.544252872467041
        }
    }
}