{
    "confidence_score": 0.5893117785453796,
    "ptm": 0.7417047619819641,
    "iptm": 0.0,
    "ligand_iptm": 0.0,
    "protein_iptm": 0.0,
    "complex_plddt": 0.736639678478241,
    "complex_iplddt": 0.0,
    "complex_pde": 1.5586493015289307,
    "complex_ipde": 0.0,
    "chains_ptm": {
        "0": 0.7417047619819641
    },
    "pair_chains_iptm": {
        "0": {
            "0": 0.7417047619819641
        }
    }
}