{
    "confidence_score": 0.5240537524223328,
    "ptm": 0.31673258543014526,
    "iptm": 0.0,
    "ligand_iptm": 0.0,
    "protein_iptm": 0.0,
    "complex_plddt": 0.6550671458244324,
    "complex_iplddt": 0.0,
    "complex_pde": 1.6288621425628662,
    "complex_ipde": 0.0,
    "chains_ptm": {
        "0": 0.31673258543014526
    },
    "pair_chains_iptm": {
        "0": {
            "0": 0.31673258543014526
        }
    }
}