{
    "confidence_score": 0.6387905478477478,
    "ptm": 0.6745805144309998,
    "iptm": 0.0,
    "ligand_iptm": 0.0,
    "protein_iptm": 0.0,
    "complex_plddt": 0.798488199710846,
    "complex_iplddt": 0.0,
    "complex_pde": 0.7007335424423218,
    "complex_ipde": 0.0,
    "chains_ptm": {
        "0": 0.6745805144309998
    },
    "pair_chains_iptm": {
        "0": {
            "0": 0.6745805144309998
        }
    }
}