{
    "confidence_score": 0.509830117225647,
    "ptm": 0.31962671875953674,
    "iptm": 0.0,
    "ligand_iptm": 0.0,
    "protein_iptm": 0.0,
    "complex_plddt": 0.6372876167297363,
    "complex_iplddt": 0.0,
    "complex_pde": 2.010249137878418,
    "complex_ipde": 0.0,
    "chains_ptm": {
        "0": 0.31962671875953674
    },
    "pair_chains_iptm": {
        "0": {
            "0": 0.31962671875953674
        }
    }
}