{
    "confidence_score": 0.3742397725582123,
    "ptm": 0.3076910674571991,
    "iptm": 0.0,
    "ligand_iptm": 0.0,
    "protein_iptm": 0.0,
    "complex_plddt": 0.46779972314834595,
    "complex_iplddt": 0.0,
    "complex_pde": 2.619556188583374,
    "complex_ipde": 0.0,
    "chains_ptm": {
        "0": 0.3076910674571991
    },
    "pair_chains_iptm": {
        "0": {
            "0": 0.3076910674571991
        }
    }
}