{
    "confidence_score": 0.317495733499527,
    "ptm": 0.27886608242988586,
    "iptm": 0.0,
    "ligand_iptm": 0.0,
    "protein_iptm": 0.0,
    "complex_plddt": 0.3968696594238281,
    "complex_iplddt": 0.0,
    "complex_pde": 3.3585565090179443,
    "complex_ipde": 0.0,
    "chains_ptm": {
        "0": 0.27886608242988586
    },
    "pair_chains_iptm": {
        "0": {
            "0": 0.27886608242988586
        }
    }
}