{
    "confidence_score": 0.44336390495300293,
    "ptm": 0.5142801403999329,
    "iptm": 0.0,
    "ligand_iptm": 0.0,
    "protein_iptm": 0.0,
    "complex_plddt": 0.5542048811912537,
    "complex_iplddt": 0.0,
    "complex_pde": 2.7915446758270264,
    "complex_ipde": 0.0,
    "chains_ptm": {
        "0": 0.5142801403999329
    },
    "pair_chains_iptm": {
        "0": {
            "0": 0.5142801403999329
        }
    }
}