{
    "confidence_score": 0.5891056060791016,
    "ptm": 0.696937620639801,
    "iptm": 0.0,
    "ligand_iptm": 0.0,
    "protein_iptm": 0.0,
    "complex_plddt": 0.736382007598877,
    "complex_iplddt": 0.0,
    "complex_pde": 0.8376471400260925,
    "complex_ipde": 0.0,
    "chains_ptm": {
        "0": 0.696937620639801
    },
    "pair_chains_iptm": {
        "0": {
            "0": 0.696937620639801
        }
    }
}