{
    "confidence_score": 0.5673758387565613,
    "ptm": 0.6326451897621155,
    "iptm": 0.0,
    "ligand_iptm": 0.0,
    "protein_iptm": 0.0,
    "complex_plddt": 0.7092198133468628,
    "complex_iplddt": 0.0,
    "complex_pde": 2.3506076335906982,
    "complex_ipde": 0.0,
    "chains_ptm": {
        "0": 0.6326451897621155
    },
    "pair_chains_iptm": {
        "0": {
            "0": 0.6326451897621155
        }
    }
}