{
    "confidence_score": 0.5413333773612976,
    "ptm": 0.6647107601165771,
    "iptm": 0.0,
    "ligand_iptm": 0.0,
    "protein_iptm": 0.0,
    "complex_plddt": 0.6766666769981384,
    "complex_iplddt": 0.0,
    "complex_pde": 1.5719183683395386,
    "complex_ipde": 0.0,
    "chains_ptm": {
        "0": 0.6647107601165771
    },
    "pair_chains_iptm": {
        "0": {
            "0": 0.6647107601165771
        }
    }
}