{
    "confidence_score": 0.7339894771575928,
    "ptm": 0.9338053464889526,
    "iptm": 0.0,
    "ligand_iptm": 0.0,
    "protein_iptm": 0.0,
    "complex_plddt": 0.917486846446991,
    "complex_iplddt": 0.0,
    "complex_pde": 0.5053859949111938,
    "complex_ipde": 0.0,
    "chains_ptm": {
        "0": 0.9338053464889526
    },
    "pair_chains_iptm": {
        "0": {
            "0": 0.9338053464889526
        }
    }
}