{
    "confidence_score": 0.5915367007255554,
    "ptm": 0.7988573908805847,
    "iptm": 0.0,
    "ligand_iptm": 0.0,
    "protein_iptm": 0.0,
    "complex_plddt": 0.7394208312034607,
    "complex_iplddt": 0.0,
    "complex_pde": 0.9728243947029114,
    "complex_ipde": 0.0,
    "chains_ptm": {
        "0": 0.7988573908805847
    },
    "pair_chains_iptm": {
        "0": {
            "0": 0.7988573908805847
        }
    }
}