{
    "confidence_score": 0.5853402018547058,
    "ptm": 0.5452979803085327,
    "iptm": 0.0,
    "ligand_iptm": 0.0,
    "protein_iptm": 0.0,
    "complex_plddt": 0.7316752076148987,
    "complex_iplddt": 0.0,
    "complex_pde": 0.7428301572799683,
    "complex_ipde": 0.0,
    "chains_ptm": {
        "0": 0.5452979803085327
    },
    "pair_chains_iptm": {
        "0": {
            "0": 0.5452979803085327
        }
    }
}