{
    "confidence_score": 0.5569813847541809,
    "ptm": 0.3472016155719757,
    "iptm": 0.0,
    "ligand_iptm": 0.0,
    "protein_iptm": 0.0,
    "complex_plddt": 0.6962267160415649,
    "complex_iplddt": 0.0,
    "complex_pde": 1.9284985065460205,
    "complex_ipde": 0.0,
    "chains_ptm": {
        "0": 0.3472016155719757
    },
    "pair_chains_iptm": {
        "0": {
            "0": 0.3472016155719757
        }
    }
}