{
    "confidence_score": 0.680157482624054,
    "ptm": 0.833017110824585,
    "iptm": 0.0,
    "ligand_iptm": 0.0,
    "protein_iptm": 0.0,
    "complex_plddt": 0.8501968383789062,
    "complex_iplddt": 0.0,
    "complex_pde": 0.5195097923278809,
    "complex_ipde": 0.0,
    "chains_ptm": {
        "0": 0.833017110824585
    },
    "pair_chains_iptm": {
        "0": {
            "0": 0.833017110824585
        }
    }
}