{
    "confidence_score": 0.5964400768280029,
    "ptm": 0.38957759737968445,
    "iptm": 0.0,
    "ligand_iptm": 0.0,
    "protein_iptm": 0.0,
    "complex_plddt": 0.7455500960350037,
    "complex_iplddt": 0.0,
    "complex_pde": 0.7006485462188721,
    "complex_ipde": 0.0,
    "chains_ptm": {
        "0": 0.38957759737968445
    },
    "pair_chains_iptm": {
        "0": {
            "0": 0.38957759737968445
        }
    }
}