{
    "confidence_score": 0.7532769441604614,
    "ptm": 0.9491972923278809,
    "iptm": 0.0,
    "ligand_iptm": 0.0,
    "protein_iptm": 0.0,
    "complex_plddt": 0.9415961503982544,
    "complex_iplddt": 0.0,
    "complex_pde": 0.3450409770011902,
    "complex_ipde": 0.0,
    "chains_ptm": {
        "0": 0.9491972923278809
    },
    "pair_chains_iptm": {
        "0": {
            "0": 0.9491972923278809
        }
    }
}