{
    "confidence_score": 0.7118675112724304,
    "ptm": 0.8727461099624634,
    "iptm": 0.0,
    "ligand_iptm": 0.0,
    "protein_iptm": 0.0,
    "complex_plddt": 0.8898343443870544,
    "complex_iplddt": 0.0,
    "complex_pde": 0.4309139847755432,
    "complex_ipde": 0.0,
    "chains_ptm": {
        "0": 0.8727461099624634
    },
    "pair_chains_iptm": {
        "0": {
            "0": 0.8727461099624634
        }
    }
}