{
    "confidence_score": 0.5065500736236572,
    "ptm": 0.5564379692077637,
    "iptm": 0.0,
    "ligand_iptm": 0.0,
    "protein_iptm": 0.0,
    "complex_plddt": 0.6331875920295715,
    "complex_iplddt": 0.0,
    "complex_pde": 1.3210419416427612,
    "complex_ipde": 0.0,
    "chains_ptm": {
        "0": 0.5564379692077637
    },
    "pair_chains_iptm": {
        "0": {
            "0": 0.5564379692077637
        }
    }
}