{
    "confidence_score": 0.5791352987289429,
    "ptm": 0.4750605523586273,
    "iptm": 0.0,
    "ligand_iptm": 0.0,
    "protein_iptm": 0.0,
    "complex_plddt": 0.7239190936088562,
    "complex_iplddt": 0.0,
    "complex_pde": 2.005018711090088,
    "complex_ipde": 0.0,
    "chains_ptm": {
        "0": 0.4750605523586273
    },
    "pair_chains_iptm": {
        "0": {
            "0": 0.4750605523586273
        }
    }
}