{
    "confidence_score": 0.6487383246421814,
    "ptm": 0.9092657566070557,
    "iptm": 0.0,
    "ligand_iptm": 0.0,
    "protein_iptm": 0.0,
    "complex_plddt": 0.8109228610992432,
    "complex_iplddt": 0.0,
    "complex_pde": 0.41494110226631165,
    "complex_ipde": 0.0,
    "chains_ptm": {
        "0": 0.9092657566070557
    },
    "pair_chains_iptm": {
        "0": {
            "0": 0.9092657566070557
        }
    }
}