{
    "confidence_score": 0.7361137866973877,
    "ptm": 0.9400190114974976,
    "iptm": 0.0,
    "ligand_iptm": 0.0,
    "protein_iptm": 0.0,
    "complex_plddt": 0.9201422333717346,
    "complex_iplddt": 0.0,
    "complex_pde": 0.4217064678668976,
    "complex_ipde": 0.0,
    "chains_ptm": {
        "0": 0.9400190114974976
    },
    "pair_chains_iptm": {
        "0": {
            "0": 0.9400190114974976
        }
    }
}