{
    "plddts": {
        "model_1_pred_0": 91.99797050021056,
        "model_2_pred_0": 92.17365501663944,
        "model_3_pred_0": 92.56758952350428,
        "model_4_pred_0": 92.27120244202581,
        "model_5_pred_0": 91.87483681122909
    },
    "order": [
        "model_3_pred_0",
        "model_4_pred_0",
        "model_2_pred_0",
        "model_1_pred_0",
        "model_5_pred_0"
    ]
}