{
    "features": 3394.8434109687805,
    "process_features_model_1_pred_0": 10.204107999801636,
    "predict_and_compile_model_1_pred_0": 305.62967896461487,
    "process_features_model_2_pred_0": 10.179935693740845,
    "predict_and_compile_model_2_pred_0": 275.8858609199524,
    "process_features_model_3_pred_0": 9.690019607543945,
    "predict_and_compile_model_3_pred_0": 250.84308862686157,
    "process_features_model_4_pred_0": 9.371821165084839,
    "predict_and_compile_model_4_pred_0": 246.71915769577026,
    "process_features_model_5_pred_0": 9.792663812637329,
    "predict_and_compile_model_5_pred_0": 227.6370816230774,
    "relax_model_3_pred_0": 53.15552496910095
}