{
    "confidence_score": 0.6336542963981628,
    "ptm": 0.5916793942451477,
    "iptm": 0.0,
    "ligand_iptm": 0.0,
    "protein_iptm": 0.0,
    "complex_plddt": 0.7920678853988647,
    "complex_iplddt": 0.0,
    "complex_pde": 0.9102314710617065,
    "complex_ipde": 0.0,
    "chains_ptm": {
        "0": 0.5916793942451477
    },
    "pair_chains_iptm": {
        "0": {
            "0": 0.5916793942451477
        }
    }
}