{
    "confidence_score": 0.6559550762176514,
    "ptm": 0.7538748383522034,
    "iptm": 0.0,
    "ligand_iptm": 0.0,
    "protein_iptm": 0.0,
    "complex_plddt": 0.8199438452720642,
    "complex_iplddt": 0.0,
    "complex_pde": 0.538201630115509,
    "complex_ipde": 0.0,
    "chains_ptm": {
        "0": 0.7538748383522034
    },
    "pair_chains_iptm": {
        "0": {
            "0": 0.7538748383522034
        }
    }
}