{
    "confidence_score": 0.6208961606025696,
    "ptm": 0.3571575880050659,
    "iptm": 0.0,
    "ligand_iptm": 0.0,
    "protein_iptm": 0.0,
    "complex_plddt": 0.7761201858520508,
    "complex_iplddt": 0.0,
    "complex_pde": 1.7357755899429321,
    "complex_ipde": 0.0,
    "chains_ptm": {
        "0": 0.3571575880050659
    },
    "pair_chains_iptm": {
        "0": {
            "0": 0.3571575880050659
        }
    }
}