{
    "confidence_score": 0.7470497488975525,
    "ptm": 0.9183076024055481,
    "iptm": 0.0,
    "ligand_iptm": 0.0,
    "protein_iptm": 0.0,
    "complex_plddt": 0.9338122010231018,
    "complex_iplddt": 0.0,
    "complex_pde": 0.35461780428886414,
    "complex_ipde": 0.0,
    "chains_ptm": {
        "0": 0.9183076024055481
    },
    "pair_chains_iptm": {
        "0": {
            "0": 0.9183076024055481
        }
    }
}