{
    "confidence_score": 0.7340863347053528,
    "ptm": 0.9242709279060364,
    "iptm": 0.0,
    "ligand_iptm": 0.0,
    "protein_iptm": 0.0,
    "complex_plddt": 0.9176079034805298,
    "complex_iplddt": 0.0,
    "complex_pde": 0.3972468078136444,
    "complex_ipde": 0.0,
    "chains_ptm": {
        "0": 0.9242709279060364
    },
    "pair_chains_iptm": {
        "0": {
            "0": 0.9242709279060364
        }
    }
}