{
    "confidence_score": 0.5919898152351379,
    "ptm": 0.6531583666801453,
    "iptm": 0.0,
    "ligand_iptm": 0.0,
    "protein_iptm": 0.0,
    "complex_plddt": 0.7399872541427612,
    "complex_iplddt": 0.0,
    "complex_pde": 1.100954532623291,
    "complex_ipde": 0.0,
    "chains_ptm": {
        "0": 0.6531583666801453
    },
    "pair_chains_iptm": {
        "0": {
            "0": 0.6531583666801453
        }
    }
}