{
    "confidence_score": 0.6538569331169128,
    "ptm": 0.8793802261352539,
    "iptm": 0.0,
    "ligand_iptm": 0.0,
    "protein_iptm": 0.0,
    "complex_plddt": 0.8173211216926575,
    "complex_iplddt": 0.0,
    "complex_pde": 0.47783175110816956,
    "complex_ipde": 0.0,
    "chains_ptm": {
        "0": 0.8793802261352539
    },
    "pair_chains_iptm": {
        "0": {
            "0": 0.8793802261352539
        }
    }
}