{
    "confidence_score": 0.3816860020160675,
    "ptm": 0.4101898670196533,
    "iptm": 0.0,
    "ligand_iptm": 0.0,
    "protein_iptm": 0.0,
    "complex_plddt": 0.4771074950695038,
    "complex_iplddt": 0.0,
    "complex_pde": 3.1404809951782227,
    "complex_ipde": 0.0,
    "chains_ptm": {
        "0": 0.4101898670196533
    },
    "pair_chains_iptm": {
        "0": {
            "0": 0.4101898670196533
        }
    }
}