{
    "confidence_score": 0.6075846552848816,
    "ptm": 0.6670354604721069,
    "iptm": 0.0,
    "ligand_iptm": 0.0,
    "protein_iptm": 0.0,
    "complex_plddt": 0.7594808340072632,
    "complex_iplddt": 0.0,
    "complex_pde": 0.7133913040161133,
    "complex_ipde": 0.0,
    "chains_ptm": {
        "0": 0.6670354604721069
    },
    "pair_chains_iptm": {
        "0": {
            "0": 0.6670354604721069
        }
    }
}