{
    "confidence_score": 0.6529003381729126,
    "ptm": 0.7509201169013977,
    "iptm": 0.0,
    "ligand_iptm": 0.0,
    "protein_iptm": 0.0,
    "complex_plddt": 0.8161253929138184,
    "complex_iplddt": 0.0,
    "complex_pde": 0.5552231669425964,
    "complex_ipde": 0.0,
    "chains_ptm": {
        "0": 0.7509201169013977
    },
    "pair_chains_iptm": {
        "0": {
            "0": 0.7509201169013977
        }
    }
}