{
    "confidence_score": 0.5708827376365662,
    "ptm": 0.7119909524917603,
    "iptm": 0.0,
    "ligand_iptm": 0.0,
    "protein_iptm": 0.0,
    "complex_plddt": 0.7136033773422241,
    "complex_iplddt": 0.0,
    "complex_pde": 0.7628785371780396,
    "complex_ipde": 0.0,
    "chains_ptm": {
        "0": 0.7119909524917603
    },
    "pair_chains_iptm": {
        "0": {
            "0": 0.7119909524917603
        }
    }
}