{
    "confidence_score": 0.74947190284729,
    "ptm": 0.9448375701904297,
    "iptm": 0.0,
    "ligand_iptm": 0.0,
    "protein_iptm": 0.0,
    "complex_plddt": 0.9368398785591125,
    "complex_iplddt": 0.0,
    "complex_pde": 0.33146971464157104,
    "complex_ipde": 0.0,
    "chains_ptm": {
        "0": 0.9448375701904297
    },
    "pair_chains_iptm": {
        "0": {
            "0": 0.9448375701904297
        }
    }
}