{
    "confidence_score": 0.6685521602630615,
    "ptm": 0.7513854503631592,
    "iptm": 0.0,
    "ligand_iptm": 0.0,
    "protein_iptm": 0.0,
    "complex_plddt": 0.8356902003288269,
    "complex_iplddt": 0.0,
    "complex_pde": 0.7538228034973145,
    "complex_ipde": 0.0,
    "chains_ptm": {
        "0": 0.7513854503631592
    },
    "pair_chains_iptm": {
        "0": {
            "0": 0.7513854503631592
        }
    }
}