{
    "confidence_score": 0.6682186722755432,
    "ptm": 0.9041352868080139,
    "iptm": 0.0,
    "ligand_iptm": 0.0,
    "protein_iptm": 0.0,
    "complex_plddt": 0.8352733254432678,
    "complex_iplddt": 0.0,
    "complex_pde": 0.36373260617256165,
    "complex_ipde": 0.0,
    "chains_ptm": {
        "0": 0.9041352868080139
    },
    "pair_chains_iptm": {
        "0": {
            "0": 0.9041352868080139
        }
    }
}