{
    "confidence_score": 0.7179579138755798,
    "ptm": 0.8388572931289673,
    "iptm": 0.0,
    "ligand_iptm": 0.0,
    "protein_iptm": 0.0,
    "complex_plddt": 0.897447407245636,
    "complex_iplddt": 0.0,
    "complex_pde": 0.47309476137161255,
    "complex_ipde": 0.0,
    "chains_ptm": {
        "0": 0.8388572931289673
    },
    "pair_chains_iptm": {
        "0": {
            "0": 0.8388572931289673
        }
    }
}