{
    "confidence_score": 0.7432873845100403,
    "ptm": 0.9542349576950073,
    "iptm": 0.0,
    "ligand_iptm": 0.0,
    "protein_iptm": 0.0,
    "complex_plddt": 0.9291092157363892,
    "complex_iplddt": 0.0,
    "complex_pde": 0.356588214635849,
    "complex_ipde": 0.0,
    "chains_ptm": {
        "0": 0.9542349576950073
    },
    "pair_chains_iptm": {
        "0": {
            "0": 0.9542349576950073
        }
    }
}