{
    "confidence_score": 0.5849612355232239,
    "ptm": 0.5544158816337585,
    "iptm": 0.0,
    "ligand_iptm": 0.0,
    "protein_iptm": 0.0,
    "complex_plddt": 0.7312015295028687,
    "complex_iplddt": 0.0,
    "complex_pde": 1.5947519540786743,
    "complex_ipde": 0.0,
    "chains_ptm": {
        "0": 0.5544158816337585
    },
    "pair_chains_iptm": {
        "0": {
            "0": 0.5544158816337585
        }
    }
}