{
    "confidence_score": 0.7583815455436707,
    "ptm": 0.961137592792511,
    "iptm": 0.0,
    "ligand_iptm": 0.0,
    "protein_iptm": 0.0,
    "complex_plddt": 0.9479769468307495,
    "complex_iplddt": 0.0,
    "complex_pde": 0.3310519754886627,
    "complex_ipde": 0.0,
    "chains_ptm": {
        "0": 0.961137592792511
    },
    "pair_chains_iptm": {
        "0": {
            "0": 0.961137592792511
        }
    }
}