{
    "confidence_score": 0.7381020784378052,
    "ptm": 0.8909751772880554,
    "iptm": 0.0,
    "ligand_iptm": 0.0,
    "protein_iptm": 0.0,
    "complex_plddt": 0.9226275682449341,
    "complex_iplddt": 0.0,
    "complex_pde": 0.42999520897865295,
    "complex_ipde": 0.0,
    "chains_ptm": {
        "0": 0.8909751772880554
    },
    "pair_chains_iptm": {
        "0": {
            "0": 0.8909751772880554
        }
    }
}