{
    "confidence_score": 0.604778528213501,
    "ptm": 0.4817376136779785,
    "iptm": 0.0,
    "ligand_iptm": 0.0,
    "protein_iptm": 0.0,
    "complex_plddt": 0.7559731602668762,
    "complex_iplddt": 0.0,
    "complex_pde": 1.1990848779678345,
    "complex_ipde": 0.0,
    "chains_ptm": {
        "0": 0.4817376136779785
    },
    "pair_chains_iptm": {
        "0": {
            "0": 0.4817376136779785
        }
    }
}