{
    "confidence_score": 0.6629396080970764,
    "ptm": 0.826283872127533,
    "iptm": 0.0,
    "ligand_iptm": 0.0,
    "protein_iptm": 0.0,
    "complex_plddt": 0.8286744952201843,
    "complex_iplddt": 0.0,
    "complex_pde": 0.6116278171539307,
    "complex_ipde": 0.0,
    "chains_ptm": {
        "0": 0.826283872127533
    },
    "pair_chains_iptm": {
        "0": {
            "0": 0.826283872127533
        }
    }
}