{
    "confidence_score": 0.7500321865081787,
    "ptm": 0.9376366138458252,
    "iptm": 0.0,
    "ligand_iptm": 0.0,
    "protein_iptm": 0.0,
    "complex_plddt": 0.9375402331352234,
    "complex_iplddt": 0.0,
    "complex_pde": 0.37801411747932434,
    "complex_ipde": 0.0,
    "chains_ptm": {
        "0": 0.9376366138458252
    },
    "pair_chains_iptm": {
        "0": {
            "0": 0.9376366138458252
        }
    }
}