{
    "plddts": {
        "model_1_pred_0": 31.492036351970015,
        "model_2_pred_0": 31.761369617202707,
        "model_3_pred_0": 31.79686864791203,
        "model_4_pred_0": 31.139072850250624,
        "model_5_pred_0": 33.481413714699386
    },
    "order": [
        "model_5_pred_0",
        "model_3_pred_0",
        "model_2_pred_0",
        "model_1_pred_0",
        "model_4_pred_0"
    ]
}