{
    "confidence_score": 0.6788352131843567,
    "ptm": 0.8556002974510193,
    "iptm": 0.0,
    "ligand_iptm": 0.0,
    "protein_iptm": 0.0,
    "complex_plddt": 0.8485440015792847,
    "complex_iplddt": 0.0,
    "complex_pde": 0.5219497680664062,
    "complex_ipde": 0.0,
    "chains_ptm": {
        "0": 0.8556002974510193
    },
    "pair_chains_iptm": {
        "0": {
            "0": 0.8556002974510193
        }
    }
}