{
    "plddts": {
        "model_1_pred_0": 68.2967277605412,
        "model_2_pred_0": 65.7849351706414,
        "model_3_pred_0": 67.94773873286397,
        "model_4_pred_0": 67.48439380246424,
        "model_5_pred_0": 67.59688578597284
    },
    "order": [
        "model_1_pred_0",
        "model_3_pred_0",
        "model_5_pred_0",
        "model_4_pred_0",
        "model_2_pred_0"
    ]
}