{
    "confidence_score": 0.7085686326026917,
    "ptm": 0.8552412390708923,
    "iptm": 0.0,
    "ligand_iptm": 0.0,
    "protein_iptm": 0.0,
    "complex_plddt": 0.8857107758522034,
    "complex_iplddt": 0.0,
    "complex_pde": 0.4288351535797119,
    "complex_ipde": 0.0,
    "chains_ptm": {
        "0": 0.8552412390708923
    },
    "pair_chains_iptm": {
        "0": {
            "0": 0.8552412390708923
        }
    }
}