{
    "confidence_score": 0.33815357089042664,
    "ptm": 0.27388203144073486,
    "iptm": 0.0,
    "ligand_iptm": 0.0,
    "protein_iptm": 0.0,
    "complex_plddt": 0.4226919710636139,
    "complex_iplddt": 0.0,
    "complex_pde": 2.826425552368164,
    "complex_ipde": 0.0,
    "chains_ptm": {
        "0": 0.27388203144073486
    },
    "pair_chains_iptm": {
        "0": {
            "0": 0.27388203144073486
        }
    }
}