{
    "confidence_score": 0.7135923504829407,
    "ptm": 0.9320737719535828,
    "iptm": 0.0,
    "ligand_iptm": 0.0,
    "protein_iptm": 0.0,
    "complex_plddt": 0.8919904232025146,
    "complex_iplddt": 0.0,
    "complex_pde": 0.4171542227268219,
    "complex_ipde": 0.0,
    "chains_ptm": {
        "0": 0.9320737719535828
    },
    "pair_chains_iptm": {
        "0": {
            "0": 0.9320737719535828
        }
    }
}