{
    "confidence_score": 0.526716947555542,
    "ptm": 0.502619206905365,
    "iptm": 0.0,
    "ligand_iptm": 0.0,
    "protein_iptm": 0.0,
    "complex_plddt": 0.6583961844444275,
    "complex_iplddt": 0.0,
    "complex_pde": 1.2710092067718506,
    "complex_ipde": 0.0,
    "chains_ptm": {
        "0": 0.502619206905365
    },
    "pair_chains_iptm": {
        "0": {
            "0": 0.502619206905365
        }
    }
}