{
    "confidence_score": 0.47095099091529846,
    "ptm": 0.3472554385662079,
    "iptm": 0.0,
    "ligand_iptm": 0.0,
    "protein_iptm": 0.0,
    "complex_plddt": 0.5886887311935425,
    "complex_iplddt": 0.0,
    "complex_pde": 1.537831425666809,
    "complex_ipde": 0.0,
    "chains_ptm": {
        "0": 0.3472554385662079
    },
    "pair_chains_iptm": {
        "0": {
            "0": 0.3472554385662079
        }
    }
}