{
    "confidence_score": 0.6987330913543701,
    "ptm": 0.8055375814437866,
    "iptm": 0.0,
    "ligand_iptm": 0.0,
    "protein_iptm": 0.0,
    "complex_plddt": 0.8734163641929626,
    "complex_iplddt": 0.0,
    "complex_pde": 0.49199509620666504,
    "complex_ipde": 0.0,
    "chains_ptm": {
        "0": 0.8055375814437866
    },
    "pair_chains_iptm": {
        "0": {
            "0": 0.8055375814437866
        }
    }
}