{
    "confidence_score": 0.6390153765678406,
    "ptm": 0.7815310955047607,
    "iptm": 0.0,
    "ligand_iptm": 0.0,
    "protein_iptm": 0.0,
    "complex_plddt": 0.7987691760063171,
    "complex_iplddt": 0.0,
    "complex_pde": 0.8776547312736511,
    "complex_ipde": 0.0,
    "chains_ptm": {
        "0": 0.7815310955047607
    },
    "pair_chains_iptm": {
        "0": {
            "0": 0.7815310955047607
        }
    }
}