{
    "confidence_score": 0.556308925151825,
    "ptm": 0.4257778525352478,
    "iptm": 0.0,
    "ligand_iptm": 0.0,
    "protein_iptm": 0.0,
    "complex_plddt": 0.6953861117362976,
    "complex_iplddt": 0.0,
    "complex_pde": 0.7724308371543884,
    "complex_ipde": 0.0,
    "chains_ptm": {
        "0": 0.4257778525352478
    },
    "pair_chains_iptm": {
        "0": {
            "0": 0.4257778525352478
        }
    }
}