{
    "confidence_score": 0.5139742493629456,
    "ptm": 0.443165123462677,
    "iptm": 0.0,
    "ligand_iptm": 0.0,
    "protein_iptm": 0.0,
    "complex_plddt": 0.6424677968025208,
    "complex_iplddt": 0.0,
    "complex_pde": 1.926454782485962,
    "complex_ipde": 0.0,
    "chains_ptm": {
        "0": 0.443165123462677
    },
    "pair_chains_iptm": {
        "0": {
            "0": 0.443165123462677
        }
    }
}