{
    "confidence_score": 0.7036349773406982,
    "ptm": 0.9226841330528259,
    "iptm": 0.0,
    "ligand_iptm": 0.0,
    "protein_iptm": 0.0,
    "complex_plddt": 0.8795437216758728,
    "complex_iplddt": 0.0,
    "complex_pde": 0.5806465148925781,
    "complex_ipde": 0.0,
    "chains_ptm": {
        "0": 0.9226841330528259
    },
    "pair_chains_iptm": {
        "0": {
            "0": 0.9226841330528259
        }
    }
}