{
    "confidence_score": 0.7083531618118286,
    "ptm": 0.8948941826820374,
    "iptm": 0.0,
    "ligand_iptm": 0.0,
    "protein_iptm": 0.0,
    "complex_plddt": 0.8854414224624634,
    "complex_iplddt": 0.0,
    "complex_pde": 0.513373851776123,
    "complex_ipde": 0.0,
    "chains_ptm": {
        "0": 0.8948941826820374
    },
    "pair_chains_iptm": {
        "0": {
            "0": 0.8948941826820374
        }
    }
}