{
    "confidence_score": 0.5385813117027283,
    "ptm": 0.25623995065689087,
    "iptm": 0.0,
    "ligand_iptm": 0.0,
    "protein_iptm": 0.0,
    "complex_plddt": 0.6732266545295715,
    "complex_iplddt": 0.0,
    "complex_pde": 1.6713520288467407,
    "complex_ipde": 0.0,
    "chains_ptm": {
        "0": 0.25623995065689087
    },
    "pair_chains_iptm": {
        "0": {
            "0": 0.25623995065689087
        }
    }
}