{
    "confidence_score": 0.6149774193763733,
    "ptm": 0.8291804194450378,
    "iptm": 0.0,
    "ligand_iptm": 0.0,
    "protein_iptm": 0.0,
    "complex_plddt": 0.7687217593193054,
    "complex_iplddt": 0.0,
    "complex_pde": 0.8972113728523254,
    "complex_ipde": 0.0,
    "chains_ptm": {
        "0": 0.8291804194450378
    },
    "pair_chains_iptm": {
        "0": {
            "0": 0.8291804194450378
        }
    }
}