{
    "confidence_score": 0.47418680787086487,
    "ptm": 0.21068327128887177,
    "iptm": 0.0,
    "ligand_iptm": 0.0,
    "protein_iptm": 0.0,
    "complex_plddt": 0.5927335023880005,
    "complex_iplddt": 0.0,
    "complex_pde": 1.778041124343872,
    "complex_ipde": 0.0,
    "chains_ptm": {
        "0": 0.21068327128887177
    },
    "pair_chains_iptm": {
        "0": {
            "0": 0.21068327128887177
        }
    }
}