{
    "confidence_score": 0.5457671284675598,
    "ptm": 0.601076066493988,
    "iptm": 0.0,
    "ligand_iptm": 0.0,
    "protein_iptm": 0.0,
    "complex_plddt": 0.6822088956832886,
    "complex_iplddt": 0.0,
    "complex_pde": 0.763778567314148,
    "complex_ipde": 0.0,
    "chains_ptm": {
        "0": 0.601076066493988
    },
    "pair_chains_iptm": {
        "0": {
            "0": 0.601076066493988
        }
    }
}