{
    "confidence_score": 0.7254473567008972,
    "ptm": 0.9187899827957153,
    "iptm": 0.0,
    "ligand_iptm": 0.0,
    "protein_iptm": 0.0,
    "complex_plddt": 0.9068091511726379,
    "complex_iplddt": 0.0,
    "complex_pde": 0.4146503806114197,
    "complex_ipde": 0.0,
    "chains_ptm": {
        "0": 0.9187899827957153
    },
    "pair_chains_iptm": {
        "0": {
            "0": 0.9187899827957153
        }
    }
}