{
    "confidence_score": 0.6294459700584412,
    "ptm": 0.6325485706329346,
    "iptm": 0.0,
    "ligand_iptm": 0.0,
    "protein_iptm": 0.0,
    "complex_plddt": 0.7868074178695679,
    "complex_iplddt": 0.0,
    "complex_pde": 0.7845208048820496,
    "complex_ipde": 0.0,
    "chains_ptm": {
        "0": 0.6325485706329346
    },
    "pair_chains_iptm": {
        "0": {
            "0": 0.6325485706329346
        }
    }
}