{
    "confidence_score": 0.64003986120224,
    "ptm": 0.8490732908248901,
    "iptm": 0.0,
    "ligand_iptm": 0.0,
    "protein_iptm": 0.0,
    "complex_plddt": 0.8000497817993164,
    "complex_iplddt": 0.0,
    "complex_pde": 0.4516321122646332,
    "complex_ipde": 0.0,
    "chains_ptm": {
        "0": 0.8490732908248901
    },
    "pair_chains_iptm": {
        "0": {
            "0": 0.8490732908248901
        }
    }
}