{
    "confidence_score": 0.7571883201599121,
    "ptm": 0.9503727555274963,
    "iptm": 0.0,
    "ligand_iptm": 0.0,
    "protein_iptm": 0.0,
    "complex_plddt": 0.9464854001998901,
    "complex_iplddt": 0.0,
    "complex_pde": 0.3392915725708008,
    "complex_ipde": 0.0,
    "chains_ptm": {
        "0": 0.9503727555274963
    },
    "pair_chains_iptm": {
        "0": {
            "0": 0.9503727555274963
        }
    }
}