{
    "confidence_score": 0.5181612968444824,
    "ptm": 0.3913889527320862,
    "iptm": 0.0,
    "ligand_iptm": 0.0,
    "protein_iptm": 0.0,
    "complex_plddt": 0.647701621055603,
    "complex_iplddt": 0.0,
    "complex_pde": 2.3450851440429688,
    "complex_ipde": 0.0,
    "chains_ptm": {
        "0": 0.3913889527320862
    },
    "pair_chains_iptm": {
        "0": {
            "0": 0.3913889527320862
        }
    }
}