{
    "confidence_score": 0.5733360648155212,
    "ptm": 0.734692394733429,
    "iptm": 0.0,
    "ligand_iptm": 0.0,
    "protein_iptm": 0.0,
    "complex_plddt": 0.7166700959205627,
    "complex_iplddt": 0.0,
    "complex_pde": 0.8383052349090576,
    "complex_ipde": 0.0,
    "chains_ptm": {
        "0": 0.734692394733429
    },
    "pair_chains_iptm": {
        "0": {
            "0": 0.734692394733429
        }
    }
}