{
    "confidence_score": 0.7417404055595398,
    "ptm": 0.9509365558624268,
    "iptm": 0.0,
    "ligand_iptm": 0.0,
    "protein_iptm": 0.0,
    "complex_plddt": 0.9271754622459412,
    "complex_iplddt": 0.0,
    "complex_pde": 0.37660643458366394,
    "complex_ipde": 0.0,
    "chains_ptm": {
        "0": 0.9509365558624268
    },
    "pair_chains_iptm": {
        "0": {
            "0": 0.9509365558624268
        }
    }
}