{
    "confidence_score": 0.6355137228965759,
    "ptm": 0.6667567491531372,
    "iptm": 0.0,
    "ligand_iptm": 0.0,
    "protein_iptm": 0.0,
    "complex_plddt": 0.7943921685218811,
    "complex_iplddt": 0.0,
    "complex_pde": 0.806255578994751,
    "complex_ipde": 0.0,
    "chains_ptm": {
        "0": 0.6667567491531372
    },
    "pair_chains_iptm": {
        "0": {
            "0": 0.6667567491531372
        }
    }
}