{
    "confidence_score": 0.504713237285614,
    "ptm": 0.28411397337913513,
    "iptm": 0.0,
    "ligand_iptm": 0.0,
    "protein_iptm": 0.0,
    "complex_plddt": 0.6308915019035339,
    "complex_iplddt": 0.0,
    "complex_pde": 2.347411870956421,
    "complex_ipde": 0.0,
    "chains_ptm": {
        "0": 0.28411397337913513
    },
    "pair_chains_iptm": {
        "0": {
            "0": 0.28411397337913513
        }
    }
}