{
    "confidence_score": 0.4017651677131653,
    "ptm": 0.31614232063293457,
    "iptm": 0.0,
    "ligand_iptm": 0.0,
    "protein_iptm": 0.0,
    "complex_plddt": 0.5022064447402954,
    "complex_iplddt": 0.0,
    "complex_pde": 1.9776471853256226,
    "complex_ipde": 0.0,
    "chains_ptm": {
        "0": 0.31614232063293457
    },
    "pair_chains_iptm": {
        "0": {
            "0": 0.31614232063293457
        }
    }
}