{
    "confidence_score": 0.6422423720359802,
    "ptm": 0.8705648183822632,
    "iptm": 0.0,
    "ligand_iptm": 0.0,
    "protein_iptm": 0.0,
    "complex_plddt": 0.8028029799461365,
    "complex_iplddt": 0.0,
    "complex_pde": 0.6690223217010498,
    "complex_ipde": 0.0,
    "chains_ptm": {
        "0": 0.8705648183822632
    },
    "pair_chains_iptm": {
        "0": {
            "0": 0.8705648183822632
        }
    }
}