{
    "confidence_score": 0.5592694282531738,
    "ptm": 0.4595266282558441,
    "iptm": 0.0,
    "ligand_iptm": 0.0,
    "protein_iptm": 0.0,
    "complex_plddt": 0.6990867853164673,
    "complex_iplddt": 0.0,
    "complex_pde": 1.3455069065093994,
    "complex_ipde": 0.0,
    "chains_ptm": {
        "0": 0.4595266282558441
    },
    "pair_chains_iptm": {
        "0": {
            "0": 0.4595266282558441
        }
    }
}