{
    "confidence_score": 0.6014112234115601,
    "ptm": 0.69780033826828,
    "iptm": 0.0,
    "ligand_iptm": 0.0,
    "protein_iptm": 0.0,
    "complex_plddt": 0.7517639994621277,
    "complex_iplddt": 0.0,
    "complex_pde": 0.9772756695747375,
    "complex_ipde": 0.0,
    "chains_ptm": {
        "0": 0.69780033826828
    },
    "pair_chains_iptm": {
        "0": {
            "0": 0.69780033826828
        }
    }
}