{
    "confidence_score": 0.43289199471473694,
    "ptm": 0.3500247299671173,
    "iptm": 0.0,
    "ligand_iptm": 0.0,
    "protein_iptm": 0.0,
    "complex_plddt": 0.5411149859428406,
    "complex_iplddt": 0.0,
    "complex_pde": 2.0577001571655273,
    "complex_ipde": 0.0,
    "chains_ptm": {
        "0": 0.3500247299671173
    },
    "pair_chains_iptm": {
        "0": {
            "0": 0.3500247299671173
        }
    }
}