{
    "confidence_score": 0.5230260491371155,
    "ptm": 0.758217453956604,
    "iptm": 0.0,
    "ligand_iptm": 0.0,
    "protein_iptm": 0.0,
    "complex_plddt": 0.6537825465202332,
    "complex_iplddt": 0.0,
    "complex_pde": 0.8879032135009766,
    "complex_ipde": 0.0,
    "chains_ptm": {
        "0": 0.758217453956604
    },
    "pair_chains_iptm": {
        "0": {
            "0": 0.758217453956604
        }
    }
}