{
    "confidence_score": 0.7519051432609558,
    "ptm": 0.9103603959083557,
    "iptm": 0.0,
    "ligand_iptm": 0.0,
    "protein_iptm": 0.0,
    "complex_plddt": 0.939881443977356,
    "complex_iplddt": 0.0,
    "complex_pde": 0.345799058675766,
    "complex_ipde": 0.0,
    "chains_ptm": {
        "0": 0.9103603959083557
    },
    "pair_chains_iptm": {
        "0": {
            "0": 0.9103603959083557
        }
    }
}