{
    "confidence_score": 0.7032433152198792,
    "ptm": 0.8179623484611511,
    "iptm": 0.0,
    "ligand_iptm": 0.0,
    "protein_iptm": 0.0,
    "complex_plddt": 0.8790541291236877,
    "complex_iplddt": 0.0,
    "complex_pde": 0.46005383133888245,
    "complex_ipde": 0.0,
    "chains_ptm": {
        "0": 0.8179623484611511
    },
    "pair_chains_iptm": {
        "0": {
            "0": 0.8179623484611511
        }
    }
}