{
    "plddts": {
        "model_1_pred_0": 70.05020807323744,
        "model_2_pred_0": 69.17946508337441,
        "model_3_pred_0": 69.43157364641152,
        "model_4_pred_0": 71.22180727657293,
        "model_5_pred_0": 70.03464479197915
    },
    "order": [
        "model_4_pred_0",
        "model_1_pred_0",
        "model_5_pred_0",
        "model_3_pred_0",
        "model_2_pred_0"
    ]
}