{
    "features": 4333.072872877121,
    "process_features_model_1_pred_0": 3.3759024143218994,
    "predict_and_compile_model_1_pred_0": 259.3568277359009,
    "process_features_model_2_pred_0": 3.566415548324585,
    "predict_and_compile_model_2_pred_0": 245.67008876800537,
    "process_features_model_3_pred_0": 3.1569597721099854,
    "predict_and_compile_model_3_pred_0": 215.12201571464539,
    "process_features_model_4_pred_0": 3.556394100189209,
    "predict_and_compile_model_4_pred_0": 216.6312072277069,
    "process_features_model_5_pred_0": 2.8142545223236084,
    "predict_and_compile_model_5_pred_0": 199.72160983085632,
    "relax_model_4_pred_0": 40.190749168395996
}