{
    "confidence_score": 0.7284080386161804,
    "ptm": 0.930945098400116,
    "iptm": 0.0,
    "ligand_iptm": 0.0,
    "protein_iptm": 0.0,
    "complex_plddt": 0.9105100035667419,
    "complex_iplddt": 0.0,
    "complex_pde": 0.4315991997718811,
    "complex_ipde": 0.0,
    "chains_ptm": {
        "0": 0.930945098400116
    },
    "pair_chains_iptm": {
        "0": {
            "0": 0.930945098400116
        }
    }
}