{
    "confidence_score": 0.49877363443374634,
    "ptm": 0.5357679128646851,
    "iptm": 0.0,
    "ligand_iptm": 0.0,
    "protein_iptm": 0.0,
    "complex_plddt": 0.6234670281410217,
    "complex_iplddt": 0.0,
    "complex_pde": 2.1751797199249268,
    "complex_ipde": 0.0,
    "chains_ptm": {
        "0": 0.5357679128646851
    },
    "pair_chains_iptm": {
        "0": {
            "0": 0.5357679128646851
        }
    }
}