{
    "confidence_score": 0.6737002730369568,
    "ptm": 0.8662391901016235,
    "iptm": 0.0,
    "ligand_iptm": 0.0,
    "protein_iptm": 0.0,
    "complex_plddt": 0.8421252965927124,
    "complex_iplddt": 0.0,
    "complex_pde": 0.6692633032798767,
    "complex_ipde": 0.0,
    "chains_ptm": {
        "0": 0.8662391901016235
    },
    "pair_chains_iptm": {
        "0": {
            "0": 0.8662391901016235
        }
    }
}