{
    "confidence_score": 0.6855365633964539,
    "ptm": 0.8183814883232117,
    "iptm": 0.0,
    "ligand_iptm": 0.0,
    "protein_iptm": 0.0,
    "complex_plddt": 0.8569207191467285,
    "complex_iplddt": 0.0,
    "complex_pde": 0.5030357837677002,
    "complex_ipde": 0.0,
    "chains_ptm": {
        "0": 0.8183814883232117
    },
    "pair_chains_iptm": {
        "0": {
            "0": 0.8183814883232117
        }
    }
}