{
    "confidence_score": 0.7052192091941833,
    "ptm": 0.9008393883705139,
    "iptm": 0.0,
    "ligand_iptm": 0.0,
    "protein_iptm": 0.0,
    "complex_plddt": 0.8815239667892456,
    "complex_iplddt": 0.0,
    "complex_pde": 0.630747377872467,
    "complex_ipde": 0.0,
    "chains_ptm": {
        "0": 0.9008393883705139
    },
    "pair_chains_iptm": {
        "0": {
            "0": 0.9008393883705139
        }
    }
}