{
    "confidence_score": 0.6409087181091309,
    "ptm": 0.7056291699409485,
    "iptm": 0.0,
    "ligand_iptm": 0.0,
    "protein_iptm": 0.0,
    "complex_plddt": 0.8011358976364136,
    "complex_iplddt": 0.0,
    "complex_pde": 0.7367045879364014,
    "complex_ipde": 0.0,
    "chains_ptm": {
        "0": 0.7056291699409485
    },
    "pair_chains_iptm": {
        "0": {
            "0": 0.7056291699409485
        }
    }
}