{
    "confidence_score": 0.6521146893501282,
    "ptm": 0.7009952068328857,
    "iptm": 0.0,
    "ligand_iptm": 0.0,
    "protein_iptm": 0.0,
    "complex_plddt": 0.815143346786499,
    "complex_iplddt": 0.0,
    "complex_pde": 1.0303462743759155,
    "complex_ipde": 0.0,
    "chains_ptm": {
        "0": 0.7009952068328857
    },
    "pair_chains_iptm": {
        "0": {
            "0": 0.7009952068328857
        }
    }
}