{
    "features": 3200.7173845767975,
    "process_features_model_1_pred_0": 10.706654787063599,
    "predict_and_compile_model_1_pred_0": 243.2566168308258,
    "process_features_model_2_pred_0": 9.119123935699463,
    "predict_and_compile_model_2_pred_0": 222.69575333595276,
    "process_features_model_3_pred_0": 8.817986965179443,
    "predict_and_compile_model_3_pred_0": 204.8228418827057,
    "process_features_model_4_pred_0": 8.71907639503479,
    "predict_and_compile_model_4_pred_0": 301.31610584259033,
    "process_features_model_5_pred_0": 8.54648494720459,
    "predict_and_compile_model_5_pred_0": 646.4569787979126,
    "relax_model_3_pred_0": 37.77035474777222
}