{
    "confidence_score": 0.7061382532119751,
    "ptm": 0.876820981502533,
    "iptm": 0.0,
    "ligand_iptm": 0.0,
    "protein_iptm": 0.0,
    "complex_plddt": 0.8826727867126465,
    "complex_iplddt": 0.0,
    "complex_pde": 0.4873211979866028,
    "complex_ipde": 0.0,
    "chains_ptm": {
        "0": 0.876820981502533
    },
    "pair_chains_iptm": {
        "0": {
            "0": 0.876820981502533
        }
    }
}