{
    "confidence_score": 0.5810727477073669,
    "ptm": 0.7667887806892395,
    "iptm": 0.0,
    "ligand_iptm": 0.0,
    "protein_iptm": 0.0,
    "complex_plddt": 0.7263408899307251,
    "complex_iplddt": 0.0,
    "complex_pde": 0.5988019108772278,
    "complex_ipde": 0.0,
    "chains_ptm": {
        "0": 0.7667887806892395
    },
    "pair_chains_iptm": {
        "0": {
            "0": 0.7667887806892395
        }
    }
}