{
    "confidence_score": 0.429222971200943,
    "ptm": 0.5523428320884705,
    "iptm": 0.0,
    "ligand_iptm": 0.0,
    "protein_iptm": 0.0,
    "complex_plddt": 0.5365287065505981,
    "complex_iplddt": 0.0,
    "complex_pde": 2.3930444717407227,
    "complex_ipde": 0.0,
    "chains_ptm": {
        "0": 0.5523428320884705
    },
    "pair_chains_iptm": {
        "0": {
            "0": 0.5523428320884705
        }
    }
}