{
    "confidence_score": 0.74965900182724,
    "ptm": 0.9514472484588623,
    "iptm": 0.0,
    "ligand_iptm": 0.0,
    "protein_iptm": 0.0,
    "complex_plddt": 0.9370737075805664,
    "complex_iplddt": 0.0,
    "complex_pde": 0.33369508385658264,
    "complex_ipde": 0.0,
    "chains_ptm": {
        "0": 0.9514472484588623
    },
    "pair_chains_iptm": {
        "0": {
            "0": 0.9514472484588623
        }
    }
}