{
    "confidence_score": 0.7383705973625183,
    "ptm": 0.9247673153877258,
    "iptm": 0.0,
    "ligand_iptm": 0.0,
    "protein_iptm": 0.0,
    "complex_plddt": 0.9229632616043091,
    "complex_iplddt": 0.0,
    "complex_pde": 0.38002917170524597,
    "complex_ipde": 0.0,
    "chains_ptm": {
        "0": 0.9247673153877258
    },
    "pair_chains_iptm": {
        "0": {
            "0": 0.9247673153877258
        }
    }
}