{
    "confidence_score": 0.7133716940879822,
    "ptm": 0.8993483185768127,
    "iptm": 0.0,
    "ligand_iptm": 0.0,
    "protein_iptm": 0.0,
    "complex_plddt": 0.8917145729064941,
    "complex_iplddt": 0.0,
    "complex_pde": 0.4761597514152527,
    "complex_ipde": 0.0,
    "chains_ptm": {
        "0": 0.8993483185768127
    },
    "pair_chains_iptm": {
        "0": {
            "0": 0.8993483185768127
        }
    }
}