{
    "confidence_score": 0.4168986976146698,
    "ptm": 0.3177129626274109,
    "iptm": 0.0,
    "ligand_iptm": 0.0,
    "protein_iptm": 0.0,
    "complex_plddt": 0.5211233496665955,
    "complex_iplddt": 0.0,
    "complex_pde": 3.3321895599365234,
    "complex_ipde": 0.0,
    "chains_ptm": {
        "0": 0.3177129626274109
    },
    "pair_chains_iptm": {
        "0": {
            "0": 0.3177129626274109
        }
    }
}