{
    "confidence_score": 0.657008707523346,
    "ptm": 0.7957848310470581,
    "iptm": 0.0,
    "ligand_iptm": 0.0,
    "protein_iptm": 0.0,
    "complex_plddt": 0.8212608695030212,
    "complex_iplddt": 0.0,
    "complex_pde": 1.0716880559921265,
    "complex_ipde": 0.0,
    "chains_ptm": {
        "0": 0.7957848310470581
    },
    "pair_chains_iptm": {
        "0": {
            "0": 0.7957848310470581
        }
    }
}