{
    "confidence_score": 0.6509286165237427,
    "ptm": 0.867331862449646,
    "iptm": 0.0,
    "ligand_iptm": 0.0,
    "protein_iptm": 0.0,
    "complex_plddt": 0.813660740852356,
    "complex_iplddt": 0.0,
    "complex_pde": 0.45775869488716125,
    "complex_ipde": 0.0,
    "chains_ptm": {
        "0": 0.867331862449646
    },
    "pair_chains_iptm": {
        "0": {
            "0": 0.867331862449646
        }
    }
}