{
    "confidence_score": 0.7046611309051514,
    "ptm": 0.9096729755401611,
    "iptm": 0.0,
    "ligand_iptm": 0.0,
    "protein_iptm": 0.0,
    "complex_plddt": 0.8808264136314392,
    "complex_iplddt": 0.0,
    "complex_pde": 0.5361098647117615,
    "complex_ipde": 0.0,
    "chains_ptm": {
        "0": 0.9096729755401611
    },
    "pair_chains_iptm": {
        "0": {
            "0": 0.9096729755401611
        }
    }
}