{
    "confidence_score": 0.6027899980545044,
    "ptm": 0.3873143196105957,
    "iptm": 0.0,
    "ligand_iptm": 0.0,
    "protein_iptm": 0.0,
    "complex_plddt": 0.7534874677658081,
    "complex_iplddt": 0.0,
    "complex_pde": 1.1954126358032227,
    "complex_ipde": 0.0,
    "chains_ptm": {
        "0": 0.3873143196105957
    },
    "pair_chains_iptm": {
        "0": {
            "0": 0.3873143196105957
        }
    }
}