{
    "confidence_score": 0.5407058596611023,
    "ptm": 0.49119046330451965,
    "iptm": 0.0,
    "ligand_iptm": 0.0,
    "protein_iptm": 0.0,
    "complex_plddt": 0.6758822798728943,
    "complex_iplddt": 0.0,
    "complex_pde": 1.9798612594604492,
    "complex_ipde": 0.0,
    "chains_ptm": {
        "0": 0.49119046330451965
    },
    "pair_chains_iptm": {
        "0": {
            "0": 0.49119046330451965
        }
    }
}