{
    "confidence_score": 0.4741126596927643,
    "ptm": 0.2399756908416748,
    "iptm": 0.0,
    "ligand_iptm": 0.0,
    "protein_iptm": 0.0,
    "complex_plddt": 0.5926408171653748,
    "complex_iplddt": 0.0,
    "complex_pde": 2.7856252193450928,
    "complex_ipde": 0.0,
    "chains_ptm": {
        "0": 0.2399756908416748
    },
    "pair_chains_iptm": {
        "0": {
            "0": 0.2399756908416748
        }
    }
}