{
    "confidence_score": 0.6484354734420776,
    "ptm": 0.6413975358009338,
    "iptm": 0.0,
    "ligand_iptm": 0.0,
    "protein_iptm": 0.0,
    "complex_plddt": 0.8105443120002747,
    "complex_iplddt": 0.0,
    "complex_pde": 0.8086432814598083,
    "complex_ipde": 0.0,
    "chains_ptm": {
        "0": 0.6413975358009338
    },
    "pair_chains_iptm": {
        "0": {
            "0": 0.6413975358009338
        }
    }
}