{
    "confidence_score": 0.720853328704834,
    "ptm": 0.9104483127593994,
    "iptm": 0.0,
    "ligand_iptm": 0.0,
    "protein_iptm": 0.0,
    "complex_plddt": 0.9010666608810425,
    "complex_iplddt": 0.0,
    "complex_pde": 0.3944082260131836,
    "complex_ipde": 0.0,
    "chains_ptm": {
        "0": 0.9104483127593994
    },
    "pair_chains_iptm": {
        "0": {
            "0": 0.9104483127593994
        }
    }
}