{
    "confidence_score": 0.7154824733734131,
    "ptm": 0.9027993679046631,
    "iptm": 0.0,
    "ligand_iptm": 0.0,
    "protein_iptm": 0.0,
    "complex_plddt": 0.8943530917167664,
    "complex_iplddt": 0.0,
    "complex_pde": 0.49536755681037903,
    "complex_ipde": 0.0,
    "chains_ptm": {
        "0": 0.9027993679046631
    },
    "pair_chains_iptm": {
        "0": {
            "0": 0.9027993679046631
        }
    }
}