{
    "confidence_score": 0.7394286394119263,
    "ptm": 0.9492870569229126,
    "iptm": 0.0,
    "ligand_iptm": 0.0,
    "protein_iptm": 0.0,
    "complex_plddt": 0.9242857694625854,
    "complex_iplddt": 0.0,
    "complex_pde": 0.3775208592414856,
    "complex_ipde": 0.0,
    "chains_ptm": {
        "0": 0.9492870569229126
    },
    "pair_chains_iptm": {
        "0": {
            "0": 0.9492870569229126
        }
    }
}