{
    "confidence_score": 0.669093132019043,
    "ptm": 0.8715637922286987,
    "iptm": 0.0,
    "ligand_iptm": 0.0,
    "protein_iptm": 0.0,
    "complex_plddt": 0.8363664150238037,
    "complex_iplddt": 0.0,
    "complex_pde": 0.6947374939918518,
    "complex_ipde": 0.0,
    "chains_ptm": {
        "0": 0.8715637922286987
    },
    "pair_chains_iptm": {
        "0": {
            "0": 0.8715637922286987
        }
    }
}