{
    "confidence_score": 0.7037289142608643,
    "ptm": 0.9211061596870422,
    "iptm": 0.0,
    "ligand_iptm": 0.0,
    "protein_iptm": 0.0,
    "complex_plddt": 0.8796611428260803,
    "complex_iplddt": 0.0,
    "complex_pde": 0.4856894910335541,
    "complex_ipde": 0.0,
    "chains_ptm": {
        "0": 0.9211061596870422
    },
    "pair_chains_iptm": {
        "0": {
            "0": 0.9211061596870422
        }
    }
}