{
    "confidence_score": 0.7271386981010437,
    "ptm": 0.9277951121330261,
    "iptm": 0.0,
    "ligand_iptm": 0.0,
    "protein_iptm": 0.0,
    "complex_plddt": 0.908923327922821,
    "complex_iplddt": 0.0,
    "complex_pde": 0.420708566904068,
    "complex_ipde": 0.0,
    "chains_ptm": {
        "0": 0.9277951121330261
    },
    "pair_chains_iptm": {
        "0": {
            "0": 0.9277951121330261
        }
    }
}