{
    "confidence_score": 0.6528860926628113,
    "ptm": 0.9013896584510803,
    "iptm": 0.0,
    "ligand_iptm": 0.0,
    "protein_iptm": 0.0,
    "complex_plddt": 0.8161075711250305,
    "complex_iplddt": 0.0,
    "complex_pde": 0.5048216581344604,
    "complex_ipde": 0.0,
    "chains_ptm": {
        "0": 0.9013896584510803
    },
    "pair_chains_iptm": {
        "0": {
            "0": 0.9013896584510803
        }
    }
}