{
    "confidence_score": 0.6289195418357849,
    "ptm": 0.7165454626083374,
    "iptm": 0.0,
    "ligand_iptm": 0.0,
    "protein_iptm": 0.0,
    "complex_plddt": 0.7861493825912476,
    "complex_iplddt": 0.0,
    "complex_pde": 0.5945350527763367,
    "complex_ipde": 0.0,
    "chains_ptm": {
        "0": 0.7165454626083374
    },
    "pair_chains_iptm": {
        "0": {
            "0": 0.7165454626083374
        }
    }
}