{
    "confidence_score": 0.5073425769805908,
    "ptm": 0.40771809220314026,
    "iptm": 0.0,
    "ligand_iptm": 0.0,
    "protein_iptm": 0.0,
    "complex_plddt": 0.6341782212257385,
    "complex_iplddt": 0.0,
    "complex_pde": 1.4695860147476196,
    "complex_ipde": 0.0,
    "chains_ptm": {
        "0": 0.40771809220314026
    },
    "pair_chains_iptm": {
        "0": {
            "0": 0.40771809220314026
        }
    }
}