{
    "confidence_score": 0.7179899215698242,
    "ptm": 0.8926406502723694,
    "iptm": 0.0,
    "ligand_iptm": 0.0,
    "protein_iptm": 0.0,
    "complex_plddt": 0.8974874019622803,
    "complex_iplddt": 0.0,
    "complex_pde": 0.5423914790153503,
    "complex_ipde": 0.0,
    "chains_ptm": {
        "0": 0.8926406502723694
    },
    "pair_chains_iptm": {
        "0": {
            "0": 0.8926406502723694
        }
    }
}