{
    "confidence_score": 0.5036401152610779,
    "ptm": 0.6156378388404846,
    "iptm": 0.0,
    "ligand_iptm": 0.0,
    "protein_iptm": 0.0,
    "complex_plddt": 0.6295500993728638,
    "complex_iplddt": 0.0,
    "complex_pde": 1.4890440702438354,
    "complex_ipde": 0.0,
    "chains_ptm": {
        "0": 0.6156378388404846
    },
    "pair_chains_iptm": {
        "0": {
            "0": 0.6156378388404846
        }
    }
}