{
    "confidence_score": 0.4692700505256653,
    "ptm": 0.24200895428657532,
    "iptm": 0.0,
    "ligand_iptm": 0.0,
    "protein_iptm": 0.0,
    "complex_plddt": 0.5865875482559204,
    "complex_iplddt": 0.0,
    "complex_pde": 2.9395227432250977,
    "complex_ipde": 0.0,
    "chains_ptm": {
        "0": 0.24200895428657532
    },
    "pair_chains_iptm": {
        "0": {
            "0": 0.24200895428657532
        }
    }
}