{
    "confidence_score": 0.5261345505714417,
    "ptm": 0.689329206943512,
    "iptm": 0.0,
    "ligand_iptm": 0.0,
    "protein_iptm": 0.0,
    "complex_plddt": 0.6576681733131409,
    "complex_iplddt": 0.0,
    "complex_pde": 1.0292530059814453,
    "complex_ipde": 0.0,
    "chains_ptm": {
        "0": 0.689329206943512
    },
    "pair_chains_iptm": {
        "0": {
            "0": 0.689329206943512
        }
    }
}