{
    "confidence_score": 0.6561295986175537,
    "ptm": 0.7480560541152954,
    "iptm": 0.0,
    "ligand_iptm": 0.0,
    "protein_iptm": 0.0,
    "complex_plddt": 0.8201619982719421,
    "complex_iplddt": 0.0,
    "complex_pde": 0.9585264921188354,
    "complex_ipde": 0.0,
    "chains_ptm": {
        "0": 0.7480560541152954
    },
    "pair_chains_iptm": {
        "0": {
            "0": 0.7480560541152954
        }
    }
}