{
    "confidence_score": 0.7757171392440796,
    "ptm": 0.9607429504394531,
    "iptm": 0.0,
    "ligand_iptm": 0.0,
    "protein_iptm": 0.0,
    "complex_plddt": 0.9696463942527771,
    "complex_iplddt": 0.0,
    "complex_pde": 0.2831185758113861,
    "complex_ipde": 0.0,
    "chains_ptm": {
        "0": 0.9607429504394531
    },
    "pair_chains_iptm": {
        "0": {
            "0": 0.9607429504394531
        }
    }
}