{
    "confidence_score": 0.35381126403808594,
    "ptm": 0.24152277410030365,
    "iptm": 0.0,
    "ligand_iptm": 0.0,
    "protein_iptm": 0.0,
    "complex_plddt": 0.4422640800476074,
    "complex_iplddt": 0.0,
    "complex_pde": 2.862360954284668,
    "complex_ipde": 0.0,
    "chains_ptm": {
        "0": 0.24152277410030365
    },
    "pair_chains_iptm": {
        "0": {
            "0": 0.24152277410030365
        }
    }
}