{
    "confidence_score": 0.6853803396224976,
    "ptm": 0.8581420183181763,
    "iptm": 0.0,
    "ligand_iptm": 0.0,
    "protein_iptm": 0.0,
    "complex_plddt": 0.8567253947257996,
    "complex_iplddt": 0.0,
    "complex_pde": 0.5843280553817749,
    "complex_ipde": 0.0,
    "chains_ptm": {
        "0": 0.8581420183181763
    },
    "pair_chains_iptm": {
        "0": {
            "0": 0.8581420183181763
        }
    }
}