{
    "confidence_score": 0.7207779288291931,
    "ptm": 0.8039743304252625,
    "iptm": 0.0,
    "ligand_iptm": 0.0,
    "protein_iptm": 0.0,
    "complex_plddt": 0.9009723663330078,
    "complex_iplddt": 0.0,
    "complex_pde": 0.5881050229072571,
    "complex_ipde": 0.0,
    "chains_ptm": {
        "0": 0.8039743304252625
    },
    "pair_chains_iptm": {
        "0": {
            "0": 0.8039743304252625
        }
    }
}