{
    "confidence_score": 0.4470089077949524,
    "ptm": 0.5165219306945801,
    "iptm": 0.0,
    "ligand_iptm": 0.0,
    "protein_iptm": 0.0,
    "complex_plddt": 0.5587611198425293,
    "complex_iplddt": 0.0,
    "complex_pde": 2.2659096717834473,
    "complex_ipde": 0.0,
    "chains_ptm": {
        "0": 0.5165219306945801
    },
    "pair_chains_iptm": {
        "0": {
            "0": 0.5165219306945801
        }
    }
}