{
    "confidence_score": 0.7512112259864807,
    "ptm": 0.949555516242981,
    "iptm": 0.0,
    "ligand_iptm": 0.0,
    "protein_iptm": 0.0,
    "complex_plddt": 0.9390140175819397,
    "complex_iplddt": 0.0,
    "complex_pde": 0.35616734623908997,
    "complex_ipde": 0.0,
    "chains_ptm": {
        "0": 0.949555516242981
    },
    "pair_chains_iptm": {
        "0": {
            "0": 0.949555516242981
        }
    }
}