{
    "confidence_score": 0.5961852073669434,
    "ptm": 0.6989670395851135,
    "iptm": 0.0,
    "ligand_iptm": 0.0,
    "protein_iptm": 0.0,
    "complex_plddt": 0.7452315092086792,
    "complex_iplddt": 0.0,
    "complex_pde": 1.2134374380111694,
    "complex_ipde": 0.0,
    "chains_ptm": {
        "0": 0.6989670395851135
    },
    "pair_chains_iptm": {
        "0": {
            "0": 0.6989670395851135
        }
    }
}