{
    "confidence_score": 0.7115069031715393,
    "ptm": 0.8675482869148254,
    "iptm": 0.0,
    "ligand_iptm": 0.0,
    "protein_iptm": 0.0,
    "complex_plddt": 0.8893836140632629,
    "complex_iplddt": 0.0,
    "complex_pde": 0.4910833239555359,
    "complex_ipde": 0.0,
    "chains_ptm": {
        "0": 0.8675482869148254
    },
    "pair_chains_iptm": {
        "0": {
            "0": 0.8675482869148254
        }
    }
}