{
    "confidence_score": 0.6092135310173035,
    "ptm": 0.6224811673164368,
    "iptm": 0.0,
    "ligand_iptm": 0.0,
    "protein_iptm": 0.0,
    "complex_plddt": 0.7615168690681458,
    "complex_iplddt": 0.0,
    "complex_pde": 1.6215109825134277,
    "complex_ipde": 0.0,
    "chains_ptm": {
        "0": 0.6224811673164368
    },
    "pair_chains_iptm": {
        "0": {
            "0": 0.6224811673164368
        }
    }
}