{
    "confidence_score": 0.6141790151596069,
    "ptm": 0.7871323823928833,
    "iptm": 0.0,
    "ligand_iptm": 0.0,
    "protein_iptm": 0.0,
    "complex_plddt": 0.7677237391471863,
    "complex_iplddt": 0.0,
    "complex_pde": 0.9059122204780579,
    "complex_ipde": 0.0,
    "chains_ptm": {
        "0": 0.7871323823928833
    },
    "pair_chains_iptm": {
        "0": {
            "0": 0.7871323823928833
        }
    }
}