{
    "confidence_score": 0.46527037024497986,
    "ptm": 0.37780871987342834,
    "iptm": 0.0,
    "ligand_iptm": 0.0,
    "protein_iptm": 0.0,
    "complex_plddt": 0.5815879702568054,
    "complex_iplddt": 0.0,
    "complex_pde": 2.5468685626983643,
    "complex_ipde": 0.0,
    "chains_ptm": {
        "0": 0.37780871987342834
    },
    "pair_chains_iptm": {
        "0": {
            "0": 0.37780871987342834
        }
    }
}