{
    "confidence_score": 0.6483685970306396,
    "ptm": 0.49573466181755066,
    "iptm": 0.0,
    "ligand_iptm": 0.0,
    "protein_iptm": 0.0,
    "complex_plddt": 0.8104607462882996,
    "complex_iplddt": 0.0,
    "complex_pde": 1.1655981540679932,
    "complex_ipde": 0.0,
    "chains_ptm": {
        "0": 0.49573466181755066
    },
    "pair_chains_iptm": {
        "0": {
            "0": 0.49573466181755066
        }
    }
}