{
    "confidence_score": 0.5457279086112976,
    "ptm": 0.7519747018814087,
    "iptm": 0.0,
    "ligand_iptm": 0.0,
    "protein_iptm": 0.0,
    "complex_plddt": 0.6821598410606384,
    "complex_iplddt": 0.0,
    "complex_pde": 1.8708243370056152,
    "complex_ipde": 0.0,
    "chains_ptm": {
        "0": 0.7519747018814087
    },
    "pair_chains_iptm": {
        "0": {
            "0": 0.7519747018814087
        }
    }
}