{
    "confidence_score": 0.6945323944091797,
    "ptm": 0.7633554339408875,
    "iptm": 0.0,
    "ligand_iptm": 0.0,
    "protein_iptm": 0.0,
    "complex_plddt": 0.8681654930114746,
    "complex_iplddt": 0.0,
    "complex_pde": 0.52890944480896,
    "complex_ipde": 0.0,
    "chains_ptm": {
        "0": 0.7633554339408875
    },
    "pair_chains_iptm": {
        "0": {
            "0": 0.7633554339408875
        }
    }
}