{
    "confidence_score": 0.46347013115882874,
    "ptm": 0.3173252046108246,
    "iptm": 0.0,
    "ligand_iptm": 0.0,
    "protein_iptm": 0.0,
    "complex_plddt": 0.5793376564979553,
    "complex_iplddt": 0.0,
    "complex_pde": 2.082202911376953,
    "complex_ipde": 0.0,
    "chains_ptm": {
        "0": 0.3173252046108246
    },
    "pair_chains_iptm": {
        "0": {
            "0": 0.3173252046108246
        }
    }
}