{
    "confidence_score": 0.6559020280838013,
    "ptm": 0.8497772216796875,
    "iptm": 0.0,
    "ligand_iptm": 0.0,
    "protein_iptm": 0.0,
    "complex_plddt": 0.8198775053024292,
    "complex_iplddt": 0.0,
    "complex_pde": 0.7002917528152466,
    "complex_ipde": 0.0,
    "chains_ptm": {
        "0": 0.8497772216796875
    },
    "pair_chains_iptm": {
        "0": {
            "0": 0.8497772216796875
        }
    }
}