{
    "confidence_score": 0.6163412928581238,
    "ptm": 0.8522334694862366,
    "iptm": 0.0,
    "ligand_iptm": 0.0,
    "protein_iptm": 0.0,
    "complex_plddt": 0.7704265713691711,
    "complex_iplddt": 0.0,
    "complex_pde": 0.705876886844635,
    "complex_ipde": 0.0,
    "chains_ptm": {
        "0": 0.8522334694862366
    },
    "pair_chains_iptm": {
        "0": {
            "0": 0.8522334694862366
        }
    }
}