{
    "confidence_score": 0.5114055275917053,
    "ptm": 0.6672854423522949,
    "iptm": 0.0,
    "ligand_iptm": 0.0,
    "protein_iptm": 0.0,
    "complex_plddt": 0.6392568945884705,
    "complex_iplddt": 0.0,
    "complex_pde": 1.1231569051742554,
    "complex_ipde": 0.0,
    "chains_ptm": {
        "0": 0.6672854423522949
    },
    "pair_chains_iptm": {
        "0": {
            "0": 0.6672854423522949
        }
    }
}