{
    "confidence_score": 0.7548746466636658,
    "ptm": 0.9525972604751587,
    "iptm": 0.0,
    "ligand_iptm": 0.0,
    "protein_iptm": 0.0,
    "complex_plddt": 0.9435932636260986,
    "complex_iplddt": 0.0,
    "complex_pde": 0.38029250502586365,
    "complex_ipde": 0.0,
    "chains_ptm": {
        "0": 0.9525972604751587
    },
    "pair_chains_iptm": {
        "0": {
            "0": 0.9525972604751587
        }
    }
}