{
    "confidence_score": 0.7432271242141724,
    "ptm": 0.8832755088806152,
    "iptm": 0.0,
    "ligand_iptm": 0.0,
    "protein_iptm": 0.0,
    "complex_plddt": 0.9290338754653931,
    "complex_iplddt": 0.0,
    "complex_pde": 0.39663130044937134,
    "complex_ipde": 0.0,
    "chains_ptm": {
        "0": 0.8832755088806152
    },
    "pair_chains_iptm": {
        "0": {
            "0": 0.8832755088806152
        }
    }
}