{
    "confidence_score": 0.5967802405357361,
    "ptm": 0.5666953325271606,
    "iptm": 0.0,
    "ligand_iptm": 0.0,
    "protein_iptm": 0.0,
    "complex_plddt": 0.7459753155708313,
    "complex_iplddt": 0.0,
    "complex_pde": 0.9559034705162048,
    "complex_ipde": 0.0,
    "chains_ptm": {
        "0": 0.5666953325271606
    },
    "pair_chains_iptm": {
        "0": {
            "0": 0.5666953325271606
        }
    }
}