{
    "confidence_score": 0.5083399415016174,
    "ptm": 0.3184468150138855,
    "iptm": 0.0,
    "ligand_iptm": 0.0,
    "protein_iptm": 0.0,
    "complex_plddt": 0.6354249119758606,
    "complex_iplddt": 0.0,
    "complex_pde": 1.949703335762024,
    "complex_ipde": 0.0,
    "chains_ptm": {
        "0": 0.3184468150138855
    },
    "pair_chains_iptm": {
        "0": {
            "0": 0.3184468150138855
        }
    }
}