{
    "confidence_score": 0.6974108815193176,
    "ptm": 0.8688880801200867,
    "iptm": 0.0,
    "ligand_iptm": 0.0,
    "protein_iptm": 0.0,
    "complex_plddt": 0.8717635869979858,
    "complex_iplddt": 0.0,
    "complex_pde": 0.48217615485191345,
    "complex_ipde": 0.0,
    "chains_ptm": {
        "0": 0.8688880801200867
    },
    "pair_chains_iptm": {
        "0": {
            "0": 0.8688880801200867
        }
    }
}