{
    "confidence_score": 0.7325108051300049,
    "ptm": 0.911895751953125,
    "iptm": 0.0,
    "ligand_iptm": 0.0,
    "protein_iptm": 0.0,
    "complex_plddt": 0.9156385064125061,
    "complex_iplddt": 0.0,
    "complex_pde": 0.34746047854423523,
    "complex_ipde": 0.0,
    "chains_ptm": {
        "0": 0.911895751953125
    },
    "pair_chains_iptm": {
        "0": {
            "0": 0.911895751953125
        }
    }
}