{
    "confidence_score": 0.5783423781394958,
    "ptm": 0.8584088683128357,
    "iptm": 0.0,
    "ligand_iptm": 0.0,
    "protein_iptm": 0.0,
    "complex_plddt": 0.7229279279708862,
    "complex_iplddt": 0.0,
    "complex_pde": 0.7296479344367981,
    "complex_ipde": 0.0,
    "chains_ptm": {
        "0": 0.8584088683128357
    },
    "pair_chains_iptm": {
        "0": {
            "0": 0.8584088683128357
        }
    }
}