{
    "confidence_score": 0.6391981244087219,
    "ptm": 0.772706151008606,
    "iptm": 0.0,
    "ligand_iptm": 0.0,
    "protein_iptm": 0.0,
    "complex_plddt": 0.7989976406097412,
    "complex_iplddt": 0.0,
    "complex_pde": 0.8065927624702454,
    "complex_ipde": 0.0,
    "chains_ptm": {
        "0": 0.772706151008606
    },
    "pair_chains_iptm": {
        "0": {
            "0": 0.772706151008606
        }
    }
}