{
    "features": 8714.140941381454,
    "process_features_model_1_pred_0": 8.188178300857544,
    "predict_and_compile_model_1_pred_0": 410.7236580848694,
    "process_features_model_2_pred_0": 8.039615869522095,
    "predict_and_compile_model_2_pred_0": 380.54873061180115,
    "process_features_model_3_pred_0": 8.070146322250366,
    "predict_and_compile_model_3_pred_0": 357.64677381515503,
    "process_features_model_4_pred_0": 8.696648597717285,
    "predict_and_compile_model_4_pred_0": 359.5324969291687,
    "process_features_model_5_pred_0": 8.311672449111938,
    "predict_and_compile_model_5_pred_0": 335.1615586280823,
    "relax_model_4_pred_0": 84.38749670982361
}