{
    "confidence_score": 0.5933111906051636,
    "ptm": 0.5864071249961853,
    "iptm": 0.0,
    "ligand_iptm": 0.0,
    "protein_iptm": 0.0,
    "complex_plddt": 0.7416389584541321,
    "complex_iplddt": 0.0,
    "complex_pde": 1.0797549486160278,
    "complex_ipde": 0.0,
    "chains_ptm": {
        "0": 0.5864071249961853
    },
    "pair_chains_iptm": {
        "0": {
            "0": 0.5864071249961853
        }
    }
}