{
    "confidence_score": 0.6232672333717346,
    "ptm": 0.7186680436134338,
    "iptm": 0.0,
    "ligand_iptm": 0.0,
    "protein_iptm": 0.0,
    "complex_plddt": 0.7790840268135071,
    "complex_iplddt": 0.0,
    "complex_pde": 0.6101136207580566,
    "complex_ipde": 0.0,
    "chains_ptm": {
        "0": 0.7186680436134338
    },
    "pair_chains_iptm": {
        "0": {
            "0": 0.7186680436134338
        }
    }
}