{
    "confidence_score": 0.7258339524269104,
    "ptm": 0.9221974611282349,
    "iptm": 0.0,
    "ligand_iptm": 0.0,
    "protein_iptm": 0.0,
    "complex_plddt": 0.9072924256324768,
    "complex_iplddt": 0.0,
    "complex_pde": 0.3723819851875305,
    "complex_ipde": 0.0,
    "chains_ptm": {
        "0": 0.9221974611282349
    },
    "pair_chains_iptm": {
        "0": {
            "0": 0.9221974611282349
        }
    }
}