{
    "confidence_score": 0.4292251169681549,
    "ptm": 0.24212609231472015,
    "iptm": 0.0,
    "ligand_iptm": 0.0,
    "protein_iptm": 0.0,
    "complex_plddt": 0.536531388759613,
    "complex_iplddt": 0.0,
    "complex_pde": 2.9649453163146973,
    "complex_ipde": 0.0,
    "chains_ptm": {
        "0": 0.24212609231472015
    },
    "pair_chains_iptm": {
        "0": {
            "0": 0.24212609231472015
        }
    }
}