{
    "confidence_score": 0.6327205300331116,
    "ptm": 0.8230000138282776,
    "iptm": 0.0,
    "ligand_iptm": 0.0,
    "protein_iptm": 0.0,
    "complex_plddt": 0.7909006476402283,
    "complex_iplddt": 0.0,
    "complex_pde": 0.5340784192085266,
    "complex_ipde": 0.0,
    "chains_ptm": {
        "0": 0.8230000138282776
    },
    "pair_chains_iptm": {
        "0": {
            "0": 0.8230000138282776
        }
    }
}