{
    "confidence_score": 0.6557127237319946,
    "ptm": 0.8418005704879761,
    "iptm": 0.0,
    "ligand_iptm": 0.0,
    "protein_iptm": 0.0,
    "complex_plddt": 0.8196408748626709,
    "complex_iplddt": 0.0,
    "complex_pde": 0.6774866580963135,
    "complex_ipde": 0.0,
    "chains_ptm": {
        "0": 0.8418005704879761
    },
    "pair_chains_iptm": {
        "0": {
            "0": 0.8418005704879761
        }
    }
}