{
    "confidence_score": 0.7349664568901062,
    "ptm": 0.8343744874000549,
    "iptm": 0.0,
    "ligand_iptm": 0.0,
    "protein_iptm": 0.0,
    "complex_plddt": 0.9187080264091492,
    "complex_iplddt": 0.0,
    "complex_pde": 0.4328705370426178,
    "complex_ipde": 0.0,
    "chains_ptm": {
        "0": 0.8343744874000549
    },
    "pair_chains_iptm": {
        "0": {
            "0": 0.8343744874000549
        }
    }
}