{
    "confidence_score": 0.7444148063659668,
    "ptm": 0.9497676491737366,
    "iptm": 0.0,
    "ligand_iptm": 0.0,
    "protein_iptm": 0.0,
    "complex_plddt": 0.9305185079574585,
    "complex_iplddt": 0.0,
    "complex_pde": 0.35700374841690063,
    "complex_ipde": 0.0,
    "chains_ptm": {
        "0": 0.9497676491737366
    },
    "pair_chains_iptm": {
        "0": {
            "0": 0.9497676491737366
        }
    }
}