{
    "confidence_score": 0.47501489520072937,
    "ptm": 0.31368955969810486,
    "iptm": 0.0,
    "ligand_iptm": 0.0,
    "protein_iptm": 0.0,
    "complex_plddt": 0.5937685966491699,
    "complex_iplddt": 0.0,
    "complex_pde": 3.026770830154419,
    "complex_ipde": 0.0,
    "chains_ptm": {
        "0": 0.31368955969810486
    },
    "pair_chains_iptm": {
        "0": {
            "0": 0.31368955969810486
        }
    }
}