{
    "confidence_score": 0.7018893957138062,
    "ptm": 0.8991333246231079,
    "iptm": 0.0,
    "ligand_iptm": 0.0,
    "protein_iptm": 0.0,
    "complex_plddt": 0.8773617148399353,
    "complex_iplddt": 0.0,
    "complex_pde": 0.546269416809082,
    "complex_ipde": 0.0,
    "chains_ptm": {
        "0": 0.8991333246231079
    },
    "pair_chains_iptm": {
        "0": {
            "0": 0.8991333246231079
        }
    }
}