{
    "confidence_score": 0.6428465247154236,
    "ptm": 0.5440402626991272,
    "iptm": 0.0,
    "ligand_iptm": 0.0,
    "protein_iptm": 0.0,
    "complex_plddt": 0.8035581111907959,
    "complex_iplddt": 0.0,
    "complex_pde": 0.7237682342529297,
    "complex_ipde": 0.0,
    "chains_ptm": {
        "0": 0.5440402626991272
    },
    "pair_chains_iptm": {
        "0": {
            "0": 0.5440402626991272
        }
    }
}