{
    "confidence_score": 0.6630300879478455,
    "ptm": 0.8770599961280823,
    "iptm": 0.0,
    "ligand_iptm": 0.0,
    "protein_iptm": 0.0,
    "complex_plddt": 0.828787624835968,
    "complex_iplddt": 0.0,
    "complex_pde": 0.4213818907737732,
    "complex_ipde": 0.0,
    "chains_ptm": {
        "0": 0.8770599961280823
    },
    "pair_chains_iptm": {
        "0": {
            "0": 0.8770599961280823
        }
    }
}