{
    "confidence_score": 0.5082917213439941,
    "ptm": 0.36063307523727417,
    "iptm": 0.0,
    "ligand_iptm": 0.0,
    "protein_iptm": 0.0,
    "complex_plddt": 0.6353646516799927,
    "complex_iplddt": 0.0,
    "complex_pde": 1.5751688480377197,
    "complex_ipde": 0.0,
    "chains_ptm": {
        "0": 0.36063307523727417
    },
    "pair_chains_iptm": {
        "0": {
            "0": 0.36063307523727417
        }
    }
}