{
    "confidence_score": 0.6832962036132812,
    "ptm": 0.7017472982406616,
    "iptm": 0.0,
    "ligand_iptm": 0.0,
    "protein_iptm": 0.0,
    "complex_plddt": 0.8541202545166016,
    "complex_iplddt": 0.0,
    "complex_pde": 0.5092712044715881,
    "complex_ipde": 0.0,
    "chains_ptm": {
        "0": 0.7017472982406616
    },
    "pair_chains_iptm": {
        "0": {
            "0": 0.7017472982406616
        }
    }
}