{
    "confidence_score": 0.6809480786323547,
    "ptm": 0.727846622467041,
    "iptm": 0.0,
    "ligand_iptm": 0.0,
    "protein_iptm": 0.0,
    "complex_plddt": 0.8511850833892822,
    "complex_iplddt": 0.0,
    "complex_pde": 0.5396784543991089,
    "complex_ipde": 0.0,
    "chains_ptm": {
        "0": 0.727846622467041
    },
    "pair_chains_iptm": {
        "0": {
            "0": 0.727846622467041
        }
    }
}