{
    "confidence_score": 0.6244571805000305,
    "ptm": 0.7381607294082642,
    "iptm": 0.0,
    "ligand_iptm": 0.0,
    "protein_iptm": 0.0,
    "complex_plddt": 0.780571460723877,
    "complex_iplddt": 0.0,
    "complex_pde": 0.7966615557670593,
    "complex_ipde": 0.0,
    "chains_ptm": {
        "0": 0.7381607294082642
    },
    "pair_chains_iptm": {
        "0": {
            "0": 0.7381607294082642
        }
    }
}