{
    "plddts": {
        "model_1_pred_0": 57.362806408894485,
        "model_2_pred_0": 59.6655815457127,
        "model_3_pred_0": 60.451983227252015,
        "model_4_pred_0": 61.3592189627063,
        "model_5_pred_0": 58.51203342821301
    },
    "order": [
        "model_4_pred_0",
        "model_3_pred_0",
        "model_2_pred_0",
        "model_5_pred_0",
        "model_1_pred_0"
    ]
}