{
    "features": 7869.384640932083,
    "process_features_model_1_pred_0": 15.311072587966919,
    "predict_and_compile_model_1_pred_0": 1939.4838173389435,
    "process_features_model_2_pred_0": 31.209545850753784,
    "predict_and_compile_model_2_pred_0": 1828.3863666057587,
    "process_features_model_3_pred_0": 74.01196813583374,
    "predict_and_compile_model_3_pred_0": 1719.1774718761444,
    "process_features_model_4_pred_0": 14.801430225372314,
    "predict_and_compile_model_4_pred_0": 1719.5212528705597,
    "process_features_model_5_pred_0": 15.267234563827515,
    "predict_and_compile_model_5_pred_0": 1610.278307914734,
    "relax_model_4_pred_0": 364.17285323143005
}