{
    "confidence_score": 0.6767556667327881,
    "ptm": 0.7790578007698059,
    "iptm": 0.0,
    "ligand_iptm": 0.0,
    "protein_iptm": 0.0,
    "complex_plddt": 0.8459445834159851,
    "complex_iplddt": 0.0,
    "complex_pde": 0.7116731405258179,
    "complex_ipde": 0.0,
    "chains_ptm": {
        "0": 0.7790578007698059
    },
    "pair_chains_iptm": {
        "0": {
            "0": 0.7790578007698059
        }
    }
}