{
    "confidence_score": 0.6433982253074646,
    "ptm": 0.7843914031982422,
    "iptm": 0.0,
    "ligand_iptm": 0.0,
    "protein_iptm": 0.0,
    "complex_plddt": 0.8042477369308472,
    "complex_iplddt": 0.0,
    "complex_pde": 1.009657382965088,
    "complex_ipde": 0.0,
    "chains_ptm": {
        "0": 0.7843914031982422
    },
    "pair_chains_iptm": {
        "0": {
            "0": 0.7843914031982422
        }
    }
}