{
    "confidence_score": 0.7673635482788086,
    "ptm": 0.9560567140579224,
    "iptm": 0.0,
    "ligand_iptm": 0.0,
    "protein_iptm": 0.0,
    "complex_plddt": 0.9592044353485107,
    "complex_iplddt": 0.0,
    "complex_pde": 0.3053765296936035,
    "complex_ipde": 0.0,
    "chains_ptm": {
        "0": 0.9560567140579224
    },
    "pair_chains_iptm": {
        "0": {
            "0": 0.9560567140579224
        }
    }
}