{
    "confidence_score": 0.7238234281539917,
    "ptm": 0.8945178985595703,
    "iptm": 0.0,
    "ligand_iptm": 0.0,
    "protein_iptm": 0.0,
    "complex_plddt": 0.9047792553901672,
    "complex_iplddt": 0.0,
    "complex_pde": 0.3650052547454834,
    "complex_ipde": 0.0,
    "chains_ptm": {
        "0": 0.8945178985595703
    },
    "pair_chains_iptm": {
        "0": {
            "0": 0.8945178985595703
        }
    }
}