{
    "plddts": {
        "model_1_pred_0": 67.15705463795702,
        "model_2_pred_0": 65.7484582108098,
        "model_3_pred_0": 66.87719195662172,
        "model_4_pred_0": 67.60631634314703,
        "model_5_pred_0": 66.52737537585875
    },
    "order": [
        "model_4_pred_0",
        "model_1_pred_0",
        "model_3_pred_0",
        "model_5_pred_0",
        "model_2_pred_0"
    ]
}