{
    "features": 3934.6186180114746,
    "process_features_model_1_pred_0": 4.536190509796143,
    "predict_and_compile_model_1_pred_0": 313.3460474014282,
    "process_features_model_2_pred_0": 5.943934440612793,
    "predict_and_compile_model_2_pred_0": 282.6317193508148,
    "process_features_model_3_pred_0": 3.6972053050994873,
    "predict_and_compile_model_3_pred_0": 260.724730014801,
    "process_features_model_4_pred_0": 4.033088684082031,
    "predict_and_compile_model_4_pred_0": 260.0762610435486,
    "process_features_model_5_pred_0": 3.7371585369110107,
    "predict_and_compile_model_5_pred_0": 243.5918231010437,
    "relax_model_4_pred_0": 67.91030406951904
}