{
    "confidence_score": 0.6002315878868103,
    "ptm": 0.30014103651046753,
    "iptm": 0.0,
    "ligand_iptm": 0.0,
    "protein_iptm": 0.0,
    "complex_plddt": 0.7502894997596741,
    "complex_iplddt": 0.0,
    "complex_pde": 2.3137965202331543,
    "complex_ipde": 0.0,
    "chains_ptm": {
        "0": 0.30014103651046753
    },
    "pair_chains_iptm": {
        "0": {
            "0": 0.30014103651046753
        }
    }
}