{
    "confidence_score": 0.5660692453384399,
    "ptm": 0.2642763555049896,
    "iptm": 0.0,
    "ligand_iptm": 0.0,
    "protein_iptm": 0.0,
    "complex_plddt": 0.7075865268707275,
    "complex_iplddt": 0.0,
    "complex_pde": 2.6180169582366943,
    "complex_ipde": 0.0,
    "chains_ptm": {
        "0": 0.2642763555049896
    },
    "pair_chains_iptm": {
        "0": {
            "0": 0.2642763555049896
        }
    }
}