{
    "confidence_score": 0.5139846205711365,
    "ptm": 0.38213908672332764,
    "iptm": 0.0,
    "ligand_iptm": 0.0,
    "protein_iptm": 0.0,
    "complex_plddt": 0.642480731010437,
    "complex_iplddt": 0.0,
    "complex_pde": 2.198784589767456,
    "complex_ipde": 0.0,
    "chains_ptm": {
        "0": 0.38213908672332764
    },
    "pair_chains_iptm": {
        "0": {
            "0": 0.38213908672332764
        }
    }
}