{
    "confidence_score": 0.6966469883918762,
    "ptm": 0.8991796374320984,
    "iptm": 0.0,
    "ligand_iptm": 0.0,
    "protein_iptm": 0.0,
    "complex_plddt": 0.8708087205886841,
    "complex_iplddt": 0.0,
    "complex_pde": 0.4652465581893921,
    "complex_ipde": 0.0,
    "chains_ptm": {
        "0": 0.8991796374320984
    },
    "pair_chains_iptm": {
        "0": {
            "0": 0.8991796374320984
        }
    }
}