{
    "confidence_score": 0.544671356678009,
    "ptm": 0.5256671905517578,
    "iptm": 0.0,
    "ligand_iptm": 0.0,
    "protein_iptm": 0.0,
    "complex_plddt": 0.6808391809463501,
    "complex_iplddt": 0.0,
    "complex_pde": 0.6914523839950562,
    "complex_ipde": 0.0,
    "chains_ptm": {
        "0": 0.5256671905517578
    },
    "pair_chains_iptm": {
        "0": {
            "0": 0.5256671905517578
        }
    }
}