{
    "confidence_score": 0.6804859042167664,
    "ptm": 0.8481826782226562,
    "iptm": 0.0,
    "ligand_iptm": 0.0,
    "protein_iptm": 0.0,
    "complex_plddt": 0.8506073355674744,
    "complex_iplddt": 0.0,
    "complex_pde": 0.6999421119689941,
    "complex_ipde": 0.0,
    "chains_ptm": {
        "0": 0.8481826782226562
    },
    "pair_chains_iptm": {
        "0": {
            "0": 0.8481826782226562
        }
    }
}