{
    "confidence_score": 0.7448680996894836,
    "ptm": 0.912405252456665,
    "iptm": 0.0,
    "ligand_iptm": 0.0,
    "protein_iptm": 0.0,
    "complex_plddt": 0.9310851097106934,
    "complex_iplddt": 0.0,
    "complex_pde": 0.3336675763130188,
    "complex_ipde": 0.0,
    "chains_ptm": {
        "0": 0.912405252456665
    },
    "pair_chains_iptm": {
        "0": {
            "0": 0.912405252456665
        }
    }
}