{
    "confidence_score": 0.6658045649528503,
    "ptm": 0.7593838572502136,
    "iptm": 0.0,
    "ligand_iptm": 0.0,
    "protein_iptm": 0.0,
    "complex_plddt": 0.8322557210922241,
    "complex_iplddt": 0.0,
    "complex_pde": 1.0993441343307495,
    "complex_ipde": 0.0,
    "chains_ptm": {
        "0": 0.7593838572502136
    },
    "pair_chains_iptm": {
        "0": {
            "0": 0.7593838572502136
        }
    }
}