{
    "confidence_score": 0.7527114748954773,
    "ptm": 0.9422389268875122,
    "iptm": 0.0,
    "ligand_iptm": 0.0,
    "protein_iptm": 0.0,
    "complex_plddt": 0.940889298915863,
    "complex_iplddt": 0.0,
    "complex_pde": 0.3521084487438202,
    "complex_ipde": 0.0,
    "chains_ptm": {
        "0": 0.9422389268875122
    },
    "pair_chains_iptm": {
        "0": {
            "0": 0.9422389268875122
        }
    }
}