{
    "confidence_score": 0.4901440739631653,
    "ptm": 0.5576266050338745,
    "iptm": 0.0,
    "ligand_iptm": 0.0,
    "protein_iptm": 0.0,
    "complex_plddt": 0.6126800775527954,
    "complex_iplddt": 0.0,
    "complex_pde": 1.4829115867614746,
    "complex_ipde": 0.0,
    "chains_ptm": {
        "0": 0.5576266050338745
    },
    "pair_chains_iptm": {
        "0": {
            "0": 0.5576266050338745
        }
    }
}