{
    "confidence_score": 0.7627641558647156,
    "ptm": 0.9642648100852966,
    "iptm": 0.0,
    "ligand_iptm": 0.0,
    "protein_iptm": 0.0,
    "complex_plddt": 0.9534552097320557,
    "complex_iplddt": 0.0,
    "complex_pde": 0.3086959421634674,
    "complex_ipde": 0.0,
    "chains_ptm": {
        "0": 0.9642648100852966
    },
    "pair_chains_iptm": {
        "0": {
            "0": 0.9642648100852966
        }
    }
}