{
    "confidence_score": 0.6878095269203186,
    "ptm": 0.9048607349395752,
    "iptm": 0.0,
    "ligand_iptm": 0.0,
    "protein_iptm": 0.0,
    "complex_plddt": 0.8597618937492371,
    "complex_iplddt": 0.0,
    "complex_pde": 0.6449003219604492,
    "complex_ipde": 0.0,
    "chains_ptm": {
        "0": 0.9048607349395752
    },
    "pair_chains_iptm": {
        "0": {
            "0": 0.9048607349395752
        }
    }
}