{
    "confidence_score": 0.7259312272071838,
    "ptm": 0.9194967746734619,
    "iptm": 0.0,
    "ligand_iptm": 0.0,
    "protein_iptm": 0.0,
    "complex_plddt": 0.9074140191078186,
    "complex_iplddt": 0.0,
    "complex_pde": 0.43184593319892883,
    "complex_ipde": 0.0,
    "chains_ptm": {
        "0": 0.9194967746734619
    },
    "pair_chains_iptm": {
        "0": {
            "0": 0.9194967746734619
        }
    }
}