{
    "confidence_score": 0.6726219654083252,
    "ptm": 0.7939291596412659,
    "iptm": 0.0,
    "ligand_iptm": 0.0,
    "protein_iptm": 0.0,
    "complex_plddt": 0.8407774567604065,
    "complex_iplddt": 0.0,
    "complex_pde": 0.7528190016746521,
    "complex_ipde": 0.0,
    "chains_ptm": {
        "0": 0.7939291596412659
    },
    "pair_chains_iptm": {
        "0": {
            "0": 0.7939291596412659
        }
    }
}