{
    "confidence_score": 0.7557984590530396,
    "ptm": 0.953966498374939,
    "iptm": 0.0,
    "ligand_iptm": 0.0,
    "protein_iptm": 0.0,
    "complex_plddt": 0.944748044013977,
    "complex_iplddt": 0.0,
    "complex_pde": 0.3157067596912384,
    "complex_ipde": 0.0,
    "chains_ptm": {
        "0": 0.953966498374939
    },
    "pair_chains_iptm": {
        "0": {
            "0": 0.953966498374939
        }
    }
}