{
    "confidence_score": 0.6368282437324524,
    "ptm": 0.8305069804191589,
    "iptm": 0.0,
    "ligand_iptm": 0.0,
    "protein_iptm": 0.0,
    "complex_plddt": 0.7960352897644043,
    "complex_iplddt": 0.0,
    "complex_pde": 1.241480827331543,
    "complex_ipde": 0.0,
    "chains_ptm": {
        "0": 0.8305069804191589
    },
    "pair_chains_iptm": {
        "0": {
            "0": 0.8305069804191589
        }
    }
}