{
    "confidence_score": 0.6181979775428772,
    "ptm": 0.3750748038291931,
    "iptm": 0.0,
    "ligand_iptm": 0.0,
    "protein_iptm": 0.0,
    "complex_plddt": 0.7727474570274353,
    "complex_iplddt": 0.0,
    "complex_pde": 1.4585603475570679,
    "complex_ipde": 0.0,
    "chains_ptm": {
        "0": 0.3750748038291931
    },
    "pair_chains_iptm": {
        "0": {
            "0": 0.3750748038291931
        }
    }
}