{
    "confidence_score": 0.7170657515525818,
    "ptm": 0.874065101146698,
    "iptm": 0.0,
    "ligand_iptm": 0.0,
    "protein_iptm": 0.0,
    "complex_plddt": 0.8963322043418884,
    "complex_iplddt": 0.0,
    "complex_pde": 0.4845747947692871,
    "complex_ipde": 0.0,
    "chains_ptm": {
        "0": 0.874065101146698
    },
    "pair_chains_iptm": {
        "0": {
            "0": 0.874065101146698
        }
    }
}