{
    "confidence_score": 0.7262580990791321,
    "ptm": 0.9438387751579285,
    "iptm": 0.0,
    "ligand_iptm": 0.0,
    "protein_iptm": 0.0,
    "complex_plddt": 0.9078226089477539,
    "complex_iplddt": 0.0,
    "complex_pde": 0.44705671072006226,
    "complex_ipde": 0.0,
    "chains_ptm": {
        "0": 0.9438387751579285
    },
    "pair_chains_iptm": {
        "0": {
            "0": 0.9438387751579285
        }
    }
}