{
    "confidence_score": 0.46874308586120605,
    "ptm": 0.2551766633987427,
    "iptm": 0.0,
    "ligand_iptm": 0.0,
    "protein_iptm": 0.0,
    "complex_plddt": 0.5859288573265076,
    "complex_iplddt": 0.0,
    "complex_pde": 3.7104673385620117,
    "complex_ipde": 0.0,
    "chains_ptm": {
        "0": 0.2551766633987427
    },
    "pair_chains_iptm": {
        "0": {
            "0": 0.2551766633987427
        }
    }
}