{
    "confidence_score": 0.7209349870681763,
    "ptm": 0.9233016967773438,
    "iptm": 0.0,
    "ligand_iptm": 0.0,
    "protein_iptm": 0.0,
    "complex_plddt": 0.901168704032898,
    "complex_iplddt": 0.0,
    "complex_pde": 0.41872718930244446,
    "complex_ipde": 0.0,
    "chains_ptm": {
        "0": 0.9233016967773438
    },
    "pair_chains_iptm": {
        "0": {
            "0": 0.9233016967773438
        }
    }
}