{
    "confidence_score": 0.733620822429657,
    "ptm": 0.9378566145896912,
    "iptm": 0.0,
    "ligand_iptm": 0.0,
    "protein_iptm": 0.0,
    "complex_plddt": 0.9170260429382324,
    "complex_iplddt": 0.0,
    "complex_pde": 0.3882099986076355,
    "complex_ipde": 0.0,
    "chains_ptm": {
        "0": 0.9378566145896912
    },
    "pair_chains_iptm": {
        "0": {
            "0": 0.9378566145896912
        }
    }
}