{
    "confidence_score": 0.7268253564834595,
    "ptm": 0.9044042229652405,
    "iptm": 0.0,
    "ligand_iptm": 0.0,
    "protein_iptm": 0.0,
    "complex_plddt": 0.908531665802002,
    "complex_iplddt": 0.0,
    "complex_pde": 0.406568706035614,
    "complex_ipde": 0.0,
    "chains_ptm": {
        "0": 0.9044042229652405
    },
    "pair_chains_iptm": {
        "0": {
            "0": 0.9044042229652405
        }
    }
}