{
    "confidence_score": 0.6134842038154602,
    "ptm": 0.6582673192024231,
    "iptm": 0.0,
    "ligand_iptm": 0.0,
    "protein_iptm": 0.0,
    "complex_plddt": 0.7668552398681641,
    "complex_iplddt": 0.0,
    "complex_pde": 0.9205531477928162,
    "complex_ipde": 0.0,
    "chains_ptm": {
        "0": 0.6582673192024231
    },
    "pair_chains_iptm": {
        "0": {
            "0": 0.6582673192024231
        }
    }
}