{
    "confidence_score": 0.7448126673698425,
    "ptm": 0.935847818851471,
    "iptm": 0.0,
    "ligand_iptm": 0.0,
    "protein_iptm": 0.0,
    "complex_plddt": 0.9310158491134644,
    "complex_iplddt": 0.0,
    "complex_pde": 0.37304773926734924,
    "complex_ipde": 0.0,
    "chains_ptm": {
        "0": 0.935847818851471
    },
    "pair_chains_iptm": {
        "0": {
            "0": 0.935847818851471
        }
    }
}