{
    "confidence_score": 0.7384024262428284,
    "ptm": 0.9323633313179016,
    "iptm": 0.0,
    "ligand_iptm": 0.0,
    "protein_iptm": 0.0,
    "complex_plddt": 0.9230030179023743,
    "complex_iplddt": 0.0,
    "complex_pde": 0.4497270882129669,
    "complex_ipde": 0.0,
    "chains_ptm": {
        "0": 0.9323633313179016
    },
    "pair_chains_iptm": {
        "0": {
            "0": 0.9323633313179016
        }
    }
}