{
    "confidence_score": 0.7373281717300415,
    "ptm": 0.9557584524154663,
    "iptm": 0.0,
    "ligand_iptm": 0.0,
    "protein_iptm": 0.0,
    "complex_plddt": 0.9216601848602295,
    "complex_iplddt": 0.0,
    "complex_pde": 0.36313843727111816,
    "complex_ipde": 0.0,
    "chains_ptm": {
        "0": 0.9557584524154663
    },
    "pair_chains_iptm": {
        "0": {
            "0": 0.9557584524154663
        }
    }
}