{
    "plddts": {
        "model_1_pred_0": 86.90195072112623,
        "model_2_pred_0": 86.10428795930474,
        "model_3_pred_0": 85.62012685510386,
        "model_4_pred_0": 86.71254886615681,
        "model_5_pred_0": 85.76777207728951
    },
    "order": [
        "model_1_pred_0",
        "model_4_pred_0",
        "model_2_pred_0",
        "model_5_pred_0",
        "model_3_pred_0"
    ]
}