{
    "features": 3059.3183467388153,
    "process_features_model_1_pred_0": 1.8190162181854248,
    "predict_and_compile_model_1_pred_0": 275.4579017162323,
    "process_features_model_2_pred_0": 1.8683209419250488,
    "predict_and_compile_model_2_pred_0": 245.97682690620422,
    "process_features_model_3_pred_0": 1.303804874420166,
    "predict_and_compile_model_3_pred_0": 235.45279836654663,
    "process_features_model_4_pred_0": 1.336146593093872,
    "predict_and_compile_model_4_pred_0": 224.75619196891785,
    "process_features_model_5_pred_0": 1.3251562118530273,
    "predict_and_compile_model_5_pred_0": 211.15884566307068,
    "relax_model_1_pred_0": 61.49829173088074
}