{
    "confidence_score": 0.6818914413452148,
    "ptm": 0.8505939841270447,
    "iptm": 0.0,
    "ligand_iptm": 0.0,
    "protein_iptm": 0.0,
    "complex_plddt": 0.8523643016815186,
    "complex_iplddt": 0.0,
    "complex_pde": 1.0118883848190308,
    "complex_ipde": 0.0,
    "chains_ptm": {
        "0": 0.8505939841270447
    },
    "pair_chains_iptm": {
        "0": {
            "0": 0.8505939841270447
        }
    }
}