{
    "confidence_score": 0.6889192461967468,
    "ptm": 0.921344518661499,
    "iptm": 0.0,
    "ligand_iptm": 0.0,
    "protein_iptm": 0.0,
    "complex_plddt": 0.86114901304245,
    "complex_iplddt": 0.0,
    "complex_pde": 0.4243273138999939,
    "complex_ipde": 0.0,
    "chains_ptm": {
        "0": 0.921344518661499
    },
    "pair_chains_iptm": {
        "0": {
            "0": 0.921344518661499
        }
    }
}