{
    "confidence_score": 0.5601846575737,
    "ptm": 0.566577136516571,
    "iptm": 0.0,
    "ligand_iptm": 0.0,
    "protein_iptm": 0.0,
    "complex_plddt": 0.7002307772636414,
    "complex_iplddt": 0.0,
    "complex_pde": 1.7472156286239624,
    "complex_ipde": 0.0,
    "chains_ptm": {
        "0": 0.566577136516571
    },
    "pair_chains_iptm": {
        "0": {
            "0": 0.566577136516571
        }
    }
}