{
    "confidence_score": 0.6968774199485779,
    "ptm": 0.8855041265487671,
    "iptm": 0.0,
    "ligand_iptm": 0.0,
    "protein_iptm": 0.0,
    "complex_plddt": 0.8710967302322388,
    "complex_iplddt": 0.0,
    "complex_pde": 0.570521354675293,
    "complex_ipde": 0.0,
    "chains_ptm": {
        "0": 0.8855041265487671
    },
    "pair_chains_iptm": {
        "0": {
            "0": 0.8855041265487671
        }
    }
}