{
    "confidence_score": 0.755952775478363,
    "ptm": 0.9630661010742188,
    "iptm": 0.0,
    "ligand_iptm": 0.0,
    "protein_iptm": 0.0,
    "complex_plddt": 0.9449409246444702,
    "complex_iplddt": 0.0,
    "complex_pde": 0.3410624861717224,
    "complex_ipde": 0.0,
    "chains_ptm": {
        "0": 0.9630661010742188
    },
    "pair_chains_iptm": {
        "0": {
            "0": 0.9630661010742188
        }
    }
}