{
    "confidence_score": 0.7673808932304382,
    "ptm": 0.9643951654434204,
    "iptm": 0.0,
    "ligand_iptm": 0.0,
    "protein_iptm": 0.0,
    "complex_plddt": 0.9592260718345642,
    "complex_iplddt": 0.0,
    "complex_pde": 0.3009091913700104,
    "complex_ipde": 0.0,
    "chains_ptm": {
        "0": 0.9643951654434204
    },
    "pair_chains_iptm": {
        "0": {
            "0": 0.9643951654434204
        }
    }
}