{
    "confidence_score": 0.7633033394813538,
    "ptm": 0.9686766862869263,
    "iptm": 0.0,
    "ligand_iptm": 0.0,
    "protein_iptm": 0.0,
    "complex_plddt": 0.954129159450531,
    "complex_iplddt": 0.0,
    "complex_pde": 0.33561864495277405,
    "complex_ipde": 0.0,
    "chains_ptm": {
        "0": 0.9686766862869263
    },
    "pair_chains_iptm": {
        "0": {
            "0": 0.9686766862869263
        }
    }
}