{
    "confidence_score": 0.7422187924385071,
    "ptm": 0.9345091581344604,
    "iptm": 0.0,
    "ligand_iptm": 0.0,
    "protein_iptm": 0.0,
    "complex_plddt": 0.9277734756469727,
    "complex_iplddt": 0.0,
    "complex_pde": 0.37603482604026794,
    "complex_ipde": 0.0,
    "chains_ptm": {
        "0": 0.9345091581344604
    },
    "pair_chains_iptm": {
        "0": {
            "0": 0.9345091581344604
        }
    }
}