{
    "confidence_score": 0.5652441382408142,
    "ptm": 0.4270288944244385,
    "iptm": 0.0,
    "ligand_iptm": 0.0,
    "protein_iptm": 0.0,
    "complex_plddt": 0.7065551280975342,
    "complex_iplddt": 0.0,
    "complex_pde": 1.4708611965179443,
    "complex_ipde": 0.0,
    "chains_ptm": {
        "0": 0.4270288944244385
    },
    "pair_chains_iptm": {
        "0": {
            "0": 0.4270288944244385
        }
    }
}