{
    "confidence_score": 0.7025248408317566,
    "ptm": 0.9044502973556519,
    "iptm": 0.0,
    "ligand_iptm": 0.0,
    "protein_iptm": 0.0,
    "complex_plddt": 0.8781560063362122,
    "complex_iplddt": 0.0,
    "complex_pde": 0.44098031520843506,
    "complex_ipde": 0.0,
    "chains_ptm": {
        "0": 0.9044502973556519
    },
    "pair_chains_iptm": {
        "0": {
            "0": 0.9044502973556519
        }
    }
}