{
    "confidence_score": 0.7355237603187561,
    "ptm": 0.7876558303833008,
    "iptm": 0.0,
    "ligand_iptm": 0.0,
    "protein_iptm": 0.0,
    "complex_plddt": 0.9194046854972839,
    "complex_iplddt": 0.0,
    "complex_pde": 1.3541920185089111,
    "complex_ipde": 0.0,
    "chains_ptm": {
        "0": 0.7876558303833008
    },
    "pair_chains_iptm": {
        "0": {
            "0": 0.7876558303833008
        }
    }
}