{
    "plddts": {
        "model_1_pred_0": 76.22803263440174,
        "model_2_pred_0": 76.15110829482614,
        "model_3_pred_0": 79.80541264443295,
        "model_4_pred_0": 78.60771919396504,
        "model_5_pred_0": 75.11256293538973
    },
    "order": [
        "model_3_pred_0",
        "model_4_pred_0",
        "model_1_pred_0",
        "model_2_pred_0",
        "model_5_pred_0"
    ]
}