{
    "confidence_score": 0.7170668840408325,
    "ptm": 0.8958927989006042,
    "iptm": 0.0,
    "ligand_iptm": 0.0,
    "protein_iptm": 0.0,
    "complex_plddt": 0.8963335752487183,
    "complex_iplddt": 0.0,
    "complex_pde": 0.49328163266181946,
    "complex_ipde": 0.0,
    "chains_ptm": {
        "0": 0.8958927989006042
    },
    "pair_chains_iptm": {
        "0": {
            "0": 0.8958927989006042
        }
    }
}