{
    "confidence_score": 0.4978524148464203,
    "ptm": 0.2641389071941376,
    "iptm": 0.0,
    "ligand_iptm": 0.0,
    "protein_iptm": 0.0,
    "complex_plddt": 0.622315526008606,
    "complex_iplddt": 0.0,
    "complex_pde": 1.384329080581665,
    "complex_ipde": 0.0,
    "chains_ptm": {
        "0": 0.2641389071941376
    },
    "pair_chains_iptm": {
        "0": {
            "0": 0.2641389071941376
        }
    }
}