{
    "confidence_score": 0.5816277861595154,
    "ptm": 0.7335593104362488,
    "iptm": 0.0,
    "ligand_iptm": 0.0,
    "protein_iptm": 0.0,
    "complex_plddt": 0.7270347476005554,
    "complex_iplddt": 0.0,
    "complex_pde": 1.7560800313949585,
    "complex_ipde": 0.0,
    "chains_ptm": {
        "0": 0.7335593104362488
    },
    "pair_chains_iptm": {
        "0": {
            "0": 0.7335593104362488
        }
    }
}