{
    "confidence_score": 0.5014844536781311,
    "ptm": 0.32882362604141235,
    "iptm": 0.0,
    "ligand_iptm": 0.0,
    "protein_iptm": 0.0,
    "complex_plddt": 0.6268555521965027,
    "complex_iplddt": 0.0,
    "complex_pde": 1.5889793634414673,
    "complex_ipde": 0.0,
    "chains_ptm": {
        "0": 0.32882362604141235
    },
    "pair_chains_iptm": {
        "0": {
            "0": 0.32882362604141235
        }
    }
}