{
    "confidence_score": 0.6362357139587402,
    "ptm": 0.4853382110595703,
    "iptm": 0.0,
    "ligand_iptm": 0.0,
    "protein_iptm": 0.0,
    "complex_plddt": 0.7952946424484253,
    "complex_iplddt": 0.0,
    "complex_pde": 1.3993008136749268,
    "complex_ipde": 0.0,
    "chains_ptm": {
        "0": 0.4853382110595703
    },
    "pair_chains_iptm": {
        "0": {
            "0": 0.4853382110595703
        }
    }
}