{
    "confidence_score": 0.6659438014030457,
    "ptm": 0.794568657875061,
    "iptm": 0.0,
    "ligand_iptm": 0.0,
    "protein_iptm": 0.0,
    "complex_plddt": 0.8324297666549683,
    "complex_iplddt": 0.0,
    "complex_pde": 0.54287189245224,
    "complex_ipde": 0.0,
    "chains_ptm": {
        "0": 0.794568657875061
    },
    "pair_chains_iptm": {
        "0": {
            "0": 0.794568657875061
        }
    }
}