{
    "confidence_score": 0.48265179991722107,
    "ptm": 0.39348936080932617,
    "iptm": 0.0,
    "ligand_iptm": 0.0,
    "protein_iptm": 0.0,
    "complex_plddt": 0.6033147573471069,
    "complex_iplddt": 0.0,
    "complex_pde": 1.9871885776519775,
    "complex_ipde": 0.0,
    "chains_ptm": {
        "0": 0.39348936080932617
    },
    "pair_chains_iptm": {
        "0": {
            "0": 0.39348936080932617
        }
    }
}