{
    "confidence_score": 0.28933367133140564,
    "ptm": 0.21517647802829742,
    "iptm": 0.0,
    "ligand_iptm": 0.0,
    "protein_iptm": 0.0,
    "complex_plddt": 0.36166709661483765,
    "complex_iplddt": 0.0,
    "complex_pde": 3.949979305267334,
    "complex_ipde": 0.0,
    "chains_ptm": {
        "0": 0.21517647802829742
    },
    "pair_chains_iptm": {
        "0": {
            "0": 0.21517647802829742
        }
    }
}