{
    "confidence_score": 0.35609519481658936,
    "ptm": 0.2992461621761322,
    "iptm": 0.0,
    "ligand_iptm": 0.0,
    "protein_iptm": 0.0,
    "complex_plddt": 0.4451189935207367,
    "complex_iplddt": 0.0,
    "complex_pde": 2.6395297050476074,
    "complex_ipde": 0.0,
    "chains_ptm": {
        "0": 0.2992461621761322
    },
    "pair_chains_iptm": {
        "0": {
            "0": 0.2992461621761322
        }
    }
}