{
    "confidence_score": 0.673201322555542,
    "ptm": 0.8925247192382812,
    "iptm": 0.0,
    "ligand_iptm": 0.0,
    "protein_iptm": 0.0,
    "complex_plddt": 0.8415016531944275,
    "complex_iplddt": 0.0,
    "complex_pde": 0.5333854556083679,
    "complex_ipde": 0.0,
    "chains_ptm": {
        "0": 0.8925247192382812
    },
    "pair_chains_iptm": {
        "0": {
            "0": 0.8925247192382812
        }
    }
}