{
    "confidence_score": 0.7067363262176514,
    "ptm": 0.7927258610725403,
    "iptm": 0.0,
    "ligand_iptm": 0.0,
    "protein_iptm": 0.0,
    "complex_plddt": 0.8834204077720642,
    "complex_iplddt": 0.0,
    "complex_pde": 0.581344485282898,
    "complex_ipde": 0.0,
    "chains_ptm": {
        "0": 0.7927258610725403
    },
    "pair_chains_iptm": {
        "0": {
            "0": 0.7927258610725403
        }
    }
}