{
    "plddts": {
        "model_1_pred_0": 70.78199023763513,
        "model_2_pred_0": 66.71456126608554,
        "model_3_pred_0": 69.05908723267359,
        "model_4_pred_0": 72.43927965637859,
        "model_5_pred_0": 71.74808081696534
    },
    "order": [
        "model_4_pred_0",
        "model_5_pred_0",
        "model_1_pred_0",
        "model_3_pred_0",
        "model_2_pred_0"
    ]
}