{
    "confidence_score": 0.3734981119632721,
    "ptm": 0.4812471270561218,
    "iptm": 0.0,
    "ligand_iptm": 0.0,
    "protein_iptm": 0.0,
    "complex_plddt": 0.4668726325035095,
    "complex_iplddt": 0.0,
    "complex_pde": 2.571152687072754,
    "complex_ipde": 0.0,
    "chains_ptm": {
        "0": 0.4812471270561218
    },
    "pair_chains_iptm": {
        "0": {
            "0": 0.4812471270561218
        }
    }
}