{
    "confidence_score": 0.7564123868942261,
    "ptm": 0.9518967866897583,
    "iptm": 0.0,
    "ligand_iptm": 0.0,
    "protein_iptm": 0.0,
    "complex_plddt": 0.9455154538154602,
    "complex_iplddt": 0.0,
    "complex_pde": 0.3210536539554596,
    "complex_ipde": 0.0,
    "chains_ptm": {
        "0": 0.9518967866897583
    },
    "pair_chains_iptm": {
        "0": {
            "0": 0.9518967866897583
        }
    }
}