{
    "confidence_score": 0.5912362933158875,
    "ptm": 0.8232738375663757,
    "iptm": 0.0,
    "ligand_iptm": 0.0,
    "protein_iptm": 0.0,
    "complex_plddt": 0.7390453815460205,
    "complex_iplddt": 0.0,
    "complex_pde": 0.9701396226882935,
    "complex_ipde": 0.0,
    "chains_ptm": {
        "0": 0.8232738375663757
    },
    "pair_chains_iptm": {
        "0": {
            "0": 0.8232738375663757
        }
    }
}