{
    "confidence_score": 0.6857907772064209,
    "ptm": 0.867021381855011,
    "iptm": 0.0,
    "ligand_iptm": 0.0,
    "protein_iptm": 0.0,
    "complex_plddt": 0.8572384715080261,
    "complex_iplddt": 0.0,
    "complex_pde": 0.6916043162345886,
    "complex_ipde": 0.0,
    "chains_ptm": {
        "0": 0.867021381855011
    },
    "pair_chains_iptm": {
        "0": {
            "0": 0.867021381855011
        }
    }
}