{
    "confidence_score": 0.7240184545516968,
    "ptm": 0.8991562724113464,
    "iptm": 0.0,
    "ligand_iptm": 0.0,
    "protein_iptm": 0.0,
    "complex_plddt": 0.9050230383872986,
    "complex_iplddt": 0.0,
    "complex_pde": 0.39604681730270386,
    "complex_ipde": 0.0,
    "chains_ptm": {
        "0": 0.8991562724113464
    },
    "pair_chains_iptm": {
        "0": {
            "0": 0.8991562724113464
        }
    }
}