{
    "confidence_score": 0.6161057949066162,
    "ptm": 0.35337817668914795,
    "iptm": 0.0,
    "ligand_iptm": 0.0,
    "protein_iptm": 0.0,
    "complex_plddt": 0.7701322436332703,
    "complex_iplddt": 0.0,
    "complex_pde": 1.7724412679672241,
    "complex_ipde": 0.0,
    "chains_ptm": {
        "0": 0.35337817668914795
    },
    "pair_chains_iptm": {
        "0": {
            "0": 0.35337817668914795
        }
    }
}