{
    "confidence_score": 0.5704089999198914,
    "ptm": 0.27673637866973877,
    "iptm": 0.0,
    "ligand_iptm": 0.0,
    "protein_iptm": 0.0,
    "complex_plddt": 0.7130112648010254,
    "complex_iplddt": 0.0,
    "complex_pde": 4.225437164306641,
    "complex_ipde": 0.0,
    "chains_ptm": {
        "0": 0.27673637866973877
    },
    "pair_chains_iptm": {
        "0": {
            "0": 0.27673637866973877
        }
    }
}