{
    "confidence_score": 0.4463079571723938,
    "ptm": 0.3209957778453827,
    "iptm": 0.0,
    "ligand_iptm": 0.0,
    "protein_iptm": 0.0,
    "complex_plddt": 0.557884931564331,
    "complex_iplddt": 0.0,
    "complex_pde": 2.2082550525665283,
    "complex_ipde": 0.0,
    "chains_ptm": {
        "0": 0.3209957778453827
    },
    "pair_chains_iptm": {
        "0": {
            "0": 0.3209957778453827
        }
    }
}