{
    "features": 3656.2085695266724,
    "process_features_model_1_pred_0": 11.668123483657837,
    "predict_and_compile_model_1_pred_0": 252.87483191490173,
    "process_features_model_2_pred_0": 10.40308165550232,
    "predict_and_compile_model_2_pred_0": 234.60722589492798,
    "process_features_model_3_pred_0": 10.891082286834717,
    "predict_and_compile_model_3_pred_0": 214.23124480247498,
    "process_features_model_4_pred_0": 10.572448968887329,
    "predict_and_compile_model_4_pred_0": 213.7614824771881,
    "process_features_model_5_pred_0": 10.23360538482666,
    "predict_and_compile_model_5_pred_0": 216.10500192642212,
    "relax_model_3_pred_0": 42.336238384246826
}