{
    "confidence_score": 0.6025453805923462,
    "ptm": 0.6539894342422485,
    "iptm": 0.0,
    "ligand_iptm": 0.0,
    "protein_iptm": 0.0,
    "complex_plddt": 0.7531816959381104,
    "complex_iplddt": 0.0,
    "complex_pde": 1.126772165298462,
    "complex_ipde": 0.0,
    "chains_ptm": {
        "0": 0.6539894342422485
    },
    "pair_chains_iptm": {
        "0": {
            "0": 0.6539894342422485
        }
    }
}