{
    "confidence_score": 0.5460970401763916,
    "ptm": 0.32576847076416016,
    "iptm": 0.0,
    "ligand_iptm": 0.0,
    "protein_iptm": 0.0,
    "complex_plddt": 0.6826213002204895,
    "complex_iplddt": 0.0,
    "complex_pde": 1.283961296081543,
    "complex_ipde": 0.0,
    "chains_ptm": {
        "0": 0.32576847076416016
    },
    "pair_chains_iptm": {
        "0": {
            "0": 0.32576847076416016
        }
    }
}