{
    "confidence_score": 0.4283740222454071,
    "ptm": 0.4344383776187897,
    "iptm": 0.0,
    "ligand_iptm": 0.0,
    "protein_iptm": 0.0,
    "complex_plddt": 0.5354675054550171,
    "complex_iplddt": 0.0,
    "complex_pde": 2.4614126682281494,
    "complex_ipde": 0.0,
    "chains_ptm": {
        "0": 0.4344383776187897
    },
    "pair_chains_iptm": {
        "0": {
            "0": 0.4344383776187897
        }
    }
}