{
    "confidence_score": 0.5959908366203308,
    "ptm": 0.7244216203689575,
    "iptm": 0.0,
    "ligand_iptm": 0.0,
    "protein_iptm": 0.0,
    "complex_plddt": 0.7449885606765747,
    "complex_iplddt": 0.0,
    "complex_pde": 0.7732387781143188,
    "complex_ipde": 0.0,
    "chains_ptm": {
        "0": 0.7244216203689575
    },
    "pair_chains_iptm": {
        "0": {
            "0": 0.7244216203689575
        }
    }
}