{
    "confidence_score": 0.3780009150505066,
    "ptm": 0.31231340765953064,
    "iptm": 0.0,
    "ligand_iptm": 0.0,
    "protein_iptm": 0.0,
    "complex_plddt": 0.47250112891197205,
    "complex_iplddt": 0.0,
    "complex_pde": 3.9617156982421875,
    "complex_ipde": 0.0,
    "chains_ptm": {
        "0": 0.31231340765953064
    },
    "pair_chains_iptm": {
        "0": {
            "0": 0.31231340765953064
        }
    }
}