{
    "confidence_score": 0.7490286827087402,
    "ptm": 0.9112758040428162,
    "iptm": 0.0,
    "ligand_iptm": 0.0,
    "protein_iptm": 0.0,
    "complex_plddt": 0.9362858533859253,
    "complex_iplddt": 0.0,
    "complex_pde": 0.3384532034397125,
    "complex_ipde": 0.0,
    "chains_ptm": {
        "0": 0.9112758040428162
    },
    "pair_chains_iptm": {
        "0": {
            "0": 0.9112758040428162
        }
    }
}