{
    "confidence_score": 0.7244888544082642,
    "ptm": 0.9293861389160156,
    "iptm": 0.0,
    "ligand_iptm": 0.0,
    "protein_iptm": 0.0,
    "complex_plddt": 0.9056110382080078,
    "complex_iplddt": 0.0,
    "complex_pde": 0.38847166299819946,
    "complex_ipde": 0.0,
    "chains_ptm": {
        "0": 0.9293861389160156
    },
    "pair_chains_iptm": {
        "0": {
            "0": 0.9293861389160156
        }
    }
}