{
    "confidence_score": 0.7647834420204163,
    "ptm": 0.9471091628074646,
    "iptm": 0.0,
    "ligand_iptm": 0.0,
    "protein_iptm": 0.0,
    "complex_plddt": 0.9559792876243591,
    "complex_iplddt": 0.0,
    "complex_pde": 0.29655706882476807,
    "complex_ipde": 0.0,
    "chains_ptm": {
        "0": 0.9471091628074646
    },
    "pair_chains_iptm": {
        "0": {
            "0": 0.9471091628074646
        }
    }
}