{
    "confidence_score": 0.7055298089981079,
    "ptm": 0.9077519178390503,
    "iptm": 0.0,
    "ligand_iptm": 0.0,
    "protein_iptm": 0.0,
    "complex_plddt": 0.8819122314453125,
    "complex_iplddt": 0.0,
    "complex_pde": 0.349813312292099,
    "complex_ipde": 0.0,
    "chains_ptm": {
        "0": 0.9077519178390503
    },
    "pair_chains_iptm": {
        "0": {
            "0": 0.9077519178390503
        }
    }
}