{
    "confidence_score": 0.6279764175415039,
    "ptm": 0.817223310470581,
    "iptm": 0.0,
    "ligand_iptm": 0.0,
    "protein_iptm": 0.0,
    "complex_plddt": 0.7849705219268799,
    "complex_iplddt": 0.0,
    "complex_pde": 1.0917552709579468,
    "complex_ipde": 0.0,
    "chains_ptm": {
        "0": 0.817223310470581
    },
    "pair_chains_iptm": {
        "0": {
            "0": 0.817223310470581
        }
    }
}