{
    "confidence_score": 0.7443723678588867,
    "ptm": 0.9526239633560181,
    "iptm": 0.0,
    "ligand_iptm": 0.0,
    "protein_iptm": 0.0,
    "complex_plddt": 0.9304654598236084,
    "complex_iplddt": 0.0,
    "complex_pde": 0.3511972427368164,
    "complex_ipde": 0.0,
    "chains_ptm": {
        "0": 0.9526239633560181
    },
    "pair_chains_iptm": {
        "0": {
            "0": 0.9526239633560181
        }
    }
}