{
    "confidence_score": 0.7559589147567749,
    "ptm": 0.9513965845108032,
    "iptm": 0.0,
    "ligand_iptm": 0.0,
    "protein_iptm": 0.0,
    "complex_plddt": 0.9449486136436462,
    "complex_iplddt": 0.0,
    "complex_pde": 0.34896329045295715,
    "complex_ipde": 0.0,
    "chains_ptm": {
        "0": 0.9513965845108032
    },
    "pair_chains_iptm": {
        "0": {
            "0": 0.9513965845108032
        }
    }
}