{
    "confidence_score": 0.4183207154273987,
    "ptm": 0.31524163484573364,
    "iptm": 0.0,
    "ligand_iptm": 0.0,
    "protein_iptm": 0.0,
    "complex_plddt": 0.5229008793830872,
    "complex_iplddt": 0.0,
    "complex_pde": 3.668184518814087,
    "complex_ipde": 0.0,
    "chains_ptm": {
        "0": 0.31524163484573364
    },
    "pair_chains_iptm": {
        "0": {
            "0": 0.31524163484573364
        }
    }
}