{
    "confidence_score": 0.6652960777282715,
    "ptm": 0.6319440603256226,
    "iptm": 0.0,
    "ligand_iptm": 0.0,
    "protein_iptm": 0.0,
    "complex_plddt": 0.8316200971603394,
    "complex_iplddt": 0.0,
    "complex_pde": 0.8780636191368103,
    "complex_ipde": 0.0,
    "chains_ptm": {
        "0": 0.6319440603256226
    },
    "pair_chains_iptm": {
        "0": {
            "0": 0.6319440603256226
        }
    }
}