{
    "confidence_score": 0.7219693660736084,
    "ptm": 0.9076830148696899,
    "iptm": 0.0,
    "ligand_iptm": 0.0,
    "protein_iptm": 0.0,
    "complex_plddt": 0.9024617075920105,
    "complex_iplddt": 0.0,
    "complex_pde": 0.45319557189941406,
    "complex_ipde": 0.0,
    "chains_ptm": {
        "0": 0.9076830148696899
    },
    "pair_chains_iptm": {
        "0": {
            "0": 0.9076830148696899
        }
    }
}