{
    "confidence_score": 0.6373400092124939,
    "ptm": 0.8077043294906616,
    "iptm": 0.0,
    "ligand_iptm": 0.0,
    "protein_iptm": 0.0,
    "complex_plddt": 0.7966750264167786,
    "complex_iplddt": 0.0,
    "complex_pde": 0.46766722202301025,
    "complex_ipde": 0.0,
    "chains_ptm": {
        "0": 0.8077043294906616
    },
    "pair_chains_iptm": {
        "0": {
            "0": 0.8077043294906616
        }
    }
}