{
    "confidence_score": 0.636684775352478,
    "ptm": 0.7536196112632751,
    "iptm": 0.0,
    "ligand_iptm": 0.0,
    "protein_iptm": 0.0,
    "complex_plddt": 0.7958559393882751,
    "complex_iplddt": 0.0,
    "complex_pde": 0.9882186651229858,
    "complex_ipde": 0.0,
    "chains_ptm": {
        "0": 0.7536196112632751
    },
    "pair_chains_iptm": {
        "0": {
            "0": 0.7536196112632751
        }
    }
}