{
    "confidence_score": 0.5700955390930176,
    "ptm": 0.6714492440223694,
    "iptm": 0.0,
    "ligand_iptm": 0.0,
    "protein_iptm": 0.0,
    "complex_plddt": 0.712619423866272,
    "complex_iplddt": 0.0,
    "complex_pde": 1.3558075428009033,
    "complex_ipde": 0.0,
    "chains_ptm": {
        "0": 0.6714492440223694
    },
    "pair_chains_iptm": {
        "0": {
            "0": 0.6714492440223694
        }
    }
}