{
    "plddts": {
        "model_1_pred_0": 90.67665291208976,
        "model_2_pred_0": 89.3595887919683,
        "model_3_pred_0": 89.07237480885934,
        "model_4_pred_0": 89.71226269115938,
        "model_5_pred_0": 87.60585362690864
    },
    "order": [
        "model_1_pred_0",
        "model_4_pred_0",
        "model_2_pred_0",
        "model_3_pred_0",
        "model_5_pred_0"
    ]
}