{
    "confidence_score": 0.6617567539215088,
    "ptm": 0.7421648502349854,
    "iptm": 0.0,
    "ligand_iptm": 0.0,
    "protein_iptm": 0.0,
    "complex_plddt": 0.827195942401886,
    "complex_iplddt": 0.0,
    "complex_pde": 0.659795343875885,
    "complex_ipde": 0.0,
    "chains_ptm": {
        "0": 0.7421648502349854
    },
    "pair_chains_iptm": {
        "0": {
            "0": 0.7421648502349854
        }
    }
}