{
    "confidence_score": 0.7540795803070068,
    "ptm": 0.9503785371780396,
    "iptm": 0.0,
    "ligand_iptm": 0.0,
    "protein_iptm": 0.0,
    "complex_plddt": 0.9425994753837585,
    "complex_iplddt": 0.0,
    "complex_pde": 0.3205842673778534,
    "complex_ipde": 0.0,
    "chains_ptm": {
        "0": 0.9503785371780396
    },
    "pair_chains_iptm": {
        "0": {
            "0": 0.9503785371780396
        }
    }
}