{
    "confidence_score": 0.7145925760269165,
    "ptm": 0.9088350534439087,
    "iptm": 0.0,
    "ligand_iptm": 0.0,
    "protein_iptm": 0.0,
    "complex_plddt": 0.8932406902313232,
    "complex_iplddt": 0.0,
    "complex_pde": 0.41359657049179077,
    "complex_ipde": 0.0,
    "chains_ptm": {
        "0": 0.9088350534439087
    },
    "pair_chains_iptm": {
        "0": {
            "0": 0.9088350534439087
        }
    }
}