{
    "confidence_score": 0.6785959601402283,
    "ptm": 0.4428168833255768,
    "iptm": 0.0,
    "ligand_iptm": 0.0,
    "protein_iptm": 0.0,
    "complex_plddt": 0.8482449650764465,
    "complex_iplddt": 0.0,
    "complex_pde": 0.850467324256897,
    "complex_ipde": 0.0,
    "chains_ptm": {
        "0": 0.4428168833255768
    },
    "pair_chains_iptm": {
        "0": {
            "0": 0.4428168833255768
        }
    }
}