{
    "confidence_score": 0.7470521926879883,
    "ptm": 0.9500477910041809,
    "iptm": 0.0,
    "ligand_iptm": 0.0,
    "protein_iptm": 0.0,
    "complex_plddt": 0.9338152408599854,
    "complex_iplddt": 0.0,
    "complex_pde": 0.3863565921783447,
    "complex_ipde": 0.0,
    "chains_ptm": {
        "0": 0.9500477910041809
    },
    "pair_chains_iptm": {
        "0": {
            "0": 0.9500477910041809
        }
    }
}