{
    "confidence_score": 0.714755654335022,
    "ptm": 0.8579594492912292,
    "iptm": 0.0,
    "ligand_iptm": 0.0,
    "protein_iptm": 0.0,
    "complex_plddt": 0.8934445381164551,
    "complex_iplddt": 0.0,
    "complex_pde": 0.5223115086555481,
    "complex_ipde": 0.0,
    "chains_ptm": {
        "0": 0.8579594492912292
    },
    "pair_chains_iptm": {
        "0": {
            "0": 0.8579594492912292
        }
    }
}