{
    "confidence_score": 0.7066049575805664,
    "ptm": 0.9130749106407166,
    "iptm": 0.0,
    "ligand_iptm": 0.0,
    "protein_iptm": 0.0,
    "complex_plddt": 0.883256196975708,
    "complex_iplddt": 0.0,
    "complex_pde": 0.38879430294036865,
    "complex_ipde": 0.0,
    "chains_ptm": {
        "0": 0.9130749106407166
    },
    "pair_chains_iptm": {
        "0": {
            "0": 0.9130749106407166
        }
    }
}