{
    "confidence_score": 0.7011908888816833,
    "ptm": 0.8855876922607422,
    "iptm": 0.0,
    "ligand_iptm": 0.0,
    "protein_iptm": 0.0,
    "complex_plddt": 0.8764885663986206,
    "complex_iplddt": 0.0,
    "complex_pde": 0.7108545899391174,
    "complex_ipde": 0.0,
    "chains_ptm": {
        "0": 0.8855876922607422
    },
    "pair_chains_iptm": {
        "0": {
            "0": 0.8855876922607422
        }
    }
}