{
    "confidence_score": 0.6457979083061218,
    "ptm": 0.7067367434501648,
    "iptm": 0.0,
    "ligand_iptm": 0.0,
    "protein_iptm": 0.0,
    "complex_plddt": 0.8072474002838135,
    "complex_iplddt": 0.0,
    "complex_pde": 1.2965728044509888,
    "complex_ipde": 0.0,
    "chains_ptm": {
        "0": 0.7067367434501648
    },
    "pair_chains_iptm": {
        "0": {
            "0": 0.7067367434501648
        }
    }
}