{
    "confidence_score": 0.5862586498260498,
    "ptm": 0.6818835735321045,
    "iptm": 0.0,
    "ligand_iptm": 0.0,
    "protein_iptm": 0.0,
    "complex_plddt": 0.7328233122825623,
    "complex_iplddt": 0.0,
    "complex_pde": 1.0380041599273682,
    "complex_ipde": 0.0,
    "chains_ptm": {
        "0": 0.6818835735321045
    },
    "pair_chains_iptm": {
        "0": {
            "0": 0.6818835735321045
        }
    }
}