{
    "confidence_score": 0.5514477491378784,
    "ptm": 0.45289576053619385,
    "iptm": 0.0,
    "ligand_iptm": 0.0,
    "protein_iptm": 0.0,
    "complex_plddt": 0.6893096566200256,
    "complex_iplddt": 0.0,
    "complex_pde": 1.7265149354934692,
    "complex_ipde": 0.0,
    "chains_ptm": {
        "0": 0.45289576053619385
    },
    "pair_chains_iptm": {
        "0": {
            "0": 0.45289576053619385
        }
    }
}