{
    "confidence_score": 0.6424782276153564,
    "ptm": 0.8411627411842346,
    "iptm": 0.0,
    "ligand_iptm": 0.0,
    "protein_iptm": 0.0,
    "complex_plddt": 0.8030977845191956,
    "complex_iplddt": 0.0,
    "complex_pde": 0.6024441719055176,
    "complex_ipde": 0.0,
    "chains_ptm": {
        "0": 0.8411627411842346
    },
    "pair_chains_iptm": {
        "0": {
            "0": 0.8411627411842346
        }
    }
}