{
    "confidence_score": 0.5366179943084717,
    "ptm": 0.6583223342895508,
    "iptm": 0.0,
    "ligand_iptm": 0.0,
    "protein_iptm": 0.0,
    "complex_plddt": 0.6707724928855896,
    "complex_iplddt": 0.0,
    "complex_pde": 1.0074533224105835,
    "complex_ipde": 0.0,
    "chains_ptm": {
        "0": 0.6583223342895508
    },
    "pair_chains_iptm": {
        "0": {
            "0": 0.6583223342895508
        }
    }
}