{
    "confidence_score": 0.7039016485214233,
    "ptm": 0.8988237380981445,
    "iptm": 0.0,
    "ligand_iptm": 0.0,
    "protein_iptm": 0.0,
    "complex_plddt": 0.8798770308494568,
    "complex_iplddt": 0.0,
    "complex_pde": 0.5082733631134033,
    "complex_ipde": 0.0,
    "chains_ptm": {
        "0": 0.8988237380981445
    },
    "pair_chains_iptm": {
        "0": {
            "0": 0.8988237380981445
        }
    }
}