{
    "confidence_score": 0.5823298096656799,
    "ptm": 0.6561881303787231,
    "iptm": 0.0,
    "ligand_iptm": 0.0,
    "protein_iptm": 0.0,
    "complex_plddt": 0.7279122471809387,
    "complex_iplddt": 0.0,
    "complex_pde": 1.280808687210083,
    "complex_ipde": 0.0,
    "chains_ptm": {
        "0": 0.6561881303787231
    },
    "pair_chains_iptm": {
        "0": {
            "0": 0.6561881303787231
        }
    }
}