{
    "features": 4047.745345592499,
    "process_features_model_1_pred_0": 3.443692684173584,
    "predict_and_compile_model_1_pred_0": 299.327755689621,
    "process_features_model_2_pred_0": 3.654792308807373,
    "predict_and_compile_model_2_pred_0": 268.2504189014435,
    "process_features_model_3_pred_0": 3.2842469215393066,
    "predict_and_compile_model_3_pred_0": 244.76387691497803,
    "process_features_model_4_pred_0": 3.211151123046875,
    "predict_and_compile_model_4_pred_0": 245.93131566047668,
    "process_features_model_5_pred_0": 3.4835939407348633,
    "predict_and_compile_model_5_pred_0": 243.73576951026917,
    "relax_model_4_pred_0": 44.22366452217102
}