{
    "confidence_score": 0.4659433364868164,
    "ptm": 0.4490913450717926,
    "iptm": 0.0,
    "ligand_iptm": 0.0,
    "protein_iptm": 0.0,
    "complex_plddt": 0.5824291706085205,
    "complex_iplddt": 0.0,
    "complex_pde": 1.7801545858383179,
    "complex_ipde": 0.0,
    "chains_ptm": {
        "0": 0.4490913450717926
    },
    "pair_chains_iptm": {
        "0": {
            "0": 0.4490913450717926
        }
    }
}