{
    "confidence_score": 0.7145761847496033,
    "ptm": 0.9311271905899048,
    "iptm": 0.0,
    "ligand_iptm": 0.0,
    "protein_iptm": 0.0,
    "complex_plddt": 0.8932201862335205,
    "complex_iplddt": 0.0,
    "complex_pde": 0.397489458322525,
    "complex_ipde": 0.0,
    "chains_ptm": {
        "0": 0.9311271905899048
    },
    "pair_chains_iptm": {
        "0": {
            "0": 0.9311271905899048
        }
    }
}