{
    "confidence_score": 0.6303485631942749,
    "ptm": 0.6538287997245789,
    "iptm": 0.0,
    "ligand_iptm": 0.0,
    "protein_iptm": 0.0,
    "complex_plddt": 0.7879356741905212,
    "complex_iplddt": 0.0,
    "complex_pde": 1.0522713661193848,
    "complex_ipde": 0.0,
    "chains_ptm": {
        "0": 0.6538287997245789
    },
    "pair_chains_iptm": {
        "0": {
            "0": 0.6538287997245789
        }
    }
}