{
    "confidence_score": 0.6795400977134705,
    "ptm": 0.8945872187614441,
    "iptm": 0.0,
    "ligand_iptm": 0.0,
    "protein_iptm": 0.0,
    "complex_plddt": 0.8494251370429993,
    "complex_iplddt": 0.0,
    "complex_pde": 0.5261647701263428,
    "complex_ipde": 0.0,
    "chains_ptm": {
        "0": 0.8945872187614441
    },
    "pair_chains_iptm": {
        "0": {
            "0": 0.8945872187614441
        }
    }
}