{
    "confidence_score": 0.7469431757926941,
    "ptm": 0.9273377060890198,
    "iptm": 0.0,
    "ligand_iptm": 0.0,
    "protein_iptm": 0.0,
    "complex_plddt": 0.9336789846420288,
    "complex_iplddt": 0.0,
    "complex_pde": 0.3367727994918823,
    "complex_ipde": 0.0,
    "chains_ptm": {
        "0": 0.9273377060890198
    },
    "pair_chains_iptm": {
        "0": {
            "0": 0.9273377060890198
        }
    }
}