{
    "confidence_score": 0.5996485948562622,
    "ptm": 0.5687665939331055,
    "iptm": 0.0,
    "ligand_iptm": 0.0,
    "protein_iptm": 0.0,
    "complex_plddt": 0.7495607137680054,
    "complex_iplddt": 0.0,
    "complex_pde": 1.6445761919021606,
    "complex_ipde": 0.0,
    "chains_ptm": {
        "0": 0.5687665939331055
    },
    "pair_chains_iptm": {
        "0": {
            "0": 0.5687665939331055
        }
    }
}