{
    "confidence_score": 0.695477306842804,
    "ptm": 0.6858653426170349,
    "iptm": 0.0,
    "ligand_iptm": 0.0,
    "protein_iptm": 0.0,
    "complex_plddt": 0.8693466186523438,
    "complex_iplddt": 0.0,
    "complex_pde": 0.5638025999069214,
    "complex_ipde": 0.0,
    "chains_ptm": {
        "0": 0.6858653426170349
    },
    "pair_chains_iptm": {
        "0": {
            "0": 0.6858653426170349
        }
    }
}