{
    "confidence_score": 0.5312361121177673,
    "ptm": 0.32402437925338745,
    "iptm": 0.0,
    "ligand_iptm": 0.0,
    "protein_iptm": 0.0,
    "complex_plddt": 0.6640451550483704,
    "complex_iplddt": 0.0,
    "complex_pde": 1.6057956218719482,
    "complex_ipde": 0.0,
    "chains_ptm": {
        "0": 0.32402437925338745
    },
    "pair_chains_iptm": {
        "0": {
            "0": 0.32402437925338745
        }
    }
}