{
    "confidence_score": 0.646961510181427,
    "ptm": 0.6906008720397949,
    "iptm": 0.0,
    "ligand_iptm": 0.0,
    "protein_iptm": 0.0,
    "complex_plddt": 0.8087018728256226,
    "complex_iplddt": 0.0,
    "complex_pde": 0.9708966612815857,
    "complex_ipde": 0.0,
    "chains_ptm": {
        "0": 0.6906008720397949
    },
    "pair_chains_iptm": {
        "0": {
            "0": 0.6906008720397949
        }
    }
}