{
    "confidence_score": 0.3146044611930847,
    "ptm": 0.3612303137779236,
    "iptm": 0.0,
    "ligand_iptm": 0.0,
    "protein_iptm": 0.0,
    "complex_plddt": 0.3932555615901947,
    "complex_iplddt": 0.0,
    "complex_pde": 3.606132745742798,
    "complex_ipde": 0.0,
    "chains_ptm": {
        "0": 0.3612303137779236
    },
    "pair_chains_iptm": {
        "0": {
            "0": 0.3612303137779236
        }
    }
}