{
    "features": 3957.2244951725006,
    "process_features_model_1_pred_0": 8.961957693099976,
    "predict_and_compile_model_1_pred_0": 375.8044798374176,
    "process_features_model_2_pred_0": 9.670161008834839,
    "predict_and_compile_model_2_pred_0": 348.0654196739197,
    "process_features_model_3_pred_0": 8.916019201278687,
    "predict_and_compile_model_3_pred_0": 321.64813327789307,
    "process_features_model_4_pred_0": 11.397788286209106,
    "predict_and_compile_model_4_pred_0": 322.68043208122253,
    "process_features_model_5_pred_0": 8.153928279876709,
    "predict_and_compile_model_5_pred_0": 299.466757774353,
    "relax_model_3_pred_0": 83.97591423988342
}