{
    "confidence_score": 0.37657487392425537,
    "ptm": 0.23902830481529236,
    "iptm": 0.0,
    "ligand_iptm": 0.0,
    "protein_iptm": 0.0,
    "complex_plddt": 0.4707185924053192,
    "complex_iplddt": 0.0,
    "complex_pde": 3.1288461685180664,
    "complex_ipde": 0.0,
    "chains_ptm": {
        "0": 0.23902830481529236
    },
    "pair_chains_iptm": {
        "0": {
            "0": 0.23902830481529236
        }
    }
}