{
    "confidence_score": 0.6715448498725891,
    "ptm": 0.8341464996337891,
    "iptm": 0.0,
    "ligand_iptm": 0.0,
    "protein_iptm": 0.0,
    "complex_plddt": 0.8394310474395752,
    "complex_iplddt": 0.0,
    "complex_pde": 0.8001539707183838,
    "complex_ipde": 0.0,
    "chains_ptm": {
        "0": 0.8341464996337891
    },
    "pair_chains_iptm": {
        "0": {
            "0": 0.8341464996337891
        }
    }
}