{
    "confidence_score": 0.4671018123626709,
    "ptm": 0.29099759459495544,
    "iptm": 0.0,
    "ligand_iptm": 0.0,
    "protein_iptm": 0.0,
    "complex_plddt": 0.5838772654533386,
    "complex_iplddt": 0.0,
    "complex_pde": 2.0040442943573,
    "complex_ipde": 0.0,
    "chains_ptm": {
        "0": 0.29099759459495544
    },
    "pair_chains_iptm": {
        "0": {
            "0": 0.29099759459495544
        }
    }
}