{
    "confidence_score": 0.7155748009681702,
    "ptm": 0.845676064491272,
    "iptm": 0.0,
    "ligand_iptm": 0.0,
    "protein_iptm": 0.0,
    "complex_plddt": 0.8944684863090515,
    "complex_iplddt": 0.0,
    "complex_pde": 0.5860297679901123,
    "complex_ipde": 0.0,
    "chains_ptm": {
        "0": 0.845676064491272
    },
    "pair_chains_iptm": {
        "0": {
            "0": 0.845676064491272
        }
    }
}