{
    "confidence_score": 0.6518532633781433,
    "ptm": 0.7597577571868896,
    "iptm": 0.0,
    "ligand_iptm": 0.0,
    "protein_iptm": 0.0,
    "complex_plddt": 0.8148165941238403,
    "complex_iplddt": 0.0,
    "complex_pde": 0.8276182413101196,
    "complex_ipde": 0.0,
    "chains_ptm": {
        "0": 0.7597577571868896
    },
    "pair_chains_iptm": {
        "0": {
            "0": 0.7597577571868896
        }
    }
}