{
    "confidence_score": 0.7643449306488037,
    "ptm": 0.887158215045929,
    "iptm": 0.0,
    "ligand_iptm": 0.0,
    "protein_iptm": 0.0,
    "complex_plddt": 0.9554311633110046,
    "complex_iplddt": 0.0,
    "complex_pde": 0.32196730375289917,
    "complex_ipde": 0.0,
    "chains_ptm": {
        "0": 0.887158215045929
    },
    "pair_chains_iptm": {
        "0": {
            "0": 0.887158215045929
        }
    }
}