{
    "confidence_score": 0.6851703524589539,
    "ptm": 0.7165082693099976,
    "iptm": 0.0,
    "ligand_iptm": 0.0,
    "protein_iptm": 0.0,
    "complex_plddt": 0.8564628958702087,
    "complex_iplddt": 0.0,
    "complex_pde": 0.8101506233215332,
    "complex_ipde": 0.0,
    "chains_ptm": {
        "0": 0.7165082693099976
    },
    "pair_chains_iptm": {
        "0": {
            "0": 0.7165082693099976
        }
    }
}