{
    "confidence_score": 0.6740716099739075,
    "ptm": 0.8878307938575745,
    "iptm": 0.0,
    "ligand_iptm": 0.0,
    "protein_iptm": 0.0,
    "complex_plddt": 0.8425894975662231,
    "complex_iplddt": 0.0,
    "complex_pde": 0.5767515301704407,
    "complex_ipde": 0.0,
    "chains_ptm": {
        "0": 0.8878307938575745
    },
    "pair_chains_iptm": {
        "0": {
            "0": 0.8878307938575745
        }
    }
}