{
    "confidence_score": 0.7091440558433533,
    "ptm": 0.9211549162864685,
    "iptm": 0.0,
    "ligand_iptm": 0.0,
    "protein_iptm": 0.0,
    "complex_plddt": 0.886430025100708,
    "complex_iplddt": 0.0,
    "complex_pde": 0.6746851801872253,
    "complex_ipde": 0.0,
    "chains_ptm": {
        "0": 0.9211549162864685
    },
    "pair_chains_iptm": {
        "0": {
            "0": 0.9211549162864685
        }
    }
}