{
    "confidence_score": 0.6037850975990295,
    "ptm": 0.6291659474372864,
    "iptm": 0.0,
    "ligand_iptm": 0.0,
    "protein_iptm": 0.0,
    "complex_plddt": 0.7547313570976257,
    "complex_iplddt": 0.0,
    "complex_pde": 0.9109897017478943,
    "complex_ipde": 0.0,
    "chains_ptm": {
        "0": 0.6291659474372864
    },
    "pair_chains_iptm": {
        "0": {
            "0": 0.6291659474372864
        }
    }
}