{
    "confidence_score": 0.5557356476783752,
    "ptm": 0.6327483654022217,
    "iptm": 0.0,
    "ligand_iptm": 0.0,
    "protein_iptm": 0.0,
    "complex_plddt": 0.6946695446968079,
    "complex_iplddt": 0.0,
    "complex_pde": 2.3242604732513428,
    "complex_ipde": 0.0,
    "chains_ptm": {
        "0": 0.6327483654022217
    },
    "pair_chains_iptm": {
        "0": {
            "0": 0.6327483654022217
        }
    }
}