{
    "confidence_score": 0.5650145411491394,
    "ptm": 0.544125497341156,
    "iptm": 0.0,
    "ligand_iptm": 0.0,
    "protein_iptm": 0.0,
    "complex_plddt": 0.7062681913375854,
    "complex_iplddt": 0.0,
    "complex_pde": 0.7649304866790771,
    "complex_ipde": 0.0,
    "chains_ptm": {
        "0": 0.544125497341156
    },
    "pair_chains_iptm": {
        "0": {
            "0": 0.544125497341156
        }
    }
}