{
    "confidence_score": 0.6491204500198364,
    "ptm": 0.8236542344093323,
    "iptm": 0.0,
    "ligand_iptm": 0.0,
    "protein_iptm": 0.0,
    "complex_plddt": 0.8114005327224731,
    "complex_iplddt": 0.0,
    "complex_pde": 0.8434730172157288,
    "complex_ipde": 0.0,
    "chains_ptm": {
        "0": 0.8236542344093323
    },
    "pair_chains_iptm": {
        "0": {
            "0": 0.8236542344093323
        }
    }
}