{
    "confidence_score": 0.42658472061157227,
    "ptm": 0.2444739043712616,
    "iptm": 0.0,
    "ligand_iptm": 0.0,
    "protein_iptm": 0.0,
    "complex_plddt": 0.5332309007644653,
    "complex_iplddt": 0.0,
    "complex_pde": 2.9639627933502197,
    "complex_ipde": 0.0,
    "chains_ptm": {
        "0": 0.2444739043712616
    },
    "pair_chains_iptm": {
        "0": {
            "0": 0.2444739043712616
        }
    }
}