{
    "confidence_score": 0.6330556869506836,
    "ptm": 0.7827949523925781,
    "iptm": 0.0,
    "ligand_iptm": 0.0,
    "protein_iptm": 0.0,
    "complex_plddt": 0.7913196086883545,
    "complex_iplddt": 0.0,
    "complex_pde": 0.994729220867157,
    "complex_ipde": 0.0,
    "chains_ptm": {
        "0": 0.7827949523925781
    },
    "pair_chains_iptm": {
        "0": {
            "0": 0.7827949523925781
        }
    }
}