{
    "confidence_score": 0.5351399779319763,
    "ptm": 0.4172497093677521,
    "iptm": 0.0,
    "ligand_iptm": 0.0,
    "protein_iptm": 0.0,
    "complex_plddt": 0.6689249873161316,
    "complex_iplddt": 0.0,
    "complex_pde": 2.73000431060791,
    "complex_ipde": 0.0,
    "chains_ptm": {
        "0": 0.4172497093677521
    },
    "pair_chains_iptm": {
        "0": {
            "0": 0.4172497093677521
        }
    }
}