{
    "confidence_score": 0.401766836643219,
    "ptm": 0.2746233344078064,
    "iptm": 0.0,
    "ligand_iptm": 0.0,
    "protein_iptm": 0.0,
    "complex_plddt": 0.5022085309028625,
    "complex_iplddt": 0.0,
    "complex_pde": 3.3584978580474854,
    "complex_ipde": 0.0,
    "chains_ptm": {
        "0": 0.2746233344078064
    },
    "pair_chains_iptm": {
        "0": {
            "0": 0.2746233344078064
        }
    }
}