{
    "confidence_score": 0.7379124760627747,
    "ptm": 0.9414615035057068,
    "iptm": 0.0,
    "ligand_iptm": 0.0,
    "protein_iptm": 0.0,
    "complex_plddt": 0.9223905801773071,
    "complex_iplddt": 0.0,
    "complex_pde": 0.35786211490631104,
    "complex_ipde": 0.0,
    "chains_ptm": {
        "0": 0.9414615035057068
    },
    "pair_chains_iptm": {
        "0": {
            "0": 0.9414615035057068
        }
    }
}