{
    "plddts": {
        "model_1_pred_0": 72.85388382614708,
        "model_2_pred_0": 69.69836374727996,
        "model_3_pred_0": 69.58684449215534,
        "model_4_pred_0": 69.03965619946071,
        "model_5_pred_0": 66.9768988867218
    },
    "order": [
        "model_1_pred_0",
        "model_2_pred_0",
        "model_3_pred_0",
        "model_4_pred_0",
        "model_5_pred_0"
    ]
}