{
    "confidence_score": 0.6228914856910706,
    "ptm": 0.7111359238624573,
    "iptm": 0.0,
    "ligand_iptm": 0.0,
    "protein_iptm": 0.0,
    "complex_plddt": 0.778614342212677,
    "complex_iplddt": 0.0,
    "complex_pde": 0.9904975295066833,
    "complex_ipde": 0.0,
    "chains_ptm": {
        "0": 0.7111359238624573
    },
    "pair_chains_iptm": {
        "0": {
            "0": 0.7111359238624573
        }
    }
}