{
    "confidence_score": 0.643353283405304,
    "ptm": 0.4210969805717468,
    "iptm": 0.0,
    "ligand_iptm": 0.0,
    "protein_iptm": 0.0,
    "complex_plddt": 0.8041915893554688,
    "complex_iplddt": 0.0,
    "complex_pde": 0.7821727991104126,
    "complex_ipde": 0.0,
    "chains_ptm": {
        "0": 0.4210969805717468
    },
    "pair_chains_iptm": {
        "0": {
            "0": 0.4210969805717468
        }
    }
}