{
    "confidence_score": 0.5352181792259216,
    "ptm": 0.35439908504486084,
    "iptm": 0.0,
    "ligand_iptm": 0.0,
    "protein_iptm": 0.0,
    "complex_plddt": 0.6690227389335632,
    "complex_iplddt": 0.0,
    "complex_pde": 1.8501871824264526,
    "complex_ipde": 0.0,
    "chains_ptm": {
        "0": 0.35439908504486084
    },
    "pair_chains_iptm": {
        "0": {
            "0": 0.35439908504486084
        }
    }
}