{
    "confidence_score": 0.5923905968666077,
    "ptm": 0.755423903465271,
    "iptm": 0.0,
    "ligand_iptm": 0.0,
    "protein_iptm": 0.0,
    "complex_plddt": 0.7404882311820984,
    "complex_iplddt": 0.0,
    "complex_pde": 0.9355354309082031,
    "complex_ipde": 0.0,
    "chains_ptm": {
        "0": 0.755423903465271
    },
    "pair_chains_iptm": {
        "0": {
            "0": 0.755423903465271
        }
    }
}