{
    "confidence_score": 0.6446009278297424,
    "ptm": 0.7965337634086609,
    "iptm": 0.0,
    "ligand_iptm": 0.0,
    "protein_iptm": 0.0,
    "complex_plddt": 0.8057511448860168,
    "complex_iplddt": 0.0,
    "complex_pde": 0.8435121774673462,
    "complex_ipde": 0.0,
    "chains_ptm": {
        "0": 0.7965337634086609
    },
    "pair_chains_iptm": {
        "0": {
            "0": 0.7965337634086609
        }
    }
}