{
    "confidence_score": 0.7289127111434937,
    "ptm": 0.9391465187072754,
    "iptm": 0.0,
    "ligand_iptm": 0.0,
    "protein_iptm": 0.0,
    "complex_plddt": 0.9111408591270447,
    "complex_iplddt": 0.0,
    "complex_pde": 0.41201794147491455,
    "complex_ipde": 0.0,
    "chains_ptm": {
        "0": 0.9391465187072754
    },
    "pair_chains_iptm": {
        "0": {
            "0": 0.9391465187072754
        }
    }
}