{
    "confidence_score": 0.7167786359786987,
    "ptm": 0.8852805495262146,
    "iptm": 0.0,
    "ligand_iptm": 0.0,
    "protein_iptm": 0.0,
    "complex_plddt": 0.895973265171051,
    "complex_iplddt": 0.0,
    "complex_pde": 0.525790274143219,
    "complex_ipde": 0.0,
    "chains_ptm": {
        "0": 0.8852805495262146
    },
    "pair_chains_iptm": {
        "0": {
            "0": 0.8852805495262146
        }
    }
}