{
    "confidence_score": 0.7471962571144104,
    "ptm": 0.9558099508285522,
    "iptm": 0.0,
    "ligand_iptm": 0.0,
    "protein_iptm": 0.0,
    "complex_plddt": 0.9339953064918518,
    "complex_iplddt": 0.0,
    "complex_pde": 0.3573080599308014,
    "complex_ipde": 0.0,
    "chains_ptm": {
        "0": 0.9558099508285522
    },
    "pair_chains_iptm": {
        "0": {
            "0": 0.9558099508285522
        }
    }
}