{
    "confidence_score": 0.5672571063041687,
    "ptm": 0.5633439421653748,
    "iptm": 0.0,
    "ligand_iptm": 0.0,
    "protein_iptm": 0.0,
    "complex_plddt": 0.7090713977813721,
    "complex_iplddt": 0.0,
    "complex_pde": 1.1109615564346313,
    "complex_ipde": 0.0,
    "chains_ptm": {
        "0": 0.5633439421653748
    },
    "pair_chains_iptm": {
        "0": {
            "0": 0.5633439421653748
        }
    }
}