{
    "confidence_score": 0.7402598261833191,
    "ptm": 0.8924330472946167,
    "iptm": 0.0,
    "ligand_iptm": 0.0,
    "protein_iptm": 0.0,
    "complex_plddt": 0.9253247976303101,
    "complex_iplddt": 0.0,
    "complex_pde": 0.35559847950935364,
    "complex_ipde": 0.0,
    "chains_ptm": {
        "0": 0.8924330472946167
    },
    "pair_chains_iptm": {
        "0": {
            "0": 0.8924330472946167
        }
    }
}