{
    "confidence_score": 0.42278942465782166,
    "ptm": 0.35599789023399353,
    "iptm": 0.0,
    "ligand_iptm": 0.0,
    "protein_iptm": 0.0,
    "complex_plddt": 0.5284867882728577,
    "complex_iplddt": 0.0,
    "complex_pde": 2.2912707328796387,
    "complex_ipde": 0.0,
    "chains_ptm": {
        "0": 0.35599789023399353
    },
    "pair_chains_iptm": {
        "0": {
            "0": 0.35599789023399353
        }
    }
}