{
    "features": 8929.885942697525,
    "process_features_model_1_pred_0": 9.91057801246643,
    "predict_and_compile_model_1_pred_0": 400.74439549446106,
    "process_features_model_2_pred_0": 9.401331901550293,
    "predict_and_compile_model_2_pred_0": 363.9846622943878,
    "process_features_model_3_pred_0": 8.753187417984009,
    "predict_and_compile_model_3_pred_0": 346.80723667144775,
    "process_features_model_4_pred_0": 10.395285844802856,
    "predict_and_compile_model_4_pred_0": 338.9698305130005,
    "process_features_model_5_pred_0": 9.694020748138428,
    "predict_and_compile_model_5_pred_0": 313.18798065185547,
    "relax_model_4_pred_0": 89.55209541320801
}