{
    "confidence_score": 0.6921020150184631,
    "ptm": 0.8507089614868164,
    "iptm": 0.0,
    "ligand_iptm": 0.0,
    "protein_iptm": 0.0,
    "complex_plddt": 0.8651275038719177,
    "complex_iplddt": 0.0,
    "complex_pde": 0.5823049545288086,
    "complex_ipde": 0.0,
    "chains_ptm": {
        "0": 0.8507089614868164
    },
    "pair_chains_iptm": {
        "0": {
            "0": 0.8507089614868164
        }
    }
}