{
    "confidence_score": 0.4725821912288666,
    "ptm": 0.19980739057064056,
    "iptm": 0.0,
    "ligand_iptm": 0.0,
    "protein_iptm": 0.0,
    "complex_plddt": 0.5907277464866638,
    "complex_iplddt": 0.0,
    "complex_pde": 2.639362335205078,
    "complex_ipde": 0.0,
    "chains_ptm": {
        "0": 0.19980739057064056
    },
    "pair_chains_iptm": {
        "0": {
            "0": 0.19980739057064056
        }
    }
}