{
    "confidence_score": 0.5043675303459167,
    "ptm": 0.49527305364608765,
    "iptm": 0.0,
    "ligand_iptm": 0.0,
    "protein_iptm": 0.0,
    "complex_plddt": 0.6304593682289124,
    "complex_iplddt": 0.0,
    "complex_pde": 2.285386323928833,
    "complex_ipde": 0.0,
    "chains_ptm": {
        "0": 0.49527305364608765
    },
    "pair_chains_iptm": {
        "0": {
            "0": 0.49527305364608765
        }
    }
}