{
    "confidence_score": 0.7538818717002869,
    "ptm": 0.922053873538971,
    "iptm": 0.0,
    "ligand_iptm": 0.0,
    "protein_iptm": 0.0,
    "complex_plddt": 0.942352294921875,
    "complex_iplddt": 0.0,
    "complex_pde": 0.31536418199539185,
    "complex_ipde": 0.0,
    "chains_ptm": {
        "0": 0.922053873538971
    },
    "pair_chains_iptm": {
        "0": {
            "0": 0.922053873538971
        }
    }
}