{
    "confidence_score": 0.6937337517738342,
    "ptm": 0.8115053176879883,
    "iptm": 0.0,
    "ligand_iptm": 0.0,
    "protein_iptm": 0.0,
    "complex_plddt": 0.8671671748161316,
    "complex_iplddt": 0.0,
    "complex_pde": 0.8493097424507141,
    "complex_ipde": 0.0,
    "chains_ptm": {
        "0": 0.8115053176879883
    },
    "pair_chains_iptm": {
        "0": {
            "0": 0.8115053176879883
        }
    }
}