{
    "confidence_score": 0.6212208271026611,
    "ptm": 0.8112863898277283,
    "iptm": 0.0,
    "ligand_iptm": 0.0,
    "protein_iptm": 0.0,
    "complex_plddt": 0.7765260338783264,
    "complex_iplddt": 0.0,
    "complex_pde": 0.8475576639175415,
    "complex_ipde": 0.0,
    "chains_ptm": {
        "0": 0.8112863898277283
    },
    "pair_chains_iptm": {
        "0": {
            "0": 0.8112863898277283
        }
    }
}