{
    "confidence_score": 0.7034336924552917,
    "ptm": 0.9301617741584778,
    "iptm": 0.0,
    "ligand_iptm": 0.0,
    "protein_iptm": 0.0,
    "complex_plddt": 0.8792921304702759,
    "complex_iplddt": 0.0,
    "complex_pde": 0.6605071425437927,
    "complex_ipde": 0.0,
    "chains_ptm": {
        "0": 0.9301617741584778
    },
    "pair_chains_iptm": {
        "0": {
            "0": 0.9301617741584778
        }
    }
}