{
    "confidence_score": 0.6921653747558594,
    "ptm": 0.6926825642585754,
    "iptm": 0.0,
    "ligand_iptm": 0.0,
    "protein_iptm": 0.0,
    "complex_plddt": 0.8652067184448242,
    "complex_iplddt": 0.0,
    "complex_pde": 0.6446730494499207,
    "complex_ipde": 0.0,
    "chains_ptm": {
        "0": 0.6926825642585754
    },
    "pair_chains_iptm": {
        "0": {
            "0": 0.6926825642585754
        }
    }
}