{
    "confidence_score": 0.668459415435791,
    "ptm": 0.8903980255126953,
    "iptm": 0.0,
    "ligand_iptm": 0.0,
    "protein_iptm": 0.0,
    "complex_plddt": 0.8355742692947388,
    "complex_iplddt": 0.0,
    "complex_pde": 0.49747249484062195,
    "complex_ipde": 0.0,
    "chains_ptm": {
        "0": 0.8903980255126953
    },
    "pair_chains_iptm": {
        "0": {
            "0": 0.8903980255126953
        }
    }
}