{
    "confidence_score": 0.7098382115364075,
    "ptm": 0.7718734741210938,
    "iptm": 0.0,
    "ligand_iptm": 0.0,
    "protein_iptm": 0.0,
    "complex_plddt": 0.8872977495193481,
    "complex_iplddt": 0.0,
    "complex_pde": 0.39400967955589294,
    "complex_ipde": 0.0,
    "chains_ptm": {
        "0": 0.7718734741210938
    },
    "pair_chains_iptm": {
        "0": {
            "0": 0.7718734741210938
        }
    }
}