{
    "confidence_score": 0.7398137450218201,
    "ptm": 0.9135527014732361,
    "iptm": 0.0,
    "ligand_iptm": 0.0,
    "protein_iptm": 0.0,
    "complex_plddt": 0.9247671961784363,
    "complex_iplddt": 0.0,
    "complex_pde": 0.3481329679489136,
    "complex_ipde": 0.0,
    "chains_ptm": {
        "0": 0.9135527014732361
    },
    "pair_chains_iptm": {
        "0": {
            "0": 0.9135527014732361
        }
    }
}