{
    "confidence_score": 0.405895859003067,
    "ptm": 0.21279941499233246,
    "iptm": 0.0,
    "ligand_iptm": 0.0,
    "protein_iptm": 0.0,
    "complex_plddt": 0.5073698163032532,
    "complex_iplddt": 0.0,
    "complex_pde": 3.16463565826416,
    "complex_ipde": 0.0,
    "chains_ptm": {
        "0": 0.21279941499233246
    },
    "pair_chains_iptm": {
        "0": {
            "0": 0.21279941499233246
        }
    }
}