{
    "confidence_score": 0.7335469722747803,
    "ptm": 0.8528560996055603,
    "iptm": 0.0,
    "ligand_iptm": 0.0,
    "protein_iptm": 0.0,
    "complex_plddt": 0.9169337153434753,
    "complex_iplddt": 0.0,
    "complex_pde": 0.4683438837528229,
    "complex_ipde": 0.0,
    "chains_ptm": {
        "0": 0.8528560996055603
    },
    "pair_chains_iptm": {
        "0": {
            "0": 0.8528560996055603
        }
    }
}