{
    "confidence_score": 0.6345664262771606,
    "ptm": 0.7403032183647156,
    "iptm": 0.0,
    "ligand_iptm": 0.0,
    "protein_iptm": 0.0,
    "complex_plddt": 0.7932080030441284,
    "complex_iplddt": 0.0,
    "complex_pde": 0.8407816886901855,
    "complex_ipde": 0.0,
    "chains_ptm": {
        "0": 0.7403032183647156
    },
    "pair_chains_iptm": {
        "0": {
            "0": 0.7403032183647156
        }
    }
}