{
    "confidence_score": 0.7160212397575378,
    "ptm": 0.8910431861877441,
    "iptm": 0.0,
    "ligand_iptm": 0.0,
    "protein_iptm": 0.0,
    "complex_plddt": 0.8950265645980835,
    "complex_iplddt": 0.0,
    "complex_pde": 0.5874428749084473,
    "complex_ipde": 0.0,
    "chains_ptm": {
        "0": 0.8910431861877441
    },
    "pair_chains_iptm": {
        "0": {
            "0": 0.8910431861877441
        }
    }
}