{
    "confidence_score": 0.6995063424110413,
    "ptm": 0.8215185403823853,
    "iptm": 0.0,
    "ligand_iptm": 0.0,
    "protein_iptm": 0.0,
    "complex_plddt": 0.8743829131126404,
    "complex_iplddt": 0.0,
    "complex_pde": 0.6168891191482544,
    "complex_ipde": 0.0,
    "chains_ptm": {
        "0": 0.8215185403823853
    },
    "pair_chains_iptm": {
        "0": {
            "0": 0.8215185403823853
        }
    }
}