{
    "confidence_score": 0.34558624029159546,
    "ptm": 0.17625141143798828,
    "iptm": 0.0,
    "ligand_iptm": 0.0,
    "protein_iptm": 0.0,
    "complex_plddt": 0.43198278546333313,
    "complex_iplddt": 0.0,
    "complex_pde": 5.016483783721924,
    "complex_ipde": 0.0,
    "chains_ptm": {
        "0": 0.17625141143798828
    },
    "pair_chains_iptm": {
        "0": {
            "0": 0.17625141143798828
        }
    }
}