{
    "confidence_score": 0.66038578748703,
    "ptm": 0.8739442229270935,
    "iptm": 0.0,
    "ligand_iptm": 0.0,
    "protein_iptm": 0.0,
    "complex_plddt": 0.825482189655304,
    "complex_iplddt": 0.0,
    "complex_pde": 0.5148071646690369,
    "complex_ipde": 0.0,
    "chains_ptm": {
        "0": 0.8739442229270935
    },
    "pair_chains_iptm": {
        "0": {
            "0": 0.8739442229270935
        }
    }
}