{
    "confidence_score": 0.6521404981613159,
    "ptm": 0.8279804587364197,
    "iptm": 0.0,
    "ligand_iptm": 0.0,
    "protein_iptm": 0.0,
    "complex_plddt": 0.8151755928993225,
    "complex_iplddt": 0.0,
    "complex_pde": 0.9088516235351562,
    "complex_ipde": 0.0,
    "chains_ptm": {
        "0": 0.8279804587364197
    },
    "pair_chains_iptm": {
        "0": {
            "0": 0.8279804587364197
        }
    }
}