{
    "confidence_score": 0.7477685213088989,
    "ptm": 0.949820339679718,
    "iptm": 0.0,
    "ligand_iptm": 0.0,
    "protein_iptm": 0.0,
    "complex_plddt": 0.9347106218338013,
    "complex_iplddt": 0.0,
    "complex_pde": 0.3580784201622009,
    "complex_ipde": 0.0,
    "chains_ptm": {
        "0": 0.949820339679718
    },
    "pair_chains_iptm": {
        "0": {
            "0": 0.949820339679718
        }
    }
}