{
    "confidence_score": 0.683243453502655,
    "ptm": 0.8076708912849426,
    "iptm": 0.0,
    "ligand_iptm": 0.0,
    "protein_iptm": 0.0,
    "complex_plddt": 0.8540542721748352,
    "complex_iplddt": 0.0,
    "complex_pde": 0.6173494458198547,
    "complex_ipde": 0.0,
    "chains_ptm": {
        "0": 0.8076708912849426
    },
    "pair_chains_iptm": {
        "0": {
            "0": 0.8076708912849426
        }
    }
}