{
    "confidence_score": 0.4319635331630707,
    "ptm": 0.20752021670341492,
    "iptm": 0.0,
    "ligand_iptm": 0.0,
    "protein_iptm": 0.0,
    "complex_plddt": 0.539954423904419,
    "complex_iplddt": 0.0,
    "complex_pde": 2.9780688285827637,
    "complex_ipde": 0.0,
    "chains_ptm": {
        "0": 0.20752021670341492
    },
    "pair_chains_iptm": {
        "0": {
            "0": 0.20752021670341492
        }
    }
}