{
    "confidence_score": 0.566459059715271,
    "ptm": 0.38197582960128784,
    "iptm": 0.0,
    "ligand_iptm": 0.0,
    "protein_iptm": 0.0,
    "complex_plddt": 0.7080737948417664,
    "complex_iplddt": 0.0,
    "complex_pde": 1.0756123065948486,
    "complex_ipde": 0.0,
    "chains_ptm": {
        "0": 0.38197582960128784
    },
    "pair_chains_iptm": {
        "0": {
            "0": 0.38197582960128784
        }
    }
}