{
    "plddts": {
        "model_1_pred_0": 67.52863181731655,
        "model_2_pred_0": 66.09399715141757,
        "model_3_pred_0": 66.06636707475991,
        "model_4_pred_0": 67.5215643905215,
        "model_5_pred_0": 65.68700415513699
    },
    "order": [
        "model_1_pred_0",
        "model_4_pred_0",
        "model_2_pred_0",
        "model_3_pred_0",
        "model_5_pred_0"
    ]
}