{
    "features": 4554.376549005508,
    "process_features_model_1_pred_0": 4.583727836608887,
    "predict_and_compile_model_1_pred_0": 466.96679759025574,
    "process_features_model_2_pred_0": 3.945648193359375,
    "predict_and_compile_model_2_pred_0": 424.33494567871094,
    "process_features_model_3_pred_0": 3.814422845840454,
    "predict_and_compile_model_3_pred_0": 392.48959469795227,
    "process_features_model_4_pred_0": 4.043715238571167,
    "predict_and_compile_model_4_pred_0": 394.49429178237915,
    "process_features_model_5_pred_0": 4.011002540588379,
    "predict_and_compile_model_5_pred_0": 366.36346554756165,
    "relax_model_1_pred_0": 129.01618909835815
}