{
    "confidence_score": 0.38940396904945374,
    "ptm": 0.3731379806995392,
    "iptm": 0.0,
    "ligand_iptm": 0.0,
    "protein_iptm": 0.0,
    "complex_plddt": 0.4867549538612366,
    "complex_iplddt": 0.0,
    "complex_pde": 3.0734641551971436,
    "complex_ipde": 0.0,
    "chains_ptm": {
        "0": 0.3731379806995392
    },
    "pair_chains_iptm": {
        "0": {
            "0": 0.3731379806995392
        }
    }
}