{
    "confidence_score": 0.5574049949645996,
    "ptm": 0.7027003765106201,
    "iptm": 0.0,
    "ligand_iptm": 0.0,
    "protein_iptm": 0.0,
    "complex_plddt": 0.6967562437057495,
    "complex_iplddt": 0.0,
    "complex_pde": 1.512775182723999,
    "complex_ipde": 0.0,
    "chains_ptm": {
        "0": 0.7027003765106201
    },
    "pair_chains_iptm": {
        "0": {
            "0": 0.7027003765106201
        }
    }
}