{
    "confidence_score": 0.7318171262741089,
    "ptm": 0.9371935725212097,
    "iptm": 0.0,
    "ligand_iptm": 0.0,
    "protein_iptm": 0.0,
    "complex_plddt": 0.9147713780403137,
    "complex_iplddt": 0.0,
    "complex_pde": 0.391956090927124,
    "complex_ipde": 0.0,
    "chains_ptm": {
        "0": 0.9371935725212097
    },
    "pair_chains_iptm": {
        "0": {
            "0": 0.9371935725212097
        }
    }
}