{
    "confidence_score": 0.53005450963974,
    "ptm": 0.4326806664466858,
    "iptm": 0.0,
    "ligand_iptm": 0.0,
    "protein_iptm": 0.0,
    "complex_plddt": 0.6625680923461914,
    "complex_iplddt": 0.0,
    "complex_pde": 2.2975614070892334,
    "complex_ipde": 0.0,
    "chains_ptm": {
        "0": 0.4326806664466858
    },
    "pair_chains_iptm": {
        "0": {
            "0": 0.4326806664466858
        }
    }
}