{
    "confidence_score": 0.690293550491333,
    "ptm": 0.8670784831047058,
    "iptm": 0.0,
    "ligand_iptm": 0.0,
    "protein_iptm": 0.0,
    "complex_plddt": 0.8628669381141663,
    "complex_iplddt": 0.0,
    "complex_pde": 0.6126328110694885,
    "complex_ipde": 0.0,
    "chains_ptm": {
        "0": 0.8670784831047058
    },
    "pair_chains_iptm": {
        "0": {
            "0": 0.8670784831047058
        }
    }
}