{
    "confidence_score": 0.6956869959831238,
    "ptm": 0.9216326475143433,
    "iptm": 0.0,
    "ligand_iptm": 0.0,
    "protein_iptm": 0.0,
    "complex_plddt": 0.8696087002754211,
    "complex_iplddt": 0.0,
    "complex_pde": 0.4152413010597229,
    "complex_ipde": 0.0,
    "chains_ptm": {
        "0": 0.9216326475143433
    },
    "pair_chains_iptm": {
        "0": {
            "0": 0.9216326475143433
        }
    }
}