{
    "features": 3793.3527994155884,
    "process_features_model_1_pred_0": 11.8786940574646,
    "predict_and_compile_model_1_pred_0": 302.9411895275116,
    "process_features_model_2_pred_0": 12.31985878944397,
    "predict_and_compile_model_2_pred_0": 295.6778495311737,
    "process_features_model_3_pred_0": 12.18671178817749,
    "predict_and_compile_model_3_pred_0": 266.49641823768616,
    "process_features_model_4_pred_0": 12.617975234985352,
    "predict_and_compile_model_4_pred_0": 259.3016471862793,
    "process_features_model_5_pred_0": 11.242577314376831,
    "predict_and_compile_model_5_pred_0": 243.30546259880066,
    "relax_model_3_pred_0": 104.46687054634094
}