{
    "confidence_score": 0.6676187515258789,
    "ptm": 0.8323984742164612,
    "iptm": 0.0,
    "ligand_iptm": 0.0,
    "protein_iptm": 0.0,
    "complex_plddt": 0.8345234394073486,
    "complex_iplddt": 0.0,
    "complex_pde": 0.7961801290512085,
    "complex_ipde": 0.0,
    "chains_ptm": {
        "0": 0.8323984742164612
    },
    "pair_chains_iptm": {
        "0": {
            "0": 0.8323984742164612
        }
    }
}