{
    "confidence_score": 0.6829251646995544,
    "ptm": 0.888534426689148,
    "iptm": 0.0,
    "ligand_iptm": 0.0,
    "protein_iptm": 0.0,
    "complex_plddt": 0.8536564707756042,
    "complex_iplddt": 0.0,
    "complex_pde": 0.6974572539329529,
    "complex_ipde": 0.0,
    "chains_ptm": {
        "0": 0.888534426689148
    },
    "pair_chains_iptm": {
        "0": {
            "0": 0.888534426689148
        }
    }
}