{
    "confidence_score": 0.6047481894493103,
    "ptm": 0.7484527826309204,
    "iptm": 0.0,
    "ligand_iptm": 0.0,
    "protein_iptm": 0.0,
    "complex_plddt": 0.7559351921081543,
    "complex_iplddt": 0.0,
    "complex_pde": 1.0830564498901367,
    "complex_ipde": 0.0,
    "chains_ptm": {
        "0": 0.7484527826309204
    },
    "pair_chains_iptm": {
        "0": {
            "0": 0.7484527826309204
        }
    }
}