{
    "confidence_score": 0.6424543261528015,
    "ptm": 0.8218939304351807,
    "iptm": 0.0,
    "ligand_iptm": 0.0,
    "protein_iptm": 0.0,
    "complex_plddt": 0.8030679225921631,
    "complex_iplddt": 0.0,
    "complex_pde": 0.6668077111244202,
    "complex_ipde": 0.0,
    "chains_ptm": {
        "0": 0.8218939304351807
    },
    "pair_chains_iptm": {
        "0": {
            "0": 0.8218939304351807
        }
    }
}