{
    "features": 5958.783838510513,
    "process_features_model_1_pred_0": 10.793139934539795,
    "predict_and_compile_model_1_pred_0": 469.1813540458679,
    "process_features_model_2_pred_0": 10.769590854644775,
    "predict_and_compile_model_2_pred_0": 428.9738185405731,
    "process_features_model_3_pred_0": 9.61311650276184,
    "predict_and_compile_model_3_pred_0": 404.06533765792847,
    "process_features_model_4_pred_0": 9.73843264579773,
    "predict_and_compile_model_4_pred_0": 402.02810621261597,
    "process_features_model_5_pred_0": 9.513705730438232,
    "predict_and_compile_model_5_pred_0": 374.56182074546814,
    "relax_model_4_pred_0": 71.49571752548218
}