{
    "confidence_score": 0.778012752532959,
    "ptm": 0.9723016023635864,
    "iptm": 0.0,
    "ligand_iptm": 0.0,
    "protein_iptm": 0.0,
    "complex_plddt": 0.9725159406661987,
    "complex_iplddt": 0.0,
    "complex_pde": 0.273965984582901,
    "complex_ipde": 0.0,
    "chains_ptm": {
        "0": 0.9723016023635864
    },
    "pair_chains_iptm": {
        "0": {
            "0": 0.9723016023635864
        }
    }
}