{
    "confidence_score": 0.6958715915679932,
    "ptm": 0.8261837363243103,
    "iptm": 0.0,
    "ligand_iptm": 0.0,
    "protein_iptm": 0.0,
    "complex_plddt": 0.8698394894599915,
    "complex_iplddt": 0.0,
    "complex_pde": 0.9879209399223328,
    "complex_ipde": 0.0,
    "chains_ptm": {
        "0": 0.8261837363243103
    },
    "pair_chains_iptm": {
        "0": {
            "0": 0.8261837363243103
        }
    }
}