{
    "confidence_score": 0.530447781085968,
    "ptm": 0.4250725507736206,
    "iptm": 0.0,
    "ligand_iptm": 0.0,
    "protein_iptm": 0.0,
    "complex_plddt": 0.6630597114562988,
    "complex_iplddt": 0.0,
    "complex_pde": 1.1067428588867188,
    "complex_ipde": 0.0,
    "chains_ptm": {
        "0": 0.4250725507736206
    },
    "pair_chains_iptm": {
        "0": {
            "0": 0.4250725507736206
        }
    }
}