{
    "confidence_score": 0.4279603064060211,
    "ptm": 0.27702459692955017,
    "iptm": 0.0,
    "ligand_iptm": 0.0,
    "protein_iptm": 0.0,
    "complex_plddt": 0.5349503755569458,
    "complex_iplddt": 0.0,
    "complex_pde": 2.353102207183838,
    "complex_ipde": 0.0,
    "chains_ptm": {
        "0": 0.27702459692955017
    },
    "pair_chains_iptm": {
        "0": {
            "0": 0.27702459692955017
        }
    }
}