{
    "confidence_score": 0.7304484844207764,
    "ptm": 0.9458293914794922,
    "iptm": 0.0,
    "ligand_iptm": 0.0,
    "protein_iptm": 0.0,
    "complex_plddt": 0.9130606055259705,
    "complex_iplddt": 0.0,
    "complex_pde": 0.40206649899482727,
    "complex_ipde": 0.0,
    "chains_ptm": {
        "0": 0.9458293914794922
    },
    "pair_chains_iptm": {
        "0": {
            "0": 0.9458293914794922
        }
    }
}