{
    "confidence_score": 0.43635064363479614,
    "ptm": 0.28470081090927124,
    "iptm": 0.0,
    "ligand_iptm": 0.0,
    "protein_iptm": 0.0,
    "complex_plddt": 0.545438289642334,
    "complex_iplddt": 0.0,
    "complex_pde": 2.2780628204345703,
    "complex_ipde": 0.0,
    "chains_ptm": {
        "0": 0.28470081090927124
    },
    "pair_chains_iptm": {
        "0": {
            "0": 0.28470081090927124
        }
    }
}