{
    "confidence_score": 0.7065239548683167,
    "ptm": 0.8488674759864807,
    "iptm": 0.0,
    "ligand_iptm": 0.0,
    "protein_iptm": 0.0,
    "complex_plddt": 0.8831549286842346,
    "complex_iplddt": 0.0,
    "complex_pde": 0.764266848564148,
    "complex_ipde": 0.0,
    "chains_ptm": {
        "0": 0.8488674759864807
    },
    "pair_chains_iptm": {
        "0": {
            "0": 0.8488674759864807
        }
    }
}