{
    "confidence_score": 0.5289788246154785,
    "ptm": 0.4605245888233185,
    "iptm": 0.0,
    "ligand_iptm": 0.0,
    "protein_iptm": 0.0,
    "complex_plddt": 0.6612235307693481,
    "complex_iplddt": 0.0,
    "complex_pde": 1.250529170036316,
    "complex_ipde": 0.0,
    "chains_ptm": {
        "0": 0.4605245888233185
    },
    "pair_chains_iptm": {
        "0": {
            "0": 0.4605245888233185
        }
    }
}