{
    "confidence_score": 0.5327447056770325,
    "ptm": 0.5766045451164246,
    "iptm": 0.0,
    "ligand_iptm": 0.0,
    "protein_iptm": 0.0,
    "complex_plddt": 0.6659308671951294,
    "complex_iplddt": 0.0,
    "complex_pde": 1.4170805215835571,
    "complex_ipde": 0.0,
    "chains_ptm": {
        "0": 0.5766045451164246
    },
    "pair_chains_iptm": {
        "0": {
            "0": 0.5766045451164246
        }
    }
}