{
    "confidence_score": 0.5601092576980591,
    "ptm": 0.7058922052383423,
    "iptm": 0.0,
    "ligand_iptm": 0.0,
    "protein_iptm": 0.0,
    "complex_plddt": 0.7001365423202515,
    "complex_iplddt": 0.0,
    "complex_pde": 1.8158459663391113,
    "complex_ipde": 0.0,
    "chains_ptm": {
        "0": 0.7058922052383423
    },
    "pair_chains_iptm": {
        "0": {
            "0": 0.7058922052383423
        }
    }
}