{
    "confidence_score": 0.6489255428314209,
    "ptm": 0.9014001488685608,
    "iptm": 0.0,
    "ligand_iptm": 0.0,
    "protein_iptm": 0.0,
    "complex_plddt": 0.8111569285392761,
    "complex_iplddt": 0.0,
    "complex_pde": 0.37601470947265625,
    "complex_ipde": 0.0,
    "chains_ptm": {
        "0": 0.9014001488685608
    },
    "pair_chains_iptm": {
        "0": {
            "0": 0.9014001488685608
        }
    }
}