{
    "confidence_score": 0.5272971391677856,
    "ptm": 0.30630582571029663,
    "iptm": 0.0,
    "ligand_iptm": 0.0,
    "protein_iptm": 0.0,
    "complex_plddt": 0.6591213941574097,
    "complex_iplddt": 0.0,
    "complex_pde": 3.620020866394043,
    "complex_ipde": 0.0,
    "chains_ptm": {
        "0": 0.30630582571029663
    },
    "pair_chains_iptm": {
        "0": {
            "0": 0.30630582571029663
        }
    }
}