{
    "confidence_score": 0.4478023946285248,
    "ptm": 0.399258553981781,
    "iptm": 0.0,
    "ligand_iptm": 0.0,
    "protein_iptm": 0.0,
    "complex_plddt": 0.5597530007362366,
    "complex_iplddt": 0.0,
    "complex_pde": 1.86179518699646,
    "complex_ipde": 0.0,
    "chains_ptm": {
        "0": 0.399258553981781
    },
    "pair_chains_iptm": {
        "0": {
            "0": 0.399258553981781
        }
    }
}