{
    "confidence_score": 0.4788258969783783,
    "ptm": 0.4958784580230713,
    "iptm": 0.0,
    "ligand_iptm": 0.0,
    "protein_iptm": 0.0,
    "complex_plddt": 0.5985323786735535,
    "complex_iplddt": 0.0,
    "complex_pde": 1.6874961853027344,
    "complex_ipde": 0.0,
    "chains_ptm": {
        "0": 0.4958784580230713
    },
    "pair_chains_iptm": {
        "0": {
            "0": 0.4958784580230713
        }
    }
}