{
    "confidence_score": 0.5848569869995117,
    "ptm": 0.44067293405532837,
    "iptm": 0.0,
    "ligand_iptm": 0.0,
    "protein_iptm": 0.0,
    "complex_plddt": 0.7310712337493896,
    "complex_iplddt": 0.0,
    "complex_pde": 1.370572566986084,
    "complex_ipde": 0.0,
    "chains_ptm": {
        "0": 0.44067293405532837
    },
    "pair_chains_iptm": {
        "0": {
            "0": 0.44067293405532837
        }
    }
}