{
    "confidence_score": 0.6291927695274353,
    "ptm": 0.8556955456733704,
    "iptm": 0.0,
    "ligand_iptm": 0.0,
    "protein_iptm": 0.0,
    "complex_plddt": 0.7864909172058105,
    "complex_iplddt": 0.0,
    "complex_pde": 0.42319217324256897,
    "complex_ipde": 0.0,
    "chains_ptm": {
        "0": 0.8556955456733704
    },
    "pair_chains_iptm": {
        "0": {
            "0": 0.8556955456733704
        }
    }
}