{
    "confidence_score": 0.72403484582901,
    "ptm": 0.8604741096496582,
    "iptm": 0.0,
    "ligand_iptm": 0.0,
    "protein_iptm": 0.0,
    "complex_plddt": 0.9050435423851013,
    "complex_iplddt": 0.0,
    "complex_pde": 0.4899260699748993,
    "complex_ipde": 0.0,
    "chains_ptm": {
        "0": 0.8604741096496582
    },
    "pair_chains_iptm": {
        "0": {
            "0": 0.8604741096496582
        }
    }
}