{
    "confidence_score": 0.56002277135849,
    "ptm": 0.2878149151802063,
    "iptm": 0.0,
    "ligand_iptm": 0.0,
    "protein_iptm": 0.0,
    "complex_plddt": 0.7000284194946289,
    "complex_iplddt": 0.0,
    "complex_pde": 1.700448751449585,
    "complex_ipde": 0.0,
    "chains_ptm": {
        "0": 0.2878149151802063
    },
    "pair_chains_iptm": {
        "0": {
            "0": 0.2878149151802063
        }
    }
}