{
    "confidence_score": 0.6675897240638733,
    "ptm": 0.8727220296859741,
    "iptm": 0.0,
    "ligand_iptm": 0.0,
    "protein_iptm": 0.0,
    "complex_plddt": 0.8344871401786804,
    "complex_iplddt": 0.0,
    "complex_pde": 0.6446175575256348,
    "complex_ipde": 0.0,
    "chains_ptm": {
        "0": 0.8727220296859741
    },
    "pair_chains_iptm": {
        "0": {
            "0": 0.8727220296859741
        }
    }
}