{
    "confidence_score": 0.7294954657554626,
    "ptm": 0.9146950840950012,
    "iptm": 0.0,
    "ligand_iptm": 0.0,
    "protein_iptm": 0.0,
    "complex_plddt": 0.9118693470954895,
    "complex_iplddt": 0.0,
    "complex_pde": 0.4273577928543091,
    "complex_ipde": 0.0,
    "chains_ptm": {
        "0": 0.9146950840950012
    },
    "pair_chains_iptm": {
        "0": {
            "0": 0.9146950840950012
        }
    }
}