{
    "confidence_score": 0.7414540648460388,
    "ptm": 0.9444031715393066,
    "iptm": 0.0,
    "ligand_iptm": 0.0,
    "protein_iptm": 0.0,
    "complex_plddt": 0.9268175363540649,
    "complex_iplddt": 0.0,
    "complex_pde": 0.39633628726005554,
    "complex_ipde": 0.0,
    "chains_ptm": {
        "0": 0.9444031715393066
    },
    "pair_chains_iptm": {
        "0": {
            "0": 0.9444031715393066
        }
    }
}