{
    "confidence_score": 0.701680064201355,
    "ptm": 0.7589051127433777,
    "iptm": 0.0,
    "ligand_iptm": 0.0,
    "protein_iptm": 0.0,
    "complex_plddt": 0.8771000504493713,
    "complex_iplddt": 0.0,
    "complex_pde": 0.5290822982788086,
    "complex_ipde": 0.0,
    "chains_ptm": {
        "0": 0.7589051127433777
    },
    "pair_chains_iptm": {
        "0": {
            "0": 0.7589051127433777
        }
    }
}