{
    "confidence_score": 0.654021143913269,
    "ptm": 0.8200857639312744,
    "iptm": 0.0,
    "ligand_iptm": 0.0,
    "protein_iptm": 0.0,
    "complex_plddt": 0.8175264000892639,
    "complex_iplddt": 0.0,
    "complex_pde": 0.6514683961868286,
    "complex_ipde": 0.0,
    "chains_ptm": {
        "0": 0.8200857639312744
    },
    "pair_chains_iptm": {
        "0": {
            "0": 0.8200857639312744
        }
    }
}