{
    "plddts": {
        "model_1_pred_0": 70.49735463490342,
        "model_2_pred_0": 69.1672758963581,
        "model_3_pred_0": 71.59573867852824,
        "model_4_pred_0": 70.71103291519776,
        "model_5_pred_0": 70.17685593091181
    },
    "order": [
        "model_3_pred_0",
        "model_4_pred_0",
        "model_1_pred_0",
        "model_5_pred_0",
        "model_2_pred_0"
    ]
}