{
    "features": 6473.8300013542175,
    "process_features_model_1_pred_0": 23.962397575378418,
    "predict_and_compile_model_1_pred_0": 1141.0453209877014,
    "process_features_model_2_pred_0": 34.19076132774353,
    "predict_and_compile_model_2_pred_0": 1054.898119688034,
    "process_features_model_3_pred_0": 26.581857681274414,
    "predict_and_compile_model_3_pred_0": 1000.0006856918335,
    "process_features_model_4_pred_0": 26.113139152526855,
    "predict_and_compile_model_4_pred_0": 996.4102067947388,
    "process_features_model_5_pred_0": 24.457062005996704,
    "predict_and_compile_model_5_pred_0": 924.9466927051544,
    "relax_model_3_pred_0": 479.16096210479736
}