{
    "confidence_score": 0.6455779671669006,
    "ptm": 0.5113803148269653,
    "iptm": 0.0,
    "ligand_iptm": 0.0,
    "protein_iptm": 0.0,
    "complex_plddt": 0.8069724440574646,
    "complex_iplddt": 0.0,
    "complex_pde": 0.7533077001571655,
    "complex_ipde": 0.0,
    "chains_ptm": {
        "0": 0.5113803148269653
    },
    "pair_chains_iptm": {
        "0": {
            "0": 0.5113803148269653
        }
    }
}