{
    "confidence_score": 0.6111487746238708,
    "ptm": 0.7736432552337646,
    "iptm": 0.0,
    "ligand_iptm": 0.0,
    "protein_iptm": 0.0,
    "complex_plddt": 0.763935923576355,
    "complex_iplddt": 0.0,
    "complex_pde": 1.0422072410583496,
    "complex_ipde": 0.0,
    "chains_ptm": {
        "0": 0.7736432552337646
    },
    "pair_chains_iptm": {
        "0": {
            "0": 0.7736432552337646
        }
    }
}