{
    "confidence_score": 0.6214393973350525,
    "ptm": 0.7740541100502014,
    "iptm": 0.0,
    "ligand_iptm": 0.0,
    "protein_iptm": 0.0,
    "complex_plddt": 0.776799201965332,
    "complex_iplddt": 0.0,
    "complex_pde": 0.9011350870132446,
    "complex_ipde": 0.0,
    "chains_ptm": {
        "0": 0.7740541100502014
    },
    "pair_chains_iptm": {
        "0": {
            "0": 0.7740541100502014
        }
    }
}