{
    "confidence_score": 0.717393159866333,
    "ptm": 0.8011167049407959,
    "iptm": 0.0,
    "ligand_iptm": 0.0,
    "protein_iptm": 0.0,
    "complex_plddt": 0.8967414498329163,
    "complex_iplddt": 0.0,
    "complex_pde": 0.8259817957878113,
    "complex_ipde": 0.0,
    "chains_ptm": {
        "0": 0.8011167049407959
    },
    "pair_chains_iptm": {
        "0": {
            "0": 0.8011167049407959
        }
    }
}