{
    "plddts": {
        "model_1_pred_0": 64.9691304558149,
        "model_2_pred_0": 57.53232366490014,
        "model_3_pred_0": 64.20440582433967,
        "model_4_pred_0": 65.11887278813393,
        "model_5_pred_0": 66.58344060033372
    },
    "order": [
        "model_5_pred_0",
        "model_4_pred_0",
        "model_1_pred_0",
        "model_3_pred_0",
        "model_2_pred_0"
    ]
}