{
    "features": 6627.808020353317,
    "process_features_model_1_pred_0": 21.31925892829895,
    "predict_and_compile_model_1_pred_0": 713.5869786739349,
    "process_features_model_2_pred_0": 21.6275737285614,
    "predict_and_compile_model_2_pred_0": 646.9876289367676,
    "process_features_model_3_pred_0": 21.08915948867798,
    "predict_and_compile_model_3_pred_0": 607.8221561908722,
    "process_features_model_4_pred_0": 20.96587896347046,
    "predict_and_compile_model_4_pred_0": 607.6629214286804,
    "process_features_model_5_pred_0": 21.53117871284485,
    "predict_and_compile_model_5_pred_0": 561.5733847618103,
    "relax_model_5_pred_0": 116.78784847259521
}