{
    "confidence_score": 0.4520055949687958,
    "ptm": 0.4582585394382477,
    "iptm": 0.0,
    "ligand_iptm": 0.0,
    "protein_iptm": 0.0,
    "complex_plddt": 0.5650069713592529,
    "complex_iplddt": 0.0,
    "complex_pde": 2.0898070335388184,
    "complex_ipde": 0.0,
    "chains_ptm": {
        "0": 0.4582585394382477
    },
    "pair_chains_iptm": {
        "0": {
            "0": 0.4582585394382477
        }
    }
}