{
    "confidence_score": 0.6485382914543152,
    "ptm": 0.8111187219619751,
    "iptm": 0.0,
    "ligand_iptm": 0.0,
    "protein_iptm": 0.0,
    "complex_plddt": 0.8106728792190552,
    "complex_iplddt": 0.0,
    "complex_pde": 0.8368607759475708,
    "complex_ipde": 0.0,
    "chains_ptm": {
        "0": 0.8111187219619751
    },
    "pair_chains_iptm": {
        "0": {
            "0": 0.8111187219619751
        }
    }
}