{
    "confidence_score": 0.616327702999115,
    "ptm": 0.4030352532863617,
    "iptm": 0.0,
    "ligand_iptm": 0.0,
    "protein_iptm": 0.0,
    "complex_plddt": 0.7704095840454102,
    "complex_iplddt": 0.0,
    "complex_pde": 0.6525043249130249,
    "complex_ipde": 0.0,
    "chains_ptm": {
        "0": 0.4030352532863617
    },
    "pair_chains_iptm": {
        "0": {
            "0": 0.4030352532863617
        }
    }
}