{
    "confidence_score": 0.6272351145744324,
    "ptm": 0.6157301068305969,
    "iptm": 0.0,
    "ligand_iptm": 0.0,
    "protein_iptm": 0.0,
    "complex_plddt": 0.7840438485145569,
    "complex_iplddt": 0.0,
    "complex_pde": 0.9513797760009766,
    "complex_ipde": 0.0,
    "chains_ptm": {
        "0": 0.6157301068305969
    },
    "pair_chains_iptm": {
        "0": {
            "0": 0.6157301068305969
        }
    }
}