{
    "confidence_score": 0.5893214344978333,
    "ptm": 0.6105256676673889,
    "iptm": 0.0,
    "ligand_iptm": 0.0,
    "protein_iptm": 0.0,
    "complex_plddt": 0.7366517782211304,
    "complex_iplddt": 0.0,
    "complex_pde": 0.6862634420394897,
    "complex_ipde": 0.0,
    "chains_ptm": {
        "0": 0.6105256676673889
    },
    "pair_chains_iptm": {
        "0": {
            "0": 0.6105256676673889
        }
    }
}