{
    "confidence_score": 0.5846154093742371,
    "ptm": 0.43674686551094055,
    "iptm": 0.0,
    "ligand_iptm": 0.0,
    "protein_iptm": 0.0,
    "complex_plddt": 0.7307692766189575,
    "complex_iplddt": 0.0,
    "complex_pde": 1.88985013961792,
    "complex_ipde": 0.0,
    "chains_ptm": {
        "0": 0.43674686551094055
    },
    "pair_chains_iptm": {
        "0": {
            "0": 0.43674686551094055
        }
    }
}