{
    "confidence_score": 0.6106494665145874,
    "ptm": 0.7459067106246948,
    "iptm": 0.0,
    "ligand_iptm": 0.0,
    "protein_iptm": 0.0,
    "complex_plddt": 0.7633118033409119,
    "complex_iplddt": 0.0,
    "complex_pde": 0.710368812084198,
    "complex_ipde": 0.0,
    "chains_ptm": {
        "0": 0.7459067106246948
    },
    "pair_chains_iptm": {
        "0": {
            "0": 0.7459067106246948
        }
    }
}