{
    "confidence_score": 0.6700452566146851,
    "ptm": 0.8124402165412903,
    "iptm": 0.0,
    "ligand_iptm": 0.0,
    "protein_iptm": 0.0,
    "complex_plddt": 0.8375565409660339,
    "complex_iplddt": 0.0,
    "complex_pde": 0.4968256950378418,
    "complex_ipde": 0.0,
    "chains_ptm": {
        "0": 0.8124402165412903
    },
    "pair_chains_iptm": {
        "0": {
            "0": 0.8124402165412903
        }
    }
}