{
    "confidence_score": 0.6580278277397156,
    "ptm": 0.8169131278991699,
    "iptm": 0.0,
    "ligand_iptm": 0.0,
    "protein_iptm": 0.0,
    "complex_plddt": 0.8225347995758057,
    "complex_iplddt": 0.0,
    "complex_pde": 0.5631908774375916,
    "complex_ipde": 0.0,
    "chains_ptm": {
        "0": 0.8169131278991699
    },
    "pair_chains_iptm": {
        "0": {
            "0": 0.8169131278991699
        }
    }
}