{
    "confidence_score": 0.742159903049469,
    "ptm": 0.9486787915229797,
    "iptm": 0.0,
    "ligand_iptm": 0.0,
    "protein_iptm": 0.0,
    "complex_plddt": 0.927699863910675,
    "complex_iplddt": 0.0,
    "complex_pde": 0.4431682229042053,
    "complex_ipde": 0.0,
    "chains_ptm": {
        "0": 0.9486787915229797
    },
    "pair_chains_iptm": {
        "0": {
            "0": 0.9486787915229797
        }
    }
}