{
    "confidence_score": 0.6123701333999634,
    "ptm": 0.5568318367004395,
    "iptm": 0.0,
    "ligand_iptm": 0.0,
    "protein_iptm": 0.0,
    "complex_plddt": 0.7654626369476318,
    "complex_iplddt": 0.0,
    "complex_pde": 0.8282544612884521,
    "complex_ipde": 0.0,
    "chains_ptm": {
        "0": 0.5568318367004395
    },
    "pair_chains_iptm": {
        "0": {
            "0": 0.5568318367004395
        }
    }
}