{
    "confidence_score": 0.7664444446563721,
    "ptm": 0.962285041809082,
    "iptm": 0.0,
    "ligand_iptm": 0.0,
    "protein_iptm": 0.0,
    "complex_plddt": 0.9580555558204651,
    "complex_iplddt": 0.0,
    "complex_pde": 0.30531811714172363,
    "complex_ipde": 0.0,
    "chains_ptm": {
        "0": 0.962285041809082
    },
    "pair_chains_iptm": {
        "0": {
            "0": 0.962285041809082
        }
    }
}