{
    "confidence_score": 0.6603321433067322,
    "ptm": 0.7111274600028992,
    "iptm": 0.0,
    "ligand_iptm": 0.0,
    "protein_iptm": 0.0,
    "complex_plddt": 0.8254151344299316,
    "complex_iplddt": 0.0,
    "complex_pde": 0.9304094314575195,
    "complex_ipde": 0.0,
    "chains_ptm": {
        "0": 0.7111274600028992
    },
    "pair_chains_iptm": {
        "0": {
            "0": 0.7111274600028992
        }
    }
}