{
    "confidence_score": 0.5180162787437439,
    "ptm": 0.4523644745349884,
    "iptm": 0.0,
    "ligand_iptm": 0.0,
    "protein_iptm": 0.0,
    "complex_plddt": 0.6475203633308411,
    "complex_iplddt": 0.0,
    "complex_pde": 2.0416598320007324,
    "complex_ipde": 0.0,
    "chains_ptm": {
        "0": 0.4523644745349884
    },
    "pair_chains_iptm": {
        "0": {
            "0": 0.4523644745349884
        }
    }
}