{
    "confidence_score": 0.7456247210502625,
    "ptm": 0.9365134835243225,
    "iptm": 0.0,
    "ligand_iptm": 0.0,
    "protein_iptm": 0.0,
    "complex_plddt": 0.9320309162139893,
    "complex_iplddt": 0.0,
    "complex_pde": 0.3259357810020447,
    "complex_ipde": 0.0,
    "chains_ptm": {
        "0": 0.9365134835243225
    },
    "pair_chains_iptm": {
        "0": {
            "0": 0.9365134835243225
        }
    }
}