{
    "confidence_score": 0.6794796586036682,
    "ptm": 0.9165904521942139,
    "iptm": 0.0,
    "ligand_iptm": 0.0,
    "protein_iptm": 0.0,
    "complex_plddt": 0.8493495583534241,
    "complex_iplddt": 0.0,
    "complex_pde": 0.5426369309425354,
    "complex_ipde": 0.0,
    "chains_ptm": {
        "0": 0.9165904521942139
    },
    "pair_chains_iptm": {
        "0": {
            "0": 0.9165904521942139
        }
    }
}