{
    "confidence_score": 0.5738885998725891,
    "ptm": 0.5131378173828125,
    "iptm": 0.0,
    "ligand_iptm": 0.0,
    "protein_iptm": 0.0,
    "complex_plddt": 0.7173607349395752,
    "complex_iplddt": 0.0,
    "complex_pde": 2.3261477947235107,
    "complex_ipde": 0.0,
    "chains_ptm": {
        "0": 0.5131378173828125
    },
    "pair_chains_iptm": {
        "0": {
            "0": 0.5131378173828125
        }
    }
}