{
    "confidence_score": 0.7491565942764282,
    "ptm": 0.9420796632766724,
    "iptm": 0.0,
    "ligand_iptm": 0.0,
    "protein_iptm": 0.0,
    "complex_plddt": 0.9364457130432129,
    "complex_iplddt": 0.0,
    "complex_pde": 0.36069613695144653,
    "complex_ipde": 0.0,
    "chains_ptm": {
        "0": 0.9420796632766724
    },
    "pair_chains_iptm": {
        "0": {
            "0": 0.9420796632766724
        }
    }
}