{
    "confidence_score": 0.7411841750144958,
    "ptm": 0.9161930680274963,
    "iptm": 0.0,
    "ligand_iptm": 0.0,
    "protein_iptm": 0.0,
    "complex_plddt": 0.9264801740646362,
    "complex_iplddt": 0.0,
    "complex_pde": 0.3667190372943878,
    "complex_ipde": 0.0,
    "chains_ptm": {
        "0": 0.9161930680274963
    },
    "pair_chains_iptm": {
        "0": {
            "0": 0.9161930680274963
        }
    }
}