{
    "confidence_score": 0.5837841033935547,
    "ptm": 0.7006576657295227,
    "iptm": 0.0,
    "ligand_iptm": 0.0,
    "protein_iptm": 0.0,
    "complex_plddt": 0.7297301292419434,
    "complex_iplddt": 0.0,
    "complex_pde": 0.9851260185241699,
    "complex_ipde": 0.0,
    "chains_ptm": {
        "0": 0.7006576657295227
    },
    "pair_chains_iptm": {
        "0": {
            "0": 0.7006576657295227
        }
    }
}