{
    "confidence_score": 0.46984440088272095,
    "ptm": 0.3231830298900604,
    "iptm": 0.0,
    "ligand_iptm": 0.0,
    "protein_iptm": 0.0,
    "complex_plddt": 0.58730548620224,
    "complex_iplddt": 0.0,
    "complex_pde": 1.5881786346435547,
    "complex_ipde": 0.0,
    "chains_ptm": {
        "0": 0.3231830298900604
    },
    "pair_chains_iptm": {
        "0": {
            "0": 0.3231830298900604
        }
    }
}