{
    "confidence_score": 0.5137567520141602,
    "ptm": 0.3319922387599945,
    "iptm": 0.0,
    "ligand_iptm": 0.0,
    "protein_iptm": 0.0,
    "complex_plddt": 0.6421959400177002,
    "complex_iplddt": 0.0,
    "complex_pde": 1.1235729455947876,
    "complex_ipde": 0.0,
    "chains_ptm": {
        "0": 0.3319922387599945
    },
    "pair_chains_iptm": {
        "0": {
            "0": 0.3319922387599945
        }
    }
}