{
    "confidence_score": 0.5376246571540833,
    "ptm": 0.737746000289917,
    "iptm": 0.0,
    "ligand_iptm": 0.0,
    "protein_iptm": 0.0,
    "complex_plddt": 0.6720308065414429,
    "complex_iplddt": 0.0,
    "complex_pde": 0.9898180365562439,
    "complex_ipde": 0.0,
    "chains_ptm": {
        "0": 0.737746000289917
    },
    "pair_chains_iptm": {
        "0": {
            "0": 0.737746000289917
        }
    }
}