{
    "confidence_score": 0.5433856844902039,
    "ptm": 0.7522228360176086,
    "iptm": 0.0,
    "ligand_iptm": 0.0,
    "protein_iptm": 0.0,
    "complex_plddt": 0.679232120513916,
    "complex_iplddt": 0.0,
    "complex_pde": 0.6595475673675537,
    "complex_ipde": 0.0,
    "chains_ptm": {
        "0": 0.7522228360176086
    },
    "pair_chains_iptm": {
        "0": {
            "0": 0.7522228360176086
        }
    }
}