{
    "confidence_score": 0.6913524866104126,
    "ptm": 0.8768821358680725,
    "iptm": 0.0,
    "ligand_iptm": 0.0,
    "protein_iptm": 0.0,
    "complex_plddt": 0.8641905784606934,
    "complex_iplddt": 0.0,
    "complex_pde": 0.713966429233551,
    "complex_ipde": 0.0,
    "chains_ptm": {
        "0": 0.8768821358680725
    },
    "pair_chains_iptm": {
        "0": {
            "0": 0.8768821358680725
        }
    }
}