{
    "confidence_score": 0.629631519317627,
    "ptm": 0.5641676187515259,
    "iptm": 0.0,
    "ligand_iptm": 0.0,
    "protein_iptm": 0.0,
    "complex_plddt": 0.7870393991470337,
    "complex_iplddt": 0.0,
    "complex_pde": 0.6002139449119568,
    "complex_ipde": 0.0,
    "chains_ptm": {
        "0": 0.5641676187515259
    },
    "pair_chains_iptm": {
        "0": {
            "0": 0.5641676187515259
        }
    }
}