{
    "confidence_score": 0.7316007018089294,
    "ptm": 0.9423075914382935,
    "iptm": 0.0,
    "ligand_iptm": 0.0,
    "protein_iptm": 0.0,
    "complex_plddt": 0.914500892162323,
    "complex_iplddt": 0.0,
    "complex_pde": 0.43544161319732666,
    "complex_ipde": 0.0,
    "chains_ptm": {
        "0": 0.9423075914382935
    },
    "pair_chains_iptm": {
        "0": {
            "0": 0.9423075914382935
        }
    }
}