{
    "confidence_score": 0.5713075995445251,
    "ptm": 0.40681785345077515,
    "iptm": 0.0,
    "ligand_iptm": 0.0,
    "protein_iptm": 0.0,
    "complex_plddt": 0.7141344547271729,
    "complex_iplddt": 0.0,
    "complex_pde": 1.2695811986923218,
    "complex_ipde": 0.0,
    "chains_ptm": {
        "0": 0.40681785345077515
    },
    "pair_chains_iptm": {
        "0": {
            "0": 0.40681785345077515
        }
    }
}