{
    "confidence_score": 0.5881720185279846,
    "ptm": 0.8722713589668274,
    "iptm": 0.0,
    "ligand_iptm": 0.0,
    "protein_iptm": 0.0,
    "complex_plddt": 0.7352150082588196,
    "complex_iplddt": 0.0,
    "complex_pde": 0.6223170757293701,
    "complex_ipde": 0.0,
    "chains_ptm": {
        "0": 0.8722713589668274
    },
    "pair_chains_iptm": {
        "0": {
            "0": 0.8722713589668274
        }
    }
}