{
    "confidence_score": 0.6996278166770935,
    "ptm": 0.9116706848144531,
    "iptm": 0.0,
    "ligand_iptm": 0.0,
    "protein_iptm": 0.0,
    "complex_plddt": 0.8745347261428833,
    "complex_iplddt": 0.0,
    "complex_pde": 0.4700761139392853,
    "complex_ipde": 0.0,
    "chains_ptm": {
        "0": 0.9116706848144531
    },
    "pair_chains_iptm": {
        "0": {
            "0": 0.9116706848144531
        }
    }
}