{
    "confidence_score": 0.5701374411582947,
    "ptm": 0.5691091418266296,
    "iptm": 0.0,
    "ligand_iptm": 0.0,
    "protein_iptm": 0.0,
    "complex_plddt": 0.7126718163490295,
    "complex_iplddt": 0.0,
    "complex_pde": 1.6734832525253296,
    "complex_ipde": 0.0,
    "chains_ptm": {
        "0": 0.5691091418266296
    },
    "pair_chains_iptm": {
        "0": {
            "0": 0.5691091418266296
        }
    }
}