{
    "confidence_score": 0.7418505549430847,
    "ptm": 0.887067973613739,
    "iptm": 0.0,
    "ligand_iptm": 0.0,
    "protein_iptm": 0.0,
    "complex_plddt": 0.9273132085800171,
    "complex_iplddt": 0.0,
    "complex_pde": 0.3895658254623413,
    "complex_ipde": 0.0,
    "chains_ptm": {
        "0": 0.887067973613739
    },
    "pair_chains_iptm": {
        "0": {
            "0": 0.887067973613739
        }
    }
}