{
    "confidence_score": 0.47840777039527893,
    "ptm": 0.49166402220726013,
    "iptm": 0.0,
    "ligand_iptm": 0.0,
    "protein_iptm": 0.0,
    "complex_plddt": 0.5980097055435181,
    "complex_iplddt": 0.0,
    "complex_pde": 1.256385087966919,
    "complex_ipde": 0.0,
    "chains_ptm": {
        "0": 0.49166402220726013
    },
    "pair_chains_iptm": {
        "0": {
            "0": 0.49166402220726013
        }
    }
}