{
    "confidence_score": 0.7105752229690552,
    "ptm": 0.7425195574760437,
    "iptm": 0.0,
    "ligand_iptm": 0.0,
    "protein_iptm": 0.0,
    "complex_plddt": 0.8882189989089966,
    "complex_iplddt": 0.0,
    "complex_pde": 0.6153416037559509,
    "complex_ipde": 0.0,
    "chains_ptm": {
        "0": 0.7425195574760437
    },
    "pair_chains_iptm": {
        "0": {
            "0": 0.7425195574760437
        }
    }
}