{
    "confidence_score": 0.6435189843177795,
    "ptm": 0.665866494178772,
    "iptm": 0.0,
    "ligand_iptm": 0.0,
    "protein_iptm": 0.0,
    "complex_plddt": 0.8043987154960632,
    "complex_iplddt": 0.0,
    "complex_pde": 0.7676182389259338,
    "complex_ipde": 0.0,
    "chains_ptm": {
        "0": 0.665866494178772
    },
    "pair_chains_iptm": {
        "0": {
            "0": 0.665866494178772
        }
    }
}