{
    "confidence_score": 0.6067546606063843,
    "ptm": 0.6708962917327881,
    "iptm": 0.0,
    "ligand_iptm": 0.0,
    "protein_iptm": 0.0,
    "complex_plddt": 0.758443295955658,
    "complex_iplddt": 0.0,
    "complex_pde": 1.2188427448272705,
    "complex_ipde": 0.0,
    "chains_ptm": {
        "0": 0.6708962917327881
    },
    "pair_chains_iptm": {
        "0": {
            "0": 0.6708962917327881
        }
    }
}