{
    "plddts": {
        "model_1_pred_0": 67.78025579680354,
        "model_2_pred_0": 65.96831037677791,
        "model_3_pred_0": 66.82282463625923,
        "model_4_pred_0": 69.19443397761633,
        "model_5_pred_0": 64.6094294614345
    },
    "order": [
        "model_4_pred_0",
        "model_1_pred_0",
        "model_3_pred_0",
        "model_2_pred_0",
        "model_5_pred_0"
    ]
}