{
    "confidence_score": 0.6531417965888977,
    "ptm": 0.7507639527320862,
    "iptm": 0.0,
    "ligand_iptm": 0.0,
    "protein_iptm": 0.0,
    "complex_plddt": 0.8164272308349609,
    "complex_iplddt": 0.0,
    "complex_pde": 0.7832182049751282,
    "complex_ipde": 0.0,
    "chains_ptm": {
        "0": 0.7507639527320862
    },
    "pair_chains_iptm": {
        "0": {
            "0": 0.7507639527320862
        }
    }
}