{
    "confidence_score": 0.6569125056266785,
    "ptm": 0.8587396740913391,
    "iptm": 0.0,
    "ligand_iptm": 0.0,
    "protein_iptm": 0.0,
    "complex_plddt": 0.8211406469345093,
    "complex_iplddt": 0.0,
    "complex_pde": 0.7136164307594299,
    "complex_ipde": 0.0,
    "chains_ptm": {
        "0": 0.8587396740913391
    },
    "pair_chains_iptm": {
        "0": {
            "0": 0.8587396740913391
        }
    }
}