{
    "confidence_score": 0.3562568426132202,
    "ptm": 0.38097232580184937,
    "iptm": 0.0,
    "ligand_iptm": 0.0,
    "protein_iptm": 0.0,
    "complex_plddt": 0.44532105326652527,
    "complex_iplddt": 0.0,
    "complex_pde": 2.7084691524505615,
    "complex_ipde": 0.0,
    "chains_ptm": {
        "0": 0.38097232580184937
    },
    "pair_chains_iptm": {
        "0": {
            "0": 0.38097232580184937
        }
    }
}