{
    "confidence_score": 0.6523584723472595,
    "ptm": 0.5521339178085327,
    "iptm": 0.0,
    "ligand_iptm": 0.0,
    "protein_iptm": 0.0,
    "complex_plddt": 0.8154481053352356,
    "complex_iplddt": 0.0,
    "complex_pde": 0.9838758111000061,
    "complex_ipde": 0.0,
    "chains_ptm": {
        "0": 0.5521339178085327
    },
    "pair_chains_iptm": {
        "0": {
            "0": 0.5521339178085327
        }
    }
}