{
    "confidence_score": 0.7185443639755249,
    "ptm": 0.8114203214645386,
    "iptm": 0.0,
    "ligand_iptm": 0.0,
    "protein_iptm": 0.0,
    "complex_plddt": 0.8981804251670837,
    "complex_iplddt": 0.0,
    "complex_pde": 0.43096423149108887,
    "complex_ipde": 0.0,
    "chains_ptm": {
        "0": 0.8114203214645386
    },
    "pair_chains_iptm": {
        "0": {
            "0": 0.8114203214645386
        }
    }
}