{
    "confidence_score": 0.6668637990951538,
    "ptm": 0.509803831577301,
    "iptm": 0.0,
    "ligand_iptm": 0.0,
    "protein_iptm": 0.0,
    "complex_plddt": 0.8335797190666199,
    "complex_iplddt": 0.0,
    "complex_pde": 1.15339994430542,
    "complex_ipde": 0.0,
    "chains_ptm": {
        "0": 0.509803831577301
    },
    "pair_chains_iptm": {
        "0": {
            "0": 0.509803831577301
        }
    }
}