{
    "confidence_score": 0.7456879615783691,
    "ptm": 0.932216227054596,
    "iptm": 0.0,
    "ligand_iptm": 0.0,
    "protein_iptm": 0.0,
    "complex_plddt": 0.9321099519729614,
    "complex_iplddt": 0.0,
    "complex_pde": 0.3532157838344574,
    "complex_ipde": 0.0,
    "chains_ptm": {
        "0": 0.932216227054596
    },
    "pair_chains_iptm": {
        "0": {
            "0": 0.932216227054596
        }
    }
}