{
    "confidence_score": 0.561568558216095,
    "ptm": 0.3659459352493286,
    "iptm": 0.0,
    "ligand_iptm": 0.0,
    "protein_iptm": 0.0,
    "complex_plddt": 0.7019606828689575,
    "complex_iplddt": 0.0,
    "complex_pde": 2.2299623489379883,
    "complex_ipde": 0.0,
    "chains_ptm": {
        "0": 0.3659459352493286
    },
    "pair_chains_iptm": {
        "0": {
            "0": 0.3659459352493286
        }
    }
}