{
    "confidence_score": 0.6223498582839966,
    "ptm": 0.8756005764007568,
    "iptm": 0.0,
    "ligand_iptm": 0.0,
    "protein_iptm": 0.0,
    "complex_plddt": 0.7779372930526733,
    "complex_iplddt": 0.0,
    "complex_pde": 0.4843378961086273,
    "complex_ipde": 0.0,
    "chains_ptm": {
        "0": 0.8756005764007568
    },
    "pair_chains_iptm": {
        "0": {
            "0": 0.8756005764007568
        }
    }
}