{
    "confidence_score": 0.6260408759117126,
    "ptm": 0.8801853656768799,
    "iptm": 0.0,
    "ligand_iptm": 0.0,
    "protein_iptm": 0.0,
    "complex_plddt": 0.782551109790802,
    "complex_iplddt": 0.0,
    "complex_pde": 0.4077014923095703,
    "complex_ipde": 0.0,
    "chains_ptm": {
        "0": 0.8801853656768799
    },
    "pair_chains_iptm": {
        "0": {
            "0": 0.8801853656768799
        }
    }
}