{
    "confidence_score": 0.6958059668540955,
    "ptm": 0.8704979419708252,
    "iptm": 0.0,
    "ligand_iptm": 0.0,
    "protein_iptm": 0.0,
    "complex_plddt": 0.8697574138641357,
    "complex_iplddt": 0.0,
    "complex_pde": 0.6356819272041321,
    "complex_ipde": 0.0,
    "chains_ptm": {
        "0": 0.8704979419708252
    },
    "pair_chains_iptm": {
        "0": {
            "0": 0.8704979419708252
        }
    }
}