{
    "confidence_score": 0.6694182753562927,
    "ptm": 0.9176418781280518,
    "iptm": 0.0,
    "ligand_iptm": 0.0,
    "protein_iptm": 0.0,
    "complex_plddt": 0.8367728590965271,
    "complex_iplddt": 0.0,
    "complex_pde": 0.5395123958587646,
    "complex_ipde": 0.0,
    "chains_ptm": {
        "0": 0.9176418781280518
    },
    "pair_chains_iptm": {
        "0": {
            "0": 0.9176418781280518
        }
    }
}