{
    "confidence_score": 0.6247283816337585,
    "ptm": 0.7928716540336609,
    "iptm": 0.0,
    "ligand_iptm": 0.0,
    "protein_iptm": 0.0,
    "complex_plddt": 0.7809104323387146,
    "complex_iplddt": 0.0,
    "complex_pde": 0.8987742066383362,
    "complex_ipde": 0.0,
    "chains_ptm": {
        "0": 0.7928716540336609
    },
    "pair_chains_iptm": {
        "0": {
            "0": 0.7928716540336609
        }
    }
}