{
    "confidence_score": 0.6544711589813232,
    "ptm": 0.7417519092559814,
    "iptm": 0.0,
    "ligand_iptm": 0.0,
    "protein_iptm": 0.0,
    "complex_plddt": 0.818088948726654,
    "complex_iplddt": 0.0,
    "complex_pde": 0.5757373571395874,
    "complex_ipde": 0.0,
    "chains_ptm": {
        "0": 0.7417519092559814
    },
    "pair_chains_iptm": {
        "0": {
            "0": 0.7417519092559814
        }
    }
}