{
    "confidence_score": 0.48422127962112427,
    "ptm": 0.26647669076919556,
    "iptm": 0.0,
    "ligand_iptm": 0.0,
    "protein_iptm": 0.0,
    "complex_plddt": 0.6052765846252441,
    "complex_iplddt": 0.0,
    "complex_pde": 1.3341825008392334,
    "complex_ipde": 0.0,
    "chains_ptm": {
        "0": 0.26647669076919556
    },
    "pair_chains_iptm": {
        "0": {
            "0": 0.26647669076919556
        }
    }
}