{
    "confidence_score": 0.7356570959091187,
    "ptm": 0.9301643371582031,
    "iptm": 0.0,
    "ligand_iptm": 0.0,
    "protein_iptm": 0.0,
    "complex_plddt": 0.9195713400840759,
    "complex_iplddt": 0.0,
    "complex_pde": 0.4550996422767639,
    "complex_ipde": 0.0,
    "chains_ptm": {
        "0": 0.9301643371582031
    },
    "pair_chains_iptm": {
        "0": {
            "0": 0.9301643371582031
        }
    }
}