{
    "confidence_score": 0.6713951826095581,
    "ptm": 0.8855183720588684,
    "iptm": 0.0,
    "ligand_iptm": 0.0,
    "protein_iptm": 0.0,
    "complex_plddt": 0.8392439484596252,
    "complex_iplddt": 0.0,
    "complex_pde": 0.5907107591629028,
    "complex_ipde": 0.0,
    "chains_ptm": {
        "0": 0.8855183720588684
    },
    "pair_chains_iptm": {
        "0": {
            "0": 0.8855183720588684
        }
    }
}