{
    "plddts": {
        "model_1_pred_0": 78.56246614989021,
        "model_2_pred_0": 78.46697685471155,
        "model_3_pred_0": 78.98813527615918,
        "model_4_pred_0": 77.53066941966155,
        "model_5_pred_0": 77.85845937044989
    },
    "order": [
        "model_3_pred_0",
        "model_1_pred_0",
        "model_2_pred_0",
        "model_5_pred_0",
        "model_4_pred_0"
    ]
}