{
    "features": 8249.6452460289,
    "process_features_model_1_pred_0": 8.378825426101685,
    "predict_and_compile_model_1_pred_0": 339.44008231163025,
    "process_features_model_2_pred_0": 7.770218372344971,
    "predict_and_compile_model_2_pred_0": 311.04624485969543,
    "process_features_model_3_pred_0": 7.389374256134033,
    "predict_and_compile_model_3_pred_0": 289.7480435371399,
    "process_features_model_4_pred_0": 7.401001691818237,
    "predict_and_compile_model_4_pred_0": 288.41999769210815,
    "process_features_model_5_pred_0": 7.585995197296143,
    "predict_and_compile_model_5_pred_0": 276.2188181877136,
    "relax_model_3_pred_0": 60.41400909423828
}