{
    "confidence_score": 0.6209158301353455,
    "ptm": 0.851460337638855,
    "iptm": 0.0,
    "ligand_iptm": 0.0,
    "protein_iptm": 0.0,
    "complex_plddt": 0.776144802570343,
    "complex_iplddt": 0.0,
    "complex_pde": 0.43391990661621094,
    "complex_ipde": 0.0,
    "chains_ptm": {
        "0": 0.851460337638855
    },
    "pair_chains_iptm": {
        "0": {
            "0": 0.851460337638855
        }
    }
}