{
    "confidence_score": 0.6634364128112793,
    "ptm": 0.8996384739875793,
    "iptm": 0.0,
    "ligand_iptm": 0.0,
    "protein_iptm": 0.0,
    "complex_plddt": 0.8292955160140991,
    "complex_iplddt": 0.0,
    "complex_pde": 0.48466914892196655,
    "complex_ipde": 0.0,
    "chains_ptm": {
        "0": 0.8996384739875793
    },
    "pair_chains_iptm": {
        "0": {
            "0": 0.8996384739875793
        }
    }
}