{
    "confidence_score": 0.7098789215087891,
    "ptm": 0.8587216734886169,
    "iptm": 0.0,
    "ligand_iptm": 0.0,
    "protein_iptm": 0.0,
    "complex_plddt": 0.8873486518859863,
    "complex_iplddt": 0.0,
    "complex_pde": 0.5233352184295654,
    "complex_ipde": 0.0,
    "chains_ptm": {
        "0": 0.8587216734886169
    },
    "pair_chains_iptm": {
        "0": {
            "0": 0.8587216734886169
        }
    }
}