{
    "confidence_score": 0.7269691824913025,
    "ptm": 0.9424628615379333,
    "iptm": 0.0,
    "ligand_iptm": 0.0,
    "protein_iptm": 0.0,
    "complex_plddt": 0.9087114930152893,
    "complex_iplddt": 0.0,
    "complex_pde": 0.39223262667655945,
    "complex_ipde": 0.0,
    "chains_ptm": {
        "0": 0.9424628615379333
    },
    "pair_chains_iptm": {
        "0": {
            "0": 0.9424628615379333
        }
    }
}