{
    "plddts": {
        "model_1_pred_0": 77.0490881356292,
        "model_2_pred_0": 78.10555738840075,
        "model_3_pred_0": 80.2314864391307,
        "model_4_pred_0": 78.75557765868828,
        "model_5_pred_0": 79.87524560463527
    },
    "order": [
        "model_3_pred_0",
        "model_5_pred_0",
        "model_4_pred_0",
        "model_2_pred_0",
        "model_1_pred_0"
    ]
}