{
    "features": 7205.84072971344,
    "process_features_model_1_pred_0": 12.86964201927185,
    "predict_and_compile_model_1_pred_0": 316.0198857784271,
    "process_features_model_2_pred_0": 12.504132509231567,
    "predict_and_compile_model_2_pred_0": 284.1438412666321,
    "process_features_model_3_pred_0": 11.42590880393982,
    "predict_and_compile_model_3_pred_0": 267.66528844833374,
    "process_features_model_4_pred_0": 12.107744216918945,
    "predict_and_compile_model_4_pred_0": 267.98188281059265,
    "process_features_model_5_pred_0": 11.410324573516846,
    "predict_and_compile_model_5_pred_0": 246.2415692806244,
    "relax_model_3_pred_0": 77.12913537025452
}