{
    "plddts": {
        "model_1_pred_0": 75.14468338222282,
        "model_2_pred_0": 76.67556298039389,
        "model_3_pred_0": 75.71617498563762,
        "model_4_pred_0": 75.40581740332682,
        "model_5_pred_0": 76.0691532210018
    },
    "order": [
        "model_2_pred_0",
        "model_5_pred_0",
        "model_3_pred_0",
        "model_4_pred_0",
        "model_1_pred_0"
    ]
}