{
    "confidence_score": 0.7566441893577576,
    "ptm": 0.9384748935699463,
    "iptm": 0.0,
    "ligand_iptm": 0.0,
    "protein_iptm": 0.0,
    "complex_plddt": 0.9458052515983582,
    "complex_iplddt": 0.0,
    "complex_pde": 0.323386549949646,
    "complex_ipde": 0.0,
    "chains_ptm": {
        "0": 0.9384748935699463
    },
    "pair_chains_iptm": {
        "0": {
            "0": 0.9384748935699463
        }
    }
}