{
    "confidence_score": 0.6070758104324341,
    "ptm": 0.7758924961090088,
    "iptm": 0.0,
    "ligand_iptm": 0.0,
    "protein_iptm": 0.0,
    "complex_plddt": 0.7588447332382202,
    "complex_iplddt": 0.0,
    "complex_pde": 0.9861158132553101,
    "complex_ipde": 0.0,
    "chains_ptm": {
        "0": 0.7758924961090088
    },
    "pair_chains_iptm": {
        "0": {
            "0": 0.7758924961090088
        }
    }
}