{
    "confidence_score": 0.5457307696342468,
    "ptm": 0.7861253619194031,
    "iptm": 0.0,
    "ligand_iptm": 0.0,
    "protein_iptm": 0.0,
    "complex_plddt": 0.682163417339325,
    "complex_iplddt": 0.0,
    "complex_pde": 0.7869806885719299,
    "complex_ipde": 0.0,
    "chains_ptm": {
        "0": 0.7861253619194031
    },
    "pair_chains_iptm": {
        "0": {
            "0": 0.7861253619194031
        }
    }
}