{
    "confidence_score": 0.7090546488761902,
    "ptm": 0.6748970746994019,
    "iptm": 0.0,
    "ligand_iptm": 0.0,
    "protein_iptm": 0.0,
    "complex_plddt": 0.8863183259963989,
    "complex_iplddt": 0.0,
    "complex_pde": 0.7066888809204102,
    "complex_ipde": 0.0,
    "chains_ptm": {
        "0": 0.6748970746994019
    },
    "pair_chains_iptm": {
        "0": {
            "0": 0.6748970746994019
        }
    }
}