{
    "confidence_score": 0.6913480758666992,
    "ptm": 0.8712485432624817,
    "iptm": 0.0,
    "ligand_iptm": 0.0,
    "protein_iptm": 0.0,
    "complex_plddt": 0.864185094833374,
    "complex_iplddt": 0.0,
    "complex_pde": 0.6771437525749207,
    "complex_ipde": 0.0,
    "chains_ptm": {
        "0": 0.8712485432624817
    },
    "pair_chains_iptm": {
        "0": {
            "0": 0.8712485432624817
        }
    }
}