{
    "confidence_score": 0.6149258613586426,
    "ptm": 0.5056942701339722,
    "iptm": 0.0,
    "ligand_iptm": 0.0,
    "protein_iptm": 0.0,
    "complex_plddt": 0.7686573266983032,
    "complex_iplddt": 0.0,
    "complex_pde": 1.5635329484939575,
    "complex_ipde": 0.0,
    "chains_ptm": {
        "0": 0.5056942701339722
    },
    "pair_chains_iptm": {
        "0": {
            "0": 0.5056942701339722
        }
    }
}