{
    "confidence_score": 0.6408382654190063,
    "ptm": 0.7752286195755005,
    "iptm": 0.0,
    "ligand_iptm": 0.0,
    "protein_iptm": 0.0,
    "complex_plddt": 0.8010478019714355,
    "complex_iplddt": 0.0,
    "complex_pde": 0.6674360036849976,
    "complex_ipde": 0.0,
    "chains_ptm": {
        "0": 0.7752286195755005
    },
    "pair_chains_iptm": {
        "0": {
            "0": 0.7752286195755005
        }
    }
}