{
    "confidence_score": 0.7113050818443298,
    "ptm": 0.8733136057853699,
    "iptm": 0.0,
    "ligand_iptm": 0.0,
    "protein_iptm": 0.0,
    "complex_plddt": 0.8891313672065735,
    "complex_iplddt": 0.0,
    "complex_pde": 0.4715278446674347,
    "complex_ipde": 0.0,
    "chains_ptm": {
        "0": 0.8733136057853699
    },
    "pair_chains_iptm": {
        "0": {
            "0": 0.8733136057853699
        }
    }
}