{
    "confidence_score": 0.6131008267402649,
    "ptm": 0.8721244931221008,
    "iptm": 0.0,
    "ligand_iptm": 0.0,
    "protein_iptm": 0.0,
    "complex_plddt": 0.7663760185241699,
    "complex_iplddt": 0.0,
    "complex_pde": 0.6199909448623657,
    "complex_ipde": 0.0,
    "chains_ptm": {
        "0": 0.8721244931221008
    },
    "pair_chains_iptm": {
        "0": {
            "0": 0.8721244931221008
        }
    }
}