{
    "confidence_score": 0.7118398547172546,
    "ptm": 0.7226836085319519,
    "iptm": 0.0,
    "ligand_iptm": 0.0,
    "protein_iptm": 0.0,
    "complex_plddt": 0.8897997736930847,
    "complex_iplddt": 0.0,
    "complex_pde": 0.4377882778644562,
    "complex_ipde": 0.0,
    "chains_ptm": {
        "0": 0.7226836085319519
    },
    "pair_chains_iptm": {
        "0": {
            "0": 0.7226836085319519
        }
    }
}