{
    "confidence_score": 0.7480592131614685,
    "ptm": 0.9449995160102844,
    "iptm": 0.0,
    "ligand_iptm": 0.0,
    "protein_iptm": 0.0,
    "complex_plddt": 0.935073971748352,
    "complex_iplddt": 0.0,
    "complex_pde": 0.348042756319046,
    "complex_ipde": 0.0,
    "chains_ptm": {
        "0": 0.9449995160102844
    },
    "pair_chains_iptm": {
        "0": {
            "0": 0.9449995160102844
        }
    }
}