{
    "confidence_score": 0.6900004744529724,
    "ptm": 0.7530680298805237,
    "iptm": 0.0,
    "ligand_iptm": 0.0,
    "protein_iptm": 0.0,
    "complex_plddt": 0.8625005483627319,
    "complex_iplddt": 0.0,
    "complex_pde": 0.7470771670341492,
    "complex_ipde": 0.0,
    "chains_ptm": {
        "0": 0.7530680298805237
    },
    "pair_chains_iptm": {
        "0": {
            "0": 0.7530680298805237
        }
    }
}