{
    "confidence_score": 0.6593765616416931,
    "ptm": 0.7855930328369141,
    "iptm": 0.0,
    "ligand_iptm": 0.0,
    "protein_iptm": 0.0,
    "complex_plddt": 0.8242207169532776,
    "complex_iplddt": 0.0,
    "complex_pde": 0.7864702343940735,
    "complex_ipde": 0.0,
    "chains_ptm": {
        "0": 0.7855930328369141
    },
    "pair_chains_iptm": {
        "0": {
            "0": 0.7855930328369141
        }
    }
}