{
    "confidence_score": 0.4645340144634247,
    "ptm": 0.2509521543979645,
    "iptm": 0.0,
    "ligand_iptm": 0.0,
    "protein_iptm": 0.0,
    "complex_plddt": 0.5806674957275391,
    "complex_iplddt": 0.0,
    "complex_pde": 2.164940595626831,
    "complex_ipde": 0.0,
    "chains_ptm": {
        "0": 0.2509521543979645
    },
    "pair_chains_iptm": {
        "0": {
            "0": 0.2509521543979645
        }
    }
}