{
    "confidence_score": 0.6692342758178711,
    "ptm": 0.6746458411216736,
    "iptm": 0.0,
    "ligand_iptm": 0.0,
    "protein_iptm": 0.0,
    "complex_plddt": 0.8365428447723389,
    "complex_iplddt": 0.0,
    "complex_pde": 0.6688092350959778,
    "complex_ipde": 0.0,
    "chains_ptm": {
        "0": 0.6746458411216736
    },
    "pair_chains_iptm": {
        "0": {
            "0": 0.6746458411216736
        }
    }
}