{
    "confidence_score": 0.7493621706962585,
    "ptm": 0.9376819133758545,
    "iptm": 0.0,
    "ligand_iptm": 0.0,
    "protein_iptm": 0.0,
    "complex_plddt": 0.9367027282714844,
    "complex_iplddt": 0.0,
    "complex_pde": 0.39021873474121094,
    "complex_ipde": 0.0,
    "chains_ptm": {
        "0": 0.9376819133758545
    },
    "pair_chains_iptm": {
        "0": {
            "0": 0.9376819133758545
        }
    }
}