{
    "confidence_score": 0.42496106028556824,
    "ptm": 0.4092612564563751,
    "iptm": 0.0,
    "ligand_iptm": 0.0,
    "protein_iptm": 0.0,
    "complex_plddt": 0.5312013030052185,
    "complex_iplddt": 0.0,
    "complex_pde": 2.4475066661834717,
    "complex_ipde": 0.0,
    "chains_ptm": {
        "0": 0.4092612564563751
    },
    "pair_chains_iptm": {
        "0": {
            "0": 0.4092612564563751
        }
    }
}