{
    "confidence_score": 0.5199913382530212,
    "ptm": 0.34349653124809265,
    "iptm": 0.0,
    "ligand_iptm": 0.0,
    "protein_iptm": 0.0,
    "complex_plddt": 0.649989128112793,
    "complex_iplddt": 0.0,
    "complex_pde": 1.4390496015548706,
    "complex_ipde": 0.0,
    "chains_ptm": {
        "0": 0.34349653124809265
    },
    "pair_chains_iptm": {
        "0": {
            "0": 0.34349653124809265
        }
    }
}