{
    "confidence_score": 0.6544377207756042,
    "ptm": 0.8083398342132568,
    "iptm": 0.0,
    "ligand_iptm": 0.0,
    "protein_iptm": 0.0,
    "complex_plddt": 0.8180471062660217,
    "complex_iplddt": 0.0,
    "complex_pde": 0.6712066531181335,
    "complex_ipde": 0.0,
    "chains_ptm": {
        "0": 0.8083398342132568
    },
    "pair_chains_iptm": {
        "0": {
            "0": 0.8083398342132568
        }
    }
}