{
    "confidence_score": 0.5797792673110962,
    "ptm": 0.6462117433547974,
    "iptm": 0.0,
    "ligand_iptm": 0.0,
    "protein_iptm": 0.0,
    "complex_plddt": 0.7247240543365479,
    "complex_iplddt": 0.0,
    "complex_pde": 0.8770633935928345,
    "complex_ipde": 0.0,
    "chains_ptm": {
        "0": 0.6462117433547974
    },
    "pair_chains_iptm": {
        "0": {
            "0": 0.6462117433547974
        }
    }
}