{
    "confidence_score": 0.7578310370445251,
    "ptm": 0.9552168250083923,
    "iptm": 0.0,
    "ligand_iptm": 0.0,
    "protein_iptm": 0.0,
    "complex_plddt": 0.9472888112068176,
    "complex_iplddt": 0.0,
    "complex_pde": 0.320905864238739,
    "complex_ipde": 0.0,
    "chains_ptm": {
        "0": 0.9552168250083923
    },
    "pair_chains_iptm": {
        "0": {
            "0": 0.9552168250083923
        }
    }
}