{
    "confidence_score": 0.5332611799240112,
    "ptm": 0.5547548532485962,
    "iptm": 0.0,
    "ligand_iptm": 0.0,
    "protein_iptm": 0.0,
    "complex_plddt": 0.6665764451026917,
    "complex_iplddt": 0.0,
    "complex_pde": 1.3579838275909424,
    "complex_ipde": 0.0,
    "chains_ptm": {
        "0": 0.5547548532485962
    },
    "pair_chains_iptm": {
        "0": {
            "0": 0.5547548532485962
        }
    }
}