{
    "confidence_score": 0.6508288383483887,
    "ptm": 0.5743343830108643,
    "iptm": 0.0,
    "ligand_iptm": 0.0,
    "protein_iptm": 0.0,
    "complex_plddt": 0.8135360479354858,
    "complex_iplddt": 0.0,
    "complex_pde": 0.7566994428634644,
    "complex_ipde": 0.0,
    "chains_ptm": {
        "0": 0.5743343830108643
    },
    "pair_chains_iptm": {
        "0": {
            "0": 0.5743343830108643
        }
    }
}