{
    "confidence_score": 0.6954705119132996,
    "ptm": 0.90883469581604,
    "iptm": 0.0,
    "ligand_iptm": 0.0,
    "protein_iptm": 0.0,
    "complex_plddt": 0.8693381547927856,
    "complex_iplddt": 0.0,
    "complex_pde": 0.5197428464889526,
    "complex_ipde": 0.0,
    "chains_ptm": {
        "0": 0.90883469581604
    },
    "pair_chains_iptm": {
        "0": {
            "0": 0.90883469581604
        }
    }
}