{
    "confidence_score": 0.7347346544265747,
    "ptm": 0.9230741858482361,
    "iptm": 0.0,
    "ligand_iptm": 0.0,
    "protein_iptm": 0.0,
    "complex_plddt": 0.918418288230896,
    "complex_iplddt": 0.0,
    "complex_pde": 0.4231370687484741,
    "complex_ipde": 0.0,
    "chains_ptm": {
        "0": 0.9230741858482361
    },
    "pair_chains_iptm": {
        "0": {
            "0": 0.9230741858482361
        }
    }
}