{
    "confidence_score": 0.5385593175888062,
    "ptm": 0.4297578036785126,
    "iptm": 0.0,
    "ligand_iptm": 0.0,
    "protein_iptm": 0.0,
    "complex_plddt": 0.6731991171836853,
    "complex_iplddt": 0.0,
    "complex_pde": 1.839542269706726,
    "complex_ipde": 0.0,
    "chains_ptm": {
        "0": 0.4297578036785126
    },
    "pair_chains_iptm": {
        "0": {
            "0": 0.4297578036785126
        }
    }
}