{
    "confidence_score": 0.4716149866580963,
    "ptm": 0.5415810346603394,
    "iptm": 0.0,
    "ligand_iptm": 0.0,
    "protein_iptm": 0.0,
    "complex_plddt": 0.5895187258720398,
    "complex_iplddt": 0.0,
    "complex_pde": 1.9264229536056519,
    "complex_ipde": 0.0,
    "chains_ptm": {
        "0": 0.5415810346603394
    },
    "pair_chains_iptm": {
        "0": {
            "0": 0.5415810346603394
        }
    }
}