{
    "confidence_score": 0.448596328496933,
    "ptm": 0.30105382204055786,
    "iptm": 0.0,
    "ligand_iptm": 0.0,
    "protein_iptm": 0.0,
    "complex_plddt": 0.5607454180717468,
    "complex_iplddt": 0.0,
    "complex_pde": 4.408801555633545,
    "complex_ipde": 0.0,
    "chains_ptm": {
        "0": 0.30105382204055786
    },
    "pair_chains_iptm": {
        "0": {
            "0": 0.30105382204055786
        }
    }
}