{
    "confidence_score": 0.7388548254966736,
    "ptm": 0.9526745080947876,
    "iptm": 0.0,
    "ligand_iptm": 0.0,
    "protein_iptm": 0.0,
    "complex_plddt": 0.9235685467720032,
    "complex_iplddt": 0.0,
    "complex_pde": 0.37315818667411804,
    "complex_ipde": 0.0,
    "chains_ptm": {
        "0": 0.9526745080947876
    },
    "pair_chains_iptm": {
        "0": {
            "0": 0.9526745080947876
        }
    }
}