{
    "features": 4845.241137742996,
    "process_features_model_1_pred_0": 11.04335618019104,
    "predict_and_compile_model_1_pred_0": 2500.0481362342834,
    "process_features_model_2_pred_0": 11.285746574401855,
    "predict_and_compile_model_2_pred_0": 1128.0324401855469,
    "process_features_model_3_pred_0": 10.732654333114624,
    "predict_and_compile_model_3_pred_0": 1179.9626414775848,
    "process_features_model_4_pred_0": 11.196995258331299,
    "predict_and_compile_model_4_pred_0": 1021.5167634487152,
    "process_features_model_5_pred_0": 10.753919124603271,
    "predict_and_compile_model_5_pred_0": 955.6759185791016,
    "relax_model_3_pred_0": 49.44099187850952
}