{
    "confidence_score": 0.7253555059432983,
    "ptm": 0.868592381477356,
    "iptm": 0.0,
    "ligand_iptm": 0.0,
    "protein_iptm": 0.0,
    "complex_plddt": 0.9066943526268005,
    "complex_iplddt": 0.0,
    "complex_pde": 0.5792306661605835,
    "complex_ipde": 0.0,
    "chains_ptm": {
        "0": 0.868592381477356
    },
    "pair_chains_iptm": {
        "0": {
            "0": 0.868592381477356
        }
    }
}