{
    "confidence_score": 0.5648407340049744,
    "ptm": 0.5786262154579163,
    "iptm": 0.0,
    "ligand_iptm": 0.0,
    "protein_iptm": 0.0,
    "complex_plddt": 0.7060509324073792,
    "complex_iplddt": 0.0,
    "complex_pde": 0.9875110387802124,
    "complex_ipde": 0.0,
    "chains_ptm": {
        "0": 0.5786262154579163
    },
    "pair_chains_iptm": {
        "0": {
            "0": 0.5786262154579163
        }
    }
}