{
    "confidence_score": 0.5518538951873779,
    "ptm": 0.6525543928146362,
    "iptm": 0.0,
    "ligand_iptm": 0.0,
    "protein_iptm": 0.0,
    "complex_plddt": 0.6898173689842224,
    "complex_iplddt": 0.0,
    "complex_pde": 1.9578105211257935,
    "complex_ipde": 0.0,
    "chains_ptm": {
        "0": 0.6525543928146362
    },
    "pair_chains_iptm": {
        "0": {
            "0": 0.6525543928146362
        }
    }
}