{
    "confidence_score": 0.7316722273826599,
    "ptm": 0.9400023221969604,
    "iptm": 0.0,
    "ligand_iptm": 0.0,
    "protein_iptm": 0.0,
    "complex_plddt": 0.9145902395248413,
    "complex_iplddt": 0.0,
    "complex_pde": 0.337116003036499,
    "complex_ipde": 0.0,
    "chains_ptm": {
        "0": 0.9400023221969604
    },
    "pair_chains_iptm": {
        "0": {
            "0": 0.9400023221969604
        }
    }
}