{
    "confidence_score": 0.5671195387840271,
    "ptm": 0.5064129829406738,
    "iptm": 0.0,
    "ligand_iptm": 0.0,
    "protein_iptm": 0.0,
    "complex_plddt": 0.7088994383811951,
    "complex_iplddt": 0.0,
    "complex_pde": 1.3975341320037842,
    "complex_ipde": 0.0,
    "chains_ptm": {
        "0": 0.5064129829406738
    },
    "pair_chains_iptm": {
        "0": {
            "0": 0.5064129829406738
        }
    }
}