{
    "confidence_score": 0.5340538620948792,
    "ptm": 0.5179110765457153,
    "iptm": 0.0,
    "ligand_iptm": 0.0,
    "protein_iptm": 0.0,
    "complex_plddt": 0.6675673127174377,
    "complex_iplddt": 0.0,
    "complex_pde": 1.2262459993362427,
    "complex_ipde": 0.0,
    "chains_ptm": {
        "0": 0.5179110765457153
    },
    "pair_chains_iptm": {
        "0": {
            "0": 0.5179110765457153
        }
    }
}