{
    "confidence_score": 0.7426576018333435,
    "ptm": 0.9050553441047668,
    "iptm": 0.0,
    "ligand_iptm": 0.0,
    "protein_iptm": 0.0,
    "complex_plddt": 0.9283220171928406,
    "complex_iplddt": 0.0,
    "complex_pde": 0.3594380021095276,
    "complex_ipde": 0.0,
    "chains_ptm": {
        "0": 0.9050553441047668
    },
    "pair_chains_iptm": {
        "0": {
            "0": 0.9050553441047668
        }
    }
}