{
    "confidence_score": 0.7473365068435669,
    "ptm": 0.8803083300590515,
    "iptm": 0.0,
    "ligand_iptm": 0.0,
    "protein_iptm": 0.0,
    "complex_plddt": 0.9341706037521362,
    "complex_iplddt": 0.0,
    "complex_pde": 0.35648784041404724,
    "complex_ipde": 0.0,
    "chains_ptm": {
        "0": 0.8803083300590515
    },
    "pair_chains_iptm": {
        "0": {
            "0": 0.8803083300590515
        }
    }
}