{
    "confidence_score": 0.7513060569763184,
    "ptm": 0.9630939364433289,
    "iptm": 0.0,
    "ligand_iptm": 0.0,
    "protein_iptm": 0.0,
    "complex_plddt": 0.939132571220398,
    "complex_iplddt": 0.0,
    "complex_pde": 0.331807017326355,
    "complex_ipde": 0.0,
    "chains_ptm": {
        "0": 0.9630939364433289
    },
    "pair_chains_iptm": {
        "0": {
            "0": 0.9630939364433289
        }
    }
}