{
    "confidence_score": 0.6849734783172607,
    "ptm": 0.8975323438644409,
    "iptm": 0.0,
    "ligand_iptm": 0.0,
    "protein_iptm": 0.0,
    "complex_plddt": 0.8562168478965759,
    "complex_iplddt": 0.0,
    "complex_pde": 0.6435264348983765,
    "complex_ipde": 0.0,
    "chains_ptm": {
        "0": 0.8975323438644409
    },
    "pair_chains_iptm": {
        "0": {
            "0": 0.8975323438644409
        }
    }
}