{
    "confidence_score": 0.7567262053489685,
    "ptm": 0.9401175379753113,
    "iptm": 0.0,
    "ligand_iptm": 0.0,
    "protein_iptm": 0.0,
    "complex_plddt": 0.945907711982727,
    "complex_iplddt": 0.0,
    "complex_pde": 0.3383166790008545,
    "complex_ipde": 0.0,
    "chains_ptm": {
        "0": 0.9401175379753113
    },
    "pair_chains_iptm": {
        "0": {
            "0": 0.9401175379753113
        }
    }
}