{
    "confidence_score": 0.6738710403442383,
    "ptm": 0.7658317685127258,
    "iptm": 0.0,
    "ligand_iptm": 0.0,
    "protein_iptm": 0.0,
    "complex_plddt": 0.8423388004302979,
    "complex_iplddt": 0.0,
    "complex_pde": 0.557563304901123,
    "complex_ipde": 0.0,
    "chains_ptm": {
        "0": 0.7658317685127258
    },
    "pair_chains_iptm": {
        "0": {
            "0": 0.7658317685127258
        }
    }
}