{
    "confidence_score": 0.6432837247848511,
    "ptm": 0.799410879611969,
    "iptm": 0.0,
    "ligand_iptm": 0.0,
    "protein_iptm": 0.0,
    "complex_plddt": 0.8041046261787415,
    "complex_iplddt": 0.0,
    "complex_pde": 0.8140445947647095,
    "complex_ipde": 0.0,
    "chains_ptm": {
        "0": 0.799410879611969
    },
    "pair_chains_iptm": {
        "0": {
            "0": 0.799410879611969
        }
    }
}