{
    "confidence_score": 0.37438803911209106,
    "ptm": 0.44353294372558594,
    "iptm": 0.0,
    "ligand_iptm": 0.0,
    "protein_iptm": 0.0,
    "complex_plddt": 0.46798503398895264,
    "complex_iplddt": 0.0,
    "complex_pde": 3.3616230487823486,
    "complex_ipde": 0.0,
    "chains_ptm": {
        "0": 0.44353294372558594
    },
    "pair_chains_iptm": {
        "0": {
            "0": 0.44353294372558594
        }
    }
}