{
    "confidence_score": 0.7356638312339783,
    "ptm": 0.8963079452514648,
    "iptm": 0.0,
    "ligand_iptm": 0.0,
    "protein_iptm": 0.0,
    "complex_plddt": 0.919579803943634,
    "complex_iplddt": 0.0,
    "complex_pde": 0.38866886496543884,
    "complex_ipde": 0.0,
    "chains_ptm": {
        "0": 0.8963079452514648
    },
    "pair_chains_iptm": {
        "0": {
            "0": 0.8963079452514648
        }
    }
}