{
    "confidence_score": 0.7055680751800537,
    "ptm": 0.7930702567100525,
    "iptm": 0.0,
    "ligand_iptm": 0.0,
    "protein_iptm": 0.0,
    "complex_plddt": 0.8819600939750671,
    "complex_iplddt": 0.0,
    "complex_pde": 0.5324254631996155,
    "complex_ipde": 0.0,
    "chains_ptm": {
        "0": 0.7930702567100525
    },
    "pair_chains_iptm": {
        "0": {
            "0": 0.7930702567100525
        }
    }
}