{
    "confidence_score": 0.7616806030273438,
    "ptm": 0.9535205960273743,
    "iptm": 0.0,
    "ligand_iptm": 0.0,
    "protein_iptm": 0.0,
    "complex_plddt": 0.9521007537841797,
    "complex_iplddt": 0.0,
    "complex_pde": 0.3226499855518341,
    "complex_ipde": 0.0,
    "chains_ptm": {
        "0": 0.9535205960273743
    },
    "pair_chains_iptm": {
        "0": {
            "0": 0.9535205960273743
        }
    }
}