{
    "confidence_score": 0.7318145632743835,
    "ptm": 0.9149529337882996,
    "iptm": 0.0,
    "ligand_iptm": 0.0,
    "protein_iptm": 0.0,
    "complex_plddt": 0.9147682189941406,
    "complex_iplddt": 0.0,
    "complex_pde": 0.43298351764678955,
    "complex_ipde": 0.0,
    "chains_ptm": {
        "0": 0.9149529337882996
    },
    "pair_chains_iptm": {
        "0": {
            "0": 0.9149529337882996
        }
    }
}