{
    "confidence_score": 0.7494475245475769,
    "ptm": 0.957410991191864,
    "iptm": 0.0,
    "ligand_iptm": 0.0,
    "protein_iptm": 0.0,
    "complex_plddt": 0.9368093609809875,
    "complex_iplddt": 0.0,
    "complex_pde": 0.32470548152923584,
    "complex_ipde": 0.0,
    "chains_ptm": {
        "0": 0.957410991191864
    },
    "pair_chains_iptm": {
        "0": {
            "0": 0.957410991191864
        }
    }
}