{
    "confidence_score": 0.7548491358757019,
    "ptm": 0.9501386880874634,
    "iptm": 0.0,
    "ligand_iptm": 0.0,
    "protein_iptm": 0.0,
    "complex_plddt": 0.9435613751411438,
    "complex_iplddt": 0.0,
    "complex_pde": 0.2981411814689636,
    "complex_ipde": 0.0,
    "chains_ptm": {
        "0": 0.9501386880874634
    },
    "pair_chains_iptm": {
        "0": {
            "0": 0.9501386880874634
        }
    }
}