{
    "confidence_score": 0.5251818299293518,
    "ptm": 0.5984196662902832,
    "iptm": 0.0,
    "ligand_iptm": 0.0,
    "protein_iptm": 0.0,
    "complex_plddt": 0.6564772725105286,
    "complex_iplddt": 0.0,
    "complex_pde": 2.090705156326294,
    "complex_ipde": 0.0,
    "chains_ptm": {
        "0": 0.5984196662902832
    },
    "pair_chains_iptm": {
        "0": {
            "0": 0.5984196662902832
        }
    }
}