{
    "confidence_score": 0.3632572889328003,
    "ptm": 0.2731037735939026,
    "iptm": 0.0,
    "ligand_iptm": 0.0,
    "protein_iptm": 0.0,
    "complex_plddt": 0.45407161116600037,
    "complex_iplddt": 0.0,
    "complex_pde": 4.155587196350098,
    "complex_ipde": 0.0,
    "chains_ptm": {
        "0": 0.2731037735939026
    },
    "pair_chains_iptm": {
        "0": {
            "0": 0.2731037735939026
        }
    }
}