{
    "confidence_score": 0.7568826079368591,
    "ptm": 0.961065411567688,
    "iptm": 0.0,
    "ligand_iptm": 0.0,
    "protein_iptm": 0.0,
    "complex_plddt": 0.9461032748222351,
    "complex_iplddt": 0.0,
    "complex_pde": 0.3103974163532257,
    "complex_ipde": 0.0,
    "chains_ptm": {
        "0": 0.961065411567688
    },
    "pair_chains_iptm": {
        "0": {
            "0": 0.961065411567688
        }
    }
}