{
    "confidence_score": 0.40467387437820435,
    "ptm": 0.3184305727481842,
    "iptm": 0.0,
    "ligand_iptm": 0.0,
    "protein_iptm": 0.0,
    "complex_plddt": 0.5058423280715942,
    "complex_iplddt": 0.0,
    "complex_pde": 2.7730259895324707,
    "complex_ipde": 0.0,
    "chains_ptm": {
        "0": 0.3184305727481842
    },
    "pair_chains_iptm": {
        "0": {
            "0": 0.3184305727481842
        }
    }
}