{
    "confidence_score": 0.7597705721855164,
    "ptm": 0.9449523091316223,
    "iptm": 0.0,
    "ligand_iptm": 0.0,
    "protein_iptm": 0.0,
    "complex_plddt": 0.9497132301330566,
    "complex_iplddt": 0.0,
    "complex_pde": 0.33503076434135437,
    "complex_ipde": 0.0,
    "chains_ptm": {
        "0": 0.9449523091316223
    },
    "pair_chains_iptm": {
        "0": {
            "0": 0.9449523091316223
        }
    }
}