{
    "confidence_score": 0.4907262325286865,
    "ptm": 0.5647544860839844,
    "iptm": 0.0,
    "ligand_iptm": 0.0,
    "protein_iptm": 0.0,
    "complex_plddt": 0.6134077906608582,
    "complex_iplddt": 0.0,
    "complex_pde": 1.9491690397262573,
    "complex_ipde": 0.0,
    "chains_ptm": {
        "0": 0.5647544860839844
    },
    "pair_chains_iptm": {
        "0": {
            "0": 0.5647544860839844
        }
    }
}