{
    "confidence_score": 0.6822474598884583,
    "ptm": 0.8774120807647705,
    "iptm": 0.0,
    "ligand_iptm": 0.0,
    "protein_iptm": 0.0,
    "complex_plddt": 0.8528093099594116,
    "complex_iplddt": 0.0,
    "complex_pde": 0.46681371331214905,
    "complex_ipde": 0.0,
    "chains_ptm": {
        "0": 0.8774120807647705
    },
    "pair_chains_iptm": {
        "0": {
            "0": 0.8774120807647705
        }
    }
}