{
    "plddts": {
        "model_1_pred_0": 45.90078902022819,
        "model_2_pred_0": 48.816719243859005,
        "model_3_pred_0": 38.83499497391884,
        "model_4_pred_0": 39.641697030004494,
        "model_5_pred_0": 43.54347745744542
    },
    "order": [
        "model_2_pred_0",
        "model_1_pred_0",
        "model_5_pred_0",
        "model_4_pred_0",
        "model_3_pred_0"
    ]
}