{
    "confidence_score": 0.4238578975200653,
    "ptm": 0.29245418310165405,
    "iptm": 0.0,
    "ligand_iptm": 0.0,
    "protein_iptm": 0.0,
    "complex_plddt": 0.5298223495483398,
    "complex_iplddt": 0.0,
    "complex_pde": 3.4822394847869873,
    "complex_ipde": 0.0,
    "chains_ptm": {
        "0": 0.29245418310165405
    },
    "pair_chains_iptm": {
        "0": {
            "0": 0.29245418310165405
        }
    }
}