{
    "confidence_score": 0.7514039874076843,
    "ptm": 0.9441668391227722,
    "iptm": 0.0,
    "ligand_iptm": 0.0,
    "protein_iptm": 0.0,
    "complex_plddt": 0.9392549991607666,
    "complex_iplddt": 0.0,
    "complex_pde": 0.34539496898651123,
    "complex_ipde": 0.0,
    "chains_ptm": {
        "0": 0.9441668391227722
    },
    "pair_chains_iptm": {
        "0": {
            "0": 0.9441668391227722
        }
    }
}