{
    "confidence_score": 0.7374014854431152,
    "ptm": 0.891357958316803,
    "iptm": 0.0,
    "ligand_iptm": 0.0,
    "protein_iptm": 0.0,
    "complex_plddt": 0.921751856803894,
    "complex_iplddt": 0.0,
    "complex_pde": 0.4123877286911011,
    "complex_ipde": 0.0,
    "chains_ptm": {
        "0": 0.891357958316803
    },
    "pair_chains_iptm": {
        "0": {
            "0": 0.891357958316803
        }
    }
}