{
    "confidence_score": 0.7108906507492065,
    "ptm": 0.7824034690856934,
    "iptm": 0.0,
    "ligand_iptm": 0.0,
    "protein_iptm": 0.0,
    "complex_plddt": 0.8886132836341858,
    "complex_iplddt": 0.0,
    "complex_pde": 0.9646744132041931,
    "complex_ipde": 0.0,
    "chains_ptm": {
        "0": 0.7824034690856934
    },
    "pair_chains_iptm": {
        "0": {
            "0": 0.7824034690856934
        }
    }
}