{
    "confidence_score": 0.6399719715118408,
    "ptm": 0.7994272708892822,
    "iptm": 0.0,
    "ligand_iptm": 0.0,
    "protein_iptm": 0.0,
    "complex_plddt": 0.799964964389801,
    "complex_iplddt": 0.0,
    "complex_pde": 0.7190631031990051,
    "complex_ipde": 0.0,
    "chains_ptm": {
        "0": 0.7994272708892822
    },
    "pair_chains_iptm": {
        "0": {
            "0": 0.7994272708892822
        }
    }
}