{
    "plddts": {
        "model_1_pred_0": 81.01209124374863,
        "model_2_pred_0": 79.91977891693887,
        "model_3_pred_0": 79.37995746707892,
        "model_4_pred_0": 81.0087163887773,
        "model_5_pred_0": 80.36170071745822
    },
    "order": [
        "model_1_pred_0",
        "model_4_pred_0",
        "model_5_pred_0",
        "model_2_pred_0",
        "model_3_pred_0"
    ]
}