{
    "confidence_score": 0.5261710286140442,
    "ptm": 0.4376421272754669,
    "iptm": 0.0,
    "ligand_iptm": 0.0,
    "protein_iptm": 0.0,
    "complex_plddt": 0.657713770866394,
    "complex_iplddt": 0.0,
    "complex_pde": 1.4200979471206665,
    "complex_ipde": 0.0,
    "chains_ptm": {
        "0": 0.4376421272754669
    },
    "pair_chains_iptm": {
        "0": {
            "0": 0.4376421272754669
        }
    }
}