{
    "confidence_score": 0.56367427110672,
    "ptm": 0.5333234667778015,
    "iptm": 0.0,
    "ligand_iptm": 0.0,
    "protein_iptm": 0.0,
    "complex_plddt": 0.7045928239822388,
    "complex_iplddt": 0.0,
    "complex_pde": 1.7744319438934326,
    "complex_ipde": 0.0,
    "chains_ptm": {
        "0": 0.5333234667778015
    },
    "pair_chains_iptm": {
        "0": {
            "0": 0.5333234667778015
        }
    }
}