{
    "confidence_score": 0.6984541416168213,
    "ptm": 0.7939135432243347,
    "iptm": 0.0,
    "ligand_iptm": 0.0,
    "protein_iptm": 0.0,
    "complex_plddt": 0.8730676770210266,
    "complex_iplddt": 0.0,
    "complex_pde": 0.6420091390609741,
    "complex_ipde": 0.0,
    "chains_ptm": {
        "0": 0.7939135432243347
    },
    "pair_chains_iptm": {
        "0": {
            "0": 0.7939135432243347
        }
    }
}