{
    "confidence_score": 0.5656722784042358,
    "ptm": 0.5286852717399597,
    "iptm": 0.0,
    "ligand_iptm": 0.0,
    "protein_iptm": 0.0,
    "complex_plddt": 0.7070903182029724,
    "complex_iplddt": 0.0,
    "complex_pde": 1.1663398742675781,
    "complex_ipde": 0.0,
    "chains_ptm": {
        "0": 0.5286852717399597
    },
    "pair_chains_iptm": {
        "0": {
            "0": 0.5286852717399597
        }
    }
}