{
    "confidence_score": 0.5582772493362427,
    "ptm": 0.48648834228515625,
    "iptm": 0.0,
    "ligand_iptm": 0.0,
    "protein_iptm": 0.0,
    "complex_plddt": 0.697846531867981,
    "complex_iplddt": 0.0,
    "complex_pde": 1.0474650859832764,
    "complex_ipde": 0.0,
    "chains_ptm": {
        "0": 0.48648834228515625
    },
    "pair_chains_iptm": {
        "0": {
            "0": 0.48648834228515625
        }
    }
}