{
    "confidence_score": 0.7264894843101501,
    "ptm": 0.8648272156715393,
    "iptm": 0.0,
    "ligand_iptm": 0.0,
    "protein_iptm": 0.0,
    "complex_plddt": 0.9081118106842041,
    "complex_iplddt": 0.0,
    "complex_pde": 0.43320831656455994,
    "complex_ipde": 0.0,
    "chains_ptm": {
        "0": 0.8648272156715393
    },
    "pair_chains_iptm": {
        "0": {
            "0": 0.8648272156715393
        }
    }
}