{
    "confidence_score": 0.4628804326057434,
    "ptm": 0.37834399938583374,
    "iptm": 0.0,
    "ligand_iptm": 0.0,
    "protein_iptm": 0.0,
    "complex_plddt": 0.5786005258560181,
    "complex_iplddt": 0.0,
    "complex_pde": 1.7053948640823364,
    "complex_ipde": 0.0,
    "chains_ptm": {
        "0": 0.37834399938583374
    },
    "pair_chains_iptm": {
        "0": {
            "0": 0.37834399938583374
        }
    }
}