{
    "confidence_score": 0.5091373920440674,
    "ptm": 0.4967270791530609,
    "iptm": 0.0,
    "ligand_iptm": 0.0,
    "protein_iptm": 0.0,
    "complex_plddt": 0.6364217400550842,
    "complex_iplddt": 0.0,
    "complex_pde": 1.2917309999465942,
    "complex_ipde": 0.0,
    "chains_ptm": {
        "0": 0.4967270791530609
    },
    "pair_chains_iptm": {
        "0": {
            "0": 0.4967270791530609
        }
    }
}