{
    "confidence_score": 0.5765613913536072,
    "ptm": 0.5043330788612366,
    "iptm": 0.0,
    "ligand_iptm": 0.0,
    "protein_iptm": 0.0,
    "complex_plddt": 0.7207016944885254,
    "complex_iplddt": 0.0,
    "complex_pde": 1.1735399961471558,
    "complex_ipde": 0.0,
    "chains_ptm": {
        "0": 0.5043330788612366
    },
    "pair_chains_iptm": {
        "0": {
            "0": 0.5043330788612366
        }
    }
}