{
    "confidence_score": 0.6747790575027466,
    "ptm": 0.8824613690376282,
    "iptm": 0.0,
    "ligand_iptm": 0.0,
    "protein_iptm": 0.0,
    "complex_plddt": 0.8434737920761108,
    "complex_iplddt": 0.0,
    "complex_pde": 0.6194179654121399,
    "complex_ipde": 0.0,
    "chains_ptm": {
        "0": 0.8824613690376282
    },
    "pair_chains_iptm": {
        "0": {
            "0": 0.8824613690376282
        }
    }
}