{
    "confidence_score": 0.7088175415992737,
    "ptm": 0.9233886003494263,
    "iptm": 0.0,
    "ligand_iptm": 0.0,
    "protein_iptm": 0.0,
    "complex_plddt": 0.8860219120979309,
    "complex_iplddt": 0.0,
    "complex_pde": 0.45041173696517944,
    "complex_ipde": 0.0,
    "chains_ptm": {
        "0": 0.9233886003494263
    },
    "pair_chains_iptm": {
        "0": {
            "0": 0.9233886003494263
        }
    }
}