{
    "confidence_score": 0.6398075222969055,
    "ptm": 0.7954983711242676,
    "iptm": 0.0,
    "ligand_iptm": 0.0,
    "protein_iptm": 0.0,
    "complex_plddt": 0.7997593879699707,
    "complex_iplddt": 0.0,
    "complex_pde": 0.5399940609931946,
    "complex_ipde": 0.0,
    "chains_ptm": {
        "0": 0.7954983711242676
    },
    "pair_chains_iptm": {
        "0": {
            "0": 0.7954983711242676
        }
    }
}