{
    "confidence_score": 0.5359463691711426,
    "ptm": 0.680711567401886,
    "iptm": 0.0,
    "ligand_iptm": 0.0,
    "protein_iptm": 0.0,
    "complex_plddt": 0.6699329614639282,
    "complex_iplddt": 0.0,
    "complex_pde": 1.2889589071273804,
    "complex_ipde": 0.0,
    "chains_ptm": {
        "0": 0.680711567401886
    },
    "pair_chains_iptm": {
        "0": {
            "0": 0.680711567401886
        }
    }
}