{
    "confidence_score": 0.6923169493675232,
    "ptm": 0.8058640956878662,
    "iptm": 0.0,
    "ligand_iptm": 0.0,
    "protein_iptm": 0.0,
    "complex_plddt": 0.8653961420059204,
    "complex_iplddt": 0.0,
    "complex_pde": 1.06321382522583,
    "complex_ipde": 0.0,
    "chains_ptm": {
        "0": 0.8058640956878662
    },
    "pair_chains_iptm": {
        "0": {
            "0": 0.8058640956878662
        }
    }
}