{
    "confidence_score": 0.721403181552887,
    "ptm": 0.9322543740272522,
    "iptm": 0.0,
    "ligand_iptm": 0.0,
    "protein_iptm": 0.0,
    "complex_plddt": 0.9017539620399475,
    "complex_iplddt": 0.0,
    "complex_pde": 0.48258718848228455,
    "complex_ipde": 0.0,
    "chains_ptm": {
        "0": 0.9322543740272522
    },
    "pair_chains_iptm": {
        "0": {
            "0": 0.9322543740272522
        }
    }
}