{
    "confidence_score": 0.6780107021331787,
    "ptm": 0.9235206246376038,
    "iptm": 0.0,
    "ligand_iptm": 0.0,
    "protein_iptm": 0.0,
    "complex_plddt": 0.8475133776664734,
    "complex_iplddt": 0.0,
    "complex_pde": 0.49874797463417053,
    "complex_ipde": 0.0,
    "chains_ptm": {
        "0": 0.9235206246376038
    },
    "pair_chains_iptm": {
        "0": {
            "0": 0.9235206246376038
        }
    }
}