{
    "confidence_score": 0.4062628448009491,
    "ptm": 0.4464864134788513,
    "iptm": 0.0,
    "ligand_iptm": 0.0,
    "protein_iptm": 0.0,
    "complex_plddt": 0.5078285336494446,
    "complex_iplddt": 0.0,
    "complex_pde": 2.513760566711426,
    "complex_ipde": 0.0,
    "chains_ptm": {
        "0": 0.4464864134788513
    },
    "pair_chains_iptm": {
        "0": {
            "0": 0.4464864134788513
        }
    }
}