{
    "confidence_score": 0.36134541034698486,
    "ptm": 0.2761106789112091,
    "iptm": 0.0,
    "ligand_iptm": 0.0,
    "protein_iptm": 0.0,
    "complex_plddt": 0.4516817629337311,
    "complex_iplddt": 0.0,
    "complex_pde": 2.4861819744110107,
    "complex_ipde": 0.0,
    "chains_ptm": {
        "0": 0.2761106789112091
    },
    "pair_chains_iptm": {
        "0": {
            "0": 0.2761106789112091
        }
    }
}