{
    "confidence_score": 0.5347526669502258,
    "ptm": 0.31462398171424866,
    "iptm": 0.0,
    "ligand_iptm": 0.0,
    "protein_iptm": 0.0,
    "complex_plddt": 0.6684408187866211,
    "complex_iplddt": 0.0,
    "complex_pde": 2.2310075759887695,
    "complex_ipde": 0.0,
    "chains_ptm": {
        "0": 0.31462398171424866
    },
    "pair_chains_iptm": {
        "0": {
            "0": 0.31462398171424866
        }
    }
}