{
    "confidence_score": 0.7132881879806519,
    "ptm": 0.9066839218139648,
    "iptm": 0.0,
    "ligand_iptm": 0.0,
    "protein_iptm": 0.0,
    "complex_plddt": 0.8916102051734924,
    "complex_iplddt": 0.0,
    "complex_pde": 0.4838683605194092,
    "complex_ipde": 0.0,
    "chains_ptm": {
        "0": 0.9066839218139648
    },
    "pair_chains_iptm": {
        "0": {
            "0": 0.9066839218139648
        }
    }
}