{
    "confidence_score": 0.5722178816795349,
    "ptm": 0.7110932469367981,
    "iptm": 0.0,
    "ligand_iptm": 0.0,
    "protein_iptm": 0.0,
    "complex_plddt": 0.7152723073959351,
    "complex_iplddt": 0.0,
    "complex_pde": 1.2718571424484253,
    "complex_ipde": 0.0,
    "chains_ptm": {
        "0": 0.7110932469367981
    },
    "pair_chains_iptm": {
        "0": {
            "0": 0.7110932469367981
        }
    }
}