{
    "confidence_score": 0.644432008266449,
    "ptm": 0.4785486161708832,
    "iptm": 0.0,
    "ligand_iptm": 0.0,
    "protein_iptm": 0.0,
    "complex_plddt": 0.8055400252342224,
    "complex_iplddt": 0.0,
    "complex_pde": 0.7554833292961121,
    "complex_ipde": 0.0,
    "chains_ptm": {
        "0": 0.4785486161708832
    },
    "pair_chains_iptm": {
        "0": {
            "0": 0.4785486161708832
        }
    }
}