{
    "confidence_score": 0.7328207492828369,
    "ptm": 0.9189940690994263,
    "iptm": 0.0,
    "ligand_iptm": 0.0,
    "protein_iptm": 0.0,
    "complex_plddt": 0.9160259366035461,
    "complex_iplddt": 0.0,
    "complex_pde": 0.3970761001110077,
    "complex_ipde": 0.0,
    "chains_ptm": {
        "0": 0.9189940690994263
    },
    "pair_chains_iptm": {
        "0": {
            "0": 0.9189940690994263
        }
    }
}