{
    "confidence_score": 0.7242935299873352,
    "ptm": 0.8732032179832458,
    "iptm": 0.0,
    "ligand_iptm": 0.0,
    "protein_iptm": 0.0,
    "complex_plddt": 0.9053668975830078,
    "complex_iplddt": 0.0,
    "complex_pde": 0.44346579909324646,
    "complex_ipde": 0.0,
    "chains_ptm": {
        "0": 0.8732032179832458
    },
    "pair_chains_iptm": {
        "0": {
            "0": 0.8732032179832458
        }
    }
}