{
    "confidence_score": 0.5966657996177673,
    "ptm": 0.525130033493042,
    "iptm": 0.0,
    "ligand_iptm": 0.0,
    "protein_iptm": 0.0,
    "complex_plddt": 0.7458322644233704,
    "complex_iplddt": 0.0,
    "complex_pde": 1.3456445932388306,
    "complex_ipde": 0.0,
    "chains_ptm": {
        "0": 0.525130033493042
    },
    "pair_chains_iptm": {
        "0": {
            "0": 0.525130033493042
        }
    }
}