{
    "confidence_score": 0.517907977104187,
    "ptm": 0.510909914970398,
    "iptm": 0.0,
    "ligand_iptm": 0.0,
    "protein_iptm": 0.0,
    "complex_plddt": 0.6473849415779114,
    "complex_iplddt": 0.0,
    "complex_pde": 1.8831201791763306,
    "complex_ipde": 0.0,
    "chains_ptm": {
        "0": 0.510909914970398
    },
    "pair_chains_iptm": {
        "0": {
            "0": 0.510909914970398
        }
    }
}