{
    "confidence_score": 0.5083953738212585,
    "ptm": 0.3875419497489929,
    "iptm": 0.0,
    "ligand_iptm": 0.0,
    "protein_iptm": 0.0,
    "complex_plddt": 0.6354942321777344,
    "complex_iplddt": 0.0,
    "complex_pde": 1.3874882459640503,
    "complex_ipde": 0.0,
    "chains_ptm": {
        "0": 0.3875419497489929
    },
    "pair_chains_iptm": {
        "0": {
            "0": 0.3875419497489929
        }
    }
}