{
    "confidence_score": 0.7326895594596863,
    "ptm": 0.9525424838066101,
    "iptm": 0.0,
    "ligand_iptm": 0.0,
    "protein_iptm": 0.0,
    "complex_plddt": 0.915861964225769,
    "complex_iplddt": 0.0,
    "complex_pde": 0.3391815423965454,
    "complex_ipde": 0.0,
    "chains_ptm": {
        "0": 0.9525424838066101
    },
    "pair_chains_iptm": {
        "0": {
            "0": 0.9525424838066101
        }
    }
}