{
    "confidence_score": 0.7092268466949463,
    "ptm": 0.7842235565185547,
    "iptm": 0.0,
    "ligand_iptm": 0.0,
    "protein_iptm": 0.0,
    "complex_plddt": 0.8865335583686829,
    "complex_iplddt": 0.0,
    "complex_pde": 0.4726884663105011,
    "complex_ipde": 0.0,
    "chains_ptm": {
        "0": 0.7842235565185547
    },
    "pair_chains_iptm": {
        "0": {
            "0": 0.7842235565185547
        }
    }
}