{
    "confidence_score": 0.6527368426322937,
    "ptm": 0.8232724070549011,
    "iptm": 0.0,
    "ligand_iptm": 0.0,
    "protein_iptm": 0.0,
    "complex_plddt": 0.8159210681915283,
    "complex_iplddt": 0.0,
    "complex_pde": 0.6869789361953735,
    "complex_ipde": 0.0,
    "chains_ptm": {
        "0": 0.8232724070549011
    },
    "pair_chains_iptm": {
        "0": {
            "0": 0.8232724070549011
        }
    }
}