{
    "confidence_score": 0.4678107798099518,
    "ptm": 0.34772926568984985,
    "iptm": 0.0,
    "ligand_iptm": 0.0,
    "protein_iptm": 0.0,
    "complex_plddt": 0.5847634673118591,
    "complex_iplddt": 0.0,
    "complex_pde": 1.6781803369522095,
    "complex_ipde": 0.0,
    "chains_ptm": {
        "0": 0.34772926568984985
    },
    "pair_chains_iptm": {
        "0": {
            "0": 0.34772926568984985
        }
    }
}