{
    "confidence_score": 0.38456234335899353,
    "ptm": 0.22590845823287964,
    "iptm": 0.0,
    "ligand_iptm": 0.0,
    "protein_iptm": 0.0,
    "complex_plddt": 0.4807029366493225,
    "complex_iplddt": 0.0,
    "complex_pde": 4.118708610534668,
    "complex_ipde": 0.0,
    "chains_ptm": {
        "0": 0.22590845823287964
    },
    "pair_chains_iptm": {
        "0": {
            "0": 0.22590845823287964
        }
    }
}