{
    "confidence_score": 0.7454848289489746,
    "ptm": 0.9011688232421875,
    "iptm": 0.0,
    "ligand_iptm": 0.0,
    "protein_iptm": 0.0,
    "complex_plddt": 0.9318560361862183,
    "complex_iplddt": 0.0,
    "complex_pde": 0.34151503443717957,
    "complex_ipde": 0.0,
    "chains_ptm": {
        "0": 0.9011688232421875
    },
    "pair_chains_iptm": {
        "0": {
            "0": 0.9011688232421875
        }
    }
}