{
    "confidence_score": 0.6789821982383728,
    "ptm": 0.6802681088447571,
    "iptm": 0.0,
    "ligand_iptm": 0.0,
    "protein_iptm": 0.0,
    "complex_plddt": 0.8487277626991272,
    "complex_iplddt": 0.0,
    "complex_pde": 0.6496285200119019,
    "complex_ipde": 0.0,
    "chains_ptm": {
        "0": 0.6802681088447571
    },
    "pair_chains_iptm": {
        "0": {
            "0": 0.6802681088447571
        }
    }
}