{
    "confidence_score": 0.5609413981437683,
    "ptm": 0.6991177797317505,
    "iptm": 0.0,
    "ligand_iptm": 0.0,
    "protein_iptm": 0.0,
    "complex_plddt": 0.7011767625808716,
    "complex_iplddt": 0.0,
    "complex_pde": 1.3218287229537964,
    "complex_ipde": 0.0,
    "chains_ptm": {
        "0": 0.6991177797317505
    },
    "pair_chains_iptm": {
        "0": {
            "0": 0.6991177797317505
        }
    }
}