{
    "confidence_score": 0.7215104699134827,
    "ptm": 0.934012770652771,
    "iptm": 0.0,
    "ligand_iptm": 0.0,
    "protein_iptm": 0.0,
    "complex_plddt": 0.9018880724906921,
    "complex_iplddt": 0.0,
    "complex_pde": 0.4168107211589813,
    "complex_ipde": 0.0,
    "chains_ptm": {
        "0": 0.934012770652771
    },
    "pair_chains_iptm": {
        "0": {
            "0": 0.934012770652771
        }
    }
}