{
    "confidence_score": 0.7016268968582153,
    "ptm": 0.9361009001731873,
    "iptm": 0.0,
    "ligand_iptm": 0.0,
    "protein_iptm": 0.0,
    "complex_plddt": 0.8770335912704468,
    "complex_iplddt": 0.0,
    "complex_pde": 0.39831116795539856,
    "complex_ipde": 0.0,
    "chains_ptm": {
        "0": 0.9361009001731873
    },
    "pair_chains_iptm": {
        "0": {
            "0": 0.9361009001731873
        }
    }
}