{
    "confidence_score": 0.47834712266921997,
    "ptm": 0.35011354088783264,
    "iptm": 0.0,
    "ligand_iptm": 0.0,
    "protein_iptm": 0.0,
    "complex_plddt": 0.5979338884353638,
    "complex_iplddt": 0.0,
    "complex_pde": 2.688310384750366,
    "complex_ipde": 0.0,
    "chains_ptm": {
        "0": 0.35011354088783264
    },
    "pair_chains_iptm": {
        "0": {
            "0": 0.35011354088783264
        }
    }
}