{
    "confidence_score": 0.7586871981620789,
    "ptm": 0.944299042224884,
    "iptm": 0.0,
    "ligand_iptm": 0.0,
    "protein_iptm": 0.0,
    "complex_plddt": 0.9483590126037598,
    "complex_iplddt": 0.0,
    "complex_pde": 0.3411126732826233,
    "complex_ipde": 0.0,
    "chains_ptm": {
        "0": 0.944299042224884
    },
    "pair_chains_iptm": {
        "0": {
            "0": 0.944299042224884
        }
    }
}