{
    "confidence_score": 0.6406198740005493,
    "ptm": 0.3150053322315216,
    "iptm": 0.0,
    "ligand_iptm": 0.0,
    "protein_iptm": 0.0,
    "complex_plddt": 0.8007748126983643,
    "complex_iplddt": 0.0,
    "complex_pde": 1.8324596881866455,
    "complex_ipde": 0.0,
    "chains_ptm": {
        "0": 0.3150053322315216
    },
    "pair_chains_iptm": {
        "0": {
            "0": 0.3150053322315216
        }
    }
}