{
    "confidence_score": 0.6366459727287292,
    "ptm": 0.8961019515991211,
    "iptm": 0.0,
    "ligand_iptm": 0.0,
    "protein_iptm": 0.0,
    "complex_plddt": 0.7958074808120728,
    "complex_iplddt": 0.0,
    "complex_pde": 0.4865546226501465,
    "complex_ipde": 0.0,
    "chains_ptm": {
        "0": 0.8961019515991211
    },
    "pair_chains_iptm": {
        "0": {
            "0": 0.8961019515991211
        }
    }
}