{
    "confidence_score": 0.5078560709953308,
    "ptm": 0.3387657403945923,
    "iptm": 0.0,
    "ligand_iptm": 0.0,
    "protein_iptm": 0.0,
    "complex_plddt": 0.6348201036453247,
    "complex_iplddt": 0.0,
    "complex_pde": 1.5832685232162476,
    "complex_ipde": 0.0,
    "chains_ptm": {
        "0": 0.3387657403945923
    },
    "pair_chains_iptm": {
        "0": {
            "0": 0.3387657403945923
        }
    }
}