{
    "confidence_score": 0.7420462369918823,
    "ptm": 0.9164872169494629,
    "iptm": 0.0,
    "ligand_iptm": 0.0,
    "protein_iptm": 0.0,
    "complex_plddt": 0.9275577664375305,
    "complex_iplddt": 0.0,
    "complex_pde": 0.341919869184494,
    "complex_ipde": 0.0,
    "chains_ptm": {
        "0": 0.9164872169494629
    },
    "pair_chains_iptm": {
        "0": {
            "0": 0.9164872169494629
        }
    }
}