{
    "confidence_score": 0.7477404475212097,
    "ptm": 0.9332224130630493,
    "iptm": 0.0,
    "ligand_iptm": 0.0,
    "protein_iptm": 0.0,
    "complex_plddt": 0.9346755743026733,
    "complex_iplddt": 0.0,
    "complex_pde": 0.332063227891922,
    "complex_ipde": 0.0,
    "chains_ptm": {
        "0": 0.9332224130630493
    },
    "pair_chains_iptm": {
        "0": {
            "0": 0.9332224130630493
        }
    }
}