{
    "confidence_score": 0.7465459108352661,
    "ptm": 0.9424936175346375,
    "iptm": 0.0,
    "ligand_iptm": 0.0,
    "protein_iptm": 0.0,
    "complex_plddt": 0.9331823587417603,
    "complex_iplddt": 0.0,
    "complex_pde": 0.34400102496147156,
    "complex_ipde": 0.0,
    "chains_ptm": {
        "0": 0.9424936175346375
    },
    "pair_chains_iptm": {
        "0": {
            "0": 0.9424936175346375
        }
    }
}