{
    "confidence_score": 0.4843890368938446,
    "ptm": 0.2419968694448471,
    "iptm": 0.0,
    "ligand_iptm": 0.0,
    "protein_iptm": 0.0,
    "complex_plddt": 0.605486273765564,
    "complex_iplddt": 0.0,
    "complex_pde": 1.211951494216919,
    "complex_ipde": 0.0,
    "chains_ptm": {
        "0": 0.2419968694448471
    },
    "pair_chains_iptm": {
        "0": {
            "0": 0.2419968694448471
        }
    }
}