{
    "features": 3583.9925677776337,
    "process_features_model_1_pred_0": 4.358168840408325,
    "predict_and_compile_model_1_pred_0": 261.4130699634552,
    "process_features_model_2_pred_0": 4.5590455532073975,
    "predict_and_compile_model_2_pred_0": 244.6786243915558,
    "process_features_model_3_pred_0": 4.524858474731445,
    "predict_and_compile_model_3_pred_0": 234.52547097206116,
    "process_features_model_4_pred_0": 4.291164875030518,
    "predict_and_compile_model_4_pred_0": 235.53892922401428,
    "process_features_model_5_pred_0": 3.9425578117370605,
    "predict_and_compile_model_5_pred_0": 214.36256384849548,
    "relax_model_3_pred_0": 34.34483218193054
}