{
    "confidence_score": 0.3306242823600769,
    "ptm": 0.27017518877983093,
    "iptm": 0.0,
    "ligand_iptm": 0.0,
    "protein_iptm": 0.0,
    "complex_plddt": 0.41328033804893494,
    "complex_iplddt": 0.0,
    "complex_pde": 4.331786632537842,
    "complex_ipde": 0.0,
    "chains_ptm": {
        "0": 0.27017518877983093
    },
    "pair_chains_iptm": {
        "0": {
            "0": 0.27017518877983093
        }
    }
}