{
    "confidence_score": 0.6302326321601868,
    "ptm": 0.6035347580909729,
    "iptm": 0.0,
    "ligand_iptm": 0.0,
    "protein_iptm": 0.0,
    "complex_plddt": 0.7877907752990723,
    "complex_iplddt": 0.0,
    "complex_pde": 1.1721093654632568,
    "complex_ipde": 0.0,
    "chains_ptm": {
        "0": 0.6035347580909729
    },
    "pair_chains_iptm": {
        "0": {
            "0": 0.6035347580909729
        }
    }
}