{
    "confidence_score": 0.5558659434318542,
    "ptm": 0.7285753488540649,
    "iptm": 0.0,
    "ligand_iptm": 0.0,
    "protein_iptm": 0.0,
    "complex_plddt": 0.694832444190979,
    "complex_iplddt": 0.0,
    "complex_pde": 1.4246294498443604,
    "complex_ipde": 0.0,
    "chains_ptm": {
        "0": 0.7285753488540649
    },
    "pair_chains_iptm": {
        "0": {
            "0": 0.7285753488540649
        }
    }
}