{
    "confidence_score": 0.7176925539970398,
    "ptm": 0.9169209003448486,
    "iptm": 0.0,
    "ligand_iptm": 0.0,
    "protein_iptm": 0.0,
    "complex_plddt": 0.8971157073974609,
    "complex_iplddt": 0.0,
    "complex_pde": 0.3842349350452423,
    "complex_ipde": 0.0,
    "chains_ptm": {
        "0": 0.9169209003448486
    },
    "pair_chains_iptm": {
        "0": {
            "0": 0.9169209003448486
        }
    }
}