{
    "confidence_score": 0.48985719680786133,
    "ptm": 0.26027101278305054,
    "iptm": 0.0,
    "ligand_iptm": 0.0,
    "protein_iptm": 0.0,
    "complex_plddt": 0.6123214960098267,
    "complex_iplddt": 0.0,
    "complex_pde": 1.9046006202697754,
    "complex_ipde": 0.0,
    "chains_ptm": {
        "0": 0.26027101278305054
    },
    "pair_chains_iptm": {
        "0": {
            "0": 0.26027101278305054
        }
    }
}