{
    "confidence_score": 0.6997461318969727,
    "ptm": 0.8254244327545166,
    "iptm": 0.0,
    "ligand_iptm": 0.0,
    "protein_iptm": 0.0,
    "complex_plddt": 0.8746826648712158,
    "complex_iplddt": 0.0,
    "complex_pde": 0.5099886655807495,
    "complex_ipde": 0.0,
    "chains_ptm": {
        "0": 0.8254244327545166
    },
    "pair_chains_iptm": {
        "0": {
            "0": 0.8254244327545166
        }
    }
}