{
    "confidence_score": 0.6782023310661316,
    "ptm": 0.8993398547172546,
    "iptm": 0.0,
    "ligand_iptm": 0.0,
    "protein_iptm": 0.0,
    "complex_plddt": 0.8477529287338257,
    "complex_iplddt": 0.0,
    "complex_pde": 0.647806704044342,
    "complex_ipde": 0.0,
    "chains_ptm": {
        "0": 0.8993398547172546
    },
    "pair_chains_iptm": {
        "0": {
            "0": 0.8993398547172546
        }
    }
}