{
    "confidence_score": 0.5763838887214661,
    "ptm": 0.3401239514350891,
    "iptm": 0.0,
    "ligand_iptm": 0.0,
    "protein_iptm": 0.0,
    "complex_plddt": 0.7204798460006714,
    "complex_iplddt": 0.0,
    "complex_pde": 1.4705429077148438,
    "complex_ipde": 0.0,
    "chains_ptm": {
        "0": 0.3401239514350891
    },
    "pair_chains_iptm": {
        "0": {
            "0": 0.3401239514350891
        }
    }
}