{
    "confidence_score": 0.7389981746673584,
    "ptm": 0.9217172861099243,
    "iptm": 0.0,
    "ligand_iptm": 0.0,
    "protein_iptm": 0.0,
    "complex_plddt": 0.923747718334198,
    "complex_iplddt": 0.0,
    "complex_pde": 0.3745601177215576,
    "complex_ipde": 0.0,
    "chains_ptm": {
        "0": 0.9217172861099243
    },
    "pair_chains_iptm": {
        "0": {
            "0": 0.9217172861099243
        }
    }
}