{
    "confidence_score": 0.7391082644462585,
    "ptm": 0.9603544473648071,
    "iptm": 0.0,
    "ligand_iptm": 0.0,
    "protein_iptm": 0.0,
    "complex_plddt": 0.9238853454589844,
    "complex_iplddt": 0.0,
    "complex_pde": 0.38476625084877014,
    "complex_ipde": 0.0,
    "chains_ptm": {
        "0": 0.9603544473648071
    },
    "pair_chains_iptm": {
        "0": {
            "0": 0.9603544473648071
        }
    }
}