{
    "confidence_score": 0.5847352147102356,
    "ptm": 0.5129016637802124,
    "iptm": 0.0,
    "ligand_iptm": 0.0,
    "protein_iptm": 0.0,
    "complex_plddt": 0.7309190034866333,
    "complex_iplddt": 0.0,
    "complex_pde": 1.5073659420013428,
    "complex_ipde": 0.0,
    "chains_ptm": {
        "0": 0.5129016637802124
    },
    "pair_chains_iptm": {
        "0": {
            "0": 0.5129016637802124
        }
    }
}