{
    "confidence_score": 0.5629950761795044,
    "ptm": 0.5618956685066223,
    "iptm": 0.0,
    "ligand_iptm": 0.0,
    "protein_iptm": 0.0,
    "complex_plddt": 0.7037438154220581,
    "complex_iplddt": 0.0,
    "complex_pde": 1.4545246362686157,
    "complex_ipde": 0.0,
    "chains_ptm": {
        "0": 0.5618956685066223
    },
    "pair_chains_iptm": {
        "0": {
            "0": 0.5618956685066223
        }
    }
}