{
    "confidence_score": 0.6997444033622742,
    "ptm": 0.8969221115112305,
    "iptm": 0.0,
    "ligand_iptm": 0.0,
    "protein_iptm": 0.0,
    "complex_plddt": 0.8746804594993591,
    "complex_iplddt": 0.0,
    "complex_pde": 0.4623003602027893,
    "complex_ipde": 0.0,
    "chains_ptm": {
        "0": 0.8969221115112305
    },
    "pair_chains_iptm": {
        "0": {
            "0": 0.8969221115112305
        }
    }
}