{
    "confidence_score": 0.7447702288627625,
    "ptm": 0.8923071026802063,
    "iptm": 0.0,
    "ligand_iptm": 0.0,
    "protein_iptm": 0.0,
    "complex_plddt": 0.9309627413749695,
    "complex_iplddt": 0.0,
    "complex_pde": 0.3812403678894043,
    "complex_ipde": 0.0,
    "chains_ptm": {
        "0": 0.8923071026802063
    },
    "pair_chains_iptm": {
        "0": {
            "0": 0.8923071026802063
        }
    }
}