{
    "confidence_score": 0.6898084878921509,
    "ptm": 0.8142929673194885,
    "iptm": 0.0,
    "ligand_iptm": 0.0,
    "protein_iptm": 0.0,
    "complex_plddt": 0.8622605800628662,
    "complex_iplddt": 0.0,
    "complex_pde": 0.4914329946041107,
    "complex_ipde": 0.0,
    "chains_ptm": {
        "0": 0.8142929673194885
    },
    "pair_chains_iptm": {
        "0": {
            "0": 0.8142929673194885
        }
    }
}