{
    "plddts": {
        "model_1_pred_0": 92.26765277285607,
        "model_2_pred_0": 92.39974043258465,
        "model_3_pred_0": 92.84067903401872,
        "model_4_pred_0": 91.71111486543427,
        "model_5_pred_0": 92.06444495027532
    },
    "order": [
        "model_3_pred_0",
        "model_2_pred_0",
        "model_1_pred_0",
        "model_5_pred_0",
        "model_4_pred_0"
    ]
}