{
    "features": 4984.558607816696,
    "process_features_model_1_pred_0": 10.753241539001465,
    "predict_and_compile_model_1_pred_0": 293.8801393508911,
    "process_features_model_2_pred_0": 11.087329626083374,
    "predict_and_compile_model_2_pred_0": 281.34785556793213,
    "process_features_model_3_pred_0": 10.1444730758667,
    "predict_and_compile_model_3_pred_0": 250.4850881099701,
    "process_features_model_4_pred_0": 10.090214490890503,
    "predict_and_compile_model_4_pred_0": 250.2969470024109,
    "process_features_model_5_pred_0": 9.688019752502441,
    "predict_and_compile_model_5_pred_0": 230.13668489456177,
    "relax_model_3_pred_0": 48.350303173065186
}