{
    "confidence_score": 0.7530110478401184,
    "ptm": 0.9428634643554688,
    "iptm": 0.0,
    "ligand_iptm": 0.0,
    "protein_iptm": 0.0,
    "complex_plddt": 0.9412637948989868,
    "complex_iplddt": 0.0,
    "complex_pde": 0.3173571527004242,
    "complex_ipde": 0.0,
    "chains_ptm": {
        "0": 0.9428634643554688
    },
    "pair_chains_iptm": {
        "0": {
            "0": 0.9428634643554688
        }
    }
}