{
    "plddts": {
        "model_1_pred_0": 90.10061176620286,
        "model_2_pred_0": 89.9351331383874,
        "model_3_pred_0": 90.89970472361307,
        "model_4_pred_0": 91.03755911280608,
        "model_5_pred_0": 90.15047366399351
    },
    "order": [
        "model_4_pred_0",
        "model_3_pred_0",
        "model_5_pred_0",
        "model_1_pred_0",
        "model_2_pred_0"
    ]
}