{
    "features": 4258.505570650101,
    "process_features_model_1_pred_0": 9.634801149368286,
    "predict_and_compile_model_1_pred_0": 2093.794559955597,
    "process_features_model_2_pred_0": 9.85852575302124,
    "predict_and_compile_model_2_pred_0": 931.4055016040802,
    "process_features_model_3_pred_0": 9.543572664260864,
    "predict_and_compile_model_3_pred_0": 959.1456542015076,
    "process_features_model_4_pred_0": 9.550267934799194,
    "predict_and_compile_model_4_pred_0": 827.4270515441895,
    "process_features_model_5_pred_0": 8.666749477386475,
    "predict_and_compile_model_5_pred_0": 686.5351319313049,
    "relax_model_4_pred_0": 86.740407705307
}