{
    "confidence_score": 0.5576474070549011,
    "ptm": 0.6816426515579224,
    "iptm": 0.0,
    "ligand_iptm": 0.0,
    "protein_iptm": 0.0,
    "complex_plddt": 0.6970592737197876,
    "complex_iplddt": 0.0,
    "complex_pde": 0.7235387563705444,
    "complex_ipde": 0.0,
    "chains_ptm": {
        "0": 0.6816426515579224
    },
    "pair_chains_iptm": {
        "0": {
            "0": 0.6816426515579224
        }
    }
}