{
    "confidence_score": 0.7375315427780151,
    "ptm": 0.9331867694854736,
    "iptm": 0.0,
    "ligand_iptm": 0.0,
    "protein_iptm": 0.0,
    "complex_plddt": 0.9219143986701965,
    "complex_iplddt": 0.0,
    "complex_pde": 0.3621981143951416,
    "complex_ipde": 0.0,
    "chains_ptm": {
        "0": 0.9331867694854736
    },
    "pair_chains_iptm": {
        "0": {
            "0": 0.9331867694854736
        }
    }
}