{
    "confidence_score": 0.7426748871803284,
    "ptm": 0.9389851093292236,
    "iptm": 0.0,
    "ligand_iptm": 0.0,
    "protein_iptm": 0.0,
    "complex_plddt": 0.9283435940742493,
    "complex_iplddt": 0.0,
    "complex_pde": 0.35218650102615356,
    "complex_ipde": 0.0,
    "chains_ptm": {
        "0": 0.9389851093292236
    },
    "pair_chains_iptm": {
        "0": {
            "0": 0.9389851093292236
        }
    }
}