{
    "confidence_score": 0.3658926486968994,
    "ptm": 0.3316520154476166,
    "iptm": 0.0,
    "ligand_iptm": 0.0,
    "protein_iptm": 0.0,
    "complex_plddt": 0.45736581087112427,
    "complex_iplddt": 0.0,
    "complex_pde": 2.799593448638916,
    "complex_ipde": 0.0,
    "chains_ptm": {
        "0": 0.3316520154476166
    },
    "pair_chains_iptm": {
        "0": {
            "0": 0.3316520154476166
        }
    }
}