{
    "confidence_score": 0.7176190614700317,
    "ptm": 0.9167345762252808,
    "iptm": 0.0,
    "ligand_iptm": 0.0,
    "protein_iptm": 0.0,
    "complex_plddt": 0.8970237970352173,
    "complex_iplddt": 0.0,
    "complex_pde": 0.4590001702308655,
    "complex_ipde": 0.0,
    "chains_ptm": {
        "0": 0.9167345762252808
    },
    "pair_chains_iptm": {
        "0": {
            "0": 0.9167345762252808
        }
    }
}