{
    "confidence_score": 0.5376656651496887,
    "ptm": 0.7564406394958496,
    "iptm": 0.0,
    "ligand_iptm": 0.0,
    "protein_iptm": 0.0,
    "complex_plddt": 0.6720820665359497,
    "complex_iplddt": 0.0,
    "complex_pde": 0.8021224737167358,
    "complex_ipde": 0.0,
    "chains_ptm": {
        "0": 0.7564406394958496
    },
    "pair_chains_iptm": {
        "0": {
            "0": 0.7564406394958496
        }
    }
}