{
    "features": 7356.790907621384,
    "process_features_model_1_pred_0": 7.644604921340942,
    "predict_and_compile_model_1_pred_0": 2831.9731628894806,
    "process_features_model_2_pred_0": 7.633800506591797,
    "predict_and_compile_model_2_pred_0": 1427.4412274360657,
    "process_features_model_3_pred_0": 7.2161335945129395,
    "predict_and_compile_model_3_pred_0": 1437.323318719864,
    "process_features_model_4_pred_0": 7.196425676345825,
    "predict_and_compile_model_4_pred_0": 1254.1974153518677,
    "process_features_model_5_pred_0": 7.220661163330078,
    "predict_and_compile_model_5_pred_0": 1071.6906607151031,
    "relax_model_1_pred_0": 48.73405909538269
}