{
    "confidence_score": 0.7500395178794861,
    "ptm": 0.8333511352539062,
    "iptm": 0.0,
    "ligand_iptm": 0.0,
    "protein_iptm": 0.0,
    "complex_plddt": 0.9375494122505188,
    "complex_iplddt": 0.0,
    "complex_pde": 0.3840820789337158,
    "complex_ipde": 0.0,
    "chains_ptm": {
        "0": 0.8333511352539062
    },
    "pair_chains_iptm": {
        "0": {
            "0": 0.8333511352539062
        }
    }
}