{
    "confidence_score": 0.7356978058815002,
    "ptm": 0.9392212629318237,
    "iptm": 0.0,
    "ligand_iptm": 0.0,
    "protein_iptm": 0.0,
    "complex_plddt": 0.9196222424507141,
    "complex_iplddt": 0.0,
    "complex_pde": 0.42048588395118713,
    "complex_ipde": 0.0,
    "chains_ptm": {
        "0": 0.9392212629318237
    },
    "pair_chains_iptm": {
        "0": {
            "0": 0.9392212629318237
        }
    }
}