{
    "confidence_score": 0.537045419216156,
    "ptm": 0.7156790494918823,
    "iptm": 0.0,
    "ligand_iptm": 0.0,
    "protein_iptm": 0.0,
    "complex_plddt": 0.6713067293167114,
    "complex_iplddt": 0.0,
    "complex_pde": 1.0445592403411865,
    "complex_ipde": 0.0,
    "chains_ptm": {
        "0": 0.7156790494918823
    },
    "pair_chains_iptm": {
        "0": {
            "0": 0.7156790494918823
        }
    }
}