{
    "confidence_score": 0.7349293231964111,
    "ptm": 0.9325810074806213,
    "iptm": 0.0,
    "ligand_iptm": 0.0,
    "protein_iptm": 0.0,
    "complex_plddt": 0.9186616539955139,
    "complex_iplddt": 0.0,
    "complex_pde": 0.429761677980423,
    "complex_ipde": 0.0,
    "chains_ptm": {
        "0": 0.9325810074806213
    },
    "pair_chains_iptm": {
        "0": {
            "0": 0.9325810074806213
        }
    }
}