{
    "confidence_score": 0.7347111105918884,
    "ptm": 0.9591168761253357,
    "iptm": 0.0,
    "ligand_iptm": 0.0,
    "protein_iptm": 0.0,
    "complex_plddt": 0.918388843536377,
    "complex_iplddt": 0.0,
    "complex_pde": 0.4017733037471771,
    "complex_ipde": 0.0,
    "chains_ptm": {
        "0": 0.9591168761253357
    },
    "pair_chains_iptm": {
        "0": {
            "0": 0.9591168761253357
        }
    }
}