{
    "confidence_score": 0.5415769219398499,
    "ptm": 0.29679936170578003,
    "iptm": 0.0,
    "ligand_iptm": 0.0,
    "protein_iptm": 0.0,
    "complex_plddt": 0.6769711375236511,
    "complex_iplddt": 0.0,
    "complex_pde": 1.1298776865005493,
    "complex_ipde": 0.0,
    "chains_ptm": {
        "0": 0.29679936170578003
    },
    "pair_chains_iptm": {
        "0": {
            "0": 0.29679936170578003
        }
    }
}