{
    "confidence_score": 0.7168576717376709,
    "ptm": 0.8339051008224487,
    "iptm": 0.0,
    "ligand_iptm": 0.0,
    "protein_iptm": 0.0,
    "complex_plddt": 0.8960720896720886,
    "complex_iplddt": 0.0,
    "complex_pde": 0.5016676783561707,
    "complex_ipde": 0.0,
    "chains_ptm": {
        "0": 0.8339051008224487
    },
    "pair_chains_iptm": {
        "0": {
            "0": 0.8339051008224487
        }
    }
}