{
    "confidence_score": 0.6739124655723572,
    "ptm": 0.7091341614723206,
    "iptm": 0.0,
    "ligand_iptm": 0.0,
    "protein_iptm": 0.0,
    "complex_plddt": 0.8423905968666077,
    "complex_iplddt": 0.0,
    "complex_pde": 0.7219277620315552,
    "complex_ipde": 0.0,
    "chains_ptm": {
        "0": 0.7091341614723206
    },
    "pair_chains_iptm": {
        "0": {
            "0": 0.7091341614723206
        }
    }
}