{
    "confidence_score": 0.6576737761497498,
    "ptm": 0.8343995809555054,
    "iptm": 0.0,
    "ligand_iptm": 0.0,
    "protein_iptm": 0.0,
    "complex_plddt": 0.8220921754837036,
    "complex_iplddt": 0.0,
    "complex_pde": 0.6625427603721619,
    "complex_ipde": 0.0,
    "chains_ptm": {
        "0": 0.8343995809555054
    },
    "pair_chains_iptm": {
        "0": {
            "0": 0.8343995809555054
        }
    }
}