{
    "confidence_score": 0.4392891824245453,
    "ptm": 0.3144790232181549,
    "iptm": 0.0,
    "ligand_iptm": 0.0,
    "protein_iptm": 0.0,
    "complex_plddt": 0.5491114854812622,
    "complex_iplddt": 0.0,
    "complex_pde": 1.5624176263809204,
    "complex_ipde": 0.0,
    "chains_ptm": {
        "0": 0.3144790232181549
    },
    "pair_chains_iptm": {
        "0": {
            "0": 0.3144790232181549
        }
    }
}