{
    "confidence_score": 0.587141215801239,
    "ptm": 0.5182767510414124,
    "iptm": 0.0,
    "ligand_iptm": 0.0,
    "protein_iptm": 0.0,
    "complex_plddt": 0.73392653465271,
    "complex_iplddt": 0.0,
    "complex_pde": 1.0395621061325073,
    "complex_ipde": 0.0,
    "chains_ptm": {
        "0": 0.5182767510414124
    },
    "pair_chains_iptm": {
        "0": {
            "0": 0.5182767510414124
        }
    }
}