{
    "confidence_score": 0.7307026982307434,
    "ptm": 0.9332468509674072,
    "iptm": 0.0,
    "ligand_iptm": 0.0,
    "protein_iptm": 0.0,
    "complex_plddt": 0.9133783578872681,
    "complex_iplddt": 0.0,
    "complex_pde": 0.37584713101387024,
    "complex_ipde": 0.0,
    "chains_ptm": {
        "0": 0.9332468509674072
    },
    "pair_chains_iptm": {
        "0": {
            "0": 0.9332468509674072
        }
    }
}