{
    "confidence_score": 0.5581063628196716,
    "ptm": 0.5862396955490112,
    "iptm": 0.0,
    "ligand_iptm": 0.0,
    "protein_iptm": 0.0,
    "complex_plddt": 0.697632908821106,
    "complex_iplddt": 0.0,
    "complex_pde": 1.091135859489441,
    "complex_ipde": 0.0,
    "chains_ptm": {
        "0": 0.5862396955490112
    },
    "pair_chains_iptm": {
        "0": {
            "0": 0.5862396955490112
        }
    }
}