{
    "confidence_score": 0.7272014021873474,
    "ptm": 0.9113916158676147,
    "iptm": 0.0,
    "ligand_iptm": 0.0,
    "protein_iptm": 0.0,
    "complex_plddt": 0.9090017080307007,
    "complex_iplddt": 0.0,
    "complex_pde": 0.39566680788993835,
    "complex_ipde": 0.0,
    "chains_ptm": {
        "0": 0.9113916158676147
    },
    "pair_chains_iptm": {
        "0": {
            "0": 0.9113916158676147
        }
    }
}