{
    "confidence_score": 0.625737726688385,
    "ptm": 0.8406510949134827,
    "iptm": 0.0,
    "ligand_iptm": 0.0,
    "protein_iptm": 0.0,
    "complex_plddt": 0.7821721434593201,
    "complex_iplddt": 0.0,
    "complex_pde": 0.6901186108589172,
    "complex_ipde": 0.0,
    "chains_ptm": {
        "0": 0.8406510949134827
    },
    "pair_chains_iptm": {
        "0": {
            "0": 0.8406510949134827
        }
    }
}