{
    "confidence_score": 0.570111870765686,
    "ptm": 0.5556329488754272,
    "iptm": 0.0,
    "ligand_iptm": 0.0,
    "protein_iptm": 0.0,
    "complex_plddt": 0.7126398086547852,
    "complex_iplddt": 0.0,
    "complex_pde": 1.5414330959320068,
    "complex_ipde": 0.0,
    "chains_ptm": {
        "0": 0.5556329488754272
    },
    "pair_chains_iptm": {
        "0": {
            "0": 0.5556329488754272
        }
    }
}