{
    "plddts": {
        "model_1_pred_0": 78.12355028285333,
        "model_2_pred_0": 77.5651719584069,
        "model_3_pred_0": 78.66586783658738,
        "model_4_pred_0": 79.02424648102044,
        "model_5_pred_0": 77.25838147562384
    },
    "order": [
        "model_4_pred_0",
        "model_3_pred_0",
        "model_1_pred_0",
        "model_2_pred_0",
        "model_5_pred_0"
    ]
}