{
    "confidence_score": 0.7058959603309631,
    "ptm": 0.7799645662307739,
    "iptm": 0.0,
    "ligand_iptm": 0.0,
    "protein_iptm": 0.0,
    "complex_plddt": 0.8823699355125427,
    "complex_iplddt": 0.0,
    "complex_pde": 0.5278351306915283,
    "complex_ipde": 0.0,
    "chains_ptm": {
        "0": 0.7799645662307739
    },
    "pair_chains_iptm": {
        "0": {
            "0": 0.7799645662307739
        }
    }
}