{
    "confidence_score": 0.5594095587730408,
    "ptm": 0.6665499210357666,
    "iptm": 0.0,
    "ligand_iptm": 0.0,
    "protein_iptm": 0.0,
    "complex_plddt": 0.6992619037628174,
    "complex_iplddt": 0.0,
    "complex_pde": 2.0176644325256348,
    "complex_ipde": 0.0,
    "chains_ptm": {
        "0": 0.6665499210357666
    },
    "pair_chains_iptm": {
        "0": {
            "0": 0.6665499210357666
        }
    }
}