{
    "confidence_score": 0.6620121002197266,
    "ptm": 0.7620317935943604,
    "iptm": 0.0,
    "ligand_iptm": 0.0,
    "protein_iptm": 0.0,
    "complex_plddt": 0.8275151252746582,
    "complex_iplddt": 0.0,
    "complex_pde": 0.5904271006584167,
    "complex_ipde": 0.0,
    "chains_ptm": {
        "0": 0.7620317935943604
    },
    "pair_chains_iptm": {
        "0": {
            "0": 0.7620317935943604
        }
    }
}