{
    "confidence_score": 0.6804479956626892,
    "ptm": 0.8833442330360413,
    "iptm": 0.0,
    "ligand_iptm": 0.0,
    "protein_iptm": 0.0,
    "complex_plddt": 0.8505600094795227,
    "complex_iplddt": 0.0,
    "complex_pde": 0.6195538640022278,
    "complex_ipde": 0.0,
    "chains_ptm": {
        "0": 0.8833442330360413
    },
    "pair_chains_iptm": {
        "0": {
            "0": 0.8833442330360413
        }
    }
}