{
    "confidence_score": 0.6924418807029724,
    "ptm": 0.9006524682044983,
    "iptm": 0.0,
    "ligand_iptm": 0.0,
    "protein_iptm": 0.0,
    "complex_plddt": 0.8655523061752319,
    "complex_iplddt": 0.0,
    "complex_pde": 0.5226234197616577,
    "complex_ipde": 0.0,
    "chains_ptm": {
        "0": 0.9006524682044983
    },
    "pair_chains_iptm": {
        "0": {
            "0": 0.9006524682044983
        }
    }
}