{
    "confidence_score": 0.6592676639556885,
    "ptm": 0.8097454905509949,
    "iptm": 0.0,
    "ligand_iptm": 0.0,
    "protein_iptm": 0.0,
    "complex_plddt": 0.8240845799446106,
    "complex_iplddt": 0.0,
    "complex_pde": 0.7599970698356628,
    "complex_ipde": 0.0,
    "chains_ptm": {
        "0": 0.8097454905509949
    },
    "pair_chains_iptm": {
        "0": {
            "0": 0.8097454905509949
        }
    }
}