{
    "confidence_score": 0.6468483805656433,
    "ptm": 0.7193158864974976,
    "iptm": 0.0,
    "ligand_iptm": 0.0,
    "protein_iptm": 0.0,
    "complex_plddt": 0.8085604906082153,
    "complex_iplddt": 0.0,
    "complex_pde": 1.211148977279663,
    "complex_ipde": 0.0,
    "chains_ptm": {
        "0": 0.7193158864974976
    },
    "pair_chains_iptm": {
        "0": {
            "0": 0.7193158864974976
        }
    }
}