{
    "plddts": {
        "model_1_pred_0": 64.28660244666875,
        "model_2_pred_0": 63.09533557566128,
        "model_3_pred_0": 62.69777306808711,
        "model_4_pred_0": 62.861143962026716,
        "model_5_pred_0": 61.051287170487015
    },
    "order": [
        "model_1_pred_0",
        "model_2_pred_0",
        "model_4_pred_0",
        "model_3_pred_0",
        "model_5_pred_0"
    ]
}