{
    "confidence_score": 0.6708070039749146,
    "ptm": 0.6095314621925354,
    "iptm": 0.0,
    "ligand_iptm": 0.0,
    "protein_iptm": 0.0,
    "complex_plddt": 0.8385087251663208,
    "complex_iplddt": 0.0,
    "complex_pde": 0.5462515950202942,
    "complex_ipde": 0.0,
    "chains_ptm": {
        "0": 0.6095314621925354
    },
    "pair_chains_iptm": {
        "0": {
            "0": 0.6095314621925354
        }
    }
}