{
    "confidence_score": 0.52576744556427,
    "ptm": 0.5466543436050415,
    "iptm": 0.0,
    "ligand_iptm": 0.0,
    "protein_iptm": 0.0,
    "complex_plddt": 0.6572092771530151,
    "complex_iplddt": 0.0,
    "complex_pde": 1.626145601272583,
    "complex_ipde": 0.0,
    "chains_ptm": {
        "0": 0.5466543436050415
    },
    "pair_chains_iptm": {
        "0": {
            "0": 0.5466543436050415
        }
    }
}