{
    "confidence_score": 0.6667894124984741,
    "ptm": 0.7126748561859131,
    "iptm": 0.0,
    "ligand_iptm": 0.0,
    "protein_iptm": 0.0,
    "complex_plddt": 0.8334867358207703,
    "complex_iplddt": 0.0,
    "complex_pde": 1.352309226989746,
    "complex_ipde": 0.0,
    "chains_ptm": {
        "0": 0.7126748561859131
    },
    "pair_chains_iptm": {
        "0": {
            "0": 0.7126748561859131
        }
    }
}