{
    "confidence_score": 0.44485291838645935,
    "ptm": 0.33146199584007263,
    "iptm": 0.0,
    "ligand_iptm": 0.0,
    "protein_iptm": 0.0,
    "complex_plddt": 0.5560661554336548,
    "complex_iplddt": 0.0,
    "complex_pde": 2.376582145690918,
    "complex_ipde": 0.0,
    "chains_ptm": {
        "0": 0.33146199584007263
    },
    "pair_chains_iptm": {
        "0": {
            "0": 0.33146199584007263
        }
    }
}