{
    "confidence_score": 0.6900028586387634,
    "ptm": 0.8830167651176453,
    "iptm": 0.0,
    "ligand_iptm": 0.0,
    "protein_iptm": 0.0,
    "complex_plddt": 0.8625035285949707,
    "complex_iplddt": 0.0,
    "complex_pde": 0.4469091594219208,
    "complex_ipde": 0.0,
    "chains_ptm": {
        "0": 0.8830167651176453
    },
    "pair_chains_iptm": {
        "0": {
            "0": 0.8830167651176453
        }
    }
}