{
    "confidence_score": 0.5010165572166443,
    "ptm": 0.37623709440231323,
    "iptm": 0.0,
    "ligand_iptm": 0.0,
    "protein_iptm": 0.0,
    "complex_plddt": 0.6262707114219666,
    "complex_iplddt": 0.0,
    "complex_pde": 2.1837215423583984,
    "complex_ipde": 0.0,
    "chains_ptm": {
        "0": 0.37623709440231323
    },
    "pair_chains_iptm": {
        "0": {
            "0": 0.37623709440231323
        }
    }
}