{
    "confidence_score": 0.6755281090736389,
    "ptm": 0.8710917830467224,
    "iptm": 0.0,
    "ligand_iptm": 0.0,
    "protein_iptm": 0.0,
    "complex_plddt": 0.8444101214408875,
    "complex_iplddt": 0.0,
    "complex_pde": 0.45649659633636475,
    "complex_ipde": 0.0,
    "chains_ptm": {
        "0": 0.8710917830467224
    },
    "pair_chains_iptm": {
        "0": {
            "0": 0.8710917830467224
        }
    }
}