{
    "confidence_score": 0.7249137759208679,
    "ptm": 0.9247424006462097,
    "iptm": 0.0,
    "ligand_iptm": 0.0,
    "protein_iptm": 0.0,
    "complex_plddt": 0.9061422348022461,
    "complex_iplddt": 0.0,
    "complex_pde": 0.46815356612205505,
    "complex_ipde": 0.0,
    "chains_ptm": {
        "0": 0.9247424006462097
    },
    "pair_chains_iptm": {
        "0": {
            "0": 0.9247424006462097
        }
    }
}