{
    "confidence_score": 0.7434336543083191,
    "ptm": 0.9553630352020264,
    "iptm": 0.0,
    "ligand_iptm": 0.0,
    "protein_iptm": 0.0,
    "complex_plddt": 0.9292920827865601,
    "complex_iplddt": 0.0,
    "complex_pde": 0.33611416816711426,
    "complex_ipde": 0.0,
    "chains_ptm": {
        "0": 0.9553630352020264
    },
    "pair_chains_iptm": {
        "0": {
            "0": 0.9553630352020264
        }
    }
}