{
    "confidence_score": 0.4478766620159149,
    "ptm": 0.2314615249633789,
    "iptm": 0.0,
    "ligand_iptm": 0.0,
    "protein_iptm": 0.0,
    "complex_plddt": 0.5598458051681519,
    "complex_iplddt": 0.0,
    "complex_pde": 3.424469232559204,
    "complex_ipde": 0.0,
    "chains_ptm": {
        "0": 0.2314615249633789
    },
    "pair_chains_iptm": {
        "0": {
            "0": 0.2314615249633789
        }
    }
}