{
    "confidence_score": 0.6217916011810303,
    "ptm": 0.36302071809768677,
    "iptm": 0.0,
    "ligand_iptm": 0.0,
    "protein_iptm": 0.0,
    "complex_plddt": 0.7772395014762878,
    "complex_iplddt": 0.0,
    "complex_pde": 1.6066803932189941,
    "complex_ipde": 0.0,
    "chains_ptm": {
        "0": 0.36302071809768677
    },
    "pair_chains_iptm": {
        "0": {
            "0": 0.36302071809768677
        }
    }
}