{
    "confidence_score": 0.7267372012138367,
    "ptm": 0.9179908037185669,
    "iptm": 0.0,
    "ligand_iptm": 0.0,
    "protein_iptm": 0.0,
    "complex_plddt": 0.908421516418457,
    "complex_iplddt": 0.0,
    "complex_pde": 0.453528493642807,
    "complex_ipde": 0.0,
    "chains_ptm": {
        "0": 0.9179908037185669
    },
    "pair_chains_iptm": {
        "0": {
            "0": 0.9179908037185669
        }
    }
}