{
    "confidence_score": 0.6011965274810791,
    "ptm": 0.6043925881385803,
    "iptm": 0.0,
    "ligand_iptm": 0.0,
    "protein_iptm": 0.0,
    "complex_plddt": 0.7514956593513489,
    "complex_iplddt": 0.0,
    "complex_pde": 1.2821917533874512,
    "complex_ipde": 0.0,
    "chains_ptm": {
        "0": 0.6043925881385803
    },
    "pair_chains_iptm": {
        "0": {
            "0": 0.6043925881385803
        }
    }
}