{
    "confidence_score": 0.7343674302101135,
    "ptm": 0.8805726170539856,
    "iptm": 0.0,
    "ligand_iptm": 0.0,
    "protein_iptm": 0.0,
    "complex_plddt": 0.9179592728614807,
    "complex_iplddt": 0.0,
    "complex_pde": 0.39347097277641296,
    "complex_ipde": 0.0,
    "chains_ptm": {
        "0": 0.8805726170539856
    },
    "pair_chains_iptm": {
        "0": {
            "0": 0.8805726170539856
        }
    }
}