{
    "confidence_score": 0.7149485945701599,
    "ptm": 0.8984460830688477,
    "iptm": 0.0,
    "ligand_iptm": 0.0,
    "protein_iptm": 0.0,
    "complex_plddt": 0.8936856985092163,
    "complex_iplddt": 0.0,
    "complex_pde": 0.38905787467956543,
    "complex_ipde": 0.0,
    "chains_ptm": {
        "0": 0.8984460830688477
    },
    "pair_chains_iptm": {
        "0": {
            "0": 0.8984460830688477
        }
    }
}