{
    "confidence_score": 0.7074804902076721,
    "ptm": 0.9195488095283508,
    "iptm": 0.0,
    "ligand_iptm": 0.0,
    "protein_iptm": 0.0,
    "complex_plddt": 0.884350597858429,
    "complex_iplddt": 0.0,
    "complex_pde": 0.4610704481601715,
    "complex_ipde": 0.0,
    "chains_ptm": {
        "0": 0.9195488095283508
    },
    "pair_chains_iptm": {
        "0": {
            "0": 0.9195488095283508
        }
    }
}