{
    "confidence_score": 0.5644674897193909,
    "ptm": 0.5090330839157104,
    "iptm": 0.0,
    "ligand_iptm": 0.0,
    "protein_iptm": 0.0,
    "complex_plddt": 0.7055843472480774,
    "complex_iplddt": 0.0,
    "complex_pde": 1.323535680770874,
    "complex_ipde": 0.0,
    "chains_ptm": {
        "0": 0.5090330839157104
    },
    "pair_chains_iptm": {
        "0": {
            "0": 0.5090330839157104
        }
    }
}