{
    "confidence_score": 0.75130695104599,
    "ptm": 0.9332423806190491,
    "iptm": 0.0,
    "ligand_iptm": 0.0,
    "protein_iptm": 0.0,
    "complex_plddt": 0.9391337037086487,
    "complex_iplddt": 0.0,
    "complex_pde": 0.3684532046318054,
    "complex_ipde": 0.0,
    "chains_ptm": {
        "0": 0.9332423806190491
    },
    "pair_chains_iptm": {
        "0": {
            "0": 0.9332423806190491
        }
    }
}