{
    "confidence_score": 0.49117928743362427,
    "ptm": 0.3993719518184662,
    "iptm": 0.0,
    "ligand_iptm": 0.0,
    "protein_iptm": 0.0,
    "complex_plddt": 0.6139740943908691,
    "complex_iplddt": 0.0,
    "complex_pde": 1.9808975458145142,
    "complex_ipde": 0.0,
    "chains_ptm": {
        "0": 0.3993719518184662
    },
    "pair_chains_iptm": {
        "0": {
            "0": 0.3993719518184662
        }
    }
}