{
    "confidence_score": 0.48838406801223755,
    "ptm": 0.28417831659317017,
    "iptm": 0.0,
    "ligand_iptm": 0.0,
    "protein_iptm": 0.0,
    "complex_plddt": 0.6104800701141357,
    "complex_iplddt": 0.0,
    "complex_pde": 1.902962327003479,
    "complex_ipde": 0.0,
    "chains_ptm": {
        "0": 0.28417831659317017
    },
    "pair_chains_iptm": {
        "0": {
            "0": 0.28417831659317017
        }
    }
}