{
    "confidence_score": 0.7250339984893799,
    "ptm": 0.9440542459487915,
    "iptm": 0.0,
    "ligand_iptm": 0.0,
    "protein_iptm": 0.0,
    "complex_plddt": 0.9062924981117249,
    "complex_iplddt": 0.0,
    "complex_pde": 0.36765769124031067,
    "complex_ipde": 0.0,
    "chains_ptm": {
        "0": 0.9440542459487915
    },
    "pair_chains_iptm": {
        "0": {
            "0": 0.9440542459487915
        }
    }
}