{
    "confidence_score": 0.7397520542144775,
    "ptm": 0.9006198644638062,
    "iptm": 0.0,
    "ligand_iptm": 0.0,
    "protein_iptm": 0.0,
    "complex_plddt": 0.9246900677680969,
    "complex_iplddt": 0.0,
    "complex_pde": 0.3926370143890381,
    "complex_ipde": 0.0,
    "chains_ptm": {
        "0": 0.9006198644638062
    },
    "pair_chains_iptm": {
        "0": {
            "0": 0.9006198644638062
        }
    }
}