{
    "confidence_score": 0.6869988441467285,
    "ptm": 0.8102138638496399,
    "iptm": 0.0,
    "ligand_iptm": 0.0,
    "protein_iptm": 0.0,
    "complex_plddt": 0.8587485551834106,
    "complex_iplddt": 0.0,
    "complex_pde": 0.7451285123825073,
    "complex_ipde": 0.0,
    "chains_ptm": {
        "0": 0.8102138638496399
    },
    "pair_chains_iptm": {
        "0": {
            "0": 0.8102138638496399
        }
    }
}