{
    "confidence_score": 0.4524126648902893,
    "ptm": 0.4477728605270386,
    "iptm": 0.0,
    "ligand_iptm": 0.0,
    "protein_iptm": 0.0,
    "complex_plddt": 0.5655158162117004,
    "complex_iplddt": 0.0,
    "complex_pde": 2.885340929031372,
    "complex_ipde": 0.0,
    "chains_ptm": {
        "0": 0.4477728605270386
    },
    "pair_chains_iptm": {
        "0": {
            "0": 0.4477728605270386
        }
    }
}