{
    "confidence_score": 0.5837929248809814,
    "ptm": 0.6414849162101746,
    "iptm": 0.0,
    "ligand_iptm": 0.0,
    "protein_iptm": 0.0,
    "complex_plddt": 0.7297411561012268,
    "complex_iplddt": 0.0,
    "complex_pde": 0.7333078384399414,
    "complex_ipde": 0.0,
    "chains_ptm": {
        "0": 0.6414849162101746
    },
    "pair_chains_iptm": {
        "0": {
            "0": 0.6414849162101746
        }
    }
}