{
    "confidence_score": 0.715455949306488,
    "ptm": 0.9037779569625854,
    "iptm": 0.0,
    "ligand_iptm": 0.0,
    "protein_iptm": 0.0,
    "complex_plddt": 0.8943199515342712,
    "complex_iplddt": 0.0,
    "complex_pde": 0.5184848308563232,
    "complex_ipde": 0.0,
    "chains_ptm": {
        "0": 0.9037779569625854
    },
    "pair_chains_iptm": {
        "0": {
            "0": 0.9037779569625854
        }
    }
}