{
    "confidence_score": 0.6665460467338562,
    "ptm": 0.8992429971694946,
    "iptm": 0.0,
    "ligand_iptm": 0.0,
    "protein_iptm": 0.0,
    "complex_plddt": 0.8331825733184814,
    "complex_iplddt": 0.0,
    "complex_pde": 0.46142861247062683,
    "complex_ipde": 0.0,
    "chains_ptm": {
        "0": 0.8992429971694946
    },
    "pair_chains_iptm": {
        "0": {
            "0": 0.8992429971694946
        }
    }
}