{
    "confidence_score": 0.6257964968681335,
    "ptm": 0.6547273397445679,
    "iptm": 0.0,
    "ligand_iptm": 0.0,
    "protein_iptm": 0.0,
    "complex_plddt": 0.7822455763816833,
    "complex_iplddt": 0.0,
    "complex_pde": 1.2747695446014404,
    "complex_ipde": 0.0,
    "chains_ptm": {
        "0": 0.6547273397445679
    },
    "pair_chains_iptm": {
        "0": {
            "0": 0.6547273397445679
        }
    }
}