{
    "confidence_score": 0.5456678867340088,
    "ptm": 0.5381159782409668,
    "iptm": 0.0,
    "ligand_iptm": 0.0,
    "protein_iptm": 0.0,
    "complex_plddt": 0.682084858417511,
    "complex_iplddt": 0.0,
    "complex_pde": 1.3560165166854858,
    "complex_ipde": 0.0,
    "chains_ptm": {
        "0": 0.5381159782409668
    },
    "pair_chains_iptm": {
        "0": {
            "0": 0.5381159782409668
        }
    }
}