{
    "confidence_score": 0.7197552919387817,
    "ptm": 0.8725026249885559,
    "iptm": 0.0,
    "ligand_iptm": 0.0,
    "protein_iptm": 0.0,
    "complex_plddt": 0.8996940851211548,
    "complex_iplddt": 0.0,
    "complex_pde": 0.45512810349464417,
    "complex_ipde": 0.0,
    "chains_ptm": {
        "0": 0.8725026249885559
    },
    "pair_chains_iptm": {
        "0": {
            "0": 0.8725026249885559
        }
    }
}