{
    "confidence_score": 0.5563541650772095,
    "ptm": 0.46893131732940674,
    "iptm": 0.0,
    "ligand_iptm": 0.0,
    "protein_iptm": 0.0,
    "complex_plddt": 0.6954426765441895,
    "complex_iplddt": 0.0,
    "complex_pde": 1.6444861888885498,
    "complex_ipde": 0.0,
    "chains_ptm": {
        "0": 0.46893131732940674
    },
    "pair_chains_iptm": {
        "0": {
            "0": 0.46893131732940674
        }
    }
}