{
    "confidence_score": 0.6459278464317322,
    "ptm": 0.8049544095993042,
    "iptm": 0.0,
    "ligand_iptm": 0.0,
    "protein_iptm": 0.0,
    "complex_plddt": 0.8074098229408264,
    "complex_iplddt": 0.0,
    "complex_pde": 0.5438143610954285,
    "complex_ipde": 0.0,
    "chains_ptm": {
        "0": 0.8049544095993042
    },
    "pair_chains_iptm": {
        "0": {
            "0": 0.8049544095993042
        }
    }
}