{
    "confidence_score": 0.7426452040672302,
    "ptm": 0.9412800669670105,
    "iptm": 0.0,
    "ligand_iptm": 0.0,
    "protein_iptm": 0.0,
    "complex_plddt": 0.928306519985199,
    "complex_iplddt": 0.0,
    "complex_pde": 0.3986074924468994,
    "complex_ipde": 0.0,
    "chains_ptm": {
        "0": 0.9412800669670105
    },
    "pair_chains_iptm": {
        "0": {
            "0": 0.9412800669670105
        }
    }
}