{
    "confidence_score": 0.7138010263442993,
    "ptm": 0.9257032871246338,
    "iptm": 0.0,
    "ligand_iptm": 0.0,
    "protein_iptm": 0.0,
    "complex_plddt": 0.8922512531280518,
    "complex_iplddt": 0.0,
    "complex_pde": 0.4961487054824829,
    "complex_ipde": 0.0,
    "chains_ptm": {
        "0": 0.9257032871246338
    },
    "pair_chains_iptm": {
        "0": {
            "0": 0.9257032871246338
        }
    }
}