{
    "confidence_score": 0.6638287901878357,
    "ptm": 0.8663557171821594,
    "iptm": 0.0,
    "ligand_iptm": 0.0,
    "protein_iptm": 0.0,
    "complex_plddt": 0.829785943031311,
    "complex_iplddt": 0.0,
    "complex_pde": 0.6953355669975281,
    "complex_ipde": 0.0,
    "chains_ptm": {
        "0": 0.8663557171821594
    },
    "pair_chains_iptm": {
        "0": {
            "0": 0.8663557171821594
        }
    }
}