{
    "confidence_score": 0.5242175459861755,
    "ptm": 0.35216811299324036,
    "iptm": 0.0,
    "ligand_iptm": 0.0,
    "protein_iptm": 0.0,
    "complex_plddt": 0.6552719473838806,
    "complex_iplddt": 0.0,
    "complex_pde": 1.3383899927139282,
    "complex_ipde": 0.0,
    "chains_ptm": {
        "0": 0.35216811299324036
    },
    "pair_chains_iptm": {
        "0": {
            "0": 0.35216811299324036
        }
    }
}