{
    "confidence_score": 0.7601217031478882,
    "ptm": 0.9115381240844727,
    "iptm": 0.0,
    "ligand_iptm": 0.0,
    "protein_iptm": 0.0,
    "complex_plddt": 0.9501520991325378,
    "complex_iplddt": 0.0,
    "complex_pde": 0.3317547142505646,
    "complex_ipde": 0.0,
    "chains_ptm": {
        "0": 0.9115381240844727
    },
    "pair_chains_iptm": {
        "0": {
            "0": 0.9115381240844727
        }
    }
}