{
    "confidence_score": 0.406942218542099,
    "ptm": 0.2547464668750763,
    "iptm": 0.0,
    "ligand_iptm": 0.0,
    "protein_iptm": 0.0,
    "complex_plddt": 0.5086777806282043,
    "complex_iplddt": 0.0,
    "complex_pde": 2.323535680770874,
    "complex_ipde": 0.0,
    "chains_ptm": {
        "0": 0.2547464668750763
    },
    "pair_chains_iptm": {
        "0": {
            "0": 0.2547464668750763
        }
    }
}