{
    "confidence_score": 0.38342711329460144,
    "ptm": 0.3006848096847534,
    "iptm": 0.0,
    "ligand_iptm": 0.0,
    "protein_iptm": 0.0,
    "complex_plddt": 0.47928386926651,
    "complex_iplddt": 0.0,
    "complex_pde": 3.028346538543701,
    "complex_ipde": 0.0,
    "chains_ptm": {
        "0": 0.3006848096847534
    },
    "pair_chains_iptm": {
        "0": {
            "0": 0.3006848096847534
        }
    }
}