{
    "confidence_score": 0.7304253578186035,
    "ptm": 0.9045907258987427,
    "iptm": 0.0,
    "ligand_iptm": 0.0,
    "protein_iptm": 0.0,
    "complex_plddt": 0.9130316972732544,
    "complex_iplddt": 0.0,
    "complex_pde": 0.47939714789390564,
    "complex_ipde": 0.0,
    "chains_ptm": {
        "0": 0.9045907258987427
    },
    "pair_chains_iptm": {
        "0": {
            "0": 0.9045907258987427
        }
    }
}