{
    "confidence_score": 0.6312749981880188,
    "ptm": 0.6833492517471313,
    "iptm": 0.0,
    "ligand_iptm": 0.0,
    "protein_iptm": 0.0,
    "complex_plddt": 0.7890937328338623,
    "complex_iplddt": 0.0,
    "complex_pde": 1.4046460390090942,
    "complex_ipde": 0.0,
    "chains_ptm": {
        "0": 0.6833492517471313
    },
    "pair_chains_iptm": {
        "0": {
            "0": 0.6833492517471313
        }
    }
}