{
    "confidence_score": 0.5510105490684509,
    "ptm": 0.6811621189117432,
    "iptm": 0.0,
    "ligand_iptm": 0.0,
    "protein_iptm": 0.0,
    "complex_plddt": 0.6887631416320801,
    "complex_iplddt": 0.0,
    "complex_pde": 1.4809324741363525,
    "complex_ipde": 0.0,
    "chains_ptm": {
        "0": 0.6811621189117432
    },
    "pair_chains_iptm": {
        "0": {
            "0": 0.6811621189117432
        }
    }
}