{
    "confidence_score": 0.5434543490409851,
    "ptm": 0.5731256604194641,
    "iptm": 0.0,
    "ligand_iptm": 0.0,
    "protein_iptm": 0.0,
    "complex_plddt": 0.6793179512023926,
    "complex_iplddt": 0.0,
    "complex_pde": 1.3832858800888062,
    "complex_ipde": 0.0,
    "chains_ptm": {
        "0": 0.5731256604194641
    },
    "pair_chains_iptm": {
        "0": {
            "0": 0.5731256604194641
        }
    }
}