{
    "confidence_score": 0.7470728754997253,
    "ptm": 0.9138708114624023,
    "iptm": 0.0,
    "ligand_iptm": 0.0,
    "protein_iptm": 0.0,
    "complex_plddt": 0.9338411092758179,
    "complex_iplddt": 0.0,
    "complex_pde": 0.3495095372200012,
    "complex_ipde": 0.0,
    "chains_ptm": {
        "0": 0.9138708114624023
    },
    "pair_chains_iptm": {
        "0": {
            "0": 0.9138708114624023
        }
    }
}