{
    "confidence_score": 0.5945003032684326,
    "ptm": 0.34858179092407227,
    "iptm": 0.0,
    "ligand_iptm": 0.0,
    "protein_iptm": 0.0,
    "complex_plddt": 0.7431253790855408,
    "complex_iplddt": 0.0,
    "complex_pde": 1.605580449104309,
    "complex_ipde": 0.0,
    "chains_ptm": {
        "0": 0.34858179092407227
    },
    "pair_chains_iptm": {
        "0": {
            "0": 0.34858179092407227
        }
    }
}