{
    "confidence_score": 0.6840922236442566,
    "ptm": 0.9114738702774048,
    "iptm": 0.0,
    "ligand_iptm": 0.0,
    "protein_iptm": 0.0,
    "complex_plddt": 0.8551152348518372,
    "complex_iplddt": 0.0,
    "complex_pde": 0.46910014748573303,
    "complex_ipde": 0.0,
    "chains_ptm": {
        "0": 0.9114738702774048
    },
    "pair_chains_iptm": {
        "0": {
            "0": 0.9114738702774048
        }
    }
}