{
    "confidence_score": 0.5158195495605469,
    "ptm": 0.4846552610397339,
    "iptm": 0.0,
    "ligand_iptm": 0.0,
    "protein_iptm": 0.0,
    "complex_plddt": 0.6447744369506836,
    "complex_iplddt": 0.0,
    "complex_pde": 1.3459726572036743,
    "complex_ipde": 0.0,
    "chains_ptm": {
        "0": 0.4846552610397339
    },
    "pair_chains_iptm": {
        "0": {
            "0": 0.4846552610397339
        }
    }
}