{
    "confidence_score": 0.5451253056526184,
    "ptm": 0.5272559523582458,
    "iptm": 0.0,
    "ligand_iptm": 0.0,
    "protein_iptm": 0.0,
    "complex_plddt": 0.6814066171646118,
    "complex_iplddt": 0.0,
    "complex_pde": 1.9418717622756958,
    "complex_ipde": 0.0,
    "chains_ptm": {
        "0": 0.5272559523582458
    },
    "pair_chains_iptm": {
        "0": {
            "0": 0.5272559523582458
        }
    }
}