{
    "confidence_score": 0.6238235235214233,
    "ptm": 0.775193989276886,
    "iptm": 0.0,
    "ligand_iptm": 0.0,
    "protein_iptm": 0.0,
    "complex_plddt": 0.7797793745994568,
    "complex_iplddt": 0.0,
    "complex_pde": 0.6998190879821777,
    "complex_ipde": 0.0,
    "chains_ptm": {
        "0": 0.775193989276886
    },
    "pair_chains_iptm": {
        "0": {
            "0": 0.775193989276886
        }
    }
}