{
    "confidence_score": 0.7222079634666443,
    "ptm": 0.9202617406845093,
    "iptm": 0.0,
    "ligand_iptm": 0.0,
    "protein_iptm": 0.0,
    "complex_plddt": 0.9027599692344666,
    "complex_iplddt": 0.0,
    "complex_pde": 0.4629076421260834,
    "complex_ipde": 0.0,
    "chains_ptm": {
        "0": 0.9202617406845093
    },
    "pair_chains_iptm": {
        "0": {
            "0": 0.9202617406845093
        }
    }
}