{
    "confidence_score": 0.6112183928489685,
    "ptm": 0.4873480200767517,
    "iptm": 0.0,
    "ligand_iptm": 0.0,
    "protein_iptm": 0.0,
    "complex_plddt": 0.764022946357727,
    "complex_iplddt": 0.0,
    "complex_pde": 0.9723687171936035,
    "complex_ipde": 0.0,
    "chains_ptm": {
        "0": 0.4873480200767517
    },
    "pair_chains_iptm": {
        "0": {
            "0": 0.4873480200767517
        }
    }
}