{
    "confidence_score": 0.5797179937362671,
    "ptm": 0.707561194896698,
    "iptm": 0.0,
    "ligand_iptm": 0.0,
    "protein_iptm": 0.0,
    "complex_plddt": 0.7246474623680115,
    "complex_iplddt": 0.0,
    "complex_pde": 1.2809851169586182,
    "complex_ipde": 0.0,
    "chains_ptm": {
        "0": 0.707561194896698
    },
    "pair_chains_iptm": {
        "0": {
            "0": 0.707561194896698
        }
    }
}