{
    "confidence_score": 0.6818026900291443,
    "ptm": 0.8499077558517456,
    "iptm": 0.0,
    "ligand_iptm": 0.0,
    "protein_iptm": 0.0,
    "complex_plddt": 0.8522533178329468,
    "complex_iplddt": 0.0,
    "complex_pde": 0.5643267035484314,
    "complex_ipde": 0.0,
    "chains_ptm": {
        "0": 0.8499077558517456
    },
    "pair_chains_iptm": {
        "0": {
            "0": 0.8499077558517456
        }
    }
}