{
    "confidence_score": 0.6455037593841553,
    "ptm": 0.631942868232727,
    "iptm": 0.0,
    "ligand_iptm": 0.0,
    "protein_iptm": 0.0,
    "complex_plddt": 0.8068796992301941,
    "complex_iplddt": 0.0,
    "complex_pde": 0.8370698690414429,
    "complex_ipde": 0.0,
    "chains_ptm": {
        "0": 0.631942868232727
    },
    "pair_chains_iptm": {
        "0": {
            "0": 0.631942868232727
        }
    }
}