{
    "confidence_score": 0.49277859926223755,
    "ptm": 0.531404435634613,
    "iptm": 0.0,
    "ligand_iptm": 0.0,
    "protein_iptm": 0.0,
    "complex_plddt": 0.6159732341766357,
    "complex_iplddt": 0.0,
    "complex_pde": 1.7745792865753174,
    "complex_ipde": 0.0,
    "chains_ptm": {
        "0": 0.531404435634613
    },
    "pair_chains_iptm": {
        "0": {
            "0": 0.531404435634613
        }
    }
}