{
    "confidence_score": 0.7042672634124756,
    "ptm": 0.8881139159202576,
    "iptm": 0.0,
    "ligand_iptm": 0.0,
    "protein_iptm": 0.0,
    "complex_plddt": 0.8803340792655945,
    "complex_iplddt": 0.0,
    "complex_pde": 0.44999951124191284,
    "complex_ipde": 0.0,
    "chains_ptm": {
        "0": 0.8881139159202576
    },
    "pair_chains_iptm": {
        "0": {
            "0": 0.8881139159202576
        }
    }
}