{
    "confidence_score": 0.5598779916763306,
    "ptm": 0.4523842930793762,
    "iptm": 0.0,
    "ligand_iptm": 0.0,
    "protein_iptm": 0.0,
    "complex_plddt": 0.6998474597930908,
    "complex_iplddt": 0.0,
    "complex_pde": 1.8772976398468018,
    "complex_ipde": 0.0,
    "chains_ptm": {
        "0": 0.4523842930793762
    },
    "pair_chains_iptm": {
        "0": {
            "0": 0.4523842930793762
        }
    }
}