{
    "confidence_score": 0.6646641492843628,
    "ptm": 0.8211430907249451,
    "iptm": 0.0,
    "ligand_iptm": 0.0,
    "protein_iptm": 0.0,
    "complex_plddt": 0.8308301568031311,
    "complex_iplddt": 0.0,
    "complex_pde": 0.5589931011199951,
    "complex_ipde": 0.0,
    "chains_ptm": {
        "0": 0.8211430907249451
    },
    "pair_chains_iptm": {
        "0": {
            "0": 0.8211430907249451
        }
    }
}