{
    "confidence_score": 0.6792875528335571,
    "ptm": 0.8018054366111755,
    "iptm": 0.0,
    "ligand_iptm": 0.0,
    "protein_iptm": 0.0,
    "complex_plddt": 0.849109411239624,
    "complex_iplddt": 0.0,
    "complex_pde": 0.9789235591888428,
    "complex_ipde": 0.0,
    "chains_ptm": {
        "0": 0.8018054366111755
    },
    "pair_chains_iptm": {
        "0": {
            "0": 0.8018054366111755
        }
    }
}