{
    "confidence_score": 0.714059591293335,
    "ptm": 0.8921413421630859,
    "iptm": 0.0,
    "ligand_iptm": 0.0,
    "protein_iptm": 0.0,
    "complex_plddt": 0.8925744891166687,
    "complex_iplddt": 0.0,
    "complex_pde": 0.559469997882843,
    "complex_ipde": 0.0,
    "chains_ptm": {
        "0": 0.8921413421630859
    },
    "pair_chains_iptm": {
        "0": {
            "0": 0.8921413421630859
        }
    }
}