{
    "confidence_score": 0.6334169507026672,
    "ptm": 0.6588444709777832,
    "iptm": 0.0,
    "ligand_iptm": 0.0,
    "protein_iptm": 0.0,
    "complex_plddt": 0.7917711734771729,
    "complex_iplddt": 0.0,
    "complex_pde": 1.0594515800476074,
    "complex_ipde": 0.0,
    "chains_ptm": {
        "0": 0.6588444709777832
    },
    "pair_chains_iptm": {
        "0": {
            "0": 0.6588444709777832
        }
    }
}