{
    "confidence_score": 0.70400071144104,
    "ptm": 0.9168563485145569,
    "iptm": 0.0,
    "ligand_iptm": 0.0,
    "protein_iptm": 0.0,
    "complex_plddt": 0.8800008893013,
    "complex_iplddt": 0.0,
    "complex_pde": 0.4206199645996094,
    "complex_ipde": 0.0,
    "chains_ptm": {
        "0": 0.9168563485145569
    },
    "pair_chains_iptm": {
        "0": {
            "0": 0.9168563485145569
        }
    }
}