{
    "confidence_score": 0.5256242156028748,
    "ptm": 0.6074296832084656,
    "iptm": 0.0,
    "ligand_iptm": 0.0,
    "protein_iptm": 0.0,
    "complex_plddt": 0.6570302844047546,
    "complex_iplddt": 0.0,
    "complex_pde": 1.055304765701294,
    "complex_ipde": 0.0,
    "chains_ptm": {
        "0": 0.6074296832084656
    },
    "pair_chains_iptm": {
        "0": {
            "0": 0.6074296832084656
        }
    }
}