{
    "confidence_score": 0.4955323338508606,
    "ptm": 0.4563716650009155,
    "iptm": 0.0,
    "ligand_iptm": 0.0,
    "protein_iptm": 0.0,
    "complex_plddt": 0.6194154024124146,
    "complex_iplddt": 0.0,
    "complex_pde": 1.9067190885543823,
    "complex_ipde": 0.0,
    "chains_ptm": {
        "0": 0.4563716650009155
    },
    "pair_chains_iptm": {
        "0": {
            "0": 0.4563716650009155
        }
    }
}