{
    "confidence_score": 0.5769093632698059,
    "ptm": 0.5760515332221985,
    "iptm": 0.0,
    "ligand_iptm": 0.0,
    "protein_iptm": 0.0,
    "complex_plddt": 0.7211366891860962,
    "complex_iplddt": 0.0,
    "complex_pde": 1.0062793493270874,
    "complex_ipde": 0.0,
    "chains_ptm": {
        "0": 0.5760515332221985
    },
    "pair_chains_iptm": {
        "0": {
            "0": 0.5760515332221985
        }
    }
}