{
    "confidence_score": 0.6916612386703491,
    "ptm": 0.7819334268569946,
    "iptm": 0.0,
    "ligand_iptm": 0.0,
    "protein_iptm": 0.0,
    "complex_plddt": 0.864576518535614,
    "complex_iplddt": 0.0,
    "complex_pde": 0.5341196656227112,
    "complex_ipde": 0.0,
    "chains_ptm": {
        "0": 0.7819334268569946
    },
    "pair_chains_iptm": {
        "0": {
            "0": 0.7819334268569946
        }
    }
}