{
    "confidence_score": 0.5308802723884583,
    "ptm": 0.4318643808364868,
    "iptm": 0.0,
    "ligand_iptm": 0.0,
    "protein_iptm": 0.0,
    "complex_plddt": 0.6636003255844116,
    "complex_iplddt": 0.0,
    "complex_pde": 1.2988555431365967,
    "complex_ipde": 0.0,
    "chains_ptm": {
        "0": 0.4318643808364868
    },
    "pair_chains_iptm": {
        "0": {
            "0": 0.4318643808364868
        }
    }
}