{
    "confidence_score": 0.6780000925064087,
    "ptm": 0.773708701133728,
    "iptm": 0.0,
    "ligand_iptm": 0.0,
    "protein_iptm": 0.0,
    "complex_plddt": 0.8475000858306885,
    "complex_iplddt": 0.0,
    "complex_pde": 0.5780350565910339,
    "complex_ipde": 0.0,
    "chains_ptm": {
        "0": 0.773708701133728
    },
    "pair_chains_iptm": {
        "0": {
            "0": 0.773708701133728
        }
    }
}