{
    "confidence_score": 0.5852421522140503,
    "ptm": 0.3703167736530304,
    "iptm": 0.0,
    "ligand_iptm": 0.0,
    "protein_iptm": 0.0,
    "complex_plddt": 0.7315526604652405,
    "complex_iplddt": 0.0,
    "complex_pde": 0.8213567733764648,
    "complex_ipde": 0.0,
    "chains_ptm": {
        "0": 0.3703167736530304
    },
    "pair_chains_iptm": {
        "0": {
            "0": 0.3703167736530304
        }
    }
}