{
    "confidence_score": 0.6518347859382629,
    "ptm": 0.8811627626419067,
    "iptm": 0.0,
    "ligand_iptm": 0.0,
    "protein_iptm": 0.0,
    "complex_plddt": 0.8147934675216675,
    "complex_iplddt": 0.0,
    "complex_pde": 0.5553362369537354,
    "complex_ipde": 0.0,
    "chains_ptm": {
        "0": 0.8811627626419067
    },
    "pair_chains_iptm": {
        "0": {
            "0": 0.8811627626419067
        }
    }
}