{
    "confidence_score": 0.7139303088188171,
    "ptm": 0.7931367754936218,
    "iptm": 0.0,
    "ligand_iptm": 0.0,
    "protein_iptm": 0.0,
    "complex_plddt": 0.8924128413200378,
    "complex_iplddt": 0.0,
    "complex_pde": 0.46170324087142944,
    "complex_ipde": 0.0,
    "chains_ptm": {
        "0": 0.7931367754936218
    },
    "pair_chains_iptm": {
        "0": {
            "0": 0.7931367754936218
        }
    }
}