{
    "confidence_score": 0.6272013187408447,
    "ptm": 0.36426252126693726,
    "iptm": 0.0,
    "ligand_iptm": 0.0,
    "protein_iptm": 0.0,
    "complex_plddt": 0.7840016484260559,
    "complex_iplddt": 0.0,
    "complex_pde": 1.6590368747711182,
    "complex_ipde": 0.0,
    "chains_ptm": {
        "0": 0.36426252126693726
    },
    "pair_chains_iptm": {
        "0": {
            "0": 0.36426252126693726
        }
    }
}