{
    "confidence_score": 0.5050391554832458,
    "ptm": 0.313759982585907,
    "iptm": 0.0,
    "ligand_iptm": 0.0,
    "protein_iptm": 0.0,
    "complex_plddt": 0.6312988996505737,
    "complex_iplddt": 0.0,
    "complex_pde": 1.8510342836380005,
    "complex_ipde": 0.0,
    "chains_ptm": {
        "0": 0.313759982585907
    },
    "pair_chains_iptm": {
        "0": {
            "0": 0.313759982585907
        }
    }
}