{
    "confidence_score": 0.6086205244064331,
    "ptm": 0.6934124827384949,
    "iptm": 0.0,
    "ligand_iptm": 0.0,
    "protein_iptm": 0.0,
    "complex_plddt": 0.760775625705719,
    "complex_iplddt": 0.0,
    "complex_pde": 0.9733503460884094,
    "complex_ipde": 0.0,
    "chains_ptm": {
        "0": 0.6934124827384949
    },
    "pair_chains_iptm": {
        "0": {
            "0": 0.6934124827384949
        }
    }
}