{
    "confidence_score": 0.5235745906829834,
    "ptm": 0.3946230411529541,
    "iptm": 0.0,
    "ligand_iptm": 0.0,
    "protein_iptm": 0.0,
    "complex_plddt": 0.6544682383537292,
    "complex_iplddt": 0.0,
    "complex_pde": 1.9468904733657837,
    "complex_ipde": 0.0,
    "chains_ptm": {
        "0": 0.3946230411529541
    },
    "pair_chains_iptm": {
        "0": {
            "0": 0.3946230411529541
        }
    }
}