{
    "confidence_score": 0.5942322015762329,
    "ptm": 0.4135361909866333,
    "iptm": 0.0,
    "ligand_iptm": 0.0,
    "protein_iptm": 0.0,
    "complex_plddt": 0.7427902221679688,
    "complex_iplddt": 0.0,
    "complex_pde": 1.4141043424606323,
    "complex_ipde": 0.0,
    "chains_ptm": {
        "0": 0.4135361909866333
    },
    "pair_chains_iptm": {
        "0": {
            "0": 0.4135361909866333
        }
    }
}