{
    "confidence_score": 0.6880764961242676,
    "ptm": 0.8888263702392578,
    "iptm": 0.0,
    "ligand_iptm": 0.0,
    "protein_iptm": 0.0,
    "complex_plddt": 0.8600956201553345,
    "complex_iplddt": 0.0,
    "complex_pde": 0.6539129018783569,
    "complex_ipde": 0.0,
    "chains_ptm": {
        "0": 0.8888263702392578
    },
    "pair_chains_iptm": {
        "0": {
            "0": 0.8888263702392578
        }
    }
}