{
    "confidence_score": 0.41196200251579285,
    "ptm": 0.34352976083755493,
    "iptm": 0.0,
    "ligand_iptm": 0.0,
    "protein_iptm": 0.0,
    "complex_plddt": 0.5149524807929993,
    "complex_iplddt": 0.0,
    "complex_pde": 1.9781501293182373,
    "complex_ipde": 0.0,
    "chains_ptm": {
        "0": 0.34352976083755493
    },
    "pair_chains_iptm": {
        "0": {
            "0": 0.34352976083755493
        }
    }
}