{
    "plddts": {
        "model_1_pred_0": 34.23530122917662,
        "model_2_pred_0": 31.34328945362243,
        "model_3_pred_0": 26.124672264794043,
        "model_4_pred_0": 28.722295644391973,
        "model_5_pred_0": 24.15591526005158
    },
    "order": [
        "model_1_pred_0",
        "model_2_pred_0",
        "model_4_pred_0",
        "model_3_pred_0",
        "model_5_pred_0"
    ]
}