{
    "confidence_score": 0.643645703792572,
    "ptm": 0.6611322164535522,
    "iptm": 0.0,
    "ligand_iptm": 0.0,
    "protein_iptm": 0.0,
    "complex_plddt": 0.8045570850372314,
    "complex_iplddt": 0.0,
    "complex_pde": 1.0103627443313599,
    "complex_ipde": 0.0,
    "chains_ptm": {
        "0": 0.6611322164535522
    },
    "pair_chains_iptm": {
        "0": {
            "0": 0.6611322164535522
        }
    }
}