{
    "confidence_score": 0.6749653816223145,
    "ptm": 0.8462227582931519,
    "iptm": 0.0,
    "ligand_iptm": 0.0,
    "protein_iptm": 0.0,
    "complex_plddt": 0.8437067270278931,
    "complex_iplddt": 0.0,
    "complex_pde": 0.6211423277854919,
    "complex_ipde": 0.0,
    "chains_ptm": {
        "0": 0.8462227582931519
    },
    "pair_chains_iptm": {
        "0": {
            "0": 0.8462227582931519
        }
    }
}