{
    "confidence_score": 0.6293949484825134,
    "ptm": 0.6390413045883179,
    "iptm": 0.0,
    "ligand_iptm": 0.0,
    "protein_iptm": 0.0,
    "complex_plddt": 0.786743700504303,
    "complex_iplddt": 0.0,
    "complex_pde": 0.8001445531845093,
    "complex_ipde": 0.0,
    "chains_ptm": {
        "0": 0.6390413045883179
    },
    "pair_chains_iptm": {
        "0": {
            "0": 0.6390413045883179
        }
    }
}