{
    "confidence_score": 0.6259658932685852,
    "ptm": 0.5557376742362976,
    "iptm": 0.0,
    "ligand_iptm": 0.0,
    "protein_iptm": 0.0,
    "complex_plddt": 0.7824573516845703,
    "complex_iplddt": 0.0,
    "complex_pde": 0.9735545516014099,
    "complex_ipde": 0.0,
    "chains_ptm": {
        "0": 0.5557376742362976
    },
    "pair_chains_iptm": {
        "0": {
            "0": 0.5557376742362976
        }
    }
}