{
    "confidence_score": 0.7127072811126709,
    "ptm": 0.9219985008239746,
    "iptm": 0.0,
    "ligand_iptm": 0.0,
    "protein_iptm": 0.0,
    "complex_plddt": 0.8908841013908386,
    "complex_iplddt": 0.0,
    "complex_pde": 0.453675240278244,
    "complex_ipde": 0.0,
    "chains_ptm": {
        "0": 0.9219985008239746
    },
    "pair_chains_iptm": {
        "0": {
            "0": 0.9219985008239746
        }
    }
}