{
    "confidence_score": 0.44129157066345215,
    "ptm": 0.49726635217666626,
    "iptm": 0.0,
    "ligand_iptm": 0.0,
    "protein_iptm": 0.0,
    "complex_plddt": 0.5516144633293152,
    "complex_iplddt": 0.0,
    "complex_pde": 2.8706750869750977,
    "complex_ipde": 0.0,
    "chains_ptm": {
        "0": 0.49726635217666626
    },
    "pair_chains_iptm": {
        "0": {
            "0": 0.49726635217666626
        }
    }
}