{
    "confidence_score": 0.50655597448349,
    "ptm": 0.2757717967033386,
    "iptm": 0.0,
    "ligand_iptm": 0.0,
    "protein_iptm": 0.0,
    "complex_plddt": 0.6331949234008789,
    "complex_iplddt": 0.0,
    "complex_pde": 1.7326468229293823,
    "complex_ipde": 0.0,
    "chains_ptm": {
        "0": 0.2757717967033386
    },
    "pair_chains_iptm": {
        "0": {
            "0": 0.2757717967033386
        }
    }
}