{
    "confidence_score": 0.7439863681793213,
    "ptm": 0.954723596572876,
    "iptm": 0.0,
    "ligand_iptm": 0.0,
    "protein_iptm": 0.0,
    "complex_plddt": 0.9299829602241516,
    "complex_iplddt": 0.0,
    "complex_pde": 0.335153728723526,
    "complex_ipde": 0.0,
    "chains_ptm": {
        "0": 0.954723596572876
    },
    "pair_chains_iptm": {
        "0": {
            "0": 0.954723596572876
        }
    }
}