{
    "confidence_score": 0.4467085301876068,
    "ptm": 0.23563675582408905,
    "iptm": 0.0,
    "ligand_iptm": 0.0,
    "protein_iptm": 0.0,
    "complex_plddt": 0.5583856701850891,
    "complex_iplddt": 0.0,
    "complex_pde": 3.4711737632751465,
    "complex_ipde": 0.0,
    "chains_ptm": {
        "0": 0.23563675582408905
    },
    "pair_chains_iptm": {
        "0": {
            "0": 0.23563675582408905
        }
    }
}