{
    "confidence_score": 0.7514138221740723,
    "ptm": 0.8520132899284363,
    "iptm": 0.0,
    "ligand_iptm": 0.0,
    "protein_iptm": 0.0,
    "complex_plddt": 0.9392672777175903,
    "complex_iplddt": 0.0,
    "complex_pde": 0.3288413882255554,
    "complex_ipde": 0.0,
    "chains_ptm": {
        "0": 0.8520132899284363
    },
    "pair_chains_iptm": {
        "0": {
            "0": 0.8520132899284363
        }
    }
}