{
    "confidence_score": 0.6924698948860168,
    "ptm": 0.8801614046096802,
    "iptm": 0.0,
    "ligand_iptm": 0.0,
    "protein_iptm": 0.0,
    "complex_plddt": 0.8655873537063599,
    "complex_iplddt": 0.0,
    "complex_pde": 0.6154129505157471,
    "complex_ipde": 0.0,
    "chains_ptm": {
        "0": 0.8801614046096802
    },
    "pair_chains_iptm": {
        "0": {
            "0": 0.8801614046096802
        }
    }
}