{
    "confidence_score": 0.6280019879341125,
    "ptm": 0.6271176338195801,
    "iptm": 0.0,
    "ligand_iptm": 0.0,
    "protein_iptm": 0.0,
    "complex_plddt": 0.7850024700164795,
    "complex_iplddt": 0.0,
    "complex_pde": 1.001647710800171,
    "complex_ipde": 0.0,
    "chains_ptm": {
        "0": 0.6271176338195801
    },
    "pair_chains_iptm": {
        "0": {
            "0": 0.6271176338195801
        }
    }
}