{
    "confidence_score": 0.6772412657737732,
    "ptm": 0.866680920124054,
    "iptm": 0.0,
    "ligand_iptm": 0.0,
    "protein_iptm": 0.0,
    "complex_plddt": 0.8465515971183777,
    "complex_iplddt": 0.0,
    "complex_pde": 0.6661239862442017,
    "complex_ipde": 0.0,
    "chains_ptm": {
        "0": 0.866680920124054
    },
    "pair_chains_iptm": {
        "0": {
            "0": 0.866680920124054
        }
    }
}