{
    "confidence_score": 0.5785803198814392,
    "ptm": 0.7401262521743774,
    "iptm": 0.0,
    "ligand_iptm": 0.0,
    "protein_iptm": 0.0,
    "complex_plddt": 0.7232254147529602,
    "complex_iplddt": 0.0,
    "complex_pde": 0.655001699924469,
    "complex_ipde": 0.0,
    "chains_ptm": {
        "0": 0.7401262521743774
    },
    "pair_chains_iptm": {
        "0": {
            "0": 0.7401262521743774
        }
    }
}