{
    "confidence_score": 0.7419479489326477,
    "ptm": 0.7769415974617004,
    "iptm": 0.0,
    "ligand_iptm": 0.0,
    "protein_iptm": 0.0,
    "complex_plddt": 0.9274349212646484,
    "complex_iplddt": 0.0,
    "complex_pde": 0.5634507536888123,
    "complex_ipde": 0.0,
    "chains_ptm": {
        "0": 0.7769415974617004
    },
    "pair_chains_iptm": {
        "0": {
            "0": 0.7769415974617004
        }
    }
}