{
    "confidence_score": 0.5646283030509949,
    "ptm": 0.4980756938457489,
    "iptm": 0.0,
    "ligand_iptm": 0.0,
    "protein_iptm": 0.0,
    "complex_plddt": 0.70578533411026,
    "complex_iplddt": 0.0,
    "complex_pde": 1.6527496576309204,
    "complex_ipde": 0.0,
    "chains_ptm": {
        "0": 0.4980756938457489
    },
    "pair_chains_iptm": {
        "0": {
            "0": 0.4980756938457489
        }
    }
}