{
    "confidence_score": 0.750720202922821,
    "ptm": 0.940751850605011,
    "iptm": 0.0,
    "ligand_iptm": 0.0,
    "protein_iptm": 0.0,
    "complex_plddt": 0.9384002089500427,
    "complex_iplddt": 0.0,
    "complex_pde": 0.3957458734512329,
    "complex_ipde": 0.0,
    "chains_ptm": {
        "0": 0.940751850605011
    },
    "pair_chains_iptm": {
        "0": {
            "0": 0.940751850605011
        }
    }
}