{
    "confidence_score": 0.7084200382232666,
    "ptm": 0.8872444033622742,
    "iptm": 0.0,
    "ligand_iptm": 0.0,
    "protein_iptm": 0.0,
    "complex_plddt": 0.8855250477790833,
    "complex_iplddt": 0.0,
    "complex_pde": 0.6469401717185974,
    "complex_ipde": 0.0,
    "chains_ptm": {
        "0": 0.8872444033622742
    },
    "pair_chains_iptm": {
        "0": {
            "0": 0.8872444033622742
        }
    }
}