{
    "confidence_score": 0.6170049905776978,
    "ptm": 0.7930349111557007,
    "iptm": 0.0,
    "ligand_iptm": 0.0,
    "protein_iptm": 0.0,
    "complex_plddt": 0.7712562084197998,
    "complex_iplddt": 0.0,
    "complex_pde": 0.6207870841026306,
    "complex_ipde": 0.0,
    "chains_ptm": {
        "0": 0.7930349111557007
    },
    "pair_chains_iptm": {
        "0": {
            "0": 0.7930349111557007
        }
    }
}