{
    "confidence_score": 0.7091546654701233,
    "ptm": 0.8952162861824036,
    "iptm": 0.0,
    "ligand_iptm": 0.0,
    "protein_iptm": 0.0,
    "complex_plddt": 0.8864433169364929,
    "complex_iplddt": 0.0,
    "complex_pde": 0.6593140959739685,
    "complex_ipde": 0.0,
    "chains_ptm": {
        "0": 0.8952162861824036
    },
    "pair_chains_iptm": {
        "0": {
            "0": 0.8952162861824036
        }
    }
}