{
    "confidence_score": 0.5319518446922302,
    "ptm": 0.3323393166065216,
    "iptm": 0.0,
    "ligand_iptm": 0.0,
    "protein_iptm": 0.0,
    "complex_plddt": 0.6649397611618042,
    "complex_iplddt": 0.0,
    "complex_pde": 1.0289369821548462,
    "complex_ipde": 0.0,
    "chains_ptm": {
        "0": 0.3323393166065216
    },
    "pair_chains_iptm": {
        "0": {
            "0": 0.3323393166065216
        }
    }
}