{
    "confidence_score": 0.756804883480072,
    "ptm": 0.9384568929672241,
    "iptm": 0.0,
    "ligand_iptm": 0.0,
    "protein_iptm": 0.0,
    "complex_plddt": 0.9460061192512512,
    "complex_iplddt": 0.0,
    "complex_pde": 0.3152723014354706,
    "complex_ipde": 0.0,
    "chains_ptm": {
        "0": 0.9384568929672241
    },
    "pair_chains_iptm": {
        "0": {
            "0": 0.9384568929672241
        }
    }
}