{
    "confidence_score": 0.6694673895835876,
    "ptm": 0.46899542212486267,
    "iptm": 0.0,
    "ligand_iptm": 0.0,
    "protein_iptm": 0.0,
    "complex_plddt": 0.8368342518806458,
    "complex_iplddt": 0.0,
    "complex_pde": 1.763975739479065,
    "complex_ipde": 0.0,
    "chains_ptm": {
        "0": 0.46899542212486267
    },
    "pair_chains_iptm": {
        "0": {
            "0": 0.46899542212486267
        }
    }
}