{
    "confidence_score": 0.6004323959350586,
    "ptm": 0.5879090428352356,
    "iptm": 0.0,
    "ligand_iptm": 0.0,
    "protein_iptm": 0.0,
    "complex_plddt": 0.7505404949188232,
    "complex_iplddt": 0.0,
    "complex_pde": 1.4923774003982544,
    "complex_ipde": 0.0,
    "chains_ptm": {
        "0": 0.5879090428352356
    },
    "pair_chains_iptm": {
        "0": {
            "0": 0.5879090428352356
        }
    }
}