{
    "confidence_score": 0.7535857558250427,
    "ptm": 0.8566563725471497,
    "iptm": 0.0,
    "ligand_iptm": 0.0,
    "protein_iptm": 0.0,
    "complex_plddt": 0.9419821500778198,
    "complex_iplddt": 0.0,
    "complex_pde": 0.3233570456504822,
    "complex_ipde": 0.0,
    "chains_ptm": {
        "0": 0.8566563725471497
    },
    "pair_chains_iptm": {
        "0": {
            "0": 0.8566563725471497
        }
    }
}