{
    "confidence_score": 0.669172465801239,
    "ptm": 0.776921808719635,
    "iptm": 0.0,
    "ligand_iptm": 0.0,
    "protein_iptm": 0.0,
    "complex_plddt": 0.8364655375480652,
    "complex_iplddt": 0.0,
    "complex_pde": 0.6924778819084167,
    "complex_ipde": 0.0,
    "chains_ptm": {
        "0": 0.776921808719635
    },
    "pair_chains_iptm": {
        "0": {
            "0": 0.776921808719635
        }
    }
}