{
    "confidence_score": 0.7071978449821472,
    "ptm": 0.8092672824859619,
    "iptm": 0.0,
    "ligand_iptm": 0.0,
    "protein_iptm": 0.0,
    "complex_plddt": 0.8839972615242004,
    "complex_iplddt": 0.0,
    "complex_pde": 0.5666905045509338,
    "complex_ipde": 0.0,
    "chains_ptm": {
        "0": 0.8092672824859619
    },
    "pair_chains_iptm": {
        "0": {
            "0": 0.8092672824859619
        }
    }
}