{
    "confidence_score": 0.7152426838874817,
    "ptm": 0.8741918802261353,
    "iptm": 0.0,
    "ligand_iptm": 0.0,
    "protein_iptm": 0.0,
    "complex_plddt": 0.8940533399581909,
    "complex_iplddt": 0.0,
    "complex_pde": 0.44226229190826416,
    "complex_ipde": 0.0,
    "chains_ptm": {
        "0": 0.8741918802261353
    },
    "pair_chains_iptm": {
        "0": {
            "0": 0.8741918802261353
        }
    }
}