{
    "confidence_score": 0.6321069598197937,
    "ptm": 0.8484417200088501,
    "iptm": 0.0,
    "ligand_iptm": 0.0,
    "protein_iptm": 0.0,
    "complex_plddt": 0.7901336550712585,
    "complex_iplddt": 0.0,
    "complex_pde": 0.8004810214042664,
    "complex_ipde": 0.0,
    "chains_ptm": {
        "0": 0.8484417200088501
    },
    "pair_chains_iptm": {
        "0": {
            "0": 0.8484417200088501
        }
    }
}