{
    "confidence_score": 0.7421911358833313,
    "ptm": 0.9438116550445557,
    "iptm": 0.0,
    "ligand_iptm": 0.0,
    "protein_iptm": 0.0,
    "complex_plddt": 0.9277389049530029,
    "complex_iplddt": 0.0,
    "complex_pde": 0.40399688482284546,
    "complex_ipde": 0.0,
    "chains_ptm": {
        "0": 0.9438116550445557
    },
    "pair_chains_iptm": {
        "0": {
            "0": 0.9438116550445557
        }
    }
}