{
    "confidence_score": 0.7103144526481628,
    "ptm": 0.8515042662620544,
    "iptm": 0.0,
    "ligand_iptm": 0.0,
    "protein_iptm": 0.0,
    "complex_plddt": 0.88789302110672,
    "complex_iplddt": 0.0,
    "complex_pde": 0.5032249093055725,
    "complex_ipde": 0.0,
    "chains_ptm": {
        "0": 0.8515042662620544
    },
    "pair_chains_iptm": {
        "0": {
            "0": 0.8515042662620544
        }
    }
}