{
    "confidence_score": 0.6594378352165222,
    "ptm": 0.8928767442703247,
    "iptm": 0.0,
    "ligand_iptm": 0.0,
    "protein_iptm": 0.0,
    "complex_plddt": 0.824297308921814,
    "complex_iplddt": 0.0,
    "complex_pde": 0.445588082075119,
    "complex_ipde": 0.0,
    "chains_ptm": {
        "0": 0.8928767442703247
    },
    "pair_chains_iptm": {
        "0": {
            "0": 0.8928767442703247
        }
    }
}