{
    "confidence_score": 0.4813092350959778,
    "ptm": 0.37974345684051514,
    "iptm": 0.0,
    "ligand_iptm": 0.0,
    "protein_iptm": 0.0,
    "complex_plddt": 0.601636528968811,
    "complex_iplddt": 0.0,
    "complex_pde": 2.081934928894043,
    "complex_ipde": 0.0,
    "chains_ptm": {
        "0": 0.37974345684051514
    },
    "pair_chains_iptm": {
        "0": {
            "0": 0.37974345684051514
        }
    }
}