{
    "confidence_score": 0.37893912196159363,
    "ptm": 0.3093265891075134,
    "iptm": 0.0,
    "ligand_iptm": 0.0,
    "protein_iptm": 0.0,
    "complex_plddt": 0.47367388010025024,
    "complex_iplddt": 0.0,
    "complex_pde": 3.695139169692993,
    "complex_ipde": 0.0,
    "chains_ptm": {
        "0": 0.3093265891075134
    },
    "pair_chains_iptm": {
        "0": {
            "0": 0.3093265891075134
        }
    }
}