{
    "confidence_score": 0.713146448135376,
    "ptm": 0.7104014754295349,
    "iptm": 0.0,
    "ligand_iptm": 0.0,
    "protein_iptm": 0.0,
    "complex_plddt": 0.89143306016922,
    "complex_iplddt": 0.0,
    "complex_pde": 0.5708540678024292,
    "complex_ipde": 0.0,
    "chains_ptm": {
        "0": 0.7104014754295349
    },
    "pair_chains_iptm": {
        "0": {
            "0": 0.7104014754295349
        }
    }
}