{
    "confidence_score": 0.5259516835212708,
    "ptm": 0.4052743911743164,
    "iptm": 0.0,
    "ligand_iptm": 0.0,
    "protein_iptm": 0.0,
    "complex_plddt": 0.6574395895004272,
    "complex_iplddt": 0.0,
    "complex_pde": 1.0020866394042969,
    "complex_ipde": 0.0,
    "chains_ptm": {
        "0": 0.4052743911743164
    },
    "pair_chains_iptm": {
        "0": {
            "0": 0.4052743911743164
        }
    }
}