{
    "confidence_score": 0.5441795587539673,
    "ptm": 0.5610051155090332,
    "iptm": 0.0,
    "ligand_iptm": 0.0,
    "protein_iptm": 0.0,
    "complex_plddt": 0.6802244186401367,
    "complex_iplddt": 0.0,
    "complex_pde": 1.5265142917633057,
    "complex_ipde": 0.0,
    "chains_ptm": {
        "0": 0.5610051155090332
    },
    "pair_chains_iptm": {
        "0": {
            "0": 0.5610051155090332
        }
    }
}