{
    "confidence_score": 0.7238397002220154,
    "ptm": 0.9319478273391724,
    "iptm": 0.0,
    "ligand_iptm": 0.0,
    "protein_iptm": 0.0,
    "complex_plddt": 0.9047996401786804,
    "complex_iplddt": 0.0,
    "complex_pde": 0.39225342869758606,
    "complex_ipde": 0.0,
    "chains_ptm": {
        "0": 0.9319478273391724
    },
    "pair_chains_iptm": {
        "0": {
            "0": 0.9319478273391724
        }
    }
}