{
    "confidence_score": 0.6852031350135803,
    "ptm": 0.7936149835586548,
    "iptm": 0.0,
    "ligand_iptm": 0.0,
    "protein_iptm": 0.0,
    "complex_plddt": 0.8565039038658142,
    "complex_iplddt": 0.0,
    "complex_pde": 0.5208647847175598,
    "complex_ipde": 0.0,
    "chains_ptm": {
        "0": 0.7936149835586548
    },
    "pair_chains_iptm": {
        "0": {
            "0": 0.7936149835586548
        }
    }
}