{
    "confidence_score": 0.5611225366592407,
    "ptm": 0.45017385482788086,
    "iptm": 0.0,
    "ligand_iptm": 0.0,
    "protein_iptm": 0.0,
    "complex_plddt": 0.7014031410217285,
    "complex_iplddt": 0.0,
    "complex_pde": 1.8989070653915405,
    "complex_ipde": 0.0,
    "chains_ptm": {
        "0": 0.45017385482788086
    },
    "pair_chains_iptm": {
        "0": {
            "0": 0.45017385482788086
        }
    }
}