{
    "confidence_score": 0.7091719508171082,
    "ptm": 0.8383457064628601,
    "iptm": 0.0,
    "ligand_iptm": 0.0,
    "protein_iptm": 0.0,
    "complex_plddt": 0.8864649534225464,
    "complex_iplddt": 0.0,
    "complex_pde": 0.4665455222129822,
    "complex_ipde": 0.0,
    "chains_ptm": {
        "0": 0.8383457064628601
    },
    "pair_chains_iptm": {
        "0": {
            "0": 0.8383457064628601
        }
    }
}