{
    "confidence_score": 0.5692030787467957,
    "ptm": 0.8319036960601807,
    "iptm": 0.0,
    "ligand_iptm": 0.0,
    "protein_iptm": 0.0,
    "complex_plddt": 0.7115038633346558,
    "complex_iplddt": 0.0,
    "complex_pde": 0.5569729804992676,
    "complex_ipde": 0.0,
    "chains_ptm": {
        "0": 0.8319036960601807
    },
    "pair_chains_iptm": {
        "0": {
            "0": 0.8319036960601807
        }
    }
}