{
    "confidence_score": 0.6593181490898132,
    "ptm": 0.9015983939170837,
    "iptm": 0.0,
    "ligand_iptm": 0.0,
    "protein_iptm": 0.0,
    "complex_plddt": 0.8241477012634277,
    "complex_iplddt": 0.0,
    "complex_pde": 0.678771436214447,
    "complex_ipde": 0.0,
    "chains_ptm": {
        "0": 0.9015983939170837
    },
    "pair_chains_iptm": {
        "0": {
            "0": 0.9015983939170837
        }
    }
}