{
    "confidence_score": 0.6441769003868103,
    "ptm": 0.8022740483283997,
    "iptm": 0.0,
    "ligand_iptm": 0.0,
    "protein_iptm": 0.0,
    "complex_plddt": 0.8052211403846741,
    "complex_iplddt": 0.0,
    "complex_pde": 0.8282996416091919,
    "complex_ipde": 0.0,
    "chains_ptm": {
        "0": 0.8022740483283997
    },
    "pair_chains_iptm": {
        "0": {
            "0": 0.8022740483283997
        }
    }
}