{
    "confidence_score": 0.7053388953208923,
    "ptm": 0.7621257305145264,
    "iptm": 0.0,
    "ligand_iptm": 0.0,
    "protein_iptm": 0.0,
    "complex_plddt": 0.8816736340522766,
    "complex_iplddt": 0.0,
    "complex_pde": 0.5743528604507446,
    "complex_ipde": 0.0,
    "chains_ptm": {
        "0": 0.7621257305145264
    },
    "pair_chains_iptm": {
        "0": {
            "0": 0.7621257305145264
        }
    }
}