{
    "confidence_score": 0.6547775864601135,
    "ptm": 0.7964122891426086,
    "iptm": 0.0,
    "ligand_iptm": 0.0,
    "protein_iptm": 0.0,
    "complex_plddt": 0.8184719681739807,
    "complex_iplddt": 0.0,
    "complex_pde": 0.7841824889183044,
    "complex_ipde": 0.0,
    "chains_ptm": {
        "0": 0.7964122891426086
    },
    "pair_chains_iptm": {
        "0": {
            "0": 0.7964122891426086
        }
    }
}