{
    "confidence_score": 0.6750550866127014,
    "ptm": 0.8358179926872253,
    "iptm": 0.0,
    "ligand_iptm": 0.0,
    "protein_iptm": 0.0,
    "complex_plddt": 0.8438188433647156,
    "complex_iplddt": 0.0,
    "complex_pde": 0.7275595664978027,
    "complex_ipde": 0.0,
    "chains_ptm": {
        "0": 0.8358179926872253
    },
    "pair_chains_iptm": {
        "0": {
            "0": 0.8358179926872253
        }
    }
}