{
    "confidence_score": 0.5943964719772339,
    "ptm": 0.44150403141975403,
    "iptm": 0.0,
    "ligand_iptm": 0.0,
    "protein_iptm": 0.0,
    "complex_plddt": 0.74299556016922,
    "complex_iplddt": 0.0,
    "complex_pde": 1.2555862665176392,
    "complex_ipde": 0.0,
    "chains_ptm": {
        "0": 0.44150403141975403
    },
    "pair_chains_iptm": {
        "0": {
            "0": 0.44150403141975403
        }
    }
}