{
    "confidence_score": 0.6503423452377319,
    "ptm": 0.7202934622764587,
    "iptm": 0.0,
    "ligand_iptm": 0.0,
    "protein_iptm": 0.0,
    "complex_plddt": 0.8129279017448425,
    "complex_iplddt": 0.0,
    "complex_pde": 1.3024073839187622,
    "complex_ipde": 0.0,
    "chains_ptm": {
        "0": 0.7202934622764587
    },
    "pair_chains_iptm": {
        "0": {
            "0": 0.7202934622764587
        }
    }
}