{
    "confidence_score": 0.5758465528488159,
    "ptm": 0.6099632978439331,
    "iptm": 0.0,
    "ligand_iptm": 0.0,
    "protein_iptm": 0.0,
    "complex_plddt": 0.7198081612586975,
    "complex_iplddt": 0.0,
    "complex_pde": 0.8958144783973694,
    "complex_ipde": 0.0,
    "chains_ptm": {
        "0": 0.6099632978439331
    },
    "pair_chains_iptm": {
        "0": {
            "0": 0.6099632978439331
        }
    }
}