{
    "confidence_score": 0.6020988821983337,
    "ptm": 0.5955060124397278,
    "iptm": 0.0,
    "ligand_iptm": 0.0,
    "protein_iptm": 0.0,
    "complex_plddt": 0.7526235580444336,
    "complex_iplddt": 0.0,
    "complex_pde": 0.8925740122795105,
    "complex_ipde": 0.0,
    "chains_ptm": {
        "0": 0.5955060124397278
    },
    "pair_chains_iptm": {
        "0": {
            "0": 0.5955060124397278
        }
    }
}