{
    "confidence_score": 0.7588297128677368,
    "ptm": 0.9531641006469727,
    "iptm": 0.0,
    "ligand_iptm": 0.0,
    "protein_iptm": 0.0,
    "complex_plddt": 0.9485371112823486,
    "complex_iplddt": 0.0,
    "complex_pde": 0.3291541635990143,
    "complex_ipde": 0.0,
    "chains_ptm": {
        "0": 0.9531641006469727
    },
    "pair_chains_iptm": {
        "0": {
            "0": 0.9531641006469727
        }
    }
}