{
    "confidence_score": 0.5456581711769104,
    "ptm": 0.5813970565795898,
    "iptm": 0.0,
    "ligand_iptm": 0.0,
    "protein_iptm": 0.0,
    "complex_plddt": 0.6820726990699768,
    "complex_iplddt": 0.0,
    "complex_pde": 1.9347333908081055,
    "complex_ipde": 0.0,
    "chains_ptm": {
        "0": 0.5813970565795898
    },
    "pair_chains_iptm": {
        "0": {
            "0": 0.5813970565795898
        }
    }
}