{
    "confidence_score": 0.6844006776809692,
    "ptm": 0.9055664539337158,
    "iptm": 0.0,
    "ligand_iptm": 0.0,
    "protein_iptm": 0.0,
    "complex_plddt": 0.8555008172988892,
    "complex_iplddt": 0.0,
    "complex_pde": 0.5964667201042175,
    "complex_ipde": 0.0,
    "chains_ptm": {
        "0": 0.9055664539337158
    },
    "pair_chains_iptm": {
        "0": {
            "0": 0.9055664539337158
        }
    }
}