{
    "confidence_score": 0.7571814060211182,
    "ptm": 0.964189350605011,
    "iptm": 0.0,
    "ligand_iptm": 0.0,
    "protein_iptm": 0.0,
    "complex_plddt": 0.9464767575263977,
    "complex_iplddt": 0.0,
    "complex_pde": 0.2917785048484802,
    "complex_ipde": 0.0,
    "chains_ptm": {
        "0": 0.964189350605011
    },
    "pair_chains_iptm": {
        "0": {
            "0": 0.964189350605011
        }
    }
}