{
    "confidence_score": 0.7313773036003113,
    "ptm": 0.9032806158065796,
    "iptm": 0.0,
    "ligand_iptm": 0.0,
    "protein_iptm": 0.0,
    "complex_plddt": 0.9142215847969055,
    "complex_iplddt": 0.0,
    "complex_pde": 0.4385679364204407,
    "complex_ipde": 0.0,
    "chains_ptm": {
        "0": 0.9032806158065796
    },
    "pair_chains_iptm": {
        "0": {
            "0": 0.9032806158065796
        }
    }
}