{
    "confidence_score": 0.6333932280540466,
    "ptm": 0.43217185139656067,
    "iptm": 0.0,
    "ligand_iptm": 0.0,
    "protein_iptm": 0.0,
    "complex_plddt": 0.7917414903640747,
    "complex_iplddt": 0.0,
    "complex_pde": 1.2969157695770264,
    "complex_ipde": 0.0,
    "chains_ptm": {
        "0": 0.43217185139656067
    },
    "pair_chains_iptm": {
        "0": {
            "0": 0.43217185139656067
        }
    }
}