{
    "confidence_score": 0.7132294178009033,
    "ptm": 0.8708339929580688,
    "iptm": 0.0,
    "ligand_iptm": 0.0,
    "protein_iptm": 0.0,
    "complex_plddt": 0.8915367722511292,
    "complex_iplddt": 0.0,
    "complex_pde": 0.6235427260398865,
    "complex_ipde": 0.0,
    "chains_ptm": {
        "0": 0.8708339929580688
    },
    "pair_chains_iptm": {
        "0": {
            "0": 0.8708339929580688
        }
    }
}