{
    "confidence_score": 0.644635796546936,
    "ptm": 0.8137148022651672,
    "iptm": 0.0,
    "ligand_iptm": 0.0,
    "protein_iptm": 0.0,
    "complex_plddt": 0.8057947158813477,
    "complex_iplddt": 0.0,
    "complex_pde": 1.0865750312805176,
    "complex_ipde": 0.0,
    "chains_ptm": {
        "0": 0.8137148022651672
    },
    "pair_chains_iptm": {
        "0": {
            "0": 0.8137148022651672
        }
    }
}