{
    "confidence_score": 0.7057024836540222,
    "ptm": 0.9216947555541992,
    "iptm": 0.0,
    "ligand_iptm": 0.0,
    "protein_iptm": 0.0,
    "complex_plddt": 0.8821280598640442,
    "complex_iplddt": 0.0,
    "complex_pde": 0.5255059003829956,
    "complex_ipde": 0.0,
    "chains_ptm": {
        "0": 0.9216947555541992
    },
    "pair_chains_iptm": {
        "0": {
            "0": 0.9216947555541992
        }
    }
}