{
    "confidence_score": 0.6366905570030212,
    "ptm": 0.34042033553123474,
    "iptm": 0.0,
    "ligand_iptm": 0.0,
    "protein_iptm": 0.0,
    "complex_plddt": 0.795863151550293,
    "complex_iplddt": 0.0,
    "complex_pde": 1.4174267053604126,
    "complex_ipde": 0.0,
    "chains_ptm": {
        "0": 0.34042033553123474
    },
    "pair_chains_iptm": {
        "0": {
            "0": 0.34042033553123474
        }
    }
}