{
    "confidence_score": 0.6982614994049072,
    "ptm": 0.8568562269210815,
    "iptm": 0.0,
    "ligand_iptm": 0.0,
    "protein_iptm": 0.0,
    "complex_plddt": 0.872826874256134,
    "complex_iplddt": 0.0,
    "complex_pde": 0.5166383385658264,
    "complex_ipde": 0.0,
    "chains_ptm": {
        "0": 0.8568562269210815
    },
    "pair_chains_iptm": {
        "0": {
            "0": 0.8568562269210815
        }
    }
}