{
    "confidence_score": 0.7431526780128479,
    "ptm": 0.937957763671875,
    "iptm": 0.0,
    "ligand_iptm": 0.0,
    "protein_iptm": 0.0,
    "complex_plddt": 0.9289408326148987,
    "complex_iplddt": 0.0,
    "complex_pde": 0.3440828025341034,
    "complex_ipde": 0.0,
    "chains_ptm": {
        "0": 0.937957763671875
    },
    "pair_chains_iptm": {
        "0": {
            "0": 0.937957763671875
        }
    }
}