{
    "confidence_score": 0.628431499004364,
    "ptm": 0.7544707655906677,
    "iptm": 0.0,
    "ligand_iptm": 0.0,
    "protein_iptm": 0.0,
    "complex_plddt": 0.7855393886566162,
    "complex_iplddt": 0.0,
    "complex_pde": 0.5893482565879822,
    "complex_ipde": 0.0,
    "chains_ptm": {
        "0": 0.7544707655906677
    },
    "pair_chains_iptm": {
        "0": {
            "0": 0.7544707655906677
        }
    }
}