{
    "confidence_score": 0.7114546298980713,
    "ptm": 0.8937227129936218,
    "iptm": 0.0,
    "ligand_iptm": 0.0,
    "protein_iptm": 0.0,
    "complex_plddt": 0.8893182873725891,
    "complex_iplddt": 0.0,
    "complex_pde": 0.3515518009662628,
    "complex_ipde": 0.0,
    "chains_ptm": {
        "0": 0.8937227129936218
    },
    "pair_chains_iptm": {
        "0": {
            "0": 0.8937227129936218
        }
    }
}