{
    "confidence_score": 0.7266387939453125,
    "ptm": 0.9268916845321655,
    "iptm": 0.0,
    "ligand_iptm": 0.0,
    "protein_iptm": 0.0,
    "complex_plddt": 0.9082984924316406,
    "complex_iplddt": 0.0,
    "complex_pde": 0.41051506996154785,
    "complex_ipde": 0.0,
    "chains_ptm": {
        "0": 0.9268916845321655
    },
    "pair_chains_iptm": {
        "0": {
            "0": 0.9268916845321655
        }
    }
}