{
    "plddts": {
        "model_1_pred_0": 60.44302505542637,
        "model_2_pred_0": 61.615921652562484,
        "model_3_pred_0": 60.09549418312386,
        "model_4_pred_0": 63.27063345347068,
        "model_5_pred_0": 59.81500977276364
    },
    "order": [
        "model_4_pred_0",
        "model_2_pred_0",
        "model_1_pred_0",
        "model_3_pred_0",
        "model_5_pred_0"
    ]
}