{
    "features": 4103.36798787117,
    "process_features_model_1_pred_0": 4.399320602416992,
    "predict_and_compile_model_1_pred_0": 456.003053188324,
    "process_features_model_2_pred_0": 3.0183722972869873,
    "predict_and_compile_model_2_pred_0": 412.2422547340393,
    "process_features_model_3_pred_0": 2.709794521331787,
    "predict_and_compile_model_3_pred_0": 382.16598534584045,
    "process_features_model_4_pred_0": 2.4773292541503906,
    "predict_and_compile_model_4_pred_0": 380.4097595214844,
    "process_features_model_5_pred_0": 2.818343162536621,
    "predict_and_compile_model_5_pred_0": 368.4821255207062,
    "relax_model_4_pred_0": 99.35263586044312
}