{
    "confidence_score": 0.7173188328742981,
    "ptm": 0.9107160568237305,
    "iptm": 0.0,
    "ligand_iptm": 0.0,
    "protein_iptm": 0.0,
    "complex_plddt": 0.8966485261917114,
    "complex_iplddt": 0.0,
    "complex_pde": 0.4138796031475067,
    "complex_ipde": 0.0,
    "chains_ptm": {
        "0": 0.9107160568237305
    },
    "pair_chains_iptm": {
        "0": {
            "0": 0.9107160568237305
        }
    }
}