{
    "confidence_score": 0.7422909140586853,
    "ptm": 0.9091445207595825,
    "iptm": 0.0,
    "ligand_iptm": 0.0,
    "protein_iptm": 0.0,
    "complex_plddt": 0.9278636574745178,
    "complex_iplddt": 0.0,
    "complex_pde": 0.3884412944316864,
    "complex_ipde": 0.0,
    "chains_ptm": {
        "0": 0.9091445207595825
    },
    "pair_chains_iptm": {
        "0": {
            "0": 0.9091445207595825
        }
    }
}