{
    "confidence_score": 0.7272003293037415,
    "ptm": 0.9211785793304443,
    "iptm": 0.0,
    "ligand_iptm": 0.0,
    "protein_iptm": 0.0,
    "complex_plddt": 0.9090003967285156,
    "complex_iplddt": 0.0,
    "complex_pde": 0.3266131579875946,
    "complex_ipde": 0.0,
    "chains_ptm": {
        "0": 0.9211785793304443
    },
    "pair_chains_iptm": {
        "0": {
            "0": 0.9211785793304443
        }
    }
}