{
    "confidence_score": 0.7101761102676392,
    "ptm": 0.9193574786186218,
    "iptm": 0.0,
    "ligand_iptm": 0.0,
    "protein_iptm": 0.0,
    "complex_plddt": 0.8877201080322266,
    "complex_iplddt": 0.0,
    "complex_pde": 0.4473886489868164,
    "complex_ipde": 0.0,
    "chains_ptm": {
        "0": 0.9193574786186218
    },
    "pair_chains_iptm": {
        "0": {
            "0": 0.9193574786186218
        }
    }
}