{
    "confidence_score": 0.6513246297836304,
    "ptm": 0.8065027594566345,
    "iptm": 0.0,
    "ligand_iptm": 0.0,
    "protein_iptm": 0.0,
    "complex_plddt": 0.8141557574272156,
    "complex_iplddt": 0.0,
    "complex_pde": 0.7336707711219788,
    "complex_ipde": 0.0,
    "chains_ptm": {
        "0": 0.8065027594566345
    },
    "pair_chains_iptm": {
        "0": {
            "0": 0.8065027594566345
        }
    }
}