{
    "confidence_score": 0.6713696122169495,
    "ptm": 0.48674431443214417,
    "iptm": 0.0,
    "ligand_iptm": 0.0,
    "protein_iptm": 0.0,
    "complex_plddt": 0.8392120003700256,
    "complex_iplddt": 0.0,
    "complex_pde": 1.1952131986618042,
    "complex_ipde": 0.0,
    "chains_ptm": {
        "0": 0.48674431443214417
    },
    "pair_chains_iptm": {
        "0": {
            "0": 0.48674431443214417
        }
    }
}