{
    "confidence_score": 0.7396537065505981,
    "ptm": 0.8928038477897644,
    "iptm": 0.0,
    "ligand_iptm": 0.0,
    "protein_iptm": 0.0,
    "complex_plddt": 0.9245671033859253,
    "complex_iplddt": 0.0,
    "complex_pde": 0.38467514514923096,
    "complex_ipde": 0.0,
    "chains_ptm": {
        "0": 0.8928038477897644
    },
    "pair_chains_iptm": {
        "0": {
            "0": 0.8928038477897644
        }
    }
}