{
    "confidence_score": 0.3732401728630066,
    "ptm": 0.21414487063884735,
    "iptm": 0.0,
    "ligand_iptm": 0.0,
    "protein_iptm": 0.0,
    "complex_plddt": 0.46655020117759705,
    "complex_iplddt": 0.0,
    "complex_pde": 5.321828365325928,
    "complex_ipde": 0.0,
    "chains_ptm": {
        "0": 0.21414487063884735
    },
    "pair_chains_iptm": {
        "0": {
            "0": 0.21414487063884735
        }
    }
}