{
    "confidence_score": 0.6823286414146423,
    "ptm": 0.8264542818069458,
    "iptm": 0.0,
    "ligand_iptm": 0.0,
    "protein_iptm": 0.0,
    "complex_plddt": 0.8529107570648193,
    "complex_iplddt": 0.0,
    "complex_pde": 0.7760642766952515,
    "complex_ipde": 0.0,
    "chains_ptm": {
        "0": 0.8264542818069458
    },
    "pair_chains_iptm": {
        "0": {
            "0": 0.8264542818069458
        }
    }
}