{
    "confidence_score": 0.633196234703064,
    "ptm": 0.44050127267837524,
    "iptm": 0.0,
    "ligand_iptm": 0.0,
    "protein_iptm": 0.0,
    "complex_plddt": 0.7914952635765076,
    "complex_iplddt": 0.0,
    "complex_pde": 1.6828635931015015,
    "complex_ipde": 0.0,
    "chains_ptm": {
        "0": 0.44050127267837524
    },
    "pair_chains_iptm": {
        "0": {
            "0": 0.44050127267837524
        }
    }
}