{
    "confidence_score": 0.5063397288322449,
    "ptm": 0.3599494993686676,
    "iptm": 0.0,
    "ligand_iptm": 0.0,
    "protein_iptm": 0.0,
    "complex_plddt": 0.6329246163368225,
    "complex_iplddt": 0.0,
    "complex_pde": 1.8326919078826904,
    "complex_ipde": 0.0,
    "chains_ptm": {
        "0": 0.3599494993686676
    },
    "pair_chains_iptm": {
        "0": {
            "0": 0.3599494993686676
        }
    }
}