{
    "confidence_score": 0.6689257025718689,
    "ptm": 0.7661575675010681,
    "iptm": 0.0,
    "ligand_iptm": 0.0,
    "protein_iptm": 0.0,
    "complex_plddt": 0.8361570835113525,
    "complex_iplddt": 0.0,
    "complex_pde": 0.6663585901260376,
    "complex_ipde": 0.0,
    "chains_ptm": {
        "0": 0.7661575675010681
    },
    "pair_chains_iptm": {
        "0": {
            "0": 0.7661575675010681
        }
    }
}