{
    "confidence_score": 0.7619953751564026,
    "ptm": 0.8937405943870544,
    "iptm": 0.0,
    "ligand_iptm": 0.0,
    "protein_iptm": 0.0,
    "complex_plddt": 0.952494204044342,
    "complex_iplddt": 0.0,
    "complex_pde": 0.3166058361530304,
    "complex_ipde": 0.0,
    "chains_ptm": {
        "0": 0.8937405943870544
    },
    "pair_chains_iptm": {
        "0": {
            "0": 0.8937405943870544
        }
    }
}