{
    "confidence_score": 0.4948824942111969,
    "ptm": 0.4122414290904999,
    "iptm": 0.0,
    "ligand_iptm": 0.0,
    "protein_iptm": 0.0,
    "complex_plddt": 0.6186031103134155,
    "complex_iplddt": 0.0,
    "complex_pde": 2.0422239303588867,
    "complex_ipde": 0.0,
    "chains_ptm": {
        "0": 0.4122414290904999
    },
    "pair_chains_iptm": {
        "0": {
            "0": 0.4122414290904999
        }
    }
}