{
    "confidence_score": 0.5385661721229553,
    "ptm": 0.4827665686607361,
    "iptm": 0.0,
    "ligand_iptm": 0.0,
    "protein_iptm": 0.0,
    "complex_plddt": 0.673207700252533,
    "complex_iplddt": 0.0,
    "complex_pde": 1.3380945920944214,
    "complex_ipde": 0.0,
    "chains_ptm": {
        "0": 0.4827665686607361
    },
    "pair_chains_iptm": {
        "0": {
            "0": 0.4827665686607361
        }
    }
}