{
    "confidence_score": 0.5196374654769897,
    "ptm": 0.28204476833343506,
    "iptm": 0.0,
    "ligand_iptm": 0.0,
    "protein_iptm": 0.0,
    "complex_plddt": 0.6495468020439148,
    "complex_iplddt": 0.0,
    "complex_pde": 1.8079643249511719,
    "complex_ipde": 0.0,
    "chains_ptm": {
        "0": 0.28204476833343506
    },
    "pair_chains_iptm": {
        "0": {
            "0": 0.28204476833343506
        }
    }
}