{
    "confidence_score": 0.7430219054222107,
    "ptm": 0.7098221778869629,
    "iptm": 0.0,
    "ligand_iptm": 0.0,
    "protein_iptm": 0.0,
    "complex_plddt": 0.9287773966789246,
    "complex_iplddt": 0.0,
    "complex_pde": 0.3651231527328491,
    "complex_ipde": 0.0,
    "chains_ptm": {
        "0": 0.7098221778869629
    },
    "pair_chains_iptm": {
        "0": {
            "0": 0.7098221778869629
        }
    }
}