{
    "plddts": {
        "model_1_pred_0": 87.04256976690442,
        "model_2_pred_0": 86.0655732513814,
        "model_3_pred_0": 88.72843339855837,
        "model_4_pred_0": 87.19495983201864,
        "model_5_pred_0": 83.31699264552557
    },
    "order": [
        "model_3_pred_0",
        "model_4_pred_0",
        "model_1_pred_0",
        "model_2_pred_0",
        "model_5_pred_0"
    ]
}