{
    "confidence_score": 0.6827753186225891,
    "ptm": 0.6542544960975647,
    "iptm": 0.0,
    "ligand_iptm": 0.0,
    "protein_iptm": 0.0,
    "complex_plddt": 0.8534691333770752,
    "complex_iplddt": 0.0,
    "complex_pde": 0.8512246608734131,
    "complex_ipde": 0.0,
    "chains_ptm": {
        "0": 0.6542544960975647
    },
    "pair_chains_iptm": {
        "0": {
            "0": 0.6542544960975647
        }
    }
}