{
    "confidence_score": 0.5985904932022095,
    "ptm": 0.7698995471000671,
    "iptm": 0.0,
    "ligand_iptm": 0.0,
    "protein_iptm": 0.0,
    "complex_plddt": 0.7482380867004395,
    "complex_iplddt": 0.0,
    "complex_pde": 0.7092843651771545,
    "complex_ipde": 0.0,
    "chains_ptm": {
        "0": 0.7698995471000671
    },
    "pair_chains_iptm": {
        "0": {
            "0": 0.7698995471000671
        }
    }
}