{
    "confidence_score": 0.633307158946991,
    "ptm": 0.7588791847229004,
    "iptm": 0.0,
    "ligand_iptm": 0.0,
    "protein_iptm": 0.0,
    "complex_plddt": 0.7916339039802551,
    "complex_iplddt": 0.0,
    "complex_pde": 1.06367027759552,
    "complex_ipde": 0.0,
    "chains_ptm": {
        "0": 0.7588791847229004
    },
    "pair_chains_iptm": {
        "0": {
            "0": 0.7588791847229004
        }
    }
}