{
    "confidence_score": 0.2784723937511444,
    "ptm": 0.22015494108200073,
    "iptm": 0.0,
    "ligand_iptm": 0.0,
    "protein_iptm": 0.0,
    "complex_plddt": 0.3480904698371887,
    "complex_iplddt": 0.0,
    "complex_pde": 5.248437404632568,
    "complex_ipde": 0.0,
    "chains_ptm": {
        "0": 0.22015494108200073
    },
    "pair_chains_iptm": {
        "0": {
            "0": 0.22015494108200073
        }
    }
}