{
    "confidence_score": 0.6881622672080994,
    "ptm": 0.8290500640869141,
    "iptm": 0.0,
    "ligand_iptm": 0.0,
    "protein_iptm": 0.0,
    "complex_plddt": 0.8602028489112854,
    "complex_iplddt": 0.0,
    "complex_pde": 0.6831043362617493,
    "complex_ipde": 0.0,
    "chains_ptm": {
        "0": 0.8290500640869141
    },
    "pair_chains_iptm": {
        "0": {
            "0": 0.8290500640869141
        }
    }
}