{
    "confidence_score": 0.6606517434120178,
    "ptm": 0.8269882202148438,
    "iptm": 0.0,
    "ligand_iptm": 0.0,
    "protein_iptm": 0.0,
    "complex_plddt": 0.8258146643638611,
    "complex_iplddt": 0.0,
    "complex_pde": 0.6065037846565247,
    "complex_ipde": 0.0,
    "chains_ptm": {
        "0": 0.8269882202148438
    },
    "pair_chains_iptm": {
        "0": {
            "0": 0.8269882202148438
        }
    }
}