{
    "confidence_score": 0.7047745585441589,
    "ptm": 0.7415652871131897,
    "iptm": 0.0,
    "ligand_iptm": 0.0,
    "protein_iptm": 0.0,
    "complex_plddt": 0.8809682130813599,
    "complex_iplddt": 0.0,
    "complex_pde": 0.6036641597747803,
    "complex_ipde": 0.0,
    "chains_ptm": {
        "0": 0.7415652871131897
    },
    "pair_chains_iptm": {
        "0": {
            "0": 0.7415652871131897
        }
    }
}