{
    "confidence_score": 0.7575085163116455,
    "ptm": 0.946063756942749,
    "iptm": 0.0,
    "ligand_iptm": 0.0,
    "protein_iptm": 0.0,
    "complex_plddt": 0.9468856453895569,
    "complex_iplddt": 0.0,
    "complex_pde": 0.36185744404792786,
    "complex_ipde": 0.0,
    "chains_ptm": {
        "0": 0.946063756942749
    },
    "pair_chains_iptm": {
        "0": {
            "0": 0.946063756942749
        }
    }
}