{
    "confidence_score": 0.6531011462211609,
    "ptm": 0.44467318058013916,
    "iptm": 0.0,
    "ligand_iptm": 0.0,
    "protein_iptm": 0.0,
    "complex_plddt": 0.8163763880729675,
    "complex_iplddt": 0.0,
    "complex_pde": 1.558557391166687,
    "complex_ipde": 0.0,
    "chains_ptm": {
        "0": 0.44467318058013916
    },
    "pair_chains_iptm": {
        "0": {
            "0": 0.44467318058013916
        }
    }
}