{
    "confidence_score": 0.5596885085105896,
    "ptm": 0.35592517256736755,
    "iptm": 0.0,
    "ligand_iptm": 0.0,
    "protein_iptm": 0.0,
    "complex_plddt": 0.6996105909347534,
    "complex_iplddt": 0.0,
    "complex_pde": 0.8212246298789978,
    "complex_ipde": 0.0,
    "chains_ptm": {
        "0": 0.35592517256736755
    },
    "pair_chains_iptm": {
        "0": {
            "0": 0.35592517256736755
        }
    }
}