{
    "confidence_score": 0.6476016044616699,
    "ptm": 0.6212403774261475,
    "iptm": 0.0,
    "ligand_iptm": 0.0,
    "protein_iptm": 0.0,
    "complex_plddt": 0.8095020055770874,
    "complex_iplddt": 0.0,
    "complex_pde": 0.8874502182006836,
    "complex_ipde": 0.0,
    "chains_ptm": {
        "0": 0.6212403774261475
    },
    "pair_chains_iptm": {
        "0": {
            "0": 0.6212403774261475
        }
    }
}