{
    "confidence_score": 0.7014204859733582,
    "ptm": 0.8094558119773865,
    "iptm": 0.0,
    "ligand_iptm": 0.0,
    "protein_iptm": 0.0,
    "complex_plddt": 0.8767755627632141,
    "complex_iplddt": 0.0,
    "complex_pde": 0.6022518873214722,
    "complex_ipde": 0.0,
    "chains_ptm": {
        "0": 0.8094558119773865
    },
    "pair_chains_iptm": {
        "0": {
            "0": 0.8094558119773865
        }
    }
}