{
    "confidence_score": 0.5440827012062073,
    "ptm": 0.5024287104606628,
    "iptm": 0.0,
    "ligand_iptm": 0.0,
    "protein_iptm": 0.0,
    "complex_plddt": 0.6801033616065979,
    "complex_iplddt": 0.0,
    "complex_pde": 1.8278661966323853,
    "complex_ipde": 0.0,
    "chains_ptm": {
        "0": 0.5024287104606628
    },
    "pair_chains_iptm": {
        "0": {
            "0": 0.5024287104606628
        }
    }
}