{
    "confidence_score": 0.5380619764328003,
    "ptm": 0.45887291431427,
    "iptm": 0.0,
    "ligand_iptm": 0.0,
    "protein_iptm": 0.0,
    "complex_plddt": 0.672577440738678,
    "complex_iplddt": 0.0,
    "complex_pde": 1.0652475357055664,
    "complex_ipde": 0.0,
    "chains_ptm": {
        "0": 0.45887291431427
    },
    "pair_chains_iptm": {
        "0": {
            "0": 0.45887291431427
        }
    }
}