{
    "confidence_score": 0.7447676062583923,
    "ptm": 0.9585853815078735,
    "iptm": 0.0,
    "ligand_iptm": 0.0,
    "protein_iptm": 0.0,
    "complex_plddt": 0.9309595227241516,
    "complex_iplddt": 0.0,
    "complex_pde": 0.4003821909427643,
    "complex_ipde": 0.0,
    "chains_ptm": {
        "0": 0.9585853815078735
    },
    "pair_chains_iptm": {
        "0": {
            "0": 0.9585853815078735
        }
    }
}