{
    "confidence_score": 0.508480966091156,
    "ptm": 0.5555105805397034,
    "iptm": 0.0,
    "ligand_iptm": 0.0,
    "protein_iptm": 0.0,
    "complex_plddt": 0.6356012225151062,
    "complex_iplddt": 0.0,
    "complex_pde": 1.8234840631484985,
    "complex_ipde": 0.0,
    "chains_ptm": {
        "0": 0.5555105805397034
    },
    "pair_chains_iptm": {
        "0": {
            "0": 0.5555105805397034
        }
    }
}