{
    "confidence_score": 0.6327189803123474,
    "ptm": 0.8014557361602783,
    "iptm": 0.0,
    "ligand_iptm": 0.0,
    "protein_iptm": 0.0,
    "complex_plddt": 0.7908987402915955,
    "complex_iplddt": 0.0,
    "complex_pde": 0.5962714552879333,
    "complex_ipde": 0.0,
    "chains_ptm": {
        "0": 0.8014557361602783
    },
    "pair_chains_iptm": {
        "0": {
            "0": 0.8014557361602783
        }
    }
}