{
    "confidence_score": 0.7584066390991211,
    "ptm": 0.9482280611991882,
    "iptm": 0.0,
    "ligand_iptm": 0.0,
    "protein_iptm": 0.0,
    "complex_plddt": 0.9480082988739014,
    "complex_iplddt": 0.0,
    "complex_pde": 0.33309122920036316,
    "complex_ipde": 0.0,
    "chains_ptm": {
        "0": 0.9482280611991882
    },
    "pair_chains_iptm": {
        "0": {
            "0": 0.9482280611991882
        }
    }
}