{
    "confidence_score": 0.7136822938919067,
    "ptm": 0.8724413514137268,
    "iptm": 0.0,
    "ligand_iptm": 0.0,
    "protein_iptm": 0.0,
    "complex_plddt": 0.892102837562561,
    "complex_iplddt": 0.0,
    "complex_pde": 0.44124582409858704,
    "complex_ipde": 0.0,
    "chains_ptm": {
        "0": 0.8724413514137268
    },
    "pair_chains_iptm": {
        "0": {
            "0": 0.8724413514137268
        }
    }
}