{
    "confidence_score": 0.5416694283485413,
    "ptm": 0.5524734854698181,
    "iptm": 0.0,
    "ligand_iptm": 0.0,
    "protein_iptm": 0.0,
    "complex_plddt": 0.6770867705345154,
    "complex_iplddt": 0.0,
    "complex_pde": 1.9036942720413208,
    "complex_ipde": 0.0,
    "chains_ptm": {
        "0": 0.5524734854698181
    },
    "pair_chains_iptm": {
        "0": {
            "0": 0.5524734854698181
        }
    }
}