{
    "confidence_score": 0.5191861391067505,
    "ptm": 0.6267290115356445,
    "iptm": 0.0,
    "ligand_iptm": 0.0,
    "protein_iptm": 0.0,
    "complex_plddt": 0.6489826440811157,
    "complex_iplddt": 0.0,
    "complex_pde": 1.1481385231018066,
    "complex_ipde": 0.0,
    "chains_ptm": {
        "0": 0.6267290115356445
    },
    "pair_chains_iptm": {
        "0": {
            "0": 0.6267290115356445
        }
    }
}