{
    "confidence_score": 0.6978930234909058,
    "ptm": 0.9054924249649048,
    "iptm": 0.0,
    "ligand_iptm": 0.0,
    "protein_iptm": 0.0,
    "complex_plddt": 0.8723662495613098,
    "complex_iplddt": 0.0,
    "complex_pde": 0.6178792715072632,
    "complex_ipde": 0.0,
    "chains_ptm": {
        "0": 0.9054924249649048
    },
    "pair_chains_iptm": {
        "0": {
            "0": 0.9054924249649048
        }
    }
}