{
    "confidence_score": 0.6619530916213989,
    "ptm": 0.8847970366477966,
    "iptm": 0.0,
    "ligand_iptm": 0.0,
    "protein_iptm": 0.0,
    "complex_plddt": 0.8274413347244263,
    "complex_iplddt": 0.0,
    "complex_pde": 0.8315992951393127,
    "complex_ipde": 0.0,
    "chains_ptm": {
        "0": 0.8847970366477966
    },
    "pair_chains_iptm": {
        "0": {
            "0": 0.8847970366477966
        }
    }
}