{
    "confidence_score": 0.612773597240448,
    "ptm": 0.8701846599578857,
    "iptm": 0.0,
    "ligand_iptm": 0.0,
    "protein_iptm": 0.0,
    "complex_plddt": 0.7659670114517212,
    "complex_iplddt": 0.0,
    "complex_pde": 0.6143395304679871,
    "complex_ipde": 0.0,
    "chains_ptm": {
        "0": 0.8701846599578857
    },
    "pair_chains_iptm": {
        "0": {
            "0": 0.8701846599578857
        }
    }
}