{
    "confidence_score": 0.4254736006259918,
    "ptm": 0.3763899803161621,
    "iptm": 0.0,
    "ligand_iptm": 0.0,
    "protein_iptm": 0.0,
    "complex_plddt": 0.5318419933319092,
    "complex_iplddt": 0.0,
    "complex_pde": 2.2737200260162354,
    "complex_ipde": 0.0,
    "chains_ptm": {
        "0": 0.3763899803161621
    },
    "pair_chains_iptm": {
        "0": {
            "0": 0.3763899803161621
        }
    }
}