{
    "confidence_score": 0.7589486241340637,
    "ptm": 0.9192848801612854,
    "iptm": 0.0,
    "ligand_iptm": 0.0,
    "protein_iptm": 0.0,
    "complex_plddt": 0.9486857652664185,
    "complex_iplddt": 0.0,
    "complex_pde": 0.3289947211742401,
    "complex_ipde": 0.0,
    "chains_ptm": {
        "0": 0.9192848801612854
    },
    "pair_chains_iptm": {
        "0": {
            "0": 0.9192848801612854
        }
    }
}