{
    "confidence_score": 0.6493918299674988,
    "ptm": 0.7455242276191711,
    "iptm": 0.0,
    "ligand_iptm": 0.0,
    "protein_iptm": 0.0,
    "complex_plddt": 0.8117397427558899,
    "complex_iplddt": 0.0,
    "complex_pde": 0.7007021903991699,
    "complex_ipde": 0.0,
    "chains_ptm": {
        "0": 0.7455242276191711
    },
    "pair_chains_iptm": {
        "0": {
            "0": 0.7455242276191711
        }
    }
}