{
    "confidence_score": 0.47415271401405334,
    "ptm": 0.23471151292324066,
    "iptm": 0.0,
    "ligand_iptm": 0.0,
    "protein_iptm": 0.0,
    "complex_plddt": 0.5926908850669861,
    "complex_iplddt": 0.0,
    "complex_pde": 1.5312228202819824,
    "complex_ipde": 0.0,
    "chains_ptm": {
        "0": 0.23471151292324066
    },
    "pair_chains_iptm": {
        "0": {
            "0": 0.23471151292324066
        }
    }
}