{
    "confidence_score": 0.6548072695732117,
    "ptm": 0.8278151750564575,
    "iptm": 0.0,
    "ligand_iptm": 0.0,
    "protein_iptm": 0.0,
    "complex_plddt": 0.818509042263031,
    "complex_iplddt": 0.0,
    "complex_pde": 0.43336498737335205,
    "complex_ipde": 0.0,
    "chains_ptm": {
        "0": 0.8278151750564575
    },
    "pair_chains_iptm": {
        "0": {
            "0": 0.8278151750564575
        }
    }
}