{
    "confidence_score": 0.5902503132820129,
    "ptm": 0.4674294888973236,
    "iptm": 0.0,
    "ligand_iptm": 0.0,
    "protein_iptm": 0.0,
    "complex_plddt": 0.737812876701355,
    "complex_iplddt": 0.0,
    "complex_pde": 1.7764002084732056,
    "complex_ipde": 0.0,
    "chains_ptm": {
        "0": 0.4674294888973236
    },
    "pair_chains_iptm": {
        "0": {
            "0": 0.4674294888973236
        }
    }
}