{
    "confidence_score": 0.6083012223243713,
    "ptm": 0.6943356394767761,
    "iptm": 0.0,
    "ligand_iptm": 0.0,
    "protein_iptm": 0.0,
    "complex_plddt": 0.760376513004303,
    "complex_iplddt": 0.0,
    "complex_pde": 1.1045235395431519,
    "complex_ipde": 0.0,
    "chains_ptm": {
        "0": 0.6943356394767761
    },
    "pair_chains_iptm": {
        "0": {
            "0": 0.6943356394767761
        }
    }
}