{
    "confidence_score": 0.6837354302406311,
    "ptm": 0.7115139961242676,
    "iptm": 0.0,
    "ligand_iptm": 0.0,
    "protein_iptm": 0.0,
    "complex_plddt": 0.8546692728996277,
    "complex_iplddt": 0.0,
    "complex_pde": 0.4864487051963806,
    "complex_ipde": 0.0,
    "chains_ptm": {
        "0": 0.7115139961242676
    },
    "pair_chains_iptm": {
        "0": {
            "0": 0.7115139961242676
        }
    }
}