{
    "confidence_score": 0.5940077304840088,
    "ptm": 0.6868247985839844,
    "iptm": 0.0,
    "ligand_iptm": 0.0,
    "protein_iptm": 0.0,
    "complex_plddt": 0.742509663105011,
    "complex_iplddt": 0.0,
    "complex_pde": 1.1822609901428223,
    "complex_ipde": 0.0,
    "chains_ptm": {
        "0": 0.6868247985839844
    },
    "pair_chains_iptm": {
        "0": {
            "0": 0.6868247985839844
        }
    }
}