{
    "confidence_score": 0.7251129746437073,
    "ptm": 0.9206399917602539,
    "iptm": 0.0,
    "ligand_iptm": 0.0,
    "protein_iptm": 0.0,
    "complex_plddt": 0.9063912034034729,
    "complex_iplddt": 0.0,
    "complex_pde": 0.5614684820175171,
    "complex_ipde": 0.0,
    "chains_ptm": {
        "0": 0.9206399917602539
    },
    "pair_chains_iptm": {
        "0": {
            "0": 0.9206399917602539
        }
    }
}