{
    "confidence_score": 0.6750055551528931,
    "ptm": 0.8394555449485779,
    "iptm": 0.0,
    "ligand_iptm": 0.0,
    "protein_iptm": 0.0,
    "complex_plddt": 0.843756914138794,
    "complex_iplddt": 0.0,
    "complex_pde": 0.6554203033447266,
    "complex_ipde": 0.0,
    "chains_ptm": {
        "0": 0.8394555449485779
    },
    "pair_chains_iptm": {
        "0": {
            "0": 0.8394555449485779
        }
    }
}