{
    "confidence_score": 0.4786653518676758,
    "ptm": 0.2579851746559143,
    "iptm": 0.0,
    "ligand_iptm": 0.0,
    "protein_iptm": 0.0,
    "complex_plddt": 0.5983316898345947,
    "complex_iplddt": 0.0,
    "complex_pde": 3.5545051097869873,
    "complex_ipde": 0.0,
    "chains_ptm": {
        "0": 0.2579851746559143
    },
    "pair_chains_iptm": {
        "0": {
            "0": 0.2579851746559143
        }
    }
}