{
    "confidence_score": 0.7243406176567078,
    "ptm": 0.878401517868042,
    "iptm": 0.0,
    "ligand_iptm": 0.0,
    "protein_iptm": 0.0,
    "complex_plddt": 0.9054257273674011,
    "complex_iplddt": 0.0,
    "complex_pde": 0.4539959132671356,
    "complex_ipde": 0.0,
    "chains_ptm": {
        "0": 0.878401517868042
    },
    "pair_chains_iptm": {
        "0": {
            "0": 0.878401517868042
        }
    }
}