{
    "confidence_score": 0.26968103647232056,
    "ptm": 0.2751285135746002,
    "iptm": 0.0,
    "ligand_iptm": 0.0,
    "protein_iptm": 0.0,
    "complex_plddt": 0.3371012806892395,
    "complex_iplddt": 0.0,
    "complex_pde": 4.083420753479004,
    "complex_ipde": 0.0,
    "chains_ptm": {
        "0": 0.2751285135746002
    },
    "pair_chains_iptm": {
        "0": {
            "0": 0.2751285135746002
        }
    }
}