{
    "confidence_score": 0.6167604327201843,
    "ptm": 0.8775901198387146,
    "iptm": 0.0,
    "ligand_iptm": 0.0,
    "protein_iptm": 0.0,
    "complex_plddt": 0.7709504961967468,
    "complex_iplddt": 0.0,
    "complex_pde": 0.5825914144515991,
    "complex_ipde": 0.0,
    "chains_ptm": {
        "0": 0.8775901198387146
    },
    "pair_chains_iptm": {
        "0": {
            "0": 0.8775901198387146
        }
    }
}