{
    "confidence_score": 0.39899784326553345,
    "ptm": 0.40871351957321167,
    "iptm": 0.0,
    "ligand_iptm": 0.0,
    "protein_iptm": 0.0,
    "complex_plddt": 0.4987472891807556,
    "complex_iplddt": 0.0,
    "complex_pde": 2.4282801151275635,
    "complex_ipde": 0.0,
    "chains_ptm": {
        "0": 0.40871351957321167
    },
    "pair_chains_iptm": {
        "0": {
            "0": 0.40871351957321167
        }
    }
}