{
    "confidence_score": 0.7194048166275024,
    "ptm": 0.9107481837272644,
    "iptm": 0.0,
    "ligand_iptm": 0.0,
    "protein_iptm": 0.0,
    "complex_plddt": 0.8992559909820557,
    "complex_iplddt": 0.0,
    "complex_pde": 0.4936322867870331,
    "complex_ipde": 0.0,
    "chains_ptm": {
        "0": 0.9107481837272644
    },
    "pair_chains_iptm": {
        "0": {
            "0": 0.9107481837272644
        }
    }
}