{
    "confidence_score": 0.6412848830223083,
    "ptm": 0.7001058459281921,
    "iptm": 0.0,
    "ligand_iptm": 0.0,
    "protein_iptm": 0.0,
    "complex_plddt": 0.8016060590744019,
    "complex_iplddt": 0.0,
    "complex_pde": 0.6218162178993225,
    "complex_ipde": 0.0,
    "chains_ptm": {
        "0": 0.7001058459281921
    },
    "pair_chains_iptm": {
        "0": {
            "0": 0.7001058459281921
        }
    }
}