{
    "confidence_score": 0.7261621952056885,
    "ptm": 0.9121202826499939,
    "iptm": 0.0,
    "ligand_iptm": 0.0,
    "protein_iptm": 0.0,
    "complex_plddt": 0.9077027440071106,
    "complex_iplddt": 0.0,
    "complex_pde": 0.408052533864975,
    "complex_ipde": 0.0,
    "chains_ptm": {
        "0": 0.9121202826499939
    },
    "pair_chains_iptm": {
        "0": {
            "0": 0.9121202826499939
        }
    }
}