{
    "confidence_score": 0.7201070785522461,
    "ptm": 0.9100543856620789,
    "iptm": 0.0,
    "ligand_iptm": 0.0,
    "protein_iptm": 0.0,
    "complex_plddt": 0.9001338481903076,
    "complex_iplddt": 0.0,
    "complex_pde": 0.46239173412323,
    "complex_ipde": 0.0,
    "chains_ptm": {
        "0": 0.9100543856620789
    },
    "pair_chains_iptm": {
        "0": {
            "0": 0.9100543856620789
        }
    }
}