{
    "confidence_score": 0.6823858022689819,
    "ptm": 0.6872673630714417,
    "iptm": 0.0,
    "ligand_iptm": 0.0,
    "protein_iptm": 0.0,
    "complex_plddt": 0.852982223033905,
    "complex_iplddt": 0.0,
    "complex_pde": 0.5426838994026184,
    "complex_ipde": 0.0,
    "chains_ptm": {
        "0": 0.6872673630714417
    },
    "pair_chains_iptm": {
        "0": {
            "0": 0.6872673630714417
        }
    }
}