{
    "confidence_score": 0.6728376150131226,
    "ptm": 0.7341710329055786,
    "iptm": 0.0,
    "ligand_iptm": 0.0,
    "protein_iptm": 0.0,
    "complex_plddt": 0.8410469889640808,
    "complex_iplddt": 0.0,
    "complex_pde": 0.691452145576477,
    "complex_ipde": 0.0,
    "chains_ptm": {
        "0": 0.7341710329055786
    },
    "pair_chains_iptm": {
        "0": {
            "0": 0.7341710329055786
        }
    }
}