{
    "confidence_score": 0.7045153975486755,
    "ptm": 0.7482061386108398,
    "iptm": 0.0,
    "ligand_iptm": 0.0,
    "protein_iptm": 0.0,
    "complex_plddt": 0.8806442022323608,
    "complex_iplddt": 0.0,
    "complex_pde": 0.4767232835292816,
    "complex_ipde": 0.0,
    "chains_ptm": {
        "0": 0.7482061386108398
    },
    "pair_chains_iptm": {
        "0": {
            "0": 0.7482061386108398
        }
    }
}