{
    "confidence_score": 0.6522833704948425,
    "ptm": 0.750899612903595,
    "iptm": 0.0,
    "ligand_iptm": 0.0,
    "protein_iptm": 0.0,
    "complex_plddt": 0.8153542280197144,
    "complex_iplddt": 0.0,
    "complex_pde": 0.8265329599380493,
    "complex_ipde": 0.0,
    "chains_ptm": {
        "0": 0.750899612903595
    },
    "pair_chains_iptm": {
        "0": {
            "0": 0.750899612903595
        }
    }
}