{
    "confidence_score": 0.6432965397834778,
    "ptm": 0.8635493516921997,
    "iptm": 0.0,
    "ligand_iptm": 0.0,
    "protein_iptm": 0.0,
    "complex_plddt": 0.804120659828186,
    "complex_iplddt": 0.0,
    "complex_pde": 0.7345060706138611,
    "complex_ipde": 0.0,
    "chains_ptm": {
        "0": 0.8635493516921997
    },
    "pair_chains_iptm": {
        "0": {
            "0": 0.8635493516921997
        }
    }
}