{
    "confidence_score": 0.4301808774471283,
    "ptm": 0.25466400384902954,
    "iptm": 0.0,
    "ligand_iptm": 0.0,
    "protein_iptm": 0.0,
    "complex_plddt": 0.537726104259491,
    "complex_iplddt": 0.0,
    "complex_pde": 4.236614227294922,
    "complex_ipde": 0.0,
    "chains_ptm": {
        "0": 0.25466400384902954
    },
    "pair_chains_iptm": {
        "0": {
            "0": 0.25466400384902954
        }
    }
}