{
    "confidence_score": 0.4563747048377991,
    "ptm": 0.26909366250038147,
    "iptm": 0.0,
    "ligand_iptm": 0.0,
    "protein_iptm": 0.0,
    "complex_plddt": 0.5704683661460876,
    "complex_iplddt": 0.0,
    "complex_pde": 1.9433668851852417,
    "complex_ipde": 0.0,
    "chains_ptm": {
        "0": 0.26909366250038147
    },
    "pair_chains_iptm": {
        "0": {
            "0": 0.26909366250038147
        }
    }
}