{
    "confidence_score": 0.6634554266929626,
    "ptm": 0.810666024684906,
    "iptm": 0.0,
    "ligand_iptm": 0.0,
    "protein_iptm": 0.0,
    "complex_plddt": 0.8293192386627197,
    "complex_iplddt": 0.0,
    "complex_pde": 0.5409612655639648,
    "complex_ipde": 0.0,
    "chains_ptm": {
        "0": 0.810666024684906
    },
    "pair_chains_iptm": {
        "0": {
            "0": 0.810666024684906
        }
    }
}