{
    "confidence_score": 0.385824590921402,
    "ptm": 0.2755942940711975,
    "iptm": 0.0,
    "ligand_iptm": 0.0,
    "protein_iptm": 0.0,
    "complex_plddt": 0.4822807312011719,
    "complex_iplddt": 0.0,
    "complex_pde": 2.6590781211853027,
    "complex_ipde": 0.0,
    "chains_ptm": {
        "0": 0.2755942940711975
    },
    "pair_chains_iptm": {
        "0": {
            "0": 0.2755942940711975
        }
    }
}