{
    "confidence_score": 0.6280494332313538,
    "ptm": 0.6113429069519043,
    "iptm": 0.0,
    "ligand_iptm": 0.0,
    "protein_iptm": 0.0,
    "complex_plddt": 0.785061776638031,
    "complex_iplddt": 0.0,
    "complex_pde": 1.6461772918701172,
    "complex_ipde": 0.0,
    "chains_ptm": {
        "0": 0.6113429069519043
    },
    "pair_chains_iptm": {
        "0": {
            "0": 0.6113429069519043
        }
    }
}