{
    "confidence_score": 0.7548781037330627,
    "ptm": 0.9537591934204102,
    "iptm": 0.0,
    "ligand_iptm": 0.0,
    "protein_iptm": 0.0,
    "complex_plddt": 0.9435976147651672,
    "complex_iplddt": 0.0,
    "complex_pde": 0.3576890826225281,
    "complex_ipde": 0.0,
    "chains_ptm": {
        "0": 0.9537591934204102
    },
    "pair_chains_iptm": {
        "0": {
            "0": 0.9537591934204102
        }
    }
}