{
    "confidence_score": 0.7517150044441223,
    "ptm": 0.9225172400474548,
    "iptm": 0.0,
    "ligand_iptm": 0.0,
    "protein_iptm": 0.0,
    "complex_plddt": 0.9396437406539917,
    "complex_iplddt": 0.0,
    "complex_pde": 0.4846566915512085,
    "complex_ipde": 0.0,
    "chains_ptm": {
        "0": 0.9225172400474548
    },
    "pair_chains_iptm": {
        "0": {
            "0": 0.9225172400474548
        }
    }
}