{
    "confidence_score": 0.5827801823616028,
    "ptm": 0.24346041679382324,
    "iptm": 0.0,
    "ligand_iptm": 0.0,
    "protein_iptm": 0.0,
    "complex_plddt": 0.7284752130508423,
    "complex_iplddt": 0.0,
    "complex_pde": 2.255115270614624,
    "complex_ipde": 0.0,
    "chains_ptm": {
        "0": 0.24346041679382324
    },
    "pair_chains_iptm": {
        "0": {
            "0": 0.24346041679382324
        }
    }
}