{
    "confidence_score": 0.6877783536911011,
    "ptm": 0.8572826385498047,
    "iptm": 0.0,
    "ligand_iptm": 0.0,
    "protein_iptm": 0.0,
    "complex_plddt": 0.859722912311554,
    "complex_iplddt": 0.0,
    "complex_pde": 0.5378149151802063,
    "complex_ipde": 0.0,
    "chains_ptm": {
        "0": 0.8572826385498047
    },
    "pair_chains_iptm": {
        "0": {
            "0": 0.8572826385498047
        }
    }
}