{
    "confidence_score": 0.6484419703483582,
    "ptm": 0.6118029356002808,
    "iptm": 0.0,
    "ligand_iptm": 0.0,
    "protein_iptm": 0.0,
    "complex_plddt": 0.8105524778366089,
    "complex_iplddt": 0.0,
    "complex_pde": 0.7163899540901184,
    "complex_ipde": 0.0,
    "chains_ptm": {
        "0": 0.6118029356002808
    },
    "pair_chains_iptm": {
        "0": {
            "0": 0.6118029356002808
        }
    }
}