{
    "plddts": {
        "model_1_pred_0": 89.91622783793738,
        "model_2_pred_0": 89.81342522831777,
        "model_3_pred_0": 87.88193328744208,
        "model_4_pred_0": 88.57438733904311,
        "model_5_pred_0": 86.87542923405827
    },
    "order": [
        "model_1_pred_0",
        "model_2_pred_0",
        "model_4_pred_0",
        "model_3_pred_0",
        "model_5_pred_0"
    ]
}