{
    "features": 3874.0744354724884,
    "process_features_model_1_pred_0": 11.459861755371094,
    "predict_and_compile_model_1_pred_0": 382.75114917755127,
    "process_features_model_2_pred_0": 11.461023330688477,
    "predict_and_compile_model_2_pred_0": 354.7762050628662,
    "process_features_model_3_pred_0": 13.697817087173462,
    "predict_and_compile_model_3_pred_0": 326.040079832077,
    "process_features_model_4_pred_0": 13.304642677307129,
    "predict_and_compile_model_4_pred_0": 324.83654165267944,
    "process_features_model_5_pred_0": 12.366649627685547,
    "predict_and_compile_model_5_pred_0": 299.43859338760376,
    "relax_model_1_pred_0": 95.5365834236145
}