{
    "confidence_score": 0.6536030173301697,
    "ptm": 0.7165454030036926,
    "iptm": 0.0,
    "ligand_iptm": 0.0,
    "protein_iptm": 0.0,
    "complex_plddt": 0.8170037865638733,
    "complex_iplddt": 0.0,
    "complex_pde": 0.8477550148963928,
    "complex_ipde": 0.0,
    "chains_ptm": {
        "0": 0.7165454030036926
    },
    "pair_chains_iptm": {
        "0": {
            "0": 0.7165454030036926
        }
    }
}