{
    "confidence_score": 0.547044575214386,
    "ptm": 0.570332407951355,
    "iptm": 0.0,
    "ligand_iptm": 0.0,
    "protein_iptm": 0.0,
    "complex_plddt": 0.6838057041168213,
    "complex_iplddt": 0.0,
    "complex_pde": 1.207585334777832,
    "complex_ipde": 0.0,
    "chains_ptm": {
        "0": 0.570332407951355
    },
    "pair_chains_iptm": {
        "0": {
            "0": 0.570332407951355
        }
    }
}