{
    "confidence_score": 0.5129324793815613,
    "ptm": 0.34085068106651306,
    "iptm": 0.0,
    "ligand_iptm": 0.0,
    "protein_iptm": 0.0,
    "complex_plddt": 0.641165554523468,
    "complex_iplddt": 0.0,
    "complex_pde": 2.792686939239502,
    "complex_ipde": 0.0,
    "chains_ptm": {
        "0": 0.34085068106651306
    },
    "pair_chains_iptm": {
        "0": {
            "0": 0.34085068106651306
        }
    }
}