{
    "confidence_score": 0.584427535533905,
    "ptm": 0.5220656394958496,
    "iptm": 0.0,
    "ligand_iptm": 0.0,
    "protein_iptm": 0.0,
    "complex_plddt": 0.7305344343185425,
    "complex_iplddt": 0.0,
    "complex_pde": 0.9366875886917114,
    "complex_ipde": 0.0,
    "chains_ptm": {
        "0": 0.5220656394958496
    },
    "pair_chains_iptm": {
        "0": {
            "0": 0.5220656394958496
        }
    }
}