{
    "confidence_score": 0.5981395244598389,
    "ptm": 0.7135605812072754,
    "iptm": 0.0,
    "ligand_iptm": 0.0,
    "protein_iptm": 0.0,
    "complex_plddt": 0.7476744055747986,
    "complex_iplddt": 0.0,
    "complex_pde": 0.7499567270278931,
    "complex_ipde": 0.0,
    "chains_ptm": {
        "0": 0.7135605812072754
    },
    "pair_chains_iptm": {
        "0": {
            "0": 0.7135605812072754
        }
    }
}