{
    "confidence_score": 0.6443383097648621,
    "ptm": 0.8032302856445312,
    "iptm": 0.0,
    "ligand_iptm": 0.0,
    "protein_iptm": 0.0,
    "complex_plddt": 0.805422842502594,
    "complex_iplddt": 0.0,
    "complex_pde": 0.7475254535675049,
    "complex_ipde": 0.0,
    "chains_ptm": {
        "0": 0.8032302856445312
    },
    "pair_chains_iptm": {
        "0": {
            "0": 0.8032302856445312
        }
    }
}