{
    "confidence_score": 0.7252259254455566,
    "ptm": 0.7540349960327148,
    "iptm": 0.0,
    "ligand_iptm": 0.0,
    "protein_iptm": 0.0,
    "complex_plddt": 0.9065324068069458,
    "complex_iplddt": 0.0,
    "complex_pde": 0.432206928730011,
    "complex_ipde": 0.0,
    "chains_ptm": {
        "0": 0.7540349960327148
    },
    "pair_chains_iptm": {
        "0": {
            "0": 0.7540349960327148
        }
    }
}