{
    "confidence_score": 0.643485963344574,
    "ptm": 0.7876161336898804,
    "iptm": 0.0,
    "ligand_iptm": 0.0,
    "protein_iptm": 0.0,
    "complex_plddt": 0.8043574690818787,
    "complex_iplddt": 0.0,
    "complex_pde": 0.5976911783218384,
    "complex_ipde": 0.0,
    "chains_ptm": {
        "0": 0.7876161336898804
    },
    "pair_chains_iptm": {
        "0": {
            "0": 0.7876161336898804
        }
    }
}