{
    "confidence_score": 0.7475120425224304,
    "ptm": 0.9462217092514038,
    "iptm": 0.0,
    "ligand_iptm": 0.0,
    "protein_iptm": 0.0,
    "complex_plddt": 0.9343900680541992,
    "complex_iplddt": 0.0,
    "complex_pde": 0.3580714464187622,
    "complex_ipde": 0.0,
    "chains_ptm": {
        "0": 0.9462217092514038
    },
    "pair_chains_iptm": {
        "0": {
            "0": 0.9462217092514038
        }
    }
}