{
    "confidence_score": 0.6401376724243164,
    "ptm": 0.427541583776474,
    "iptm": 0.0,
    "ligand_iptm": 0.0,
    "protein_iptm": 0.0,
    "complex_plddt": 0.8001720905303955,
    "complex_iplddt": 0.0,
    "complex_pde": 1.7286680936813354,
    "complex_ipde": 0.0,
    "chains_ptm": {
        "0": 0.427541583776474
    },
    "pair_chains_iptm": {
        "0": {
            "0": 0.427541583776474
        }
    }
}