{
    "confidence_score": 0.6629571318626404,
    "ptm": 0.7478429675102234,
    "iptm": 0.0,
    "ligand_iptm": 0.0,
    "protein_iptm": 0.0,
    "complex_plddt": 0.8286963701248169,
    "complex_iplddt": 0.0,
    "complex_pde": 0.7514235377311707,
    "complex_ipde": 0.0,
    "chains_ptm": {
        "0": 0.7478429675102234
    },
    "pair_chains_iptm": {
        "0": {
            "0": 0.7478429675102234
        }
    }
}