{
    "confidence_score": 0.7124796509742737,
    "ptm": 0.9058372378349304,
    "iptm": 0.0,
    "ligand_iptm": 0.0,
    "protein_iptm": 0.0,
    "complex_plddt": 0.8905995488166809,
    "complex_iplddt": 0.0,
    "complex_pde": 0.52685546875,
    "complex_ipde": 0.0,
    "chains_ptm": {
        "0": 0.9058372378349304
    },
    "pair_chains_iptm": {
        "0": {
            "0": 0.9058372378349304
        }
    }
}