{
    "confidence_score": 0.545745313167572,
    "ptm": 0.6081823110580444,
    "iptm": 0.0,
    "ligand_iptm": 0.0,
    "protein_iptm": 0.0,
    "complex_plddt": 0.6821816563606262,
    "complex_iplddt": 0.0,
    "complex_pde": 1.666792392730713,
    "complex_ipde": 0.0,
    "chains_ptm": {
        "0": 0.6081823110580444
    },
    "pair_chains_iptm": {
        "0": {
            "0": 0.6081823110580444
        }
    }
}