{
    "confidence_score": 0.6896675229072571,
    "ptm": 0.9374784231185913,
    "iptm": 0.0,
    "ligand_iptm": 0.0,
    "protein_iptm": 0.0,
    "complex_plddt": 0.8620843887329102,
    "complex_iplddt": 0.0,
    "complex_pde": 0.37908026576042175,
    "complex_ipde": 0.0,
    "chains_ptm": {
        "0": 0.9374784231185913
    },
    "pair_chains_iptm": {
        "0": {
            "0": 0.9374784231185913
        }
    }
}