{
    "confidence_score": 0.6761001944541931,
    "ptm": 0.689653754234314,
    "iptm": 0.0,
    "ligand_iptm": 0.0,
    "protein_iptm": 0.0,
    "complex_plddt": 0.8451251983642578,
    "complex_iplddt": 0.0,
    "complex_pde": 0.5724304914474487,
    "complex_ipde": 0.0,
    "chains_ptm": {
        "0": 0.689653754234314
    },
    "pair_chains_iptm": {
        "0": {
            "0": 0.689653754234314
        }
    }
}