{
    "confidence_score": 0.5501581430435181,
    "ptm": 0.3734176754951477,
    "iptm": 0.0,
    "ligand_iptm": 0.0,
    "protein_iptm": 0.0,
    "complex_plddt": 0.6876976490020752,
    "complex_iplddt": 0.0,
    "complex_pde": 1.853977918624878,
    "complex_ipde": 0.0,
    "chains_ptm": {
        "0": 0.3734176754951477
    },
    "pair_chains_iptm": {
        "0": {
            "0": 0.3734176754951477
        }
    }
}