{
    "confidence_score": 0.4731338918209076,
    "ptm": 0.27635836601257324,
    "iptm": 0.0,
    "ligand_iptm": 0.0,
    "protein_iptm": 0.0,
    "complex_plddt": 0.5914173722267151,
    "complex_iplddt": 0.0,
    "complex_pde": 1.362135887145996,
    "complex_ipde": 0.0,
    "chains_ptm": {
        "0": 0.27635836601257324
    },
    "pair_chains_iptm": {
        "0": {
            "0": 0.27635836601257324
        }
    }
}