{
    "confidence_score": 0.34900185465812683,
    "ptm": 0.23897747695446014,
    "iptm": 0.0,
    "ligand_iptm": 0.0,
    "protein_iptm": 0.0,
    "complex_plddt": 0.43625229597091675,
    "complex_iplddt": 0.0,
    "complex_pde": 3.33510684967041,
    "complex_ipde": 0.0,
    "chains_ptm": {
        "0": 0.23897747695446014
    },
    "pair_chains_iptm": {
        "0": {
            "0": 0.23897747695446014
        }
    }
}