{
    "confidence_score": 0.7007661461830139,
    "ptm": 0.9061234593391418,
    "iptm": 0.0,
    "ligand_iptm": 0.0,
    "protein_iptm": 0.0,
    "complex_plddt": 0.8759576678276062,
    "complex_iplddt": 0.0,
    "complex_pde": 0.3574947714805603,
    "complex_ipde": 0.0,
    "chains_ptm": {
        "0": 0.9061234593391418
    },
    "pair_chains_iptm": {
        "0": {
            "0": 0.9061234593391418
        }
    }
}