{
    "plddts": {
        "model_1_pred_0": 80.84164969786183,
        "model_2_pred_0": 79.62738814935116,
        "model_3_pred_0": 82.91555435709277,
        "model_4_pred_0": 81.11362200818394,
        "model_5_pred_0": 81.36848981948829
    },
    "order": [
        "model_3_pred_0",
        "model_5_pred_0",
        "model_4_pred_0",
        "model_1_pred_0",
        "model_2_pred_0"
    ]
}