{
    "features": 4077.216757774353,
    "process_features_model_1_pred_0": 9.44771957397461,
    "predict_and_compile_model_1_pred_0": 332.4189307689667,
    "process_features_model_2_pred_0": 10.300652980804443,
    "predict_and_compile_model_2_pred_0": 310.1020917892456,
    "process_features_model_3_pred_0": 9.56244421005249,
    "predict_and_compile_model_3_pred_0": 270.9164819717407,
    "process_features_model_4_pred_0": 9.141796588897705,
    "predict_and_compile_model_4_pred_0": 267.03083324432373,
    "process_features_model_5_pred_0": 9.193499326705933,
    "predict_and_compile_model_5_pred_0": 248.4598729610443,
    "relax_model_3_pred_0": 57.940277099609375
}