{
    "confidence_score": 0.5476611256599426,
    "ptm": 0.5857959389686584,
    "iptm": 0.0,
    "ligand_iptm": 0.0,
    "protein_iptm": 0.0,
    "complex_plddt": 0.6845763921737671,
    "complex_iplddt": 0.0,
    "complex_pde": 0.906880259513855,
    "complex_ipde": 0.0,
    "chains_ptm": {
        "0": 0.5857959389686584
    },
    "pair_chains_iptm": {
        "0": {
            "0": 0.5857959389686584
        }
    }
}