{
    "confidence_score": 0.7215346693992615,
    "ptm": 0.8862161636352539,
    "iptm": 0.0,
    "ligand_iptm": 0.0,
    "protein_iptm": 0.0,
    "complex_plddt": 0.901918351650238,
    "complex_iplddt": 0.0,
    "complex_pde": 0.39401939511299133,
    "complex_ipde": 0.0,
    "chains_ptm": {
        "0": 0.8862161636352539
    },
    "pair_chains_iptm": {
        "0": {
            "0": 0.8862161636352539
        }
    }
}