{
    "confidence_score": 0.6381122469902039,
    "ptm": 0.7648890614509583,
    "iptm": 0.0,
    "ligand_iptm": 0.0,
    "protein_iptm": 0.0,
    "complex_plddt": 0.7976402640342712,
    "complex_iplddt": 0.0,
    "complex_pde": 0.6586307287216187,
    "complex_ipde": 0.0,
    "chains_ptm": {
        "0": 0.7648890614509583
    },
    "pair_chains_iptm": {
        "0": {
            "0": 0.7648890614509583
        }
    }
}