{
    "confidence_score": 0.46475401520729065,
    "ptm": 0.27364933490753174,
    "iptm": 0.0,
    "ligand_iptm": 0.0,
    "protein_iptm": 0.0,
    "complex_plddt": 0.5809425115585327,
    "complex_iplddt": 0.0,
    "complex_pde": 2.1993463039398193,
    "complex_ipde": 0.0,
    "chains_ptm": {
        "0": 0.27364933490753174
    },
    "pair_chains_iptm": {
        "0": {
            "0": 0.27364933490753174
        }
    }
}