{
    "confidence_score": 0.7357862591743469,
    "ptm": 0.9133155345916748,
    "iptm": 0.0,
    "ligand_iptm": 0.0,
    "protein_iptm": 0.0,
    "complex_plddt": 0.9197328090667725,
    "complex_iplddt": 0.0,
    "complex_pde": 0.41130438446998596,
    "complex_ipde": 0.0,
    "chains_ptm": {
        "0": 0.9133155345916748
    },
    "pair_chains_iptm": {
        "0": {
            "0": 0.9133155345916748
        }
    }
}