{
    "confidence_score": 0.4097072184085846,
    "ptm": 0.30704164505004883,
    "iptm": 0.0,
    "ligand_iptm": 0.0,
    "protein_iptm": 0.0,
    "complex_plddt": 0.5121340155601501,
    "complex_iplddt": 0.0,
    "complex_pde": 2.58477520942688,
    "complex_ipde": 0.0,
    "chains_ptm": {
        "0": 0.30704164505004883
    },
    "pair_chains_iptm": {
        "0": {
            "0": 0.30704164505004883
        }
    }
}