{
    "plddts": {
        "model_1_pred_0": 90.37582975118846,
        "model_2_pred_0": 90.09825987631987,
        "model_3_pred_0": 90.15780892322685,
        "model_4_pred_0": 90.56518784084768,
        "model_5_pred_0": 91.01451287567062
    },
    "order": [
        "model_5_pred_0",
        "model_4_pred_0",
        "model_1_pred_0",
        "model_3_pred_0",
        "model_2_pred_0"
    ]
}