{
    "confidence_score": 0.599617600440979,
    "ptm": 0.4933033287525177,
    "iptm": 0.0,
    "ligand_iptm": 0.0,
    "protein_iptm": 0.0,
    "complex_plddt": 0.7495219707489014,
    "complex_iplddt": 0.0,
    "complex_pde": 1.5505808591842651,
    "complex_ipde": 0.0,
    "chains_ptm": {
        "0": 0.4933033287525177
    },
    "pair_chains_iptm": {
        "0": {
            "0": 0.4933033287525177
        }
    }
}