{
    "confidence_score": 0.7654260993003845,
    "ptm": 0.9574472308158875,
    "iptm": 0.0,
    "ligand_iptm": 0.0,
    "protein_iptm": 0.0,
    "complex_plddt": 0.9567826390266418,
    "complex_iplddt": 0.0,
    "complex_pde": 0.322810560464859,
    "complex_ipde": 0.0,
    "chains_ptm": {
        "0": 0.9574472308158875
    },
    "pair_chains_iptm": {
        "0": {
            "0": 0.9574472308158875
        }
    }
}