{
    "confidence_score": 0.3383384644985199,
    "ptm": 0.4482076168060303,
    "iptm": 0.0,
    "ligand_iptm": 0.0,
    "protein_iptm": 0.0,
    "complex_plddt": 0.4229230582714081,
    "complex_iplddt": 0.0,
    "complex_pde": 3.2784652709960938,
    "complex_ipde": 0.0,
    "chains_ptm": {
        "0": 0.4482076168060303
    },
    "pair_chains_iptm": {
        "0": {
            "0": 0.4482076168060303
        }
    }
}