{
    "confidence_score": 0.7161799669265747,
    "ptm": 0.932377278804779,
    "iptm": 0.0,
    "ligand_iptm": 0.0,
    "protein_iptm": 0.0,
    "complex_plddt": 0.895224928855896,
    "complex_iplddt": 0.0,
    "complex_pde": 0.4113894999027252,
    "complex_ipde": 0.0,
    "chains_ptm": {
        "0": 0.932377278804779
    },
    "pair_chains_iptm": {
        "0": {
            "0": 0.932377278804779
        }
    }
}