{
    "confidence_score": 0.5598284602165222,
    "ptm": 0.43104979395866394,
    "iptm": 0.0,
    "ligand_iptm": 0.0,
    "protein_iptm": 0.0,
    "complex_plddt": 0.6997855305671692,
    "complex_iplddt": 0.0,
    "complex_pde": 1.7155207395553589,
    "complex_ipde": 0.0,
    "chains_ptm": {
        "0": 0.43104979395866394
    },
    "pair_chains_iptm": {
        "0": {
            "0": 0.43104979395866394
        }
    }
}