{
    "confidence_score": 0.589606523513794,
    "ptm": 0.7823707461357117,
    "iptm": 0.0,
    "ligand_iptm": 0.0,
    "protein_iptm": 0.0,
    "complex_plddt": 0.7370081543922424,
    "complex_iplddt": 0.0,
    "complex_pde": 1.0412266254425049,
    "complex_ipde": 0.0,
    "chains_ptm": {
        "0": 0.7823707461357117
    },
    "pair_chains_iptm": {
        "0": {
            "0": 0.7823707461357117
        }
    }
}