{
    "confidence_score": 0.7020621299743652,
    "ptm": 0.907528281211853,
    "iptm": 0.0,
    "ligand_iptm": 0.0,
    "protein_iptm": 0.0,
    "complex_plddt": 0.8775776624679565,
    "complex_iplddt": 0.0,
    "complex_pde": 0.4748058021068573,
    "complex_ipde": 0.0,
    "chains_ptm": {
        "0": 0.907528281211853
    },
    "pair_chains_iptm": {
        "0": {
            "0": 0.907528281211853
        }
    }
}