{
    "confidence_score": 0.7432258725166321,
    "ptm": 0.9317228198051453,
    "iptm": 0.0,
    "ligand_iptm": 0.0,
    "protein_iptm": 0.0,
    "complex_plddt": 0.9290323257446289,
    "complex_iplddt": 0.0,
    "complex_pde": 0.3741236925125122,
    "complex_ipde": 0.0,
    "chains_ptm": {
        "0": 0.9317228198051453
    },
    "pair_chains_iptm": {
        "0": {
            "0": 0.9317228198051453
        }
    }
}