{
    "confidence_score": 0.6059260964393616,
    "ptm": 0.8624945282936096,
    "iptm": 0.0,
    "ligand_iptm": 0.0,
    "protein_iptm": 0.0,
    "complex_plddt": 0.7574076056480408,
    "complex_iplddt": 0.0,
    "complex_pde": 0.5473421216011047,
    "complex_ipde": 0.0,
    "chains_ptm": {
        "0": 0.8624945282936096
    },
    "pair_chains_iptm": {
        "0": {
            "0": 0.8624945282936096
        }
    }
}