{
    "confidence_score": 0.49738675355911255,
    "ptm": 0.34376949071884155,
    "iptm": 0.0,
    "ligand_iptm": 0.0,
    "protein_iptm": 0.0,
    "complex_plddt": 0.6217334270477295,
    "complex_iplddt": 0.0,
    "complex_pde": 1.9716883897781372,
    "complex_ipde": 0.0,
    "chains_ptm": {
        "0": 0.34376949071884155
    },
    "pair_chains_iptm": {
        "0": {
            "0": 0.34376949071884155
        }
    }
}