{
    "confidence_score": 0.656043291091919,
    "ptm": 0.7470795512199402,
    "iptm": 0.0,
    "ligand_iptm": 0.0,
    "protein_iptm": 0.0,
    "complex_plddt": 0.8200541138648987,
    "complex_iplddt": 0.0,
    "complex_pde": 0.6666174530982971,
    "complex_ipde": 0.0,
    "chains_ptm": {
        "0": 0.7470795512199402
    },
    "pair_chains_iptm": {
        "0": {
            "0": 0.7470795512199402
        }
    }
}