{
    "confidence_score": 0.7377032041549683,
    "ptm": 0.9514593482017517,
    "iptm": 0.0,
    "ligand_iptm": 0.0,
    "protein_iptm": 0.0,
    "complex_plddt": 0.9221289753913879,
    "complex_iplddt": 0.0,
    "complex_pde": 0.3458471894264221,
    "complex_ipde": 0.0,
    "chains_ptm": {
        "0": 0.9514593482017517
    },
    "pair_chains_iptm": {
        "0": {
            "0": 0.9514593482017517
        }
    }
}