{
    "confidence_score": 0.7102789282798767,
    "ptm": 0.7045382857322693,
    "iptm": 0.0,
    "ligand_iptm": 0.0,
    "protein_iptm": 0.0,
    "complex_plddt": 0.8878486156463623,
    "complex_iplddt": 0.0,
    "complex_pde": 0.4126061201095581,
    "complex_ipde": 0.0,
    "chains_ptm": {
        "0": 0.7045382857322693
    },
    "pair_chains_iptm": {
        "0": {
            "0": 0.7045382857322693
        }
    }
}