{
    "confidence_score": 0.4077235162258148,
    "ptm": 0.3323502242565155,
    "iptm": 0.0,
    "ligand_iptm": 0.0,
    "protein_iptm": 0.0,
    "complex_plddt": 0.5096544027328491,
    "complex_iplddt": 0.0,
    "complex_pde": 2.8223817348480225,
    "complex_ipde": 0.0,
    "chains_ptm": {
        "0": 0.3323502242565155
    },
    "pair_chains_iptm": {
        "0": {
            "0": 0.3323502242565155
        }
    }
}