{
    "confidence_score": 0.684771716594696,
    "ptm": 0.789279043674469,
    "iptm": 0.0,
    "ligand_iptm": 0.0,
    "protein_iptm": 0.0,
    "complex_plddt": 0.8559646606445312,
    "complex_iplddt": 0.0,
    "complex_pde": 0.6504856944084167,
    "complex_ipde": 0.0,
    "chains_ptm": {
        "0": 0.789279043674469
    },
    "pair_chains_iptm": {
        "0": {
            "0": 0.789279043674469
        }
    }
}