{
    "confidence_score": 0.6005231738090515,
    "ptm": 0.8212006092071533,
    "iptm": 0.0,
    "ligand_iptm": 0.0,
    "protein_iptm": 0.0,
    "complex_plddt": 0.7506539225578308,
    "complex_iplddt": 0.0,
    "complex_pde": 0.8133907318115234,
    "complex_ipde": 0.0,
    "chains_ptm": {
        "0": 0.8212006092071533
    },
    "pair_chains_iptm": {
        "0": {
            "0": 0.8212006092071533
        }
    }
}