{
    "confidence_score": 0.639179527759552,
    "ptm": 0.843608021736145,
    "iptm": 0.0,
    "ligand_iptm": 0.0,
    "protein_iptm": 0.0,
    "complex_plddt": 0.7989743947982788,
    "complex_iplddt": 0.0,
    "complex_pde": 0.6626850366592407,
    "complex_ipde": 0.0,
    "chains_ptm": {
        "0": 0.843608021736145
    },
    "pair_chains_iptm": {
        "0": {
            "0": 0.843608021736145
        }
    }
}