{
    "confidence_score": 0.6335539221763611,
    "ptm": 0.8134704232215881,
    "iptm": 0.0,
    "ligand_iptm": 0.0,
    "protein_iptm": 0.0,
    "complex_plddt": 0.7919423580169678,
    "complex_iplddt": 0.0,
    "complex_pde": 1.3971911668777466,
    "complex_ipde": 0.0,
    "chains_ptm": {
        "0": 0.8134704232215881
    },
    "pair_chains_iptm": {
        "0": {
            "0": 0.8134704232215881
        }
    }
}