{
    "confidence_score": 0.5430964827537537,
    "ptm": 0.5061830878257751,
    "iptm": 0.0,
    "ligand_iptm": 0.0,
    "protein_iptm": 0.0,
    "complex_plddt": 0.6788706183433533,
    "complex_iplddt": 0.0,
    "complex_pde": 1.7388752698898315,
    "complex_ipde": 0.0,
    "chains_ptm": {
        "0": 0.5061830878257751
    },
    "pair_chains_iptm": {
        "0": {
            "0": 0.5061830878257751
        }
    }
}