{
    "confidence_score": 0.4967653453350067,
    "ptm": 0.44806307554244995,
    "iptm": 0.0,
    "ligand_iptm": 0.0,
    "protein_iptm": 0.0,
    "complex_plddt": 0.6209566593170166,
    "complex_iplddt": 0.0,
    "complex_pde": 1.655547022819519,
    "complex_ipde": 0.0,
    "chains_ptm": {
        "0": 0.44806307554244995
    },
    "pair_chains_iptm": {
        "0": {
            "0": 0.44806307554244995
        }
    }
}