{
    "confidence_score": 0.7493171095848083,
    "ptm": 0.9301314949989319,
    "iptm": 0.0,
    "ligand_iptm": 0.0,
    "protein_iptm": 0.0,
    "complex_plddt": 0.9366464018821716,
    "complex_iplddt": 0.0,
    "complex_pde": 0.37362247705459595,
    "complex_ipde": 0.0,
    "chains_ptm": {
        "0": 0.9301314949989319
    },
    "pair_chains_iptm": {
        "0": {
            "0": 0.9301314949989319
        }
    }
}