{
    "confidence_score": 0.6715217232704163,
    "ptm": 0.7201883792877197,
    "iptm": 0.0,
    "ligand_iptm": 0.0,
    "protein_iptm": 0.0,
    "complex_plddt": 0.8394021391868591,
    "complex_iplddt": 0.0,
    "complex_pde": 1.1284960508346558,
    "complex_ipde": 0.0,
    "chains_ptm": {
        "0": 0.7201883792877197
    },
    "pair_chains_iptm": {
        "0": {
            "0": 0.7201883792877197
        }
    }
}