{
    "confidence_score": 0.7523179650306702,
    "ptm": 0.9610816240310669,
    "iptm": 0.0,
    "ligand_iptm": 0.0,
    "protein_iptm": 0.0,
    "complex_plddt": 0.9403974413871765,
    "complex_iplddt": 0.0,
    "complex_pde": 0.3133957087993622,
    "complex_ipde": 0.0,
    "chains_ptm": {
        "0": 0.9610816240310669
    },
    "pair_chains_iptm": {
        "0": {
            "0": 0.9610816240310669
        }
    }
}