{
    "confidence_score": 0.7282093167304993,
    "ptm": 0.9285853505134583,
    "iptm": 0.0,
    "ligand_iptm": 0.0,
    "protein_iptm": 0.0,
    "complex_plddt": 0.9102616310119629,
    "complex_iplddt": 0.0,
    "complex_pde": 0.4823881685733795,
    "complex_ipde": 0.0,
    "chains_ptm": {
        "0": 0.9285853505134583
    },
    "pair_chains_iptm": {
        "0": {
            "0": 0.9285853505134583
        }
    }
}