{
    "confidence_score": 0.753746509552002,
    "ptm": 0.8660988807678223,
    "iptm": 0.0,
    "ligand_iptm": 0.0,
    "protein_iptm": 0.0,
    "complex_plddt": 0.9421831369400024,
    "complex_iplddt": 0.0,
    "complex_pde": 0.31871283054351807,
    "complex_ipde": 0.0,
    "chains_ptm": {
        "0": 0.8660988807678223
    },
    "pair_chains_iptm": {
        "0": {
            "0": 0.8660988807678223
        }
    }
}