{
    "confidence_score": 0.5257616639137268,
    "ptm": 0.3778969347476959,
    "iptm": 0.0,
    "ligand_iptm": 0.0,
    "protein_iptm": 0.0,
    "complex_plddt": 0.6572020649909973,
    "complex_iplddt": 0.0,
    "complex_pde": 2.052682399749756,
    "complex_ipde": 0.0,
    "chains_ptm": {
        "0": 0.3778969347476959
    },
    "pair_chains_iptm": {
        "0": {
            "0": 0.3778969347476959
        }
    }
}