{
    "confidence_score": 0.7707666754722595,
    "ptm": 0.9584083557128906,
    "iptm": 0.0,
    "ligand_iptm": 0.0,
    "protein_iptm": 0.0,
    "complex_plddt": 0.9634582996368408,
    "complex_iplddt": 0.0,
    "complex_pde": 0.2936539649963379,
    "complex_ipde": 0.0,
    "chains_ptm": {
        "0": 0.9584083557128906
    },
    "pair_chains_iptm": {
        "0": {
            "0": 0.9584083557128906
        }
    }
}