{
    "confidence_score": 0.5452406406402588,
    "ptm": 0.40849241614341736,
    "iptm": 0.0,
    "ligand_iptm": 0.0,
    "protein_iptm": 0.0,
    "complex_plddt": 0.6815508008003235,
    "complex_iplddt": 0.0,
    "complex_pde": 1.7772243022918701,
    "complex_ipde": 0.0,
    "chains_ptm": {
        "0": 0.40849241614341736
    },
    "pair_chains_iptm": {
        "0": {
            "0": 0.40849241614341736
        }
    }
}