{
    "confidence_score": 0.7656837105751038,
    "ptm": 0.9538883566856384,
    "iptm": 0.0,
    "ligand_iptm": 0.0,
    "protein_iptm": 0.0,
    "complex_plddt": 0.9571046233177185,
    "complex_iplddt": 0.0,
    "complex_pde": 0.2883414924144745,
    "complex_ipde": 0.0,
    "chains_ptm": {
        "0": 0.9538883566856384
    },
    "pair_chains_iptm": {
        "0": {
            "0": 0.9538883566856384
        }
    }
}