{
    "confidence_score": 0.4811992347240448,
    "ptm": 0.5213650465011597,
    "iptm": 0.0,
    "ligand_iptm": 0.0,
    "protein_iptm": 0.0,
    "complex_plddt": 0.6014990210533142,
    "complex_iplddt": 0.0,
    "complex_pde": 2.201931953430176,
    "complex_ipde": 0.0,
    "chains_ptm": {
        "0": 0.5213650465011597
    },
    "pair_chains_iptm": {
        "0": {
            "0": 0.5213650465011597
        }
    }
}