{
    "confidence_score": 0.7338442802429199,
    "ptm": 0.89500492811203,
    "iptm": 0.0,
    "ligand_iptm": 0.0,
    "protein_iptm": 0.0,
    "complex_plddt": 0.9173053503036499,
    "complex_iplddt": 0.0,
    "complex_pde": 0.5360727906227112,
    "complex_ipde": 0.0,
    "chains_ptm": {
        "0": 0.89500492811203
    },
    "pair_chains_iptm": {
        "0": {
            "0": 0.89500492811203
        }
    }
}