{
    "features": 11839.214689970016,
    "process_features_model_1_pred_0": 13.130934238433838,
    "predict_and_compile_model_1_pred_0": 309.8431420326233,
    "process_features_model_2_pred_0": 12.91907787322998,
    "predict_and_compile_model_2_pred_0": 279.70118737220764,
    "process_features_model_3_pred_0": 14.036783456802368,
    "predict_and_compile_model_3_pred_0": 257.1729917526245,
    "process_features_model_4_pred_0": 12.816712379455566,
    "predict_and_compile_model_4_pred_0": 255.52468156814575,
    "process_features_model_5_pred_0": 13.368860960006714,
    "predict_and_compile_model_5_pred_0": 237.8185179233551,
    "relax_model_3_pred_0": 51.85024428367615
}