{
    "confidence_score": 0.4443981647491455,
    "ptm": 0.30289140343666077,
    "iptm": 0.0,
    "ligand_iptm": 0.0,
    "protein_iptm": 0.0,
    "complex_plddt": 0.5554977059364319,
    "complex_iplddt": 0.0,
    "complex_pde": 2.568263053894043,
    "complex_ipde": 0.0,
    "chains_ptm": {
        "0": 0.30289140343666077
    },
    "pair_chains_iptm": {
        "0": {
            "0": 0.30289140343666077
        }
    }
}