{
    "confidence_score": 0.6891419291496277,
    "ptm": 0.868538498878479,
    "iptm": 0.0,
    "ligand_iptm": 0.0,
    "protein_iptm": 0.0,
    "complex_plddt": 0.861427366733551,
    "complex_iplddt": 0.0,
    "complex_pde": 0.600094199180603,
    "complex_ipde": 0.0,
    "chains_ptm": {
        "0": 0.868538498878479
    },
    "pair_chains_iptm": {
        "0": {
            "0": 0.868538498878479
        }
    }
}