{
    "confidence_score": 0.6391934752464294,
    "ptm": 0.8877056241035461,
    "iptm": 0.0,
    "ligand_iptm": 0.0,
    "protein_iptm": 0.0,
    "complex_plddt": 0.798991858959198,
    "complex_iplddt": 0.0,
    "complex_pde": 0.834890604019165,
    "complex_ipde": 0.0,
    "chains_ptm": {
        "0": 0.8877056241035461
    },
    "pair_chains_iptm": {
        "0": {
            "0": 0.8877056241035461
        }
    }
}