{
    "confidence_score": 0.5693766474723816,
    "ptm": 0.6505415439605713,
    "iptm": 0.0,
    "ligand_iptm": 0.0,
    "protein_iptm": 0.0,
    "complex_plddt": 0.7117207646369934,
    "complex_iplddt": 0.0,
    "complex_pde": 0.9325553774833679,
    "complex_ipde": 0.0,
    "chains_ptm": {
        "0": 0.6505415439605713
    },
    "pair_chains_iptm": {
        "0": {
            "0": 0.6505415439605713
        }
    }
}