{
    "confidence_score": 0.5737159252166748,
    "ptm": 0.6591048836708069,
    "iptm": 0.0,
    "ligand_iptm": 0.0,
    "protein_iptm": 0.0,
    "complex_plddt": 0.7171449065208435,
    "complex_iplddt": 0.0,
    "complex_pde": 2.2159698009490967,
    "complex_ipde": 0.0,
    "chains_ptm": {
        "0": 0.6591048836708069
    },
    "pair_chains_iptm": {
        "0": {
            "0": 0.6591048836708069
        }
    }
}