{
    "confidence_score": 0.6592406034469604,
    "ptm": 0.7376464009284973,
    "iptm": 0.0,
    "ligand_iptm": 0.0,
    "protein_iptm": 0.0,
    "complex_plddt": 0.8240507245063782,
    "complex_iplddt": 0.0,
    "complex_pde": 1.279468059539795,
    "complex_ipde": 0.0,
    "chains_ptm": {
        "0": 0.7376464009284973
    },
    "pair_chains_iptm": {
        "0": {
            "0": 0.7376464009284973
        }
    }
}