{
    "confidence_score": 0.540188729763031,
    "ptm": 0.35100582242012024,
    "iptm": 0.0,
    "ligand_iptm": 0.0,
    "protein_iptm": 0.0,
    "complex_plddt": 0.67523592710495,
    "complex_iplddt": 0.0,
    "complex_pde": 1.0107049942016602,
    "complex_ipde": 0.0,
    "chains_ptm": {
        "0": 0.35100582242012024
    },
    "pair_chains_iptm": {
        "0": {
            "0": 0.35100582242012024
        }
    }
}