{
    "confidence_score": 0.6675967574119568,
    "ptm": 0.9175018072128296,
    "iptm": 0.0,
    "ligand_iptm": 0.0,
    "protein_iptm": 0.0,
    "complex_plddt": 0.8344959020614624,
    "complex_iplddt": 0.0,
    "complex_pde": 0.6394320726394653,
    "complex_ipde": 0.0,
    "chains_ptm": {
        "0": 0.9175018072128296
    },
    "pair_chains_iptm": {
        "0": {
            "0": 0.9175018072128296
        }
    }
}