{
    "confidence_score": 0.7412397265434265,
    "ptm": 0.954397439956665,
    "iptm": 0.0,
    "ligand_iptm": 0.0,
    "protein_iptm": 0.0,
    "complex_plddt": 0.9265496730804443,
    "complex_iplddt": 0.0,
    "complex_pde": 0.3143574297428131,
    "complex_ipde": 0.0,
    "chains_ptm": {
        "0": 0.954397439956665
    },
    "pair_chains_iptm": {
        "0": {
            "0": 0.954397439956665
        }
    }
}