{
    "confidence_score": 0.512660562992096,
    "ptm": 0.3758799135684967,
    "iptm": 0.0,
    "ligand_iptm": 0.0,
    "protein_iptm": 0.0,
    "complex_plddt": 0.6408256888389587,
    "complex_iplddt": 0.0,
    "complex_pde": 2.3039374351501465,
    "complex_ipde": 0.0,
    "chains_ptm": {
        "0": 0.3758799135684967
    },
    "pair_chains_iptm": {
        "0": {
            "0": 0.3758799135684967
        }
    }
}