{
    "confidence_score": 0.5472301840782166,
    "ptm": 0.5486422777175903,
    "iptm": 0.0,
    "ligand_iptm": 0.0,
    "protein_iptm": 0.0,
    "complex_plddt": 0.6840376853942871,
    "complex_iplddt": 0.0,
    "complex_pde": 1.394594430923462,
    "complex_ipde": 0.0,
    "chains_ptm": {
        "0": 0.5486422777175903
    },
    "pair_chains_iptm": {
        "0": {
            "0": 0.5486422777175903
        }
    }
}