{
    "confidence_score": 0.7466099858283997,
    "ptm": 0.906335711479187,
    "iptm": 0.0,
    "ligand_iptm": 0.0,
    "protein_iptm": 0.0,
    "complex_plddt": 0.9332624673843384,
    "complex_iplddt": 0.0,
    "complex_pde": 0.37273529171943665,
    "complex_ipde": 0.0,
    "chains_ptm": {
        "0": 0.906335711479187
    },
    "pair_chains_iptm": {
        "0": {
            "0": 0.906335711479187
        }
    }
}