{
    "confidence_score": 0.6979865431785583,
    "ptm": 0.9051850438117981,
    "iptm": 0.0,
    "ligand_iptm": 0.0,
    "protein_iptm": 0.0,
    "complex_plddt": 0.8724831938743591,
    "complex_iplddt": 0.0,
    "complex_pde": 0.4611472189426422,
    "complex_ipde": 0.0,
    "chains_ptm": {
        "0": 0.9051850438117981
    },
    "pair_chains_iptm": {
        "0": {
            "0": 0.9051850438117981
        }
    }
}