{
    "confidence_score": 0.4692171514034271,
    "ptm": 0.4992228150367737,
    "iptm": 0.0,
    "ligand_iptm": 0.0,
    "protein_iptm": 0.0,
    "complex_plddt": 0.5865214467048645,
    "complex_iplddt": 0.0,
    "complex_pde": 2.4582931995391846,
    "complex_ipde": 0.0,
    "chains_ptm": {
        "0": 0.4992228150367737
    },
    "pair_chains_iptm": {
        "0": {
            "0": 0.4992228150367737
        }
    }
}