{
    "confidence_score": 0.7431882619857788,
    "ptm": 0.9287922382354736,
    "iptm": 0.0,
    "ligand_iptm": 0.0,
    "protein_iptm": 0.0,
    "complex_plddt": 0.9289852976799011,
    "complex_iplddt": 0.0,
    "complex_pde": 0.36512038111686707,
    "complex_ipde": 0.0,
    "chains_ptm": {
        "0": 0.9287922382354736
    },
    "pair_chains_iptm": {
        "0": {
            "0": 0.9287922382354736
        }
    }
}