{
    "confidence_score": 0.5084218978881836,
    "ptm": 0.6391693353652954,
    "iptm": 0.0,
    "ligand_iptm": 0.0,
    "protein_iptm": 0.0,
    "complex_plddt": 0.6355273723602295,
    "complex_iplddt": 0.0,
    "complex_pde": 1.0467981100082397,
    "complex_ipde": 0.0,
    "chains_ptm": {
        "0": 0.6391693353652954
    },
    "pair_chains_iptm": {
        "0": {
            "0": 0.6391693353652954
        }
    }
}