{
    "confidence_score": 0.7095056176185608,
    "ptm": 0.8571454882621765,
    "iptm": 0.0,
    "ligand_iptm": 0.0,
    "protein_iptm": 0.0,
    "complex_plddt": 0.8868820071220398,
    "complex_iplddt": 0.0,
    "complex_pde": 0.45079848170280457,
    "complex_ipde": 0.0,
    "chains_ptm": {
        "0": 0.8571454882621765
    },
    "pair_chains_iptm": {
        "0": {
            "0": 0.8571454882621765
        }
    }
}