{
    "confidence_score": 0.45159777998924255,
    "ptm": 0.39331427216529846,
    "iptm": 0.0,
    "ligand_iptm": 0.0,
    "protein_iptm": 0.0,
    "complex_plddt": 0.5644972324371338,
    "complex_iplddt": 0.0,
    "complex_pde": 2.0654549598693848,
    "complex_ipde": 0.0,
    "chains_ptm": {
        "0": 0.39331427216529846
    },
    "pair_chains_iptm": {
        "0": {
            "0": 0.39331427216529846
        }
    }
}