{
    "confidence_score": 0.7316397428512573,
    "ptm": 0.9072744250297546,
    "iptm": 0.0,
    "ligand_iptm": 0.0,
    "protein_iptm": 0.0,
    "complex_plddt": 0.9145496487617493,
    "complex_iplddt": 0.0,
    "complex_pde": 0.5833295583724976,
    "complex_ipde": 0.0,
    "chains_ptm": {
        "0": 0.9072744250297546
    },
    "pair_chains_iptm": {
        "0": {
            "0": 0.9072744250297546
        }
    }
}