{
    "features": 5474.207103013992,
    "process_features_model_1_pred_0": 13.90132761001587,
    "predict_and_compile_model_1_pred_0": 501.9221715927124,
    "process_features_model_2_pred_0": 16.917095184326172,
    "predict_and_compile_model_2_pred_0": 457.9818434715271,
    "process_features_model_3_pred_0": 14.699822664260864,
    "predict_and_compile_model_3_pred_0": 432.96486139297485,
    "process_features_model_4_pred_0": 16.283371448516846,
    "predict_and_compile_model_4_pred_0": 430.3264694213867,
    "process_features_model_5_pred_0": 15.369477033615112,
    "predict_and_compile_model_5_pred_0": 398.43121099472046,
    "relax_model_4_pred_0": 91.53334474563599
}