{
    "confidence_score": 0.7417468428611755,
    "ptm": 0.9426633715629578,
    "iptm": 0.0,
    "ligand_iptm": 0.0,
    "protein_iptm": 0.0,
    "complex_plddt": 0.9271835088729858,
    "complex_iplddt": 0.0,
    "complex_pde": 0.3527056872844696,
    "complex_ipde": 0.0,
    "chains_ptm": {
        "0": 0.9426633715629578
    },
    "pair_chains_iptm": {
        "0": {
            "0": 0.9426633715629578
        }
    }
}