{
    "confidence_score": 0.7592429518699646,
    "ptm": 0.9564518928527832,
    "iptm": 0.0,
    "ligand_iptm": 0.0,
    "protein_iptm": 0.0,
    "complex_plddt": 0.9490536451339722,
    "complex_iplddt": 0.0,
    "complex_pde": 0.3326364755630493,
    "complex_ipde": 0.0,
    "chains_ptm": {
        "0": 0.9564518928527832
    },
    "pair_chains_iptm": {
        "0": {
            "0": 0.9564518928527832
        }
    }
}