{
    "features": 4069.0334787368774,
    "process_features_model_1_pred_0": 4.322404146194458,
    "predict_and_compile_model_1_pred_0": 266.6238582134247,
    "process_features_model_2_pred_0": 5.291085720062256,
    "predict_and_compile_model_2_pred_0": 247.32670736312866,
    "process_features_model_3_pred_0": 4.32551646232605,
    "predict_and_compile_model_3_pred_0": 224.39467024803162,
    "process_features_model_4_pred_0": 4.020705223083496,
    "predict_and_compile_model_4_pred_0": 225.16283321380615,
    "process_features_model_5_pred_0": 4.307596206665039,
    "predict_and_compile_model_5_pred_0": 213.2397530078888,
    "relax_model_3_pred_0": 42.44814610481262
}