{
    "plddts": {
        "model_1_pred_0": 76.5501271442047,
        "model_2_pred_0": 71.52293307227049,
        "model_3_pred_0": 75.99693471765828,
        "model_4_pred_0": 70.80429393666688,
        "model_5_pred_0": 71.56476077460486
    },
    "order": [
        "model_1_pred_0",
        "model_3_pred_0",
        "model_5_pred_0",
        "model_2_pred_0",
        "model_4_pred_0"
    ]
}