{
    "features": 6347.246839761734,
    "process_features_model_1_pred_0": 11.775891065597534,
    "predict_and_compile_model_1_pred_0": 295.9852330684662,
    "process_features_model_2_pred_0": 10.81095814704895,
    "predict_and_compile_model_2_pred_0": 270.11726355552673,
    "process_features_model_3_pred_0": 10.879539966583252,
    "predict_and_compile_model_3_pred_0": 250.49685406684875,
    "process_features_model_4_pred_0": 11.312769412994385,
    "predict_and_compile_model_4_pred_0": 242.49273252487183,
    "process_features_model_5_pred_0": 11.107252836227417,
    "predict_and_compile_model_5_pred_0": 224.1767373085022,
    "relax_model_1_pred_0": 53.06985592842102
}