{
    "confidence_score": 0.7639886140823364,
    "ptm": 0.9101499915122986,
    "iptm": 0.0,
    "ligand_iptm": 0.0,
    "protein_iptm": 0.0,
    "complex_plddt": 0.9549857378005981,
    "complex_iplddt": 0.0,
    "complex_pde": 0.32252269983291626,
    "complex_ipde": 0.0,
    "chains_ptm": {
        "0": 0.9101499915122986
    },
    "pair_chains_iptm": {
        "0": {
            "0": 0.9101499915122986
        }
    }
}