{
    "confidence_score": 0.3182889223098755,
    "ptm": 0.3111606240272522,
    "iptm": 0.0,
    "ligand_iptm": 0.0,
    "protein_iptm": 0.0,
    "complex_plddt": 0.39786115288734436,
    "complex_iplddt": 0.0,
    "complex_pde": 4.065109729766846,
    "complex_ipde": 0.0,
    "chains_ptm": {
        "0": 0.3111606240272522
    },
    "pair_chains_iptm": {
        "0": {
            "0": 0.3111606240272522
        }
    }
}