{
    "confidence_score": 0.7084161639213562,
    "ptm": 0.8305326104164124,
    "iptm": 0.0,
    "ligand_iptm": 0.0,
    "protein_iptm": 0.0,
    "complex_plddt": 0.8855202198028564,
    "complex_iplddt": 0.0,
    "complex_pde": 0.5175333023071289,
    "complex_ipde": 0.0,
    "chains_ptm": {
        "0": 0.8305326104164124
    },
    "pair_chains_iptm": {
        "0": {
            "0": 0.8305326104164124
        }
    }
}