{
    "confidence_score": 0.6760614514350891,
    "ptm": 0.8579238057136536,
    "iptm": 0.0,
    "ligand_iptm": 0.0,
    "protein_iptm": 0.0,
    "complex_plddt": 0.8450767993927002,
    "complex_iplddt": 0.0,
    "complex_pde": 0.7067597508430481,
    "complex_ipde": 0.0,
    "chains_ptm": {
        "0": 0.8579238057136536
    },
    "pair_chains_iptm": {
        "0": {
            "0": 0.8579238057136536
        }
    }
}