{
    "confidence_score": 0.7266703844070435,
    "ptm": 0.8946385979652405,
    "iptm": 0.0,
    "ligand_iptm": 0.0,
    "protein_iptm": 0.0,
    "complex_plddt": 0.9083379507064819,
    "complex_iplddt": 0.0,
    "complex_pde": 0.5052618384361267,
    "complex_ipde": 0.0,
    "chains_ptm": {
        "0": 0.8946385979652405
    },
    "pair_chains_iptm": {
        "0": {
            "0": 0.8946385979652405
        }
    }
}