{
    "confidence_score": 0.7093743681907654,
    "ptm": 0.9015076756477356,
    "iptm": 0.0,
    "ligand_iptm": 0.0,
    "protein_iptm": 0.0,
    "complex_plddt": 0.8867179751396179,
    "complex_iplddt": 0.0,
    "complex_pde": 0.4192449748516083,
    "complex_ipde": 0.0,
    "chains_ptm": {
        "0": 0.9015076756477356
    },
    "pair_chains_iptm": {
        "0": {
            "0": 0.9015076756477356
        }
    }
}