{
    "confidence_score": 0.5454834699630737,
    "ptm": 0.6874167919158936,
    "iptm": 0.0,
    "ligand_iptm": 0.0,
    "protein_iptm": 0.0,
    "complex_plddt": 0.6818543076515198,
    "complex_iplddt": 0.0,
    "complex_pde": 1.0601483583450317,
    "complex_ipde": 0.0,
    "chains_ptm": {
        "0": 0.6874167919158936
    },
    "pair_chains_iptm": {
        "0": {
            "0": 0.6874167919158936
        }
    }
}