{
    "confidence_score": 0.5887787938117981,
    "ptm": 0.4435711205005646,
    "iptm": 0.0,
    "ligand_iptm": 0.0,
    "protein_iptm": 0.0,
    "complex_plddt": 0.7359734773635864,
    "complex_iplddt": 0.0,
    "complex_pde": 1.284447431564331,
    "complex_ipde": 0.0,
    "chains_ptm": {
        "0": 0.4435711205005646
    },
    "pair_chains_iptm": {
        "0": {
            "0": 0.4435711205005646
        }
    }
}