{
    "confidence_score": 0.5085767507553101,
    "ptm": 0.4485829472541809,
    "iptm": 0.0,
    "ligand_iptm": 0.0,
    "protein_iptm": 0.0,
    "complex_plddt": 0.6357209086418152,
    "complex_iplddt": 0.0,
    "complex_pde": 2.057053565979004,
    "complex_ipde": 0.0,
    "chains_ptm": {
        "0": 0.4485829472541809
    },
    "pair_chains_iptm": {
        "0": {
            "0": 0.4485829472541809
        }
    }
}