{
    "confidence_score": 0.6476761698722839,
    "ptm": 0.818651020526886,
    "iptm": 0.0,
    "ligand_iptm": 0.0,
    "protein_iptm": 0.0,
    "complex_plddt": 0.8095952272415161,
    "complex_iplddt": 0.0,
    "complex_pde": 0.6990039944648743,
    "complex_ipde": 0.0,
    "chains_ptm": {
        "0": 0.818651020526886
    },
    "pair_chains_iptm": {
        "0": {
            "0": 0.818651020526886
        }
    }
}