{
    "confidence_score": 0.6573759913444519,
    "ptm": 0.6101644039154053,
    "iptm": 0.0,
    "ligand_iptm": 0.0,
    "protein_iptm": 0.0,
    "complex_plddt": 0.8217200040817261,
    "complex_iplddt": 0.0,
    "complex_pde": 0.8053681254386902,
    "complex_ipde": 0.0,
    "chains_ptm": {
        "0": 0.6101644039154053
    },
    "pair_chains_iptm": {
        "0": {
            "0": 0.6101644039154053
        }
    }
}