{
    "confidence_score": 0.597993791103363,
    "ptm": 0.6747312545776367,
    "iptm": 0.0,
    "ligand_iptm": 0.0,
    "protein_iptm": 0.0,
    "complex_plddt": 0.747492253780365,
    "complex_iplddt": 0.0,
    "complex_pde": 0.6557663679122925,
    "complex_ipde": 0.0,
    "chains_ptm": {
        "0": 0.6747312545776367
    },
    "pair_chains_iptm": {
        "0": {
            "0": 0.6747312545776367
        }
    }
}