{
    "confidence_score": 0.7154252529144287,
    "ptm": 0.8484351634979248,
    "iptm": 0.0,
    "ligand_iptm": 0.0,
    "protein_iptm": 0.0,
    "complex_plddt": 0.8942815661430359,
    "complex_iplddt": 0.0,
    "complex_pde": 0.5663744807243347,
    "complex_ipde": 0.0,
    "chains_ptm": {
        "0": 0.8484351634979248
    },
    "pair_chains_iptm": {
        "0": {
            "0": 0.8484351634979248
        }
    }
}