{
    "confidence_score": 0.5790688395500183,
    "ptm": 0.6023720502853394,
    "iptm": 0.0,
    "ligand_iptm": 0.0,
    "protein_iptm": 0.0,
    "complex_plddt": 0.7238360643386841,
    "complex_iplddt": 0.0,
    "complex_pde": 0.9420921206474304,
    "complex_ipde": 0.0,
    "chains_ptm": {
        "0": 0.6023720502853394
    },
    "pair_chains_iptm": {
        "0": {
            "0": 0.6023720502853394
        }
    }
}