{
    "confidence_score": 0.5548222064971924,
    "ptm": 0.523540735244751,
    "iptm": 0.0,
    "ligand_iptm": 0.0,
    "protein_iptm": 0.0,
    "complex_plddt": 0.6935277581214905,
    "complex_iplddt": 0.0,
    "complex_pde": 1.377495288848877,
    "complex_ipde": 0.0,
    "chains_ptm": {
        "0": 0.523540735244751
    },
    "pair_chains_iptm": {
        "0": {
            "0": 0.523540735244751
        }
    }
}