{
    "confidence_score": 0.7167568206787109,
    "ptm": 0.9383299946784973,
    "iptm": 0.0,
    "ligand_iptm": 0.0,
    "protein_iptm": 0.0,
    "complex_plddt": 0.8959460258483887,
    "complex_iplddt": 0.0,
    "complex_pde": 0.44260647892951965,
    "complex_ipde": 0.0,
    "chains_ptm": {
        "0": 0.9383299946784973
    },
    "pair_chains_iptm": {
        "0": {
            "0": 0.9383299946784973
        }
    }
}