{
    "confidence_score": 0.6397813558578491,
    "ptm": 0.8012169003486633,
    "iptm": 0.0,
    "ligand_iptm": 0.0,
    "protein_iptm": 0.0,
    "complex_plddt": 0.799726665019989,
    "complex_iplddt": 0.0,
    "complex_pde": 0.6992144584655762,
    "complex_ipde": 0.0,
    "chains_ptm": {
        "0": 0.8012169003486633
    },
    "pair_chains_iptm": {
        "0": {
            "0": 0.8012169003486633
        }
    }
}