{
    "confidence_score": 0.7358136177062988,
    "ptm": 0.8171871304512024,
    "iptm": 0.0,
    "ligand_iptm": 0.0,
    "protein_iptm": 0.0,
    "complex_plddt": 0.9197670221328735,
    "complex_iplddt": 0.0,
    "complex_pde": 0.4023192524909973,
    "complex_ipde": 0.0,
    "chains_ptm": {
        "0": 0.8171871304512024
    },
    "pair_chains_iptm": {
        "0": {
            "0": 0.8171871304512024
        }
    }
}