{
    "confidence_score": 0.545973002910614,
    "ptm": 0.6702325344085693,
    "iptm": 0.0,
    "ligand_iptm": 0.0,
    "protein_iptm": 0.0,
    "complex_plddt": 0.6824662685394287,
    "complex_iplddt": 0.0,
    "complex_pde": 1.2345510721206665,
    "complex_ipde": 0.0,
    "chains_ptm": {
        "0": 0.6702325344085693
    },
    "pair_chains_iptm": {
        "0": {
            "0": 0.6702325344085693
        }
    }
}