{
    "confidence_score": 0.6958497762680054,
    "ptm": 0.9056447148323059,
    "iptm": 0.0,
    "ligand_iptm": 0.0,
    "protein_iptm": 0.0,
    "complex_plddt": 0.8698121905326843,
    "complex_iplddt": 0.0,
    "complex_pde": 0.47954413294792175,
    "complex_ipde": 0.0,
    "chains_ptm": {
        "0": 0.9056447148323059
    },
    "pair_chains_iptm": {
        "0": {
            "0": 0.9056447148323059
        }
    }
}