{
    "confidence_score": 0.756643533706665,
    "ptm": 0.9534737467765808,
    "iptm": 0.0,
    "ligand_iptm": 0.0,
    "protein_iptm": 0.0,
    "complex_plddt": 0.9458044171333313,
    "complex_iplddt": 0.0,
    "complex_pde": 0.33165061473846436,
    "complex_ipde": 0.0,
    "chains_ptm": {
        "0": 0.9534737467765808
    },
    "pair_chains_iptm": {
        "0": {
            "0": 0.9534737467765808
        }
    }
}