{
    "confidence_score": 0.7555813789367676,
    "ptm": 0.96072918176651,
    "iptm": 0.0,
    "ligand_iptm": 0.0,
    "protein_iptm": 0.0,
    "complex_plddt": 0.9444767236709595,
    "complex_iplddt": 0.0,
    "complex_pde": 0.3225003480911255,
    "complex_ipde": 0.0,
    "chains_ptm": {
        "0": 0.96072918176651
    },
    "pair_chains_iptm": {
        "0": {
            "0": 0.96072918176651
        }
    }
}