{
    "confidence_score": 0.5400729179382324,
    "ptm": 0.29773271083831787,
    "iptm": 0.0,
    "ligand_iptm": 0.0,
    "protein_iptm": 0.0,
    "complex_plddt": 0.6750911474227905,
    "complex_iplddt": 0.0,
    "complex_pde": 0.890134334564209,
    "complex_ipde": 0.0,
    "chains_ptm": {
        "0": 0.29773271083831787
    },
    "pair_chains_iptm": {
        "0": {
            "0": 0.29773271083831787
        }
    }
}