{
    "confidence_score": 0.6231008172035217,
    "ptm": 0.6986898183822632,
    "iptm": 0.0,
    "ligand_iptm": 0.0,
    "protein_iptm": 0.0,
    "complex_plddt": 0.778876006603241,
    "complex_iplddt": 0.0,
    "complex_pde": 1.135205626487732,
    "complex_ipde": 0.0,
    "chains_ptm": {
        "0": 0.6986898183822632
    },
    "pair_chains_iptm": {
        "0": {
            "0": 0.6986898183822632
        }
    }
}