{
    "confidence_score": 0.500628650188446,
    "ptm": 0.27909156680107117,
    "iptm": 0.0,
    "ligand_iptm": 0.0,
    "protein_iptm": 0.0,
    "complex_plddt": 0.6257858276367188,
    "complex_iplddt": 0.0,
    "complex_pde": 1.7039978504180908,
    "complex_ipde": 0.0,
    "chains_ptm": {
        "0": 0.27909156680107117
    },
    "pair_chains_iptm": {
        "0": {
            "0": 0.27909156680107117
        }
    }
}