{
    "confidence_score": 0.6826115250587463,
    "ptm": 0.801734447479248,
    "iptm": 0.0,
    "ligand_iptm": 0.0,
    "protein_iptm": 0.0,
    "complex_plddt": 0.8532643914222717,
    "complex_iplddt": 0.0,
    "complex_pde": 0.6323584318161011,
    "complex_ipde": 0.0,
    "chains_ptm": {
        "0": 0.801734447479248
    },
    "pair_chains_iptm": {
        "0": {
            "0": 0.801734447479248
        }
    }
}