{
    "confidence_score": 0.6454208493232727,
    "ptm": 0.8075125813484192,
    "iptm": 0.0,
    "ligand_iptm": 0.0,
    "protein_iptm": 0.0,
    "complex_plddt": 0.8067760467529297,
    "complex_iplddt": 0.0,
    "complex_pde": 0.6245997548103333,
    "complex_ipde": 0.0,
    "chains_ptm": {
        "0": 0.8075125813484192
    },
    "pair_chains_iptm": {
        "0": {
            "0": 0.8075125813484192
        }
    }
}