{
    "features": 3634.2397809028625,
    "process_features_model_1_pred_0": 6.897441625595093,
    "predict_and_compile_model_1_pred_0": 350.7902846336365,
    "process_features_model_2_pred_0": 6.608070611953735,
    "predict_and_compile_model_2_pred_0": 307.9448540210724,
    "process_features_model_3_pred_0": 6.39601731300354,
    "predict_and_compile_model_3_pred_0": 286.827584028244,
    "process_features_model_4_pred_0": 6.303625583648682,
    "predict_and_compile_model_4_pred_0": 281.6956934928894,
    "process_features_model_5_pred_0": 6.467100620269775,
    "predict_and_compile_model_5_pred_0": 263.17469787597656,
    "relax_model_2_pred_0": 49.8165340423584
}