{
    "confidence_score": 0.6639770865440369,
    "ptm": 0.7543874382972717,
    "iptm": 0.0,
    "ligand_iptm": 0.0,
    "protein_iptm": 0.0,
    "complex_plddt": 0.8299713134765625,
    "complex_iplddt": 0.0,
    "complex_pde": 0.8018171191215515,
    "complex_ipde": 0.0,
    "chains_ptm": {
        "0": 0.7543874382972717
    },
    "pair_chains_iptm": {
        "0": {
            "0": 0.7543874382972717
        }
    }
}