{
    "confidence_score": 0.600341260433197,
    "ptm": 0.7174331545829773,
    "iptm": 0.0,
    "ligand_iptm": 0.0,
    "protein_iptm": 0.0,
    "complex_plddt": 0.7504265904426575,
    "complex_iplddt": 0.0,
    "complex_pde": 0.75525963306427,
    "complex_ipde": 0.0,
    "chains_ptm": {
        "0": 0.7174331545829773
    },
    "pair_chains_iptm": {
        "0": {
            "0": 0.7174331545829773
        }
    }
}