{
    "confidence_score": 0.7277809381484985,
    "ptm": 0.9211549162864685,
    "iptm": 0.0,
    "ligand_iptm": 0.0,
    "protein_iptm": 0.0,
    "complex_plddt": 0.9097261428833008,
    "complex_iplddt": 0.0,
    "complex_pde": 0.3723655343055725,
    "complex_ipde": 0.0,
    "chains_ptm": {
        "0": 0.9211549162864685
    },
    "pair_chains_iptm": {
        "0": {
            "0": 0.9211549162864685
        }
    }
}