{
    "confidence_score": 0.6584087610244751,
    "ptm": 0.8394879698753357,
    "iptm": 0.0,
    "ligand_iptm": 0.0,
    "protein_iptm": 0.0,
    "complex_plddt": 0.8230109214782715,
    "complex_iplddt": 0.0,
    "complex_pde": 0.7650130987167358,
    "complex_ipde": 0.0,
    "chains_ptm": {
        "0": 0.8394879698753357
    },
    "pair_chains_iptm": {
        "0": {
            "0": 0.8394879698753357
        }
    }
}