{
    "confidence_score": 0.4877515435218811,
    "ptm": 0.5220199227333069,
    "iptm": 0.0,
    "ligand_iptm": 0.0,
    "protein_iptm": 0.0,
    "complex_plddt": 0.6096894145011902,
    "complex_iplddt": 0.0,
    "complex_pde": 1.5706485509872437,
    "complex_ipde": 0.0,
    "chains_ptm": {
        "0": 0.5220199227333069
    },
    "pair_chains_iptm": {
        "0": {
            "0": 0.5220199227333069
        }
    }
}