{
    "confidence_score": 0.5609459280967712,
    "ptm": 0.3132950961589813,
    "iptm": 0.0,
    "ligand_iptm": 0.0,
    "protein_iptm": 0.0,
    "complex_plddt": 0.7011823654174805,
    "complex_iplddt": 0.0,
    "complex_pde": 1.2275406122207642,
    "complex_ipde": 0.0,
    "chains_ptm": {
        "0": 0.3132950961589813
    },
    "pair_chains_iptm": {
        "0": {
            "0": 0.3132950961589813
        }
    }
}