{
    "confidence_score": 0.7446710467338562,
    "ptm": 0.9460911154747009,
    "iptm": 0.0,
    "ligand_iptm": 0.0,
    "protein_iptm": 0.0,
    "complex_plddt": 0.9308387637138367,
    "complex_iplddt": 0.0,
    "complex_pde": 0.3131921887397766,
    "complex_ipde": 0.0,
    "chains_ptm": {
        "0": 0.9460911154747009
    },
    "pair_chains_iptm": {
        "0": {
            "0": 0.9460911154747009
        }
    }
}