{
    "plddts": {
        "model_1_pred_0": 84.66693480868416,
        "model_2_pred_0": 85.33795895925265,
        "model_3_pred_0": 85.83081966515093,
        "model_4_pred_0": 84.27866260675836,
        "model_5_pred_0": 83.75417483181927
    },
    "order": [
        "model_3_pred_0",
        "model_2_pred_0",
        "model_1_pred_0",
        "model_4_pred_0",
        "model_5_pred_0"
    ]
}