{
    "confidence_score": 0.4201628863811493,
    "ptm": 0.4282141625881195,
    "iptm": 0.0,
    "ligand_iptm": 0.0,
    "protein_iptm": 0.0,
    "complex_plddt": 0.5252035856246948,
    "complex_iplddt": 0.0,
    "complex_pde": 2.2416415214538574,
    "complex_ipde": 0.0,
    "chains_ptm": {
        "0": 0.4282141625881195
    },
    "pair_chains_iptm": {
        "0": {
            "0": 0.4282141625881195
        }
    }
}