{
    "confidence_score": 0.7067205905914307,
    "ptm": 0.899650514125824,
    "iptm": 0.0,
    "ligand_iptm": 0.0,
    "protein_iptm": 0.0,
    "complex_plddt": 0.8834007382392883,
    "complex_iplddt": 0.0,
    "complex_pde": 0.6140376329421997,
    "complex_ipde": 0.0,
    "chains_ptm": {
        "0": 0.899650514125824
    },
    "pair_chains_iptm": {
        "0": {
            "0": 0.899650514125824
        }
    }
}