{
    "confidence_score": 0.6859893202781677,
    "ptm": 0.8927858471870422,
    "iptm": 0.0,
    "ligand_iptm": 0.0,
    "protein_iptm": 0.0,
    "complex_plddt": 0.8574866056442261,
    "complex_iplddt": 0.0,
    "complex_pde": 0.5939500331878662,
    "complex_ipde": 0.0,
    "chains_ptm": {
        "0": 0.8927858471870422
    },
    "pair_chains_iptm": {
        "0": {
            "0": 0.8927858471870422
        }
    }
}