{
    "confidence_score": 0.7637192010879517,
    "ptm": 0.9002090096473694,
    "iptm": 0.0,
    "ligand_iptm": 0.0,
    "protein_iptm": 0.0,
    "complex_plddt": 0.9546489715576172,
    "complex_iplddt": 0.0,
    "complex_pde": 0.30979421734809875,
    "complex_ipde": 0.0,
    "chains_ptm": {
        "0": 0.9002090096473694
    },
    "pair_chains_iptm": {
        "0": {
            "0": 0.9002090096473694
        }
    }
}