{
    "confidence_score": 0.5432514548301697,
    "ptm": 0.3926970958709717,
    "iptm": 0.0,
    "ligand_iptm": 0.0,
    "protein_iptm": 0.0,
    "complex_plddt": 0.6790642738342285,
    "complex_iplddt": 0.0,
    "complex_pde": 1.8580611944198608,
    "complex_ipde": 0.0,
    "chains_ptm": {
        "0": 0.3926970958709717
    },
    "pair_chains_iptm": {
        "0": {
            "0": 0.3926970958709717
        }
    }
}