{
    "confidence_score": 0.5383522510528564,
    "ptm": 0.41951969265937805,
    "iptm": 0.0,
    "ligand_iptm": 0.0,
    "protein_iptm": 0.0,
    "complex_plddt": 0.6729403138160706,
    "complex_iplddt": 0.0,
    "complex_pde": 1.3685654401779175,
    "complex_ipde": 0.0,
    "chains_ptm": {
        "0": 0.41951969265937805
    },
    "pair_chains_iptm": {
        "0": {
            "0": 0.41951969265937805
        }
    }
}