{
    "confidence_score": 0.6574686765670776,
    "ptm": 0.8624467253684998,
    "iptm": 0.0,
    "ligand_iptm": 0.0,
    "protein_iptm": 0.0,
    "complex_plddt": 0.8218358159065247,
    "complex_iplddt": 0.0,
    "complex_pde": 0.5396997928619385,
    "complex_ipde": 0.0,
    "chains_ptm": {
        "0": 0.8624467253684998
    },
    "pair_chains_iptm": {
        "0": {
            "0": 0.8624467253684998
        }
    }
}