{
    "confidence_score": 0.7277984619140625,
    "ptm": 0.9439041018486023,
    "iptm": 0.0,
    "ligand_iptm": 0.0,
    "protein_iptm": 0.0,
    "complex_plddt": 0.9097480773925781,
    "complex_iplddt": 0.0,
    "complex_pde": 0.4068518877029419,
    "complex_ipde": 0.0,
    "chains_ptm": {
        "0": 0.9439041018486023
    },
    "pair_chains_iptm": {
        "0": {
            "0": 0.9439041018486023
        }
    }
}