{
    "features": 7358.865347862244,
    "process_features_model_1_pred_0": 9.253288269042969,
    "predict_and_compile_model_1_pred_0": 278.5814290046692,
    "process_features_model_2_pred_0": 9.036296367645264,
    "predict_and_compile_model_2_pred_0": 267.2406437397003,
    "process_features_model_3_pred_0": 8.33548617362976,
    "predict_and_compile_model_3_pred_0": 242.37969517707825,
    "process_features_model_4_pred_0": 8.156566143035889,
    "predict_and_compile_model_4_pred_0": 235.99547672271729,
    "process_features_model_5_pred_0": 8.211527347564697,
    "predict_and_compile_model_5_pred_0": 219.23561239242554,
    "relax_model_3_pred_0": 59.73623466491699
}