{
    "confidence_score": 0.4108186364173889,
    "ptm": 0.1699962317943573,
    "iptm": 0.0,
    "ligand_iptm": 0.0,
    "protein_iptm": 0.0,
    "complex_plddt": 0.513523280620575,
    "complex_iplddt": 0.0,
    "complex_pde": 4.0307464599609375,
    "complex_ipde": 0.0,
    "chains_ptm": {
        "0": 0.1699962317943573
    },
    "pair_chains_iptm": {
        "0": {
            "0": 0.1699962317943573
        }
    }
}