{
    "confidence_score": 0.4064091145992279,
    "ptm": 0.2266865223646164,
    "iptm": 0.0,
    "ligand_iptm": 0.0,
    "protein_iptm": 0.0,
    "complex_plddt": 0.5080114006996155,
    "complex_iplddt": 0.0,
    "complex_pde": 2.1584720611572266,
    "complex_ipde": 0.0,
    "chains_ptm": {
        "0": 0.2266865223646164
    },
    "pair_chains_iptm": {
        "0": {
            "0": 0.2266865223646164
        }
    }
}