{
    "confidence_score": 0.6251177191734314,
    "ptm": 0.5212737321853638,
    "iptm": 0.0,
    "ligand_iptm": 0.0,
    "protein_iptm": 0.0,
    "complex_plddt": 0.7813971638679504,
    "complex_iplddt": 0.0,
    "complex_pde": 1.1547000408172607,
    "complex_ipde": 0.0,
    "chains_ptm": {
        "0": 0.5212737321853638
    },
    "pair_chains_iptm": {
        "0": {
            "0": 0.5212737321853638
        }
    }
}