{
    "confidence_score": 0.7583809494972229,
    "ptm": 0.93321293592453,
    "iptm": 0.0,
    "ligand_iptm": 0.0,
    "protein_iptm": 0.0,
    "complex_plddt": 0.9479761719703674,
    "complex_iplddt": 0.0,
    "complex_pde": 0.3429197371006012,
    "complex_ipde": 0.0,
    "chains_ptm": {
        "0": 0.93321293592453
    },
    "pair_chains_iptm": {
        "0": {
            "0": 0.93321293592453
        }
    }
}