{
    "confidence_score": 0.6483067870140076,
    "ptm": 0.7896518111228943,
    "iptm": 0.0,
    "ligand_iptm": 0.0,
    "protein_iptm": 0.0,
    "complex_plddt": 0.8103834390640259,
    "complex_iplddt": 0.0,
    "complex_pde": 0.7859893441200256,
    "complex_ipde": 0.0,
    "chains_ptm": {
        "0": 0.7896518111228943
    },
    "pair_chains_iptm": {
        "0": {
            "0": 0.7896518111228943
        }
    }
}