{
    "confidence_score": 0.7235972285270691,
    "ptm": 0.8991995453834534,
    "iptm": 0.0,
    "ligand_iptm": 0.0,
    "protein_iptm": 0.0,
    "complex_plddt": 0.9044964909553528,
    "complex_iplddt": 0.0,
    "complex_pde": 0.4326969385147095,
    "complex_ipde": 0.0,
    "chains_ptm": {
        "0": 0.8991995453834534
    },
    "pair_chains_iptm": {
        "0": {
            "0": 0.8991995453834534
        }
    }
}