{
    "confidence_score": 0.7249433994293213,
    "ptm": 0.9299351572990417,
    "iptm": 0.0,
    "ligand_iptm": 0.0,
    "protein_iptm": 0.0,
    "complex_plddt": 0.9061792492866516,
    "complex_iplddt": 0.0,
    "complex_pde": 0.4239408075809479,
    "complex_ipde": 0.0,
    "chains_ptm": {
        "0": 0.9299351572990417
    },
    "pair_chains_iptm": {
        "0": {
            "0": 0.9299351572990417
        }
    }
}