{
    "confidence_score": 0.5876263976097107,
    "ptm": 0.5534478425979614,
    "iptm": 0.0,
    "ligand_iptm": 0.0,
    "protein_iptm": 0.0,
    "complex_plddt": 0.7345329523086548,
    "complex_iplddt": 0.0,
    "complex_pde": 1.6251269578933716,
    "complex_ipde": 0.0,
    "chains_ptm": {
        "0": 0.5534478425979614
    },
    "pair_chains_iptm": {
        "0": {
            "0": 0.5534478425979614
        }
    }
}