{
    "confidence_score": 0.5086770057678223,
    "ptm": 0.5295405983924866,
    "iptm": 0.0,
    "ligand_iptm": 0.0,
    "protein_iptm": 0.0,
    "complex_plddt": 0.6358462572097778,
    "complex_iplddt": 0.0,
    "complex_pde": 1.6605697870254517,
    "complex_ipde": 0.0,
    "chains_ptm": {
        "0": 0.5295405983924866
    },
    "pair_chains_iptm": {
        "0": {
            "0": 0.5295405983924866
        }
    }
}