{
    "confidence_score": 0.565421462059021,
    "ptm": 0.307463675737381,
    "iptm": 0.0,
    "ligand_iptm": 0.0,
    "protein_iptm": 0.0,
    "complex_plddt": 0.7067767977714539,
    "complex_iplddt": 0.0,
    "complex_pde": 3.5356907844543457,
    "complex_ipde": 0.0,
    "chains_ptm": {
        "0": 0.307463675737381
    },
    "pair_chains_iptm": {
        "0": {
            "0": 0.307463675737381
        }
    }
}