{
    "confidence_score": 0.7288917303085327,
    "ptm": 0.9057707786560059,
    "iptm": 0.0,
    "ligand_iptm": 0.0,
    "protein_iptm": 0.0,
    "complex_plddt": 0.9111146330833435,
    "complex_iplddt": 0.0,
    "complex_pde": 0.40587565302848816,
    "complex_ipde": 0.0,
    "chains_ptm": {
        "0": 0.9057707786560059
    },
    "pair_chains_iptm": {
        "0": {
            "0": 0.9057707786560059
        }
    }
}