{
    "confidence_score": 0.6229956746101379,
    "ptm": 0.7110155820846558,
    "iptm": 0.0,
    "ligand_iptm": 0.0,
    "protein_iptm": 0.0,
    "complex_plddt": 0.7787445783615112,
    "complex_iplddt": 0.0,
    "complex_pde": 0.6737937331199646,
    "complex_ipde": 0.0,
    "chains_ptm": {
        "0": 0.7110155820846558
    },
    "pair_chains_iptm": {
        "0": {
            "0": 0.7110155820846558
        }
    }
}