{
    "confidence_score": 0.703807532787323,
    "ptm": 0.9092525243759155,
    "iptm": 0.0,
    "ligand_iptm": 0.0,
    "protein_iptm": 0.0,
    "complex_plddt": 0.8797593712806702,
    "complex_iplddt": 0.0,
    "complex_pde": 0.47035902738571167,
    "complex_ipde": 0.0,
    "chains_ptm": {
        "0": 0.9092525243759155
    },
    "pair_chains_iptm": {
        "0": {
            "0": 0.9092525243759155
        }
    }
}