{
    "plddts": {
        "model_1_pred_0": 77.86274158698741,
        "model_2_pred_0": 77.7653747623477,
        "model_3_pred_0": 78.70912475245828,
        "model_4_pred_0": 79.20428880843741,
        "model_5_pred_0": 78.54847713015685
    },
    "order": [
        "model_4_pred_0",
        "model_3_pred_0",
        "model_5_pred_0",
        "model_1_pred_0",
        "model_2_pred_0"
    ]
}