{
    "confidence_score": 0.5924341082572937,
    "ptm": 0.45784932374954224,
    "iptm": 0.0,
    "ligand_iptm": 0.0,
    "protein_iptm": 0.0,
    "complex_plddt": 0.7405426502227783,
    "complex_iplddt": 0.0,
    "complex_pde": 1.3188632726669312,
    "complex_ipde": 0.0,
    "chains_ptm": {
        "0": 0.45784932374954224
    },
    "pair_chains_iptm": {
        "0": {
            "0": 0.45784932374954224
        }
    }
}