{
    "confidence_score": 0.4038834571838379,
    "ptm": 0.24697345495224,
    "iptm": 0.0,
    "ligand_iptm": 0.0,
    "protein_iptm": 0.0,
    "complex_plddt": 0.5048543214797974,
    "complex_iplddt": 0.0,
    "complex_pde": 3.1884727478027344,
    "complex_ipde": 0.0,
    "chains_ptm": {
        "0": 0.24697345495224
    },
    "pair_chains_iptm": {
        "0": {
            "0": 0.24697345495224
        }
    }
}