{
    "confidence_score": 0.6972634792327881,
    "ptm": 0.9032840132713318,
    "iptm": 0.0,
    "ligand_iptm": 0.0,
    "protein_iptm": 0.0,
    "complex_plddt": 0.8715793490409851,
    "complex_iplddt": 0.0,
    "complex_pde": 0.5005018711090088,
    "complex_ipde": 0.0,
    "chains_ptm": {
        "0": 0.9032840132713318
    },
    "pair_chains_iptm": {
        "0": {
            "0": 0.9032840132713318
        }
    }
}