{
    "confidence_score": 0.5337919592857361,
    "ptm": 0.34463971853256226,
    "iptm": 0.0,
    "ligand_iptm": 0.0,
    "protein_iptm": 0.0,
    "complex_plddt": 0.6672399640083313,
    "complex_iplddt": 0.0,
    "complex_pde": 1.9344441890716553,
    "complex_ipde": 0.0,
    "chains_ptm": {
        "0": 0.34463971853256226
    },
    "pair_chains_iptm": {
        "0": {
            "0": 0.34463971853256226
        }
    }
}