{
    "confidence_score": 0.7008509039878845,
    "ptm": 0.7872986197471619,
    "iptm": 0.0,
    "ligand_iptm": 0.0,
    "protein_iptm": 0.0,
    "complex_plddt": 0.8760635852813721,
    "complex_iplddt": 0.0,
    "complex_pde": 0.5951736569404602,
    "complex_ipde": 0.0,
    "chains_ptm": {
        "0": 0.7872986197471619
    },
    "pair_chains_iptm": {
        "0": {
            "0": 0.7872986197471619
        }
    }
}