{
    "confidence_score": 0.6743711829185486,
    "ptm": 0.8376928567886353,
    "iptm": 0.0,
    "ligand_iptm": 0.0,
    "protein_iptm": 0.0,
    "complex_plddt": 0.8429639339447021,
    "complex_iplddt": 0.0,
    "complex_pde": 0.6750029921531677,
    "complex_ipde": 0.0,
    "chains_ptm": {
        "0": 0.8376928567886353
    },
    "pair_chains_iptm": {
        "0": {
            "0": 0.8376928567886353
        }
    }
}