{
    "confidence_score": 0.6716994047164917,
    "ptm": 0.7010351419448853,
    "iptm": 0.0,
    "ligand_iptm": 0.0,
    "protein_iptm": 0.0,
    "complex_plddt": 0.8396242260932922,
    "complex_iplddt": 0.0,
    "complex_pde": 0.6647523641586304,
    "complex_ipde": 0.0,
    "chains_ptm": {
        "0": 0.7010351419448853
    },
    "pair_chains_iptm": {
        "0": {
            "0": 0.7010351419448853
        }
    }
}