{
    "confidence_score": 0.7466962337493896,
    "ptm": 0.9059371948242188,
    "iptm": 0.0,
    "ligand_iptm": 0.0,
    "protein_iptm": 0.0,
    "complex_plddt": 0.9333702921867371,
    "complex_iplddt": 0.0,
    "complex_pde": 0.6303802132606506,
    "complex_ipde": 0.0,
    "chains_ptm": {
        "0": 0.9059371948242188
    },
    "pair_chains_iptm": {
        "0": {
            "0": 0.9059371948242188
        }
    }
}