{
    "confidence_score": 0.6593295931816101,
    "ptm": 0.5258501768112183,
    "iptm": 0.0,
    "ligand_iptm": 0.0,
    "protein_iptm": 0.0,
    "complex_plddt": 0.8241620063781738,
    "complex_iplddt": 0.0,
    "complex_pde": 0.7124093174934387,
    "complex_ipde": 0.0,
    "chains_ptm": {
        "0": 0.5258501768112183
    },
    "pair_chains_iptm": {
        "0": {
            "0": 0.5258501768112183
        }
    }
}