{
    "confidence_score": 0.6673587560653687,
    "ptm": 0.8969160318374634,
    "iptm": 0.0,
    "ligand_iptm": 0.0,
    "protein_iptm": 0.0,
    "complex_plddt": 0.8341984152793884,
    "complex_iplddt": 0.0,
    "complex_pde": 0.42424264550209045,
    "complex_ipde": 0.0,
    "chains_ptm": {
        "0": 0.8969160318374634
    },
    "pair_chains_iptm": {
        "0": {
            "0": 0.8969160318374634
        }
    }
}