{
    "confidence_score": 0.5746978521347046,
    "ptm": 0.8415107131004333,
    "iptm": 0.0,
    "ligand_iptm": 0.0,
    "protein_iptm": 0.0,
    "complex_plddt": 0.7183722853660583,
    "complex_iplddt": 0.0,
    "complex_pde": 0.8533533811569214,
    "complex_ipde": 0.0,
    "chains_ptm": {
        "0": 0.8415107131004333
    },
    "pair_chains_iptm": {
        "0": {
            "0": 0.8415107131004333
        }
    }
}