{
    "confidence_score": 0.6038435697555542,
    "ptm": 0.5421727895736694,
    "iptm": 0.0,
    "ligand_iptm": 0.0,
    "protein_iptm": 0.0,
    "complex_plddt": 0.7548044323921204,
    "complex_iplddt": 0.0,
    "complex_pde": 1.5358662605285645,
    "complex_ipde": 0.0,
    "chains_ptm": {
        "0": 0.5421727895736694
    },
    "pair_chains_iptm": {
        "0": {
            "0": 0.5421727895736694
        }
    }
}