{
    "confidence_score": 0.6150466203689575,
    "ptm": 0.8495659232139587,
    "iptm": 0.0,
    "ligand_iptm": 0.0,
    "protein_iptm": 0.0,
    "complex_plddt": 0.7688082456588745,
    "complex_iplddt": 0.0,
    "complex_pde": 0.7294977903366089,
    "complex_ipde": 0.0,
    "chains_ptm": {
        "0": 0.8495659232139587
    },
    "pair_chains_iptm": {
        "0": {
            "0": 0.8495659232139587
        }
    }
}