{
    "confidence_score": 0.5235568881034851,
    "ptm": 0.5021037459373474,
    "iptm": 0.0,
    "ligand_iptm": 0.0,
    "protein_iptm": 0.0,
    "complex_plddt": 0.6544461250305176,
    "complex_iplddt": 0.0,
    "complex_pde": 1.3386311531066895,
    "complex_ipde": 0.0,
    "chains_ptm": {
        "0": 0.5021037459373474
    },
    "pair_chains_iptm": {
        "0": {
            "0": 0.5021037459373474
        }
    }
}