{
    "confidence_score": 0.7627549767494202,
    "ptm": 0.9668878316879272,
    "iptm": 0.0,
    "ligand_iptm": 0.0,
    "protein_iptm": 0.0,
    "complex_plddt": 0.953443706035614,
    "complex_iplddt": 0.0,
    "complex_pde": 0.3116036355495453,
    "complex_ipde": 0.0,
    "chains_ptm": {
        "0": 0.9668878316879272
    },
    "pair_chains_iptm": {
        "0": {
            "0": 0.9668878316879272
        }
    }
}