{
    "confidence_score": 0.43994030356407166,
    "ptm": 0.14630894362926483,
    "iptm": 0.0,
    "ligand_iptm": 0.0,
    "protein_iptm": 0.0,
    "complex_plddt": 0.5499253869056702,
    "complex_iplddt": 0.0,
    "complex_pde": 2.654428243637085,
    "complex_ipde": 0.0,
    "chains_ptm": {
        "0": 0.14630894362926483
    },
    "pair_chains_iptm": {
        "0": {
            "0": 0.14630894362926483
        }
    }
}