{
    "confidence_score": 0.6736771464347839,
    "ptm": 0.8427726626396179,
    "iptm": 0.0,
    "ligand_iptm": 0.0,
    "protein_iptm": 0.0,
    "complex_plddt": 0.8420964479446411,
    "complex_iplddt": 0.0,
    "complex_pde": 0.4774906039237976,
    "complex_ipde": 0.0,
    "chains_ptm": {
        "0": 0.8427726626396179
    },
    "pair_chains_iptm": {
        "0": {
            "0": 0.8427726626396179
        }
    }
}