{
    "confidence_score": 0.6708768606185913,
    "ptm": 0.7833185791969299,
    "iptm": 0.0,
    "ligand_iptm": 0.0,
    "protein_iptm": 0.0,
    "complex_plddt": 0.8385960459709167,
    "complex_iplddt": 0.0,
    "complex_pde": 0.8045777678489685,
    "complex_ipde": 0.0,
    "chains_ptm": {
        "0": 0.7833185791969299
    },
    "pair_chains_iptm": {
        "0": {
            "0": 0.7833185791969299
        }
    }
}