{
    "confidence_score": 0.7330787777900696,
    "ptm": 0.904756486415863,
    "iptm": 0.0,
    "ligand_iptm": 0.0,
    "protein_iptm": 0.0,
    "complex_plddt": 0.9163484573364258,
    "complex_iplddt": 0.0,
    "complex_pde": 0.43652039766311646,
    "complex_ipde": 0.0,
    "chains_ptm": {
        "0": 0.904756486415863
    },
    "pair_chains_iptm": {
        "0": {
            "0": 0.904756486415863
        }
    }
}