{
    "confidence_score": 0.453904390335083,
    "ptm": 0.38912433385849,
    "iptm": 0.0,
    "ligand_iptm": 0.0,
    "protein_iptm": 0.0,
    "complex_plddt": 0.5673804879188538,
    "complex_iplddt": 0.0,
    "complex_pde": 2.1713874340057373,
    "complex_ipde": 0.0,
    "chains_ptm": {
        "0": 0.38912433385849
    },
    "pair_chains_iptm": {
        "0": {
            "0": 0.38912433385849
        }
    }
}