{
    "confidence_score": 0.5086180567741394,
    "ptm": 0.49243035912513733,
    "iptm": 0.0,
    "ligand_iptm": 0.0,
    "protein_iptm": 0.0,
    "complex_plddt": 0.6357725858688354,
    "complex_iplddt": 0.0,
    "complex_pde": 2.040414810180664,
    "complex_ipde": 0.0,
    "chains_ptm": {
        "0": 0.49243035912513733
    },
    "pair_chains_iptm": {
        "0": {
            "0": 0.49243035912513733
        }
    }
}