{
    "confidence_score": 0.7235291600227356,
    "ptm": 0.8995428085327148,
    "iptm": 0.0,
    "ligand_iptm": 0.0,
    "protein_iptm": 0.0,
    "complex_plddt": 0.9044114351272583,
    "complex_iplddt": 0.0,
    "complex_pde": 0.4233700931072235,
    "complex_ipde": 0.0,
    "chains_ptm": {
        "0": 0.8995428085327148
    },
    "pair_chains_iptm": {
        "0": {
            "0": 0.8995428085327148
        }
    }
}