{
    "confidence_score": 0.6815508008003235,
    "ptm": 0.8568094968795776,
    "iptm": 0.0,
    "ligand_iptm": 0.0,
    "protein_iptm": 0.0,
    "complex_plddt": 0.8519384860992432,
    "complex_iplddt": 0.0,
    "complex_pde": 0.5510790348052979,
    "complex_ipde": 0.0,
    "chains_ptm": {
        "0": 0.8568094968795776
    },
    "pair_chains_iptm": {
        "0": {
            "0": 0.8568094968795776
        }
    }
}