{
    "confidence_score": 0.7171189188957214,
    "ptm": 0.773181676864624,
    "iptm": 0.0,
    "ligand_iptm": 0.0,
    "protein_iptm": 0.0,
    "complex_plddt": 0.896398663520813,
    "complex_iplddt": 0.0,
    "complex_pde": 0.5028184652328491,
    "complex_ipde": 0.0,
    "chains_ptm": {
        "0": 0.773181676864624
    },
    "pair_chains_iptm": {
        "0": {
            "0": 0.773181676864624
        }
    }
}