{
    "confidence_score": 0.7120845317840576,
    "ptm": 0.9081171751022339,
    "iptm": 0.0,
    "ligand_iptm": 0.0,
    "protein_iptm": 0.0,
    "complex_plddt": 0.890105664730072,
    "complex_iplddt": 0.0,
    "complex_pde": 0.4434514343738556,
    "complex_ipde": 0.0,
    "chains_ptm": {
        "0": 0.9081171751022339
    },
    "pair_chains_iptm": {
        "0": {
            "0": 0.9081171751022339
        }
    }
}