{
    "confidence_score": 0.5753661394119263,
    "ptm": 0.36564159393310547,
    "iptm": 0.0,
    "ligand_iptm": 0.0,
    "protein_iptm": 0.0,
    "complex_plddt": 0.7192076444625854,
    "complex_iplddt": 0.0,
    "complex_pde": 0.8343372941017151,
    "complex_ipde": 0.0,
    "chains_ptm": {
        "0": 0.36564159393310547
    },
    "pair_chains_iptm": {
        "0": {
            "0": 0.36564159393310547
        }
    }
}