{
    "confidence_score": 0.6360787153244019,
    "ptm": 0.823181688785553,
    "iptm": 0.0,
    "ligand_iptm": 0.0,
    "protein_iptm": 0.0,
    "complex_plddt": 0.7950983643531799,
    "complex_iplddt": 0.0,
    "complex_pde": 0.7045139670372009,
    "complex_ipde": 0.0,
    "chains_ptm": {
        "0": 0.823181688785553
    },
    "pair_chains_iptm": {
        "0": {
            "0": 0.823181688785553
        }
    }
}