{
    "confidence_score": 0.43862172961235046,
    "ptm": 0.30497339367866516,
    "iptm": 0.0,
    "ligand_iptm": 0.0,
    "protein_iptm": 0.0,
    "complex_plddt": 0.5482771396636963,
    "complex_iplddt": 0.0,
    "complex_pde": 3.0377445220947266,
    "complex_ipde": 0.0,
    "chains_ptm": {
        "0": 0.30497339367866516
    },
    "pair_chains_iptm": {
        "0": {
            "0": 0.30497339367866516
        }
    }
}