{
    "confidence_score": 0.6657341718673706,
    "ptm": 0.7348063588142395,
    "iptm": 0.0,
    "ligand_iptm": 0.0,
    "protein_iptm": 0.0,
    "complex_plddt": 0.8321676850318909,
    "complex_iplddt": 0.0,
    "complex_pde": 0.6674292683601379,
    "complex_ipde": 0.0,
    "chains_ptm": {
        "0": 0.7348063588142395
    },
    "pair_chains_iptm": {
        "0": {
            "0": 0.7348063588142395
        }
    }
}