{
    "confidence_score": 0.41245388984680176,
    "ptm": 0.27577540278434753,
    "iptm": 0.0,
    "ligand_iptm": 0.0,
    "protein_iptm": 0.0,
    "complex_plddt": 0.5155673623085022,
    "complex_iplddt": 0.0,
    "complex_pde": 2.19244122505188,
    "complex_ipde": 0.0,
    "chains_ptm": {
        "0": 0.27577540278434753
    },
    "pair_chains_iptm": {
        "0": {
            "0": 0.27577540278434753
        }
    }
}