{
    "features": 4901.327186584473,
    "process_features_model_1_pred_0": 11.41915774345398,
    "predict_and_compile_model_1_pred_0": 382.2323842048645,
    "process_features_model_2_pred_0": 13.504687070846558,
    "predict_and_compile_model_2_pred_0": 349.5087983608246,
    "process_features_model_3_pred_0": 10.490294218063354,
    "predict_and_compile_model_3_pred_0": 318.8750674724579,
    "process_features_model_4_pred_0": 11.854399681091309,
    "predict_and_compile_model_4_pred_0": 318.0966041088104,
    "process_features_model_5_pred_0": 11.319149732589722,
    "predict_and_compile_model_5_pred_0": 293.0464963912964,
    "relax_model_1_pred_0": 136.99128079414368
}