{
    "confidence_score": 0.511833667755127,
    "ptm": 0.5191255211830139,
    "iptm": 0.0,
    "ligand_iptm": 0.0,
    "protein_iptm": 0.0,
    "complex_plddt": 0.6397920846939087,
    "complex_iplddt": 0.0,
    "complex_pde": 1.3843640089035034,
    "complex_ipde": 0.0,
    "chains_ptm": {
        "0": 0.5191255211830139
    },
    "pair_chains_iptm": {
        "0": {
            "0": 0.5191255211830139
        }
    }
}