{
    "confidence_score": 0.5287446975708008,
    "ptm": 0.6133696436882019,
    "iptm": 0.0,
    "ligand_iptm": 0.0,
    "protein_iptm": 0.0,
    "complex_plddt": 0.660930871963501,
    "complex_iplddt": 0.0,
    "complex_pde": 1.9966129064559937,
    "complex_ipde": 0.0,
    "chains_ptm": {
        "0": 0.6133696436882019
    },
    "pair_chains_iptm": {
        "0": {
            "0": 0.6133696436882019
        }
    }
}