{
    "confidence_score": 0.5358840227127075,
    "ptm": 0.6267790198326111,
    "iptm": 0.0,
    "ligand_iptm": 0.0,
    "protein_iptm": 0.0,
    "complex_plddt": 0.669854998588562,
    "complex_iplddt": 0.0,
    "complex_pde": 0.9689055681228638,
    "complex_ipde": 0.0,
    "chains_ptm": {
        "0": 0.6267790198326111
    },
    "pair_chains_iptm": {
        "0": {
            "0": 0.6267790198326111
        }
    }
}