{
    "confidence_score": 0.7122367024421692,
    "ptm": 0.8537611365318298,
    "iptm": 0.0,
    "ligand_iptm": 0.0,
    "protein_iptm": 0.0,
    "complex_plddt": 0.8902958631515503,
    "complex_iplddt": 0.0,
    "complex_pde": 0.4552180767059326,
    "complex_ipde": 0.0,
    "chains_ptm": {
        "0": 0.8537611365318298
    },
    "pair_chains_iptm": {
        "0": {
            "0": 0.8537611365318298
        }
    }
}