{
    "confidence_score": 0.7386294007301331,
    "ptm": 0.8891812562942505,
    "iptm": 0.0,
    "ligand_iptm": 0.0,
    "protein_iptm": 0.0,
    "complex_plddt": 0.9232867360115051,
    "complex_iplddt": 0.0,
    "complex_pde": 0.48288342356681824,
    "complex_ipde": 0.0,
    "chains_ptm": {
        "0": 0.8891812562942505
    },
    "pair_chains_iptm": {
        "0": {
            "0": 0.8891812562942505
        }
    }
}