{
    "confidence_score": 0.5840425491333008,
    "ptm": 0.7148720622062683,
    "iptm": 0.0,
    "ligand_iptm": 0.0,
    "protein_iptm": 0.0,
    "complex_plddt": 0.730053186416626,
    "complex_iplddt": 0.0,
    "complex_pde": 1.384276032447815,
    "complex_ipde": 0.0,
    "chains_ptm": {
        "0": 0.7148720622062683
    },
    "pair_chains_iptm": {
        "0": {
            "0": 0.7148720622062683
        }
    }
}