{
    "features": 4761.708744287491,
    "process_features_model_1_pred_0": 12.786525011062622,
    "predict_and_compile_model_1_pred_0": 294.2163383960724,
    "process_features_model_2_pred_0": 11.107356309890747,
    "predict_and_compile_model_2_pred_0": 276.7006583213806,
    "process_features_model_3_pred_0": 10.934336185455322,
    "predict_and_compile_model_3_pred_0": 243.46844458580017,
    "process_features_model_4_pred_0": 11.4389328956604,
    "predict_and_compile_model_4_pred_0": 253.83133602142334,
    "process_features_model_5_pred_0": 11.172681093215942,
    "predict_and_compile_model_5_pred_0": 226.23137068748474,
    "relax_model_1_pred_0": 50.19615411758423
}