{
    "plddts": {
        "model_1_pred_0": 65.86572214081171,
        "model_2_pred_0": 66.7710372637411,
        "model_3_pred_0": 69.75287410098284,
        "model_4_pred_0": 69.4684702308163,
        "model_5_pred_0": 66.76312478645656
    },
    "order": [
        "model_3_pred_0",
        "model_4_pred_0",
        "model_2_pred_0",
        "model_5_pred_0",
        "model_1_pred_0"
    ]
}