{
    "features": 5115.2046620845795,
    "process_features_model_1_pred_0": 8.354461193084717,
    "predict_and_compile_model_1_pred_0": 288.65517711639404,
    "process_features_model_2_pred_0": 8.380407094955444,
    "predict_and_compile_model_2_pred_0": 265.75745010375977,
    "process_features_model_3_pred_0": 7.832725286483765,
    "predict_and_compile_model_3_pred_0": 239.17019367218018,
    "process_features_model_4_pred_0": 7.484698295593262,
    "predict_and_compile_model_4_pred_0": 234.22166204452515,
    "process_features_model_5_pred_0": 7.11893105506897,
    "predict_and_compile_model_5_pred_0": 216.9050109386444,
    "relax_model_3_pred_0": 38.35398006439209
}