{
    "confidence_score": 0.7516822814941406,
    "ptm": 0.9289118051528931,
    "iptm": 0.0,
    "ligand_iptm": 0.0,
    "protein_iptm": 0.0,
    "complex_plddt": 0.9396028518676758,
    "complex_iplddt": 0.0,
    "complex_pde": 0.3266884982585907,
    "complex_ipde": 0.0,
    "chains_ptm": {
        "0": 0.9289118051528931
    },
    "pair_chains_iptm": {
        "0": {
            "0": 0.9289118051528931
        }
    }
}