{
    "confidence_score": 0.6482333540916443,
    "ptm": 0.8024314641952515,
    "iptm": 0.0,
    "ligand_iptm": 0.0,
    "protein_iptm": 0.0,
    "complex_plddt": 0.8102916479110718,
    "complex_iplddt": 0.0,
    "complex_pde": 0.7066504955291748,
    "complex_ipde": 0.0,
    "chains_ptm": {
        "0": 0.8024314641952515
    },
    "pair_chains_iptm": {
        "0": {
            "0": 0.8024314641952515
        }
    }
}