{
    "confidence_score": 0.5437881946563721,
    "ptm": 0.5201337337493896,
    "iptm": 0.0,
    "ligand_iptm": 0.0,
    "protein_iptm": 0.0,
    "complex_plddt": 0.6797352433204651,
    "complex_iplddt": 0.0,
    "complex_pde": 2.019866466522217,
    "complex_ipde": 0.0,
    "chains_ptm": {
        "0": 0.5201337337493896
    },
    "pair_chains_iptm": {
        "0": {
            "0": 0.5201337337493896
        }
    }
}