{
    "features": 7221.4374849796295,
    "process_features_model_1_pred_0": 8.876396656036377,
    "predict_and_compile_model_1_pred_0": 352.3358006477356,
    "process_features_model_2_pred_0": 8.663925647735596,
    "predict_and_compile_model_2_pred_0": 321.2536299228668,
    "process_features_model_3_pred_0": 10.289535284042358,
    "predict_and_compile_model_3_pred_0": 295.96910524368286,
    "process_features_model_4_pred_0": 10.99455976486206,
    "predict_and_compile_model_4_pred_0": 295.43846893310547,
    "process_features_model_5_pred_0": 10.165010452270508,
    "predict_and_compile_model_5_pred_0": 278.0910713672638,
    "relax_model_4_pred_0": 59.37878942489624
}