{
    "confidence_score": 0.6748196482658386,
    "ptm": 0.9278160333633423,
    "iptm": 0.0,
    "ligand_iptm": 0.0,
    "protein_iptm": 0.0,
    "complex_plddt": 0.8435245156288147,
    "complex_iplddt": 0.0,
    "complex_pde": 0.4599163234233856,
    "complex_ipde": 0.0,
    "chains_ptm": {
        "0": 0.9278160333633423
    },
    "pair_chains_iptm": {
        "0": {
            "0": 0.9278160333633423
        }
    }
}