{
    "confidence_score": 0.693898618221283,
    "ptm": 0.9168248176574707,
    "iptm": 0.0,
    "ligand_iptm": 0.0,
    "protein_iptm": 0.0,
    "complex_plddt": 0.8673732876777649,
    "complex_iplddt": 0.0,
    "complex_pde": 0.5312658548355103,
    "complex_ipde": 0.0,
    "chains_ptm": {
        "0": 0.9168248176574707
    },
    "pair_chains_iptm": {
        "0": {
            "0": 0.9168248176574707
        }
    }
}