{
    "confidence_score": 0.6230694651603699,
    "ptm": 0.8804486989974976,
    "iptm": 0.0,
    "ligand_iptm": 0.0,
    "protein_iptm": 0.0,
    "complex_plddt": 0.7788367867469788,
    "complex_iplddt": 0.0,
    "complex_pde": 0.6155996322631836,
    "complex_ipde": 0.0,
    "chains_ptm": {
        "0": 0.8804486989974976
    },
    "pair_chains_iptm": {
        "0": {
            "0": 0.8804486989974976
        }
    }
}