{
    "confidence_score": 0.5306448340415955,
    "ptm": 0.34446054697036743,
    "iptm": 0.0,
    "ligand_iptm": 0.0,
    "protein_iptm": 0.0,
    "complex_plddt": 0.6633059978485107,
    "complex_iplddt": 0.0,
    "complex_pde": 2.4290578365325928,
    "complex_ipde": 0.0,
    "chains_ptm": {
        "0": 0.34446054697036743
    },
    "pair_chains_iptm": {
        "0": {
            "0": 0.34446054697036743
        }
    }
}