{
    "confidence_score": 0.5323082804679871,
    "ptm": 0.3564163148403168,
    "iptm": 0.0,
    "ligand_iptm": 0.0,
    "protein_iptm": 0.0,
    "complex_plddt": 0.665385365486145,
    "complex_iplddt": 0.0,
    "complex_pde": 1.2916489839553833,
    "complex_ipde": 0.0,
    "chains_ptm": {
        "0": 0.3564163148403168
    },
    "pair_chains_iptm": {
        "0": {
            "0": 0.3564163148403168
        }
    }
}