{
    "confidence_score": 0.6990142464637756,
    "ptm": 0.6661389470100403,
    "iptm": 0.0,
    "ligand_iptm": 0.0,
    "protein_iptm": 0.0,
    "complex_plddt": 0.8737677931785583,
    "complex_iplddt": 0.0,
    "complex_pde": 0.7485088109970093,
    "complex_ipde": 0.0,
    "chains_ptm": {
        "0": 0.6661389470100403
    },
    "pair_chains_iptm": {
        "0": {
            "0": 0.6661389470100403
        }
    }
}