{
    "confidence_score": 0.6580380797386169,
    "ptm": 0.7633815407752991,
    "iptm": 0.0,
    "ligand_iptm": 0.0,
    "protein_iptm": 0.0,
    "complex_plddt": 0.8225476145744324,
    "complex_iplddt": 0.0,
    "complex_pde": 1.1310759782791138,
    "complex_ipde": 0.0,
    "chains_ptm": {
        "0": 0.7633815407752991
    },
    "pair_chains_iptm": {
        "0": {
            "0": 0.7633815407752991
        }
    }
}