{
    "confidence_score": 0.4278521239757538,
    "ptm": 0.29714441299438477,
    "iptm": 0.0,
    "ligand_iptm": 0.0,
    "protein_iptm": 0.0,
    "complex_plddt": 0.5348151326179504,
    "complex_iplddt": 0.0,
    "complex_pde": 2.6054527759552,
    "complex_ipde": 0.0,
    "chains_ptm": {
        "0": 0.29714441299438477
    },
    "pair_chains_iptm": {
        "0": {
            "0": 0.29714441299438477
        }
    }
}