{
    "confidence_score": 0.6182516813278198,
    "ptm": 0.7303389310836792,
    "iptm": 0.0,
    "ligand_iptm": 0.0,
    "protein_iptm": 0.0,
    "complex_plddt": 0.7728145718574524,
    "complex_iplddt": 0.0,
    "complex_pde": 0.7394132614135742,
    "complex_ipde": 0.0,
    "chains_ptm": {
        "0": 0.7303389310836792
    },
    "pair_chains_iptm": {
        "0": {
            "0": 0.7303389310836792
        }
    }
}