{
    "confidence_score": 0.4911048114299774,
    "ptm": 0.26537153124809265,
    "iptm": 0.0,
    "ligand_iptm": 0.0,
    "protein_iptm": 0.0,
    "complex_plddt": 0.61388099193573,
    "complex_iplddt": 0.0,
    "complex_pde": 3.295511245727539,
    "complex_ipde": 0.0,
    "chains_ptm": {
        "0": 0.26537153124809265
    },
    "pair_chains_iptm": {
        "0": {
            "0": 0.26537153124809265
        }
    }
}