{
    "confidence_score": 0.44021549820899963,
    "ptm": 0.4900601804256439,
    "iptm": 0.0,
    "ligand_iptm": 0.0,
    "protein_iptm": 0.0,
    "complex_plddt": 0.550269365310669,
    "complex_iplddt": 0.0,
    "complex_pde": 2.0891454219818115,
    "complex_ipde": 0.0,
    "chains_ptm": {
        "0": 0.4900601804256439
    },
    "pair_chains_iptm": {
        "0": {
            "0": 0.4900601804256439
        }
    }
}