{
    "confidence_score": 0.6248497366905212,
    "ptm": 0.5666531324386597,
    "iptm": 0.0,
    "ligand_iptm": 0.0,
    "protein_iptm": 0.0,
    "complex_plddt": 0.7810621857643127,
    "complex_iplddt": 0.0,
    "complex_pde": 1.0104819536209106,
    "complex_ipde": 0.0,
    "chains_ptm": {
        "0": 0.5666531324386597
    },
    "pair_chains_iptm": {
        "0": {
            "0": 0.5666531324386597
        }
    }
}