{
    "confidence_score": 0.5631374716758728,
    "ptm": 0.5616647601127625,
    "iptm": 0.0,
    "ligand_iptm": 0.0,
    "protein_iptm": 0.0,
    "complex_plddt": 0.7039217948913574,
    "complex_iplddt": 0.0,
    "complex_pde": 1.463487982749939,
    "complex_ipde": 0.0,
    "chains_ptm": {
        "0": 0.5616647601127625
    },
    "pair_chains_iptm": {
        "0": {
            "0": 0.5616647601127625
        }
    }
}