{
    "confidence_score": 0.3965705931186676,
    "ptm": 0.5075822472572327,
    "iptm": 0.0,
    "ligand_iptm": 0.0,
    "protein_iptm": 0.0,
    "complex_plddt": 0.4957132339477539,
    "complex_iplddt": 0.0,
    "complex_pde": 3.2345471382141113,
    "complex_ipde": 0.0,
    "chains_ptm": {
        "0": 0.5075822472572327
    },
    "pair_chains_iptm": {
        "0": {
            "0": 0.5075822472572327
        }
    }
}