{
    "confidence_score": 0.5775241255760193,
    "ptm": 0.583868682384491,
    "iptm": 0.0,
    "ligand_iptm": 0.0,
    "protein_iptm": 0.0,
    "complex_plddt": 0.7219051122665405,
    "complex_iplddt": 0.0,
    "complex_pde": 2.0793070793151855,
    "complex_ipde": 0.0,
    "chains_ptm": {
        "0": 0.583868682384491
    },
    "pair_chains_iptm": {
        "0": {
            "0": 0.583868682384491
        }
    }
}