{
    "confidence_score": 0.7485841512680054,
    "ptm": 0.9528154730796814,
    "iptm": 0.0,
    "ligand_iptm": 0.0,
    "protein_iptm": 0.0,
    "complex_plddt": 0.9357301592826843,
    "complex_iplddt": 0.0,
    "complex_pde": 0.38355550169944763,
    "complex_ipde": 0.0,
    "chains_ptm": {
        "0": 0.9528154730796814
    },
    "pair_chains_iptm": {
        "0": {
            "0": 0.9528154730796814
        }
    }
}