{
    "confidence_score": 0.3818858861923218,
    "ptm": 0.2992057800292969,
    "iptm": 0.0,
    "ligand_iptm": 0.0,
    "protein_iptm": 0.0,
    "complex_plddt": 0.4773573577404022,
    "complex_iplddt": 0.0,
    "complex_pde": 2.7211039066314697,
    "complex_ipde": 0.0,
    "chains_ptm": {
        "0": 0.2992057800292969
    },
    "pair_chains_iptm": {
        "0": {
            "0": 0.2992057800292969
        }
    }
}