{
    "confidence_score": 0.5420727133750916,
    "ptm": 0.41588738560676575,
    "iptm": 0.0,
    "ligand_iptm": 0.0,
    "protein_iptm": 0.0,
    "complex_plddt": 0.6775909066200256,
    "complex_iplddt": 0.0,
    "complex_pde": 1.7246123552322388,
    "complex_ipde": 0.0,
    "chains_ptm": {
        "0": 0.41588738560676575
    },
    "pair_chains_iptm": {
        "0": {
            "0": 0.41588738560676575
        }
    }
}