{
    "confidence_score": 0.5734030604362488,
    "ptm": 0.7944209575653076,
    "iptm": 0.0,
    "ligand_iptm": 0.0,
    "protein_iptm": 0.0,
    "complex_plddt": 0.7167537808418274,
    "complex_iplddt": 0.0,
    "complex_pde": 0.7550070881843567,
    "complex_ipde": 0.0,
    "chains_ptm": {
        "0": 0.7944209575653076
    },
    "pair_chains_iptm": {
        "0": {
            "0": 0.7944209575653076
        }
    }
}