{
    "confidence_score": 0.6866261959075928,
    "ptm": 0.8747091889381409,
    "iptm": 0.0,
    "ligand_iptm": 0.0,
    "protein_iptm": 0.0,
    "complex_plddt": 0.858282744884491,
    "complex_iplddt": 0.0,
    "complex_pde": 0.4493574798107147,
    "complex_ipde": 0.0,
    "chains_ptm": {
        "0": 0.8747091889381409
    },
    "pair_chains_iptm": {
        "0": {
            "0": 0.8747091889381409
        }
    }
}