{
    "confidence_score": 0.6796389818191528,
    "ptm": 0.823422908782959,
    "iptm": 0.0,
    "ligand_iptm": 0.0,
    "protein_iptm": 0.0,
    "complex_plddt": 0.8495486974716187,
    "complex_iplddt": 0.0,
    "complex_pde": 0.5871870517730713,
    "complex_ipde": 0.0,
    "chains_ptm": {
        "0": 0.823422908782959
    },
    "pair_chains_iptm": {
        "0": {
            "0": 0.823422908782959
        }
    }
}