{
    "confidence_score": 0.4147484302520752,
    "ptm": 0.29877743124961853,
    "iptm": 0.0,
    "ligand_iptm": 0.0,
    "protein_iptm": 0.0,
    "complex_plddt": 0.518435537815094,
    "complex_iplddt": 0.0,
    "complex_pde": 2.77207350730896,
    "complex_ipde": 0.0,
    "chains_ptm": {
        "0": 0.29877743124961853
    },
    "pair_chains_iptm": {
        "0": {
            "0": 0.29877743124961853
        }
    }
}