{
    "confidence_score": 0.5913960337638855,
    "ptm": 0.7109302878379822,
    "iptm": 0.0,
    "ligand_iptm": 0.0,
    "protein_iptm": 0.0,
    "complex_plddt": 0.7392450571060181,
    "complex_iplddt": 0.0,
    "complex_pde": 0.8441770076751709,
    "complex_ipde": 0.0,
    "chains_ptm": {
        "0": 0.7109302878379822
    },
    "pair_chains_iptm": {
        "0": {
            "0": 0.7109302878379822
        }
    }
}