{
    "plddts": {
        "model_1_pred_0": 47.28038206054811,
        "model_2_pred_0": 41.374281962396054,
        "model_3_pred_0": 53.5604574736196,
        "model_4_pred_0": 45.02164358256258,
        "model_5_pred_0": 46.08614741802668
    },
    "order": [
        "model_3_pred_0",
        "model_1_pred_0",
        "model_5_pred_0",
        "model_4_pred_0",
        "model_2_pred_0"
    ]
}