{
    "confidence_score": 0.7269462943077087,
    "ptm": 0.9322943091392517,
    "iptm": 0.0,
    "ligand_iptm": 0.0,
    "protein_iptm": 0.0,
    "complex_plddt": 0.9086828827857971,
    "complex_iplddt": 0.0,
    "complex_pde": 0.412903368473053,
    "complex_ipde": 0.0,
    "chains_ptm": {
        "0": 0.9322943091392517
    },
    "pair_chains_iptm": {
        "0": {
            "0": 0.9322943091392517
        }
    }
}