{
    "confidence_score": 0.6195717453956604,
    "ptm": 0.6382898688316345,
    "iptm": 0.0,
    "ligand_iptm": 0.0,
    "protein_iptm": 0.0,
    "complex_plddt": 0.7744646668434143,
    "complex_iplddt": 0.0,
    "complex_pde": 1.327863097190857,
    "complex_ipde": 0.0,
    "chains_ptm": {
        "0": 0.6382898688316345
    },
    "pair_chains_iptm": {
        "0": {
            "0": 0.6382898688316345
        }
    }
}