{
    "confidence_score": 0.6677169799804688,
    "ptm": 0.8314078450202942,
    "iptm": 0.0,
    "ligand_iptm": 0.0,
    "protein_iptm": 0.0,
    "complex_plddt": 0.8346462249755859,
    "complex_iplddt": 0.0,
    "complex_pde": 0.7524413466453552,
    "complex_ipde": 0.0,
    "chains_ptm": {
        "0": 0.8314078450202942
    },
    "pair_chains_iptm": {
        "0": {
            "0": 0.8314078450202942
        }
    }
}