{
    "confidence_score": 0.5158302187919617,
    "ptm": 0.48236793279647827,
    "iptm": 0.0,
    "ligand_iptm": 0.0,
    "protein_iptm": 0.0,
    "complex_plddt": 0.6447877287864685,
    "complex_iplddt": 0.0,
    "complex_pde": 1.4678428173065186,
    "complex_ipde": 0.0,
    "chains_ptm": {
        "0": 0.48236793279647827
    },
    "pair_chains_iptm": {
        "0": {
            "0": 0.48236793279647827
        }
    }
}