{
    "confidence_score": 0.7155531644821167,
    "ptm": 0.8695493340492249,
    "iptm": 0.0,
    "ligand_iptm": 0.0,
    "protein_iptm": 0.0,
    "complex_plddt": 0.8944414258003235,
    "complex_iplddt": 0.0,
    "complex_pde": 0.47023919224739075,
    "complex_ipde": 0.0,
    "chains_ptm": {
        "0": 0.8695493340492249
    },
    "pair_chains_iptm": {
        "0": {
            "0": 0.8695493340492249
        }
    }
}