{
    "confidence_score": 0.7377962470054626,
    "ptm": 0.9353705048561096,
    "iptm": 0.0,
    "ligand_iptm": 0.0,
    "protein_iptm": 0.0,
    "complex_plddt": 0.9222453236579895,
    "complex_iplddt": 0.0,
    "complex_pde": 0.3871980309486389,
    "complex_ipde": 0.0,
    "chains_ptm": {
        "0": 0.9353705048561096
    },
    "pair_chains_iptm": {
        "0": {
            "0": 0.9353705048561096
        }
    }
}