{
    "confidence_score": 0.7526582479476929,
    "ptm": 0.957372784614563,
    "iptm": 0.0,
    "ligand_iptm": 0.0,
    "protein_iptm": 0.0,
    "complex_plddt": 0.9408227801322937,
    "complex_iplddt": 0.0,
    "complex_pde": 0.3576783835887909,
    "complex_ipde": 0.0,
    "chains_ptm": {
        "0": 0.957372784614563
    },
    "pair_chains_iptm": {
        "0": {
            "0": 0.957372784614563
        }
    }
}