{
    "confidence_score": 0.6882685422897339,
    "ptm": 0.8331657648086548,
    "iptm": 0.0,
    "ligand_iptm": 0.0,
    "protein_iptm": 0.0,
    "complex_plddt": 0.860335648059845,
    "complex_iplddt": 0.0,
    "complex_pde": 0.6302265524864197,
    "complex_ipde": 0.0,
    "chains_ptm": {
        "0": 0.8331657648086548
    },
    "pair_chains_iptm": {
        "0": {
            "0": 0.8331657648086548
        }
    }
}