{
    "confidence_score": 0.7052142024040222,
    "ptm": 0.6511613130569458,
    "iptm": 0.0,
    "ligand_iptm": 0.0,
    "protein_iptm": 0.0,
    "complex_plddt": 0.8815177083015442,
    "complex_iplddt": 0.0,
    "complex_pde": 0.5402899980545044,
    "complex_ipde": 0.0,
    "chains_ptm": {
        "0": 0.6511613130569458
    },
    "pair_chains_iptm": {
        "0": {
            "0": 0.6511613130569458
        }
    }
}