{
    "confidence_score": 0.6330524682998657,
    "ptm": 0.7022321820259094,
    "iptm": 0.0,
    "ligand_iptm": 0.0,
    "protein_iptm": 0.0,
    "complex_plddt": 0.7913155555725098,
    "complex_iplddt": 0.0,
    "complex_pde": 0.677013099193573,
    "complex_ipde": 0.0,
    "chains_ptm": {
        "0": 0.7022321820259094
    },
    "pair_chains_iptm": {
        "0": {
            "0": 0.7022321820259094
        }
    }
}