{
    "confidence_score": 0.5470057129859924,
    "ptm": 0.6451625227928162,
    "iptm": 0.0,
    "ligand_iptm": 0.0,
    "protein_iptm": 0.0,
    "complex_plddt": 0.6837571263313293,
    "complex_iplddt": 0.0,
    "complex_pde": 1.2575013637542725,
    "complex_ipde": 0.0,
    "chains_ptm": {
        "0": 0.6451625227928162
    },
    "pair_chains_iptm": {
        "0": {
            "0": 0.6451625227928162
        }
    }
}