{
    "confidence_score": 0.6971644163131714,
    "ptm": 0.8731544017791748,
    "iptm": 0.0,
    "ligand_iptm": 0.0,
    "protein_iptm": 0.0,
    "complex_plddt": 0.8714554905891418,
    "complex_iplddt": 0.0,
    "complex_pde": 0.49242034554481506,
    "complex_ipde": 0.0,
    "chains_ptm": {
        "0": 0.8731544017791748
    },
    "pair_chains_iptm": {
        "0": {
            "0": 0.8731544017791748
        }
    }
}