{
    "confidence_score": 0.626953661441803,
    "ptm": 0.7660195827484131,
    "iptm": 0.0,
    "ligand_iptm": 0.0,
    "protein_iptm": 0.0,
    "complex_plddt": 0.7836920619010925,
    "complex_iplddt": 0.0,
    "complex_pde": 0.9153415560722351,
    "complex_ipde": 0.0,
    "chains_ptm": {
        "0": 0.7660195827484131
    },
    "pair_chains_iptm": {
        "0": {
            "0": 0.7660195827484131
        }
    }
}