{
    "confidence_score": 0.6126128435134888,
    "ptm": 0.396689772605896,
    "iptm": 0.0,
    "ligand_iptm": 0.0,
    "protein_iptm": 0.0,
    "complex_plddt": 0.7657660245895386,
    "complex_iplddt": 0.0,
    "complex_pde": 1.1176658868789673,
    "complex_ipde": 0.0,
    "chains_ptm": {
        "0": 0.396689772605896
    },
    "pair_chains_iptm": {
        "0": {
            "0": 0.396689772605896
        }
    }
}