{
    "confidence_score": 0.6150268316268921,
    "ptm": 0.602497935295105,
    "iptm": 0.0,
    "ligand_iptm": 0.0,
    "protein_iptm": 0.0,
    "complex_plddt": 0.7687835097312927,
    "complex_iplddt": 0.0,
    "complex_pde": 0.9837037920951843,
    "complex_ipde": 0.0,
    "chains_ptm": {
        "0": 0.602497935295105
    },
    "pair_chains_iptm": {
        "0": {
            "0": 0.602497935295105
        }
    }
}