{
    "confidence_score": 0.7039110064506531,
    "ptm": 0.7992273569107056,
    "iptm": 0.0,
    "ligand_iptm": 0.0,
    "protein_iptm": 0.0,
    "complex_plddt": 0.8798887729644775,
    "complex_iplddt": 0.0,
    "complex_pde": 0.5338449478149414,
    "complex_ipde": 0.0,
    "chains_ptm": {
        "0": 0.7992273569107056
    },
    "pair_chains_iptm": {
        "0": {
            "0": 0.7992273569107056
        }
    }
}