{
    "confidence_score": 0.5978321433067322,
    "ptm": 0.42003557085990906,
    "iptm": 0.0,
    "ligand_iptm": 0.0,
    "protein_iptm": 0.0,
    "complex_plddt": 0.7472901344299316,
    "complex_iplddt": 0.0,
    "complex_pde": 1.4635756015777588,
    "complex_ipde": 0.0,
    "chains_ptm": {
        "0": 0.42003557085990906
    },
    "pair_chains_iptm": {
        "0": {
            "0": 0.42003557085990906
        }
    }
}