{
    "confidence_score": 0.5298123955726624,
    "ptm": 0.6060697436332703,
    "iptm": 0.0,
    "ligand_iptm": 0.0,
    "protein_iptm": 0.0,
    "complex_plddt": 0.6622654795646667,
    "complex_iplddt": 0.0,
    "complex_pde": 1.4422614574432373,
    "complex_ipde": 0.0,
    "chains_ptm": {
        "0": 0.6060697436332703
    },
    "pair_chains_iptm": {
        "0": {
            "0": 0.6060697436332703
        }
    }
}