{
    "confidence_score": 0.5376885533332825,
    "ptm": 0.5270766019821167,
    "iptm": 0.0,
    "ligand_iptm": 0.0,
    "protein_iptm": 0.0,
    "complex_plddt": 0.6721106767654419,
    "complex_iplddt": 0.0,
    "complex_pde": 1.1519861221313477,
    "complex_ipde": 0.0,
    "chains_ptm": {
        "0": 0.5270766019821167
    },
    "pair_chains_iptm": {
        "0": {
            "0": 0.5270766019821167
        }
    }
}