{
    "confidence_score": 0.42554712295532227,
    "ptm": 0.42326241731643677,
    "iptm": 0.0,
    "ligand_iptm": 0.0,
    "protein_iptm": 0.0,
    "complex_plddt": 0.5319339036941528,
    "complex_iplddt": 0.0,
    "complex_pde": 1.923959493637085,
    "complex_ipde": 0.0,
    "chains_ptm": {
        "0": 0.42326241731643677
    },
    "pair_chains_iptm": {
        "0": {
            "0": 0.42326241731643677
        }
    }
}