{
    "confidence_score": 0.7350911498069763,
    "ptm": 0.8619564771652222,
    "iptm": 0.0,
    "ligand_iptm": 0.0,
    "protein_iptm": 0.0,
    "complex_plddt": 0.9188638925552368,
    "complex_iplddt": 0.0,
    "complex_pde": 0.4127301573753357,
    "complex_ipde": 0.0,
    "chains_ptm": {
        "0": 0.8619564771652222
    },
    "pair_chains_iptm": {
        "0": {
            "0": 0.8619564771652222
        }
    }
}