{
    "confidence_score": 0.7180041670799255,
    "ptm": 0.9321632981300354,
    "iptm": 0.0,
    "ligand_iptm": 0.0,
    "protein_iptm": 0.0,
    "complex_plddt": 0.8975051641464233,
    "complex_iplddt": 0.0,
    "complex_pde": 0.3890540897846222,
    "complex_ipde": 0.0,
    "chains_ptm": {
        "0": 0.9321632981300354
    },
    "pair_chains_iptm": {
        "0": {
            "0": 0.9321632981300354
        }
    }
}