{
    "confidence_score": 0.7644526958465576,
    "ptm": 0.9462995529174805,
    "iptm": 0.0,
    "ligand_iptm": 0.0,
    "protein_iptm": 0.0,
    "complex_plddt": 0.955565869808197,
    "complex_iplddt": 0.0,
    "complex_pde": 0.32093545794487,
    "complex_ipde": 0.0,
    "chains_ptm": {
        "0": 0.9462995529174805
    },
    "pair_chains_iptm": {
        "0": {
            "0": 0.9462995529174805
        }
    }
}