{
    "confidence_score": 0.47579964995384216,
    "ptm": 0.4914870262145996,
    "iptm": 0.0,
    "ligand_iptm": 0.0,
    "protein_iptm": 0.0,
    "complex_plddt": 0.5947495698928833,
    "complex_iplddt": 0.0,
    "complex_pde": 1.4661668539047241,
    "complex_ipde": 0.0,
    "chains_ptm": {
        "0": 0.4914870262145996
    },
    "pair_chains_iptm": {
        "0": {
            "0": 0.4914870262145996
        }
    }
}