{
    "confidence_score": 0.6105484366416931,
    "ptm": 0.5999559164047241,
    "iptm": 0.0,
    "ligand_iptm": 0.0,
    "protein_iptm": 0.0,
    "complex_plddt": 0.7631855010986328,
    "complex_iplddt": 0.0,
    "complex_pde": 0.7709789872169495,
    "complex_ipde": 0.0,
    "chains_ptm": {
        "0": 0.5999559164047241
    },
    "pair_chains_iptm": {
        "0": {
            "0": 0.5999559164047241
        }
    }
}