{
    "confidence_score": 0.5935636162757874,
    "ptm": 0.7351676225662231,
    "iptm": 0.0,
    "ligand_iptm": 0.0,
    "protein_iptm": 0.0,
    "complex_plddt": 0.741954505443573,
    "complex_iplddt": 0.0,
    "complex_pde": 0.8815311193466187,
    "complex_ipde": 0.0,
    "chains_ptm": {
        "0": 0.7351676225662231
    },
    "pair_chains_iptm": {
        "0": {
            "0": 0.7351676225662231
        }
    }
}