{
    "confidence_score": 0.3689241111278534,
    "ptm": 0.3087976574897766,
    "iptm": 0.0,
    "ligand_iptm": 0.0,
    "protein_iptm": 0.0,
    "complex_plddt": 0.46115511655807495,
    "complex_iplddt": 0.0,
    "complex_pde": 2.6761937141418457,
    "complex_ipde": 0.0,
    "chains_ptm": {
        "0": 0.3087976574897766
    },
    "pair_chains_iptm": {
        "0": {
            "0": 0.3087976574897766
        }
    }
}