{
    "confidence_score": 0.7206067442893982,
    "ptm": 0.9161636233329773,
    "iptm": 0.0,
    "ligand_iptm": 0.0,
    "protein_iptm": 0.0,
    "complex_plddt": 0.9007584452629089,
    "complex_iplddt": 0.0,
    "complex_pde": 0.4917513430118561,
    "complex_ipde": 0.0,
    "chains_ptm": {
        "0": 0.9161636233329773
    },
    "pair_chains_iptm": {
        "0": {
            "0": 0.9161636233329773
        }
    }
}