{
    "confidence_score": 0.39102989435195923,
    "ptm": 0.24684648215770721,
    "iptm": 0.0,
    "ligand_iptm": 0.0,
    "protein_iptm": 0.0,
    "complex_plddt": 0.48878735303878784,
    "complex_iplddt": 0.0,
    "complex_pde": 3.2299017906188965,
    "complex_ipde": 0.0,
    "chains_ptm": {
        "0": 0.24684648215770721
    },
    "pair_chains_iptm": {
        "0": {
            "0": 0.24684648215770721
        }
    }
}