{
    "confidence_score": 0.7477927207946777,
    "ptm": 0.8963745832443237,
    "iptm": 0.0,
    "ligand_iptm": 0.0,
    "protein_iptm": 0.0,
    "complex_plddt": 0.9347409009933472,
    "complex_iplddt": 0.0,
    "complex_pde": 0.38219526410102844,
    "complex_ipde": 0.0,
    "chains_ptm": {
        "0": 0.8963745832443237
    },
    "pair_chains_iptm": {
        "0": {
            "0": 0.8963745832443237
        }
    }
}