{
    "confidence_score": 0.6723937392234802,
    "ptm": 0.714153528213501,
    "iptm": 0.0,
    "ligand_iptm": 0.0,
    "protein_iptm": 0.0,
    "complex_plddt": 0.8404921293258667,
    "complex_iplddt": 0.0,
    "complex_pde": 0.6228604912757874,
    "complex_ipde": 0.0,
    "chains_ptm": {
        "0": 0.714153528213501
    },
    "pair_chains_iptm": {
        "0": {
            "0": 0.714153528213501
        }
    }
}