{
    "confidence_score": 0.5847834944725037,
    "ptm": 0.4178721010684967,
    "iptm": 0.0,
    "ligand_iptm": 0.0,
    "protein_iptm": 0.0,
    "complex_plddt": 0.730979323387146,
    "complex_iplddt": 0.0,
    "complex_pde": 0.6331202983856201,
    "complex_ipde": 0.0,
    "chains_ptm": {
        "0": 0.4178721010684967
    },
    "pair_chains_iptm": {
        "0": {
            "0": 0.4178721010684967
        }
    }
}