{
    "confidence_score": 0.4336809813976288,
    "ptm": 0.39979127049446106,
    "iptm": 0.0,
    "ligand_iptm": 0.0,
    "protein_iptm": 0.0,
    "complex_plddt": 0.5421012043952942,
    "complex_iplddt": 0.0,
    "complex_pde": 1.6677954196929932,
    "complex_ipde": 0.0,
    "chains_ptm": {
        "0": 0.39979127049446106
    },
    "pair_chains_iptm": {
        "0": {
            "0": 0.39979127049446106
        }
    }
}