{
    "confidence_score": 0.5272932052612305,
    "ptm": 0.40909498929977417,
    "iptm": 0.0,
    "ligand_iptm": 0.0,
    "protein_iptm": 0.0,
    "complex_plddt": 0.6591165065765381,
    "complex_iplddt": 0.0,
    "complex_pde": 1.8704708814620972,
    "complex_ipde": 0.0,
    "chains_ptm": {
        "0": 0.40909498929977417
    },
    "pair_chains_iptm": {
        "0": {
            "0": 0.40909498929977417
        }
    }
}