{
    "confidence_score": 0.47578510642051697,
    "ptm": 0.279921293258667,
    "iptm": 0.0,
    "ligand_iptm": 0.0,
    "protein_iptm": 0.0,
    "complex_plddt": 0.5947313904762268,
    "complex_iplddt": 0.0,
    "complex_pde": 3.140739679336548,
    "complex_ipde": 0.0,
    "chains_ptm": {
        "0": 0.279921293258667
    },
    "pair_chains_iptm": {
        "0": {
            "0": 0.279921293258667
        }
    }
}