{
    "confidence_score": 0.7193121314048767,
    "ptm": 0.8949174284934998,
    "iptm": 0.0,
    "ligand_iptm": 0.0,
    "protein_iptm": 0.0,
    "complex_plddt": 0.8991401791572571,
    "complex_iplddt": 0.0,
    "complex_pde": 0.6133782863616943,
    "complex_ipde": 0.0,
    "chains_ptm": {
        "0": 0.8949174284934998
    },
    "pair_chains_iptm": {
        "0": {
            "0": 0.8949174284934998
        }
    }
}