{
    "confidence_score": 0.6821185946464539,
    "ptm": 0.8251054286956787,
    "iptm": 0.0,
    "ligand_iptm": 0.0,
    "protein_iptm": 0.0,
    "complex_plddt": 0.8526482582092285,
    "complex_iplddt": 0.0,
    "complex_pde": 0.9802798628807068,
    "complex_ipde": 0.0,
    "chains_ptm": {
        "0": 0.8251054286956787
    },
    "pair_chains_iptm": {
        "0": {
            "0": 0.8251054286956787
        }
    }
}