{
    "confidence_score": 0.7296627759933472,
    "ptm": 0.9319644570350647,
    "iptm": 0.0,
    "ligand_iptm": 0.0,
    "protein_iptm": 0.0,
    "complex_plddt": 0.9120784401893616,
    "complex_iplddt": 0.0,
    "complex_pde": 0.4813578426837921,
    "complex_ipde": 0.0,
    "chains_ptm": {
        "0": 0.9319644570350647
    },
    "pair_chains_iptm": {
        "0": {
            "0": 0.9319644570350647
        }
    }
}