{
    "confidence_score": 0.6347330808639526,
    "ptm": 0.7435846924781799,
    "iptm": 0.0,
    "ligand_iptm": 0.0,
    "protein_iptm": 0.0,
    "complex_plddt": 0.7934163212776184,
    "complex_iplddt": 0.0,
    "complex_pde": 0.9705051779747009,
    "complex_ipde": 0.0,
    "chains_ptm": {
        "0": 0.7435846924781799
    },
    "pair_chains_iptm": {
        "0": {
            "0": 0.7435846924781799
        }
    }
}