{
    "confidence_score": 0.7573422789573669,
    "ptm": 0.9483000636100769,
    "iptm": 0.0,
    "ligand_iptm": 0.0,
    "protein_iptm": 0.0,
    "complex_plddt": 0.9466778635978699,
    "complex_iplddt": 0.0,
    "complex_pde": 0.3273788094520569,
    "complex_ipde": 0.0,
    "chains_ptm": {
        "0": 0.9483000636100769
    },
    "pair_chains_iptm": {
        "0": {
            "0": 0.9483000636100769
        }
    }
}