{
    "confidence_score": 0.7044875025749207,
    "ptm": 0.8892694115638733,
    "iptm": 0.0,
    "ligand_iptm": 0.0,
    "protein_iptm": 0.0,
    "complex_plddt": 0.880609393119812,
    "complex_iplddt": 0.0,
    "complex_pde": 0.49456754326820374,
    "complex_ipde": 0.0,
    "chains_ptm": {
        "0": 0.8892694115638733
    },
    "pair_chains_iptm": {
        "0": {
            "0": 0.8892694115638733
        }
    }
}