{
    "confidence_score": 0.7244948744773865,
    "ptm": 0.9456937909126282,
    "iptm": 0.0,
    "ligand_iptm": 0.0,
    "protein_iptm": 0.0,
    "complex_plddt": 0.9056185483932495,
    "complex_iplddt": 0.0,
    "complex_pde": 0.40148699283599854,
    "complex_ipde": 0.0,
    "chains_ptm": {
        "0": 0.9456937909126282
    },
    "pair_chains_iptm": {
        "0": {
            "0": 0.9456937909126282
        }
    }
}