{
    "confidence_score": 0.7277463674545288,
    "ptm": 0.8941579461097717,
    "iptm": 0.0,
    "ligand_iptm": 0.0,
    "protein_iptm": 0.0,
    "complex_plddt": 0.9096829295158386,
    "complex_iplddt": 0.0,
    "complex_pde": 0.37008848786354065,
    "complex_ipde": 0.0,
    "chains_ptm": {
        "0": 0.8941579461097717
    },
    "pair_chains_iptm": {
        "0": {
            "0": 0.8941579461097717
        }
    }
}