{
    "confidence_score": 0.6125218272209167,
    "ptm": 0.7221479415893555,
    "iptm": 0.0,
    "ligand_iptm": 0.0,
    "protein_iptm": 0.0,
    "complex_plddt": 0.7656522393226624,
    "complex_iplddt": 0.0,
    "complex_pde": 0.6450347304344177,
    "complex_ipde": 0.0,
    "chains_ptm": {
        "0": 0.7221479415893555
    },
    "pair_chains_iptm": {
        "0": {
            "0": 0.7221479415893555
        }
    }
}