{
    "confidence_score": 0.5760652422904968,
    "ptm": 0.5555955171585083,
    "iptm": 0.0,
    "ligand_iptm": 0.0,
    "protein_iptm": 0.0,
    "complex_plddt": 0.7200815081596375,
    "complex_iplddt": 0.0,
    "complex_pde": 1.222055435180664,
    "complex_ipde": 0.0,
    "chains_ptm": {
        "0": 0.5555955171585083
    },
    "pair_chains_iptm": {
        "0": {
            "0": 0.5555955171585083
        }
    }
}