{
    "confidence_score": 0.692007839679718,
    "ptm": 0.7410361766815186,
    "iptm": 0.0,
    "ligand_iptm": 0.0,
    "protein_iptm": 0.0,
    "complex_plddt": 0.8650097846984863,
    "complex_iplddt": 0.0,
    "complex_pde": 0.8641640543937683,
    "complex_ipde": 0.0,
    "chains_ptm": {
        "0": 0.7410361766815186
    },
    "pair_chains_iptm": {
        "0": {
            "0": 0.7410361766815186
        }
    }
}