{
    "confidence_score": 0.660270631313324,
    "ptm": 0.824609100818634,
    "iptm": 0.0,
    "ligand_iptm": 0.0,
    "protein_iptm": 0.0,
    "complex_plddt": 0.8253382444381714,
    "complex_iplddt": 0.0,
    "complex_pde": 0.6804723143577576,
    "complex_ipde": 0.0,
    "chains_ptm": {
        "0": 0.824609100818634
    },
    "pair_chains_iptm": {
        "0": {
            "0": 0.824609100818634
        }
    }
}