{
    "plddts": {
        "model_1_pred_0": 65.99187460630945,
        "model_2_pred_0": 64.83011565922548,
        "model_3_pred_0": 71.008531956766,
        "model_4_pred_0": 67.85717384628336,
        "model_5_pred_0": 70.44341835932235
    },
    "order": [
        "model_3_pred_0",
        "model_5_pred_0",
        "model_4_pred_0",
        "model_1_pred_0",
        "model_2_pred_0"
    ]
}