{
    "features": 23285.644507169724,
    "process_features_model_1_pred_0": 28.50275421142578,
    "predict_and_compile_model_1_pred_0": 2067.6465582847595,
    "process_features_model_2_pred_0": 31.006306171417236,
    "predict_and_compile_model_2_pred_0": 1902.9948024749756,
    "process_features_model_3_pred_0": 28.505361080169678,
    "predict_and_compile_model_3_pred_0": 1796.7279994487762,
    "process_features_model_4_pred_0": 30.150426626205444,
    "predict_and_compile_model_4_pred_0": 1799.610871553421,
    "process_features_model_5_pred_0": 25.24978280067444,
    "predict_and_compile_model_5_pred_0": 1666.1266503334045,
    "relax_model_3_pred_0": 452.6388626098633
}