{
    "confidence_score": 0.5970098972320557,
    "ptm": 0.7263567447662354,
    "iptm": 0.0,
    "ligand_iptm": 0.0,
    "protein_iptm": 0.0,
    "complex_plddt": 0.7462623715400696,
    "complex_iplddt": 0.0,
    "complex_pde": 1.0454779863357544,
    "complex_ipde": 0.0,
    "chains_ptm": {
        "0": 0.7263567447662354
    },
    "pair_chains_iptm": {
        "0": {
            "0": 0.7263567447662354
        }
    }
}