{
    "confidence_score": 0.33352407813072205,
    "ptm": 0.26261818408966064,
    "iptm": 0.0,
    "ligand_iptm": 0.0,
    "protein_iptm": 0.0,
    "complex_plddt": 0.41690507531166077,
    "complex_iplddt": 0.0,
    "complex_pde": 3.9122447967529297,
    "complex_ipde": 0.0,
    "chains_ptm": {
        "0": 0.26261818408966064
    },
    "pair_chains_iptm": {
        "0": {
            "0": 0.26261818408966064
        }
    }
}