{
    "confidence_score": 0.7164215445518494,
    "ptm": 0.9223436117172241,
    "iptm": 0.0,
    "ligand_iptm": 0.0,
    "protein_iptm": 0.0,
    "complex_plddt": 0.8955268859863281,
    "complex_iplddt": 0.0,
    "complex_pde": 0.4635388255119324,
    "complex_ipde": 0.0,
    "chains_ptm": {
        "0": 0.9223436117172241
    },
    "pair_chains_iptm": {
        "0": {
            "0": 0.9223436117172241
        }
    }
}