{
    "confidence_score": 0.6831268668174744,
    "ptm": 0.8756561875343323,
    "iptm": 0.0,
    "ligand_iptm": 0.0,
    "protein_iptm": 0.0,
    "complex_plddt": 0.8539085984230042,
    "complex_iplddt": 0.0,
    "complex_pde": 0.3983267843723297,
    "complex_ipde": 0.0,
    "chains_ptm": {
        "0": 0.8756561875343323
    },
    "pair_chains_iptm": {
        "0": {
            "0": 0.8756561875343323
        }
    }
}