{
    "confidence_score": 0.6145937442779541,
    "ptm": 0.8270103931427002,
    "iptm": 0.0,
    "ligand_iptm": 0.0,
    "protein_iptm": 0.0,
    "complex_plddt": 0.7682421803474426,
    "complex_iplddt": 0.0,
    "complex_pde": 0.5680826902389526,
    "complex_ipde": 0.0,
    "chains_ptm": {
        "0": 0.8270103931427002
    },
    "pair_chains_iptm": {
        "0": {
            "0": 0.8270103931427002
        }
    }
}