{
    "confidence_score": 0.5466804504394531,
    "ptm": 0.5605325102806091,
    "iptm": 0.0,
    "ligand_iptm": 0.0,
    "protein_iptm": 0.0,
    "complex_plddt": 0.6833505630493164,
    "complex_iplddt": 0.0,
    "complex_pde": 1.508844256401062,
    "complex_ipde": 0.0,
    "chains_ptm": {
        "0": 0.5605325102806091
    },
    "pair_chains_iptm": {
        "0": {
            "0": 0.5605325102806091
        }
    }
}