{
    "confidence_score": 0.7059435844421387,
    "ptm": 0.7960276007652283,
    "iptm": 0.0,
    "ligand_iptm": 0.0,
    "protein_iptm": 0.0,
    "complex_plddt": 0.8824294805526733,
    "complex_iplddt": 0.0,
    "complex_pde": 0.5905163884162903,
    "complex_ipde": 0.0,
    "chains_ptm": {
        "0": 0.7960276007652283
    },
    "pair_chains_iptm": {
        "0": {
            "0": 0.7960276007652283
        }
    }
}