{
    "confidence_score": 0.3489517569541931,
    "ptm": 0.2155938744544983,
    "iptm": 0.0,
    "ligand_iptm": 0.0,
    "protein_iptm": 0.0,
    "complex_plddt": 0.4361896812915802,
    "complex_iplddt": 0.0,
    "complex_pde": 3.1052703857421875,
    "complex_ipde": 0.0,
    "chains_ptm": {
        "0": 0.2155938744544983
    },
    "pair_chains_iptm": {
        "0": {
            "0": 0.2155938744544983
        }
    }
}