{
    "confidence_score": 0.5384148955345154,
    "ptm": 0.3612493574619293,
    "iptm": 0.0,
    "ligand_iptm": 0.0,
    "protein_iptm": 0.0,
    "complex_plddt": 0.6730185747146606,
    "complex_iplddt": 0.0,
    "complex_pde": 2.015256881713867,
    "complex_ipde": 0.0,
    "chains_ptm": {
        "0": 0.3612493574619293
    },
    "pair_chains_iptm": {
        "0": {
            "0": 0.3612493574619293
        }
    }
}