{
    "confidence_score": 0.7499043345451355,
    "ptm": 0.8676741123199463,
    "iptm": 0.0,
    "ligand_iptm": 0.0,
    "protein_iptm": 0.0,
    "complex_plddt": 0.9373804330825806,
    "complex_iplddt": 0.0,
    "complex_pde": 0.3197188377380371,
    "complex_ipde": 0.0,
    "chains_ptm": {
        "0": 0.8676741123199463
    },
    "pair_chains_iptm": {
        "0": {
            "0": 0.8676741123199463
        }
    }
}