{
    "confidence_score": 0.7480196356773376,
    "ptm": 0.9525290727615356,
    "iptm": 0.0,
    "ligand_iptm": 0.0,
    "protein_iptm": 0.0,
    "complex_plddt": 0.9350244998931885,
    "complex_iplddt": 0.0,
    "complex_pde": 0.3407473862171173,
    "complex_ipde": 0.0,
    "chains_ptm": {
        "0": 0.9525290727615356
    },
    "pair_chains_iptm": {
        "0": {
            "0": 0.9525290727615356
        }
    }
}