{
    "confidence_score": 0.532319188117981,
    "ptm": 0.336974173784256,
    "iptm": 0.0,
    "ligand_iptm": 0.0,
    "protein_iptm": 0.0,
    "complex_plddt": 0.6653989553451538,
    "complex_iplddt": 0.0,
    "complex_pde": 1.5903879404067993,
    "complex_ipde": 0.0,
    "chains_ptm": {
        "0": 0.336974173784256
    },
    "pair_chains_iptm": {
        "0": {
            "0": 0.336974173784256
        }
    }
}