{
    "confidence_score": 0.7484881281852722,
    "ptm": 0.7654069066047668,
    "iptm": 0.0,
    "ligand_iptm": 0.0,
    "protein_iptm": 0.0,
    "complex_plddt": 0.9356101155281067,
    "complex_iplddt": 0.0,
    "complex_pde": 0.33666089177131653,
    "complex_ipde": 0.0,
    "chains_ptm": {
        "0": 0.7654069066047668
    },
    "pair_chains_iptm": {
        "0": {
            "0": 0.7654069066047668
        }
    }
}