{
    "confidence_score": 0.6605930924415588,
    "ptm": 0.5367616415023804,
    "iptm": 0.0,
    "ligand_iptm": 0.0,
    "protein_iptm": 0.0,
    "complex_plddt": 0.8257413506507874,
    "complex_iplddt": 0.0,
    "complex_pde": 0.535499632358551,
    "complex_ipde": 0.0,
    "chains_ptm": {
        "0": 0.5367616415023804
    },
    "pair_chains_iptm": {
        "0": {
            "0": 0.5367616415023804
        }
    }
}