{
    "confidence_score": 0.7391815781593323,
    "ptm": 0.923035204410553,
    "iptm": 0.0,
    "ligand_iptm": 0.0,
    "protein_iptm": 0.0,
    "complex_plddt": 0.9239769577980042,
    "complex_iplddt": 0.0,
    "complex_pde": 0.3746694326400757,
    "complex_ipde": 0.0,
    "chains_ptm": {
        "0": 0.923035204410553
    },
    "pair_chains_iptm": {
        "0": {
            "0": 0.923035204410553
        }
    }
}