{
    "confidence_score": 0.7178847193717957,
    "ptm": 0.9238196015357971,
    "iptm": 0.0,
    "ligand_iptm": 0.0,
    "protein_iptm": 0.0,
    "complex_plddt": 0.897355854511261,
    "complex_iplddt": 0.0,
    "complex_pde": 0.41165128350257874,
    "complex_ipde": 0.0,
    "chains_ptm": {
        "0": 0.9238196015357971
    },
    "pair_chains_iptm": {
        "0": {
            "0": 0.9238196015357971
        }
    }
}