{
    "confidence_score": 0.713769793510437,
    "ptm": 0.9064069390296936,
    "iptm": 0.0,
    "ligand_iptm": 0.0,
    "protein_iptm": 0.0,
    "complex_plddt": 0.8922122120857239,
    "complex_iplddt": 0.0,
    "complex_pde": 0.48637208342552185,
    "complex_ipde": 0.0,
    "chains_ptm": {
        "0": 0.9064069390296936
    },
    "pair_chains_iptm": {
        "0": {
            "0": 0.9064069390296936
        }
    }
}