{
    "confidence_score": 0.738209068775177,
    "ptm": 0.9195480942726135,
    "iptm": 0.0,
    "ligand_iptm": 0.0,
    "protein_iptm": 0.0,
    "complex_plddt": 0.9227613210678101,
    "complex_iplddt": 0.0,
    "complex_pde": 0.35473307967185974,
    "complex_ipde": 0.0,
    "chains_ptm": {
        "0": 0.9195480942726135
    },
    "pair_chains_iptm": {
        "0": {
            "0": 0.9195480942726135
        }
    }
}