{
    "confidence_score": 0.5571051836013794,
    "ptm": 0.3885076940059662,
    "iptm": 0.0,
    "ligand_iptm": 0.0,
    "protein_iptm": 0.0,
    "complex_plddt": 0.6963814496994019,
    "complex_iplddt": 0.0,
    "complex_pde": 1.1190288066864014,
    "complex_ipde": 0.0,
    "chains_ptm": {
        "0": 0.3885076940059662
    },
    "pair_chains_iptm": {
        "0": {
            "0": 0.3885076940059662
        }
    }
}