{
    "confidence_score": 0.7072992324829102,
    "ptm": 0.8781778216362,
    "iptm": 0.0,
    "ligand_iptm": 0.0,
    "protein_iptm": 0.0,
    "complex_plddt": 0.8841240406036377,
    "complex_iplddt": 0.0,
    "complex_pde": 0.6594129204750061,
    "complex_ipde": 0.0,
    "chains_ptm": {
        "0": 0.8781778216362
    },
    "pair_chains_iptm": {
        "0": {
            "0": 0.8781778216362
        }
    }
}