{
    "confidence_score": 0.583919882774353,
    "ptm": 0.6586484909057617,
    "iptm": 0.0,
    "ligand_iptm": 0.0,
    "protein_iptm": 0.0,
    "complex_plddt": 0.7298998236656189,
    "complex_iplddt": 0.0,
    "complex_pde": 1.0032087564468384,
    "complex_ipde": 0.0,
    "chains_ptm": {
        "0": 0.6586484909057617
    },
    "pair_chains_iptm": {
        "0": {
            "0": 0.6586484909057617
        }
    }
}