{
    "confidence_score": 0.642986536026001,
    "ptm": 0.8363749980926514,
    "iptm": 0.0,
    "ligand_iptm": 0.0,
    "protein_iptm": 0.0,
    "complex_plddt": 0.8037331700325012,
    "complex_iplddt": 0.0,
    "complex_pde": 0.7533061504364014,
    "complex_ipde": 0.0,
    "chains_ptm": {
        "0": 0.8363749980926514
    },
    "pair_chains_iptm": {
        "0": {
            "0": 0.8363749980926514
        }
    }
}