{
    "confidence_score": 0.590733528137207,
    "ptm": 0.5795838236808777,
    "iptm": 0.0,
    "ligand_iptm": 0.0,
    "protein_iptm": 0.0,
    "complex_plddt": 0.7384169101715088,
    "complex_iplddt": 0.0,
    "complex_pde": 1.5446255207061768,
    "complex_ipde": 0.0,
    "chains_ptm": {
        "0": 0.5795838236808777
    },
    "pair_chains_iptm": {
        "0": {
            "0": 0.5795838236808777
        }
    }
}