{
    "plddts": {
        "model_1_pred_0": 79.554059611577,
        "model_2_pred_0": 76.36782806781345,
        "model_3_pred_0": 79.14573335259774,
        "model_4_pred_0": 80.69112942903678,
        "model_5_pred_0": 78.25018921479538
    },
    "order": [
        "model_4_pred_0",
        "model_1_pred_0",
        "model_3_pred_0",
        "model_5_pred_0",
        "model_2_pred_0"
    ]
}