{
    "features": 2200.0163762569427,
    "process_features_model_1_pred_0": 1.6018662452697754,
    "predict_and_compile_model_1_pred_0": 396.4123024940491,
    "process_features_model_2_pred_0": 1.862800121307373,
    "predict_and_compile_model_2_pred_0": 374.12007188796997,
    "process_features_model_3_pred_0": 1.2872095108032227,
    "predict_and_compile_model_3_pred_0": 346.07880187034607,
    "process_features_model_4_pred_0": 1.3739831447601318,
    "predict_and_compile_model_4_pred_0": 349.25166630744934,
    "process_features_model_5_pred_0": 1.330646276473999,
    "predict_and_compile_model_5_pred_0": 316.84848189353943,
    "relax_model_4_pred_0": 88.89423274993896
}