{
    "plddts": {
        "model_1_pred_0": 55.54456204886465,
        "model_2_pred_0": 54.14902891373422,
        "model_3_pred_0": 55.275410950732415,
        "model_4_pred_0": 53.67625042638633,
        "model_5_pred_0": 59.20602963332524
    },
    "order": [
        "model_5_pred_0",
        "model_1_pred_0",
        "model_3_pred_0",
        "model_2_pred_0",
        "model_4_pred_0"
    ]
}