{
    "confidence_score": 0.6226844191551208,
    "ptm": 0.7252404093742371,
    "iptm": 0.0,
    "ligand_iptm": 0.0,
    "protein_iptm": 0.0,
    "complex_plddt": 0.7783555388450623,
    "complex_iplddt": 0.0,
    "complex_pde": 1.2977434396743774,
    "complex_ipde": 0.0,
    "chains_ptm": {
        "0": 0.7252404093742371
    },
    "pair_chains_iptm": {
        "0": {
            "0": 0.7252404093742371
        }
    }
}