{
    "confidence_score": 0.7760701179504395,
    "ptm": 0.9636417627334595,
    "iptm": 0.0,
    "ligand_iptm": 0.0,
    "protein_iptm": 0.0,
    "complex_plddt": 0.9700876474380493,
    "complex_iplddt": 0.0,
    "complex_pde": 0.28121381998062134,
    "complex_ipde": 0.0,
    "chains_ptm": {
        "0": 0.9636417627334595
    },
    "pair_chains_iptm": {
        "0": {
            "0": 0.9636417627334595
        }
    }
}