{
    "confidence_score": 0.7076987028121948,
    "ptm": 0.8692721128463745,
    "iptm": 0.0,
    "ligand_iptm": 0.0,
    "protein_iptm": 0.0,
    "complex_plddt": 0.8846233487129211,
    "complex_iplddt": 0.0,
    "complex_pde": 0.4974082410335541,
    "complex_ipde": 0.0,
    "chains_ptm": {
        "0": 0.8692721128463745
    },
    "pair_chains_iptm": {
        "0": {
            "0": 0.8692721128463745
        }
    }
}