{
    "confidence_score": 0.6202298998832703,
    "ptm": 0.3935665190219879,
    "iptm": 0.0,
    "ligand_iptm": 0.0,
    "protein_iptm": 0.0,
    "complex_plddt": 0.775287389755249,
    "complex_iplddt": 0.0,
    "complex_pde": 0.6913453340530396,
    "complex_ipde": 0.0,
    "chains_ptm": {
        "0": 0.3935665190219879
    },
    "pair_chains_iptm": {
        "0": {
            "0": 0.3935665190219879
        }
    }
}