{
    "confidence_score": 0.7209663391113281,
    "ptm": 0.9294469952583313,
    "iptm": 0.0,
    "ligand_iptm": 0.0,
    "protein_iptm": 0.0,
    "complex_plddt": 0.9012079238891602,
    "complex_iplddt": 0.0,
    "complex_pde": 0.4248920679092407,
    "complex_ipde": 0.0,
    "chains_ptm": {
        "0": 0.9294469952583313
    },
    "pair_chains_iptm": {
        "0": {
            "0": 0.9294469952583313
        }
    }
}