{
    "confidence_score": 0.5549464225769043,
    "ptm": 0.48198243975639343,
    "iptm": 0.0,
    "ligand_iptm": 0.0,
    "protein_iptm": 0.0,
    "complex_plddt": 0.6936830282211304,
    "complex_iplddt": 0.0,
    "complex_pde": 2.1965441703796387,
    "complex_ipde": 0.0,
    "chains_ptm": {
        "0": 0.48198243975639343
    },
    "pair_chains_iptm": {
        "0": {
            "0": 0.48198243975639343
        }
    }
}