{
    "confidence_score": 0.6131764054298401,
    "ptm": 0.7502228021621704,
    "iptm": 0.0,
    "ligand_iptm": 0.0,
    "protein_iptm": 0.0,
    "complex_plddt": 0.7664704918861389,
    "complex_iplddt": 0.0,
    "complex_pde": 1.1069709062576294,
    "complex_ipde": 0.0,
    "chains_ptm": {
        "0": 0.7502228021621704
    },
    "pair_chains_iptm": {
        "0": {
            "0": 0.7502228021621704
        }
    }
}