{
    "confidence_score": 0.7260045409202576,
    "ptm": 0.8569274544715881,
    "iptm": 0.0,
    "ligand_iptm": 0.0,
    "protein_iptm": 0.0,
    "complex_plddt": 0.9075056314468384,
    "complex_iplddt": 0.0,
    "complex_pde": 0.4324626326560974,
    "complex_ipde": 0.0,
    "chains_ptm": {
        "0": 0.8569274544715881
    },
    "pair_chains_iptm": {
        "0": {
            "0": 0.8569274544715881
        }
    }
}