{
    "confidence_score": 0.415149062871933,
    "ptm": 0.25851890444755554,
    "iptm": 0.0,
    "ligand_iptm": 0.0,
    "protein_iptm": 0.0,
    "complex_plddt": 0.5189363360404968,
    "complex_iplddt": 0.0,
    "complex_pde": 2.819687843322754,
    "complex_ipde": 0.0,
    "chains_ptm": {
        "0": 0.25851890444755554
    },
    "pair_chains_iptm": {
        "0": {
            "0": 0.25851890444755554
        }
    }
}