{
    "confidence_score": 0.6288137435913086,
    "ptm": 0.7904486656188965,
    "iptm": 0.0,
    "ligand_iptm": 0.0,
    "protein_iptm": 0.0,
    "complex_plddt": 0.7860171794891357,
    "complex_iplddt": 0.0,
    "complex_pde": 0.5915059447288513,
    "complex_ipde": 0.0,
    "chains_ptm": {
        "0": 0.7904486656188965
    },
    "pair_chains_iptm": {
        "0": {
            "0": 0.7904486656188965
        }
    }
}