{
    "confidence_score": 0.49781161546707153,
    "ptm": 0.6948694586753845,
    "iptm": 0.0,
    "ligand_iptm": 0.0,
    "protein_iptm": 0.0,
    "complex_plddt": 0.6222645044326782,
    "complex_iplddt": 0.0,
    "complex_pde": 2.021005392074585,
    "complex_ipde": 0.0,
    "chains_ptm": {
        "0": 0.6948694586753845
    },
    "pair_chains_iptm": {
        "0": {
            "0": 0.6948694586753845
        }
    }
}