{
    "confidence_score": 0.4077393710613251,
    "ptm": 0.3939012885093689,
    "iptm": 0.0,
    "ligand_iptm": 0.0,
    "protein_iptm": 0.0,
    "complex_plddt": 0.5096741914749146,
    "complex_iplddt": 0.0,
    "complex_pde": 2.88708758354187,
    "complex_ipde": 0.0,
    "chains_ptm": {
        "0": 0.3939012885093689
    },
    "pair_chains_iptm": {
        "0": {
            "0": 0.3939012885093689
        }
    }
}