{
    "features": 6509.486130952835,
    "process_features_model_1_pred_0": 9.35130500793457,
    "predict_and_compile_model_1_pred_0": 296.6653037071228,
    "process_features_model_2_pred_0": 9.184702634811401,
    "predict_and_compile_model_2_pred_0": 272.2151141166687,
    "process_features_model_3_pred_0": 8.601044416427612,
    "predict_and_compile_model_3_pred_0": 250.19196200370789,
    "process_features_model_4_pred_0": 8.251418352127075,
    "predict_and_compile_model_4_pred_0": 246.9864706993103,
    "process_features_model_5_pred_0": 8.067624807357788,
    "predict_and_compile_model_5_pred_0": 230.62377166748047,
    "relax_model_3_pred_0": 89.15000224113464
}