{
    "confidence_score": 0.6356723308563232,
    "ptm": 0.5721473693847656,
    "iptm": 0.0,
    "ligand_iptm": 0.0,
    "protein_iptm": 0.0,
    "complex_plddt": 0.794590413570404,
    "complex_iplddt": 0.0,
    "complex_pde": 0.7985753417015076,
    "complex_ipde": 0.0,
    "chains_ptm": {
        "0": 0.5721473693847656
    },
    "pair_chains_iptm": {
        "0": {
            "0": 0.5721473693847656
        }
    }
}