{
    "confidence_score": 0.7295376062393188,
    "ptm": 0.9411152601242065,
    "iptm": 0.0,
    "ligand_iptm": 0.0,
    "protein_iptm": 0.0,
    "complex_plddt": 0.9119219779968262,
    "complex_iplddt": 0.0,
    "complex_pde": 0.3695965111255646,
    "complex_ipde": 0.0,
    "chains_ptm": {
        "0": 0.9411152601242065
    },
    "pair_chains_iptm": {
        "0": {
            "0": 0.9411152601242065
        }
    }
}