{
    "confidence_score": 0.6363033652305603,
    "ptm": 0.7370630502700806,
    "iptm": 0.0,
    "ligand_iptm": 0.0,
    "protein_iptm": 0.0,
    "complex_plddt": 0.7953792214393616,
    "complex_iplddt": 0.0,
    "complex_pde": 0.9413718581199646,
    "complex_ipde": 0.0,
    "chains_ptm": {
        "0": 0.7370630502700806
    },
    "pair_chains_iptm": {
        "0": {
            "0": 0.7370630502700806
        }
    }
}