{
    "confidence_score": 0.47308778762817383,
    "ptm": 0.2662120759487152,
    "iptm": 0.0,
    "ligand_iptm": 0.0,
    "protein_iptm": 0.0,
    "complex_plddt": 0.5913597345352173,
    "complex_iplddt": 0.0,
    "complex_pde": 1.659529209136963,
    "complex_ipde": 0.0,
    "chains_ptm": {
        "0": 0.2662120759487152
    },
    "pair_chains_iptm": {
        "0": {
            "0": 0.2662120759487152
        }
    }
}