{
    "confidence_score": 0.6012311577796936,
    "ptm": 0.7512263655662537,
    "iptm": 0.0,
    "ligand_iptm": 0.0,
    "protein_iptm": 0.0,
    "complex_plddt": 0.7515389323234558,
    "complex_iplddt": 0.0,
    "complex_pde": 1.3586288690567017,
    "complex_ipde": 0.0,
    "chains_ptm": {
        "0": 0.7512263655662537
    },
    "pair_chains_iptm": {
        "0": {
            "0": 0.7512263655662537
        }
    }
}