{
    "confidence_score": 0.7409811019897461,
    "ptm": 0.9083868861198425,
    "iptm": 0.0,
    "ligand_iptm": 0.0,
    "protein_iptm": 0.0,
    "complex_plddt": 0.9262263774871826,
    "complex_iplddt": 0.0,
    "complex_pde": 0.33043619990348816,
    "complex_ipde": 0.0,
    "chains_ptm": {
        "0": 0.9083868861198425
    },
    "pair_chains_iptm": {
        "0": {
            "0": 0.9083868861198425
        }
    }
}