{
    "confidence_score": 0.7072844505310059,
    "ptm": 0.8344643712043762,
    "iptm": 0.0,
    "ligand_iptm": 0.0,
    "protein_iptm": 0.0,
    "complex_plddt": 0.8841055631637573,
    "complex_iplddt": 0.0,
    "complex_pde": 0.6559717655181885,
    "complex_ipde": 0.0,
    "chains_ptm": {
        "0": 0.8344643712043762
    },
    "pair_chains_iptm": {
        "0": {
            "0": 0.8344643712043762
        }
    }
}