{
    "confidence_score": 0.5926312208175659,
    "ptm": 0.676981508731842,
    "iptm": 0.0,
    "ligand_iptm": 0.0,
    "protein_iptm": 0.0,
    "complex_plddt": 0.740788996219635,
    "complex_iplddt": 0.0,
    "complex_pde": 1.245572566986084,
    "complex_ipde": 0.0,
    "chains_ptm": {
        "0": 0.676981508731842
    },
    "pair_chains_iptm": {
        "0": {
            "0": 0.676981508731842
        }
    }
}