{
    "confidence_score": 0.6341658234596252,
    "ptm": 0.5049417018890381,
    "iptm": 0.0,
    "ligand_iptm": 0.0,
    "protein_iptm": 0.0,
    "complex_plddt": 0.7927072644233704,
    "complex_iplddt": 0.0,
    "complex_pde": 1.5400378704071045,
    "complex_ipde": 0.0,
    "chains_ptm": {
        "0": 0.5049417018890381
    },
    "pair_chains_iptm": {
        "0": {
            "0": 0.5049417018890381
        }
    }
}