{
    "confidence_score": 0.6455902457237244,
    "ptm": 0.4276457130908966,
    "iptm": 0.0,
    "ligand_iptm": 0.0,
    "protein_iptm": 0.0,
    "complex_plddt": 0.8069878220558167,
    "complex_iplddt": 0.0,
    "complex_pde": 2.14414119720459,
    "complex_ipde": 0.0,
    "chains_ptm": {
        "0": 0.4276457130908966
    },
    "pair_chains_iptm": {
        "0": {
            "0": 0.4276457130908966
        }
    }
}