{
    "confidence_score": 0.7411304116249084,
    "ptm": 0.9624928832054138,
    "iptm": 0.0,
    "ligand_iptm": 0.0,
    "protein_iptm": 0.0,
    "complex_plddt": 0.9264129996299744,
    "complex_iplddt": 0.0,
    "complex_pde": 0.3614445626735687,
    "complex_ipde": 0.0,
    "chains_ptm": {
        "0": 0.9624928832054138
    },
    "pair_chains_iptm": {
        "0": {
            "0": 0.9624928832054138
        }
    }
}