{
    "plddts": {
        "model_1_pred_0": 68.98056569175594,
        "model_2_pred_0": 67.01070756189101,
        "model_3_pred_0": 69.23983841207527,
        "model_4_pred_0": 68.1792163866559,
        "model_5_pred_0": 65.78044250891602
    },
    "order": [
        "model_3_pred_0",
        "model_1_pred_0",
        "model_4_pred_0",
        "model_2_pred_0",
        "model_5_pred_0"
    ]
}