{
    "features": 8063.281995534897,
    "process_features_model_1_pred_0": 2.68007230758667,
    "predict_and_compile_model_1_pred_0": 134.77954268455505,
    "process_features_model_2_pred_0": 2.2241005897521973,
    "predict_and_compile_model_2_pred_0": 125.59313416481018,
    "process_features_model_3_pred_0": 1.9183473587036133,
    "predict_and_compile_model_3_pred_0": 108.29837465286255,
    "process_features_model_4_pred_0": 2.0715391635894775,
    "predict_and_compile_model_4_pred_0": 107.20284008979797,
    "process_features_model_5_pred_0": 2.000168561935425,
    "predict_and_compile_model_5_pred_0": 102.16934967041016,
    "relax_model_3_pred_0": 21.644829988479614
}