{
    "confidence_score": 0.5056852102279663,
    "ptm": 0.3880763351917267,
    "iptm": 0.0,
    "ligand_iptm": 0.0,
    "protein_iptm": 0.0,
    "complex_plddt": 0.6321064829826355,
    "complex_iplddt": 0.0,
    "complex_pde": 1.8907129764556885,
    "complex_ipde": 0.0,
    "chains_ptm": {
        "0": 0.3880763351917267
    },
    "pair_chains_iptm": {
        "0": {
            "0": 0.3880763351917267
        }
    }
}