{
    "confidence_score": 0.6925967335700989,
    "ptm": 0.7915473580360413,
    "iptm": 0.0,
    "ligand_iptm": 0.0,
    "protein_iptm": 0.0,
    "complex_plddt": 0.8657459020614624,
    "complex_iplddt": 0.0,
    "complex_pde": 0.5520609617233276,
    "complex_ipde": 0.0,
    "chains_ptm": {
        "0": 0.7915473580360413
    },
    "pair_chains_iptm": {
        "0": {
            "0": 0.7915473580360413
        }
    }
}