{
    "confidence_score": 0.6977596879005432,
    "ptm": 0.8132576942443848,
    "iptm": 0.0,
    "ligand_iptm": 0.0,
    "protein_iptm": 0.0,
    "complex_plddt": 0.8721995949745178,
    "complex_iplddt": 0.0,
    "complex_pde": 0.5401086807250977,
    "complex_ipde": 0.0,
    "chains_ptm": {
        "0": 0.8132576942443848
    },
    "pair_chains_iptm": {
        "0": {
            "0": 0.8132576942443848
        }
    }
}