{
    "confidence_score": 0.5630974769592285,
    "ptm": 0.6007155179977417,
    "iptm": 0.0,
    "ligand_iptm": 0.0,
    "protein_iptm": 0.0,
    "complex_plddt": 0.7038718461990356,
    "complex_iplddt": 0.0,
    "complex_pde": 1.075775384902954,
    "complex_ipde": 0.0,
    "chains_ptm": {
        "0": 0.6007155179977417
    },
    "pair_chains_iptm": {
        "0": {
            "0": 0.6007155179977417
        }
    }
}