{
    "confidence_score": 0.6931208372116089,
    "ptm": 0.8896644711494446,
    "iptm": 0.0,
    "ligand_iptm": 0.0,
    "protein_iptm": 0.0,
    "complex_plddt": 0.8664010167121887,
    "complex_iplddt": 0.0,
    "complex_pde": 0.6341371536254883,
    "complex_ipde": 0.0,
    "chains_ptm": {
        "0": 0.8896644711494446
    },
    "pair_chains_iptm": {
        "0": {
            "0": 0.8896644711494446
        }
    }
}