{
    "confidence_score": 0.7020930051803589,
    "ptm": 0.8375925421714783,
    "iptm": 0.0,
    "ligand_iptm": 0.0,
    "protein_iptm": 0.0,
    "complex_plddt": 0.8776162266731262,
    "complex_iplddt": 0.0,
    "complex_pde": 0.6150636076927185,
    "complex_ipde": 0.0,
    "chains_ptm": {
        "0": 0.8375925421714783
    },
    "pair_chains_iptm": {
        "0": {
            "0": 0.8375925421714783
        }
    }
}