{
    "confidence_score": 0.7100086212158203,
    "ptm": 0.9343904256820679,
    "iptm": 0.0,
    "ligand_iptm": 0.0,
    "protein_iptm": 0.0,
    "complex_plddt": 0.8875107765197754,
    "complex_iplddt": 0.0,
    "complex_pde": 0.4534997344017029,
    "complex_ipde": 0.0,
    "chains_ptm": {
        "0": 0.9343904256820679
    },
    "pair_chains_iptm": {
        "0": {
            "0": 0.9343904256820679
        }
    }
}