{
    "plddts": {
        "model_1_pred_0": 40.99302968327275,
        "model_2_pred_0": 38.079910780191,
        "model_3_pred_0": 40.587053255139644,
        "model_4_pred_0": 36.743599269645316,
        "model_5_pred_0": 39.14539558227603
    },
    "order": [
        "model_1_pred_0",
        "model_3_pred_0",
        "model_5_pred_0",
        "model_2_pred_0",
        "model_4_pred_0"
    ]
}