{
    "confidence_score": 0.5976606011390686,
    "ptm": 0.8454151749610901,
    "iptm": 0.0,
    "ligand_iptm": 0.0,
    "protein_iptm": 0.0,
    "complex_plddt": 0.7470757365226746,
    "complex_iplddt": 0.0,
    "complex_pde": 0.4887595474720001,
    "complex_ipde": 0.0,
    "chains_ptm": {
        "0": 0.8454151749610901
    },
    "pair_chains_iptm": {
        "0": {
            "0": 0.8454151749610901
        }
    }
}