{
    "confidence_score": 0.5616884231567383,
    "ptm": 0.5368043780326843,
    "iptm": 0.0,
    "ligand_iptm": 0.0,
    "protein_iptm": 0.0,
    "complex_plddt": 0.7021105289459229,
    "complex_iplddt": 0.0,
    "complex_pde": 1.790497899055481,
    "complex_ipde": 0.0,
    "chains_ptm": {
        "0": 0.5368043780326843
    },
    "pair_chains_iptm": {
        "0": {
            "0": 0.5368043780326843
        }
    }
}