{
    "confidence_score": 0.537581205368042,
    "ptm": 0.4654140770435333,
    "iptm": 0.0,
    "ligand_iptm": 0.0,
    "protein_iptm": 0.0,
    "complex_plddt": 0.6719765067100525,
    "complex_iplddt": 0.0,
    "complex_pde": 1.4803951978683472,
    "complex_ipde": 0.0,
    "chains_ptm": {
        "0": 0.4654140770435333
    },
    "pair_chains_iptm": {
        "0": {
            "0": 0.4654140770435333
        }
    }
}