{
    "confidence_score": 0.4988005757331848,
    "ptm": 0.2973698675632477,
    "iptm": 0.0,
    "ligand_iptm": 0.0,
    "protein_iptm": 0.0,
    "complex_plddt": 0.6235007047653198,
    "complex_iplddt": 0.0,
    "complex_pde": 3.5558040142059326,
    "complex_ipde": 0.0,
    "chains_ptm": {
        "0": 0.2973698675632477
    },
    "pair_chains_iptm": {
        "0": {
            "0": 0.2973698675632477
        }
    }
}