{
    "confidence_score": 0.49268513917922974,
    "ptm": 0.29063647985458374,
    "iptm": 0.0,
    "ligand_iptm": 0.0,
    "protein_iptm": 0.0,
    "complex_plddt": 0.615856409072876,
    "complex_iplddt": 0.0,
    "complex_pde": 1.330338954925537,
    "complex_ipde": 0.0,
    "chains_ptm": {
        "0": 0.29063647985458374
    },
    "pair_chains_iptm": {
        "0": {
            "0": 0.29063647985458374
        }
    }
}