{
    "confidence_score": 0.7443422675132751,
    "ptm": 0.9371957182884216,
    "iptm": 0.0,
    "ligand_iptm": 0.0,
    "protein_iptm": 0.0,
    "complex_plddt": 0.9304278492927551,
    "complex_iplddt": 0.0,
    "complex_pde": 0.34955960512161255,
    "complex_ipde": 0.0,
    "chains_ptm": {
        "0": 0.9371957182884216
    },
    "pair_chains_iptm": {
        "0": {
            "0": 0.9371957182884216
        }
    }
}