{
    "confidence_score": 0.6532958149909973,
    "ptm": 0.8769959211349487,
    "iptm": 0.0,
    "ligand_iptm": 0.0,
    "protein_iptm": 0.0,
    "complex_plddt": 0.8166197538375854,
    "complex_iplddt": 0.0,
    "complex_pde": 0.886287271976471,
    "complex_ipde": 0.0,
    "chains_ptm": {
        "0": 0.8769959211349487
    },
    "pair_chains_iptm": {
        "0": {
            "0": 0.8769959211349487
        }
    }
}