{
    "confidence_score": 0.7372490763664246,
    "ptm": 0.9386693239212036,
    "iptm": 0.0,
    "ligand_iptm": 0.0,
    "protein_iptm": 0.0,
    "complex_plddt": 0.9215613603591919,
    "complex_iplddt": 0.0,
    "complex_pde": 0.37846094369888306,
    "complex_ipde": 0.0,
    "chains_ptm": {
        "0": 0.9386693239212036
    },
    "pair_chains_iptm": {
        "0": {
            "0": 0.9386693239212036
        }
    }
}