{
    "confidence_score": 0.7708876729011536,
    "ptm": 0.9641289114952087,
    "iptm": 0.0,
    "ligand_iptm": 0.0,
    "protein_iptm": 0.0,
    "complex_plddt": 0.9636095762252808,
    "complex_iplddt": 0.0,
    "complex_pde": 0.2972152531147003,
    "complex_ipde": 0.0,
    "chains_ptm": {
        "0": 0.9641289114952087
    },
    "pair_chains_iptm": {
        "0": {
            "0": 0.9641289114952087
        }
    }
}