{
    "confidence_score": 0.49884364008903503,
    "ptm": 0.6307851672172546,
    "iptm": 0.0,
    "ligand_iptm": 0.0,
    "protein_iptm": 0.0,
    "complex_plddt": 0.623554527759552,
    "complex_iplddt": 0.0,
    "complex_pde": 1.6234794855117798,
    "complex_ipde": 0.0,
    "chains_ptm": {
        "0": 0.6307851672172546
    },
    "pair_chains_iptm": {
        "0": {
            "0": 0.6307851672172546
        }
    }
}