{
    "confidence_score": 0.4495619237422943,
    "ptm": 0.5216175317764282,
    "iptm": 0.0,
    "ligand_iptm": 0.0,
    "protein_iptm": 0.0,
    "complex_plddt": 0.5619524121284485,
    "complex_iplddt": 0.0,
    "complex_pde": 1.8177993297576904,
    "complex_ipde": 0.0,
    "chains_ptm": {
        "0": 0.5216175317764282
    },
    "pair_chains_iptm": {
        "0": {
            "0": 0.5216175317764282
        }
    }
}