{
    "confidence_score": 0.44613924622535706,
    "ptm": 0.34931257367134094,
    "iptm": 0.0,
    "ligand_iptm": 0.0,
    "protein_iptm": 0.0,
    "complex_plddt": 0.5576740503311157,
    "complex_iplddt": 0.0,
    "complex_pde": 2.3829634189605713,
    "complex_ipde": 0.0,
    "chains_ptm": {
        "0": 0.34931257367134094
    },
    "pair_chains_iptm": {
        "0": {
            "0": 0.34931257367134094
        }
    }
}