{
    "confidence_score": 0.6496267318725586,
    "ptm": 0.7849046587944031,
    "iptm": 0.0,
    "ligand_iptm": 0.0,
    "protein_iptm": 0.0,
    "complex_plddt": 0.8120334148406982,
    "complex_iplddt": 0.0,
    "complex_pde": 0.8082747459411621,
    "complex_ipde": 0.0,
    "chains_ptm": {
        "0": 0.7849046587944031
    },
    "pair_chains_iptm": {
        "0": {
            "0": 0.7849046587944031
        }
    }
}