{
    "confidence_score": 0.7287768721580505,
    "ptm": 0.8160297274589539,
    "iptm": 0.0,
    "ligand_iptm": 0.0,
    "protein_iptm": 0.0,
    "complex_plddt": 0.9109711050987244,
    "complex_iplddt": 0.0,
    "complex_pde": 0.41935211420059204,
    "complex_ipde": 0.0,
    "chains_ptm": {
        "0": 0.8160297274589539
    },
    "pair_chains_iptm": {
        "0": {
            "0": 0.8160297274589539
        }
    }
}