{
    "confidence_score": 0.4834415018558502,
    "ptm": 0.435873806476593,
    "iptm": 0.0,
    "ligand_iptm": 0.0,
    "protein_iptm": 0.0,
    "complex_plddt": 0.6043018698692322,
    "complex_iplddt": 0.0,
    "complex_pde": 2.364274740219116,
    "complex_ipde": 0.0,
    "chains_ptm": {
        "0": 0.435873806476593
    },
    "pair_chains_iptm": {
        "0": {
            "0": 0.435873806476593
        }
    }
}