{
    "confidence_score": 0.5647292137145996,
    "ptm": 0.5296912789344788,
    "iptm": 0.0,
    "ligand_iptm": 0.0,
    "protein_iptm": 0.0,
    "complex_plddt": 0.7059115171432495,
    "complex_iplddt": 0.0,
    "complex_pde": 1.3845510482788086,
    "complex_ipde": 0.0,
    "chains_ptm": {
        "0": 0.5296912789344788
    },
    "pair_chains_iptm": {
        "0": {
            "0": 0.5296912789344788
        }
    }
}