{
    "confidence_score": 0.4113751947879791,
    "ptm": 0.3081376850605011,
    "iptm": 0.0,
    "ligand_iptm": 0.0,
    "protein_iptm": 0.0,
    "complex_plddt": 0.5142189860343933,
    "complex_iplddt": 0.0,
    "complex_pde": 2.2173831462860107,
    "complex_ipde": 0.0,
    "chains_ptm": {
        "0": 0.3081376850605011
    },
    "pair_chains_iptm": {
        "0": {
            "0": 0.3081376850605011
        }
    }
}