{
    "confidence_score": 0.6645691394805908,
    "ptm": 0.564372181892395,
    "iptm": 0.0,
    "ligand_iptm": 0.0,
    "protein_iptm": 0.0,
    "complex_plddt": 0.8307114243507385,
    "complex_iplddt": 0.0,
    "complex_pde": 0.6344732642173767,
    "complex_ipde": 0.0,
    "chains_ptm": {
        "0": 0.564372181892395
    },
    "pair_chains_iptm": {
        "0": {
            "0": 0.564372181892395
        }
    }
}