{
    "confidence_score": 0.632978618144989,
    "ptm": 0.8159229159355164,
    "iptm": 0.0,
    "ligand_iptm": 0.0,
    "protein_iptm": 0.0,
    "complex_plddt": 0.7912232875823975,
    "complex_iplddt": 0.0,
    "complex_pde": 0.623890221118927,
    "complex_ipde": 0.0,
    "chains_ptm": {
        "0": 0.8159229159355164
    },
    "pair_chains_iptm": {
        "0": {
            "0": 0.8159229159355164
        }
    }
}