{
    "confidence_score": 0.47254714369773865,
    "ptm": 0.4945141077041626,
    "iptm": 0.0,
    "ligand_iptm": 0.0,
    "protein_iptm": 0.0,
    "complex_plddt": 0.5906839370727539,
    "complex_iplddt": 0.0,
    "complex_pde": 2.613600254058838,
    "complex_ipde": 0.0,
    "chains_ptm": {
        "0": 0.4945141077041626
    },
    "pair_chains_iptm": {
        "0": {
            "0": 0.4945141077041626
        }
    }
}