{
    "confidence_score": 0.40212082862854004,
    "ptm": 0.3091201186180115,
    "iptm": 0.0,
    "ligand_iptm": 0.0,
    "protein_iptm": 0.0,
    "complex_plddt": 0.502651035785675,
    "complex_iplddt": 0.0,
    "complex_pde": 2.355959415435791,
    "complex_ipde": 0.0,
    "chains_ptm": {
        "0": 0.3091201186180115
    },
    "pair_chains_iptm": {
        "0": {
            "0": 0.3091201186180115
        }
    }
}