{
    "confidence_score": 0.734996497631073,
    "ptm": 0.953265905380249,
    "iptm": 0.0,
    "ligand_iptm": 0.0,
    "protein_iptm": 0.0,
    "complex_plddt": 0.9187456369400024,
    "complex_iplddt": 0.0,
    "complex_pde": 0.39579933881759644,
    "complex_ipde": 0.0,
    "chains_ptm": {
        "0": 0.953265905380249
    },
    "pair_chains_iptm": {
        "0": {
            "0": 0.953265905380249
        }
    }
}