{
    "confidence_score": 0.6977086067199707,
    "ptm": 0.8632299900054932,
    "iptm": 0.0,
    "ligand_iptm": 0.0,
    "protein_iptm": 0.0,
    "complex_plddt": 0.8721357583999634,
    "complex_iplddt": 0.0,
    "complex_pde": 0.5304579138755798,
    "complex_ipde": 0.0,
    "chains_ptm": {
        "0": 0.8632299900054932
    },
    "pair_chains_iptm": {
        "0": {
            "0": 0.8632299900054932
        }
    }
}