{
    "confidence_score": 0.5405033826828003,
    "ptm": 0.6807385087013245,
    "iptm": 0.0,
    "ligand_iptm": 0.0,
    "protein_iptm": 0.0,
    "complex_plddt": 0.675629198551178,
    "complex_iplddt": 0.0,
    "complex_pde": 1.6045262813568115,
    "complex_ipde": 0.0,
    "chains_ptm": {
        "0": 0.6807385087013245
    },
    "pair_chains_iptm": {
        "0": {
            "0": 0.6807385087013245
        }
    }
}