{
    "confidence_score": 0.5407680869102478,
    "ptm": 0.5220049619674683,
    "iptm": 0.0,
    "ligand_iptm": 0.0,
    "protein_iptm": 0.0,
    "complex_plddt": 0.675960123538971,
    "complex_iplddt": 0.0,
    "complex_pde": 1.141996145248413,
    "complex_ipde": 0.0,
    "chains_ptm": {
        "0": 0.5220049619674683
    },
    "pair_chains_iptm": {
        "0": {
            "0": 0.5220049619674683
        }
    }
}