{
    "confidence_score": 0.5497943758964539,
    "ptm": 0.42857038974761963,
    "iptm": 0.0,
    "ligand_iptm": 0.0,
    "protein_iptm": 0.0,
    "complex_plddt": 0.6872429251670837,
    "complex_iplddt": 0.0,
    "complex_pde": 1.3037358522415161,
    "complex_ipde": 0.0,
    "chains_ptm": {
        "0": 0.42857038974761963
    },
    "pair_chains_iptm": {
        "0": {
            "0": 0.42857038974761963
        }
    }
}