{
    "confidence_score": 0.6351842284202576,
    "ptm": 0.7922503352165222,
    "iptm": 0.0,
    "ligand_iptm": 0.0,
    "protein_iptm": 0.0,
    "complex_plddt": 0.7939803004264832,
    "complex_iplddt": 0.0,
    "complex_pde": 0.9650897979736328,
    "complex_ipde": 0.0,
    "chains_ptm": {
        "0": 0.7922503352165222
    },
    "pair_chains_iptm": {
        "0": {
            "0": 0.7922503352165222
        }
    }
}