{
    "confidence_score": 0.6237477660179138,
    "ptm": 0.7405889630317688,
    "iptm": 0.0,
    "ligand_iptm": 0.0,
    "protein_iptm": 0.0,
    "complex_plddt": 0.7796846628189087,
    "complex_iplddt": 0.0,
    "complex_pde": 1.1060526371002197,
    "complex_ipde": 0.0,
    "chains_ptm": {
        "0": 0.7405889630317688
    },
    "pair_chains_iptm": {
        "0": {
            "0": 0.7405889630317688
        }
    }
}