{
    "confidence_score": 0.6737226843833923,
    "ptm": 0.895963728427887,
    "iptm": 0.0,
    "ligand_iptm": 0.0,
    "protein_iptm": 0.0,
    "complex_plddt": 0.8421533703804016,
    "complex_iplddt": 0.0,
    "complex_pde": 0.5355464220046997,
    "complex_ipde": 0.0,
    "chains_ptm": {
        "0": 0.895963728427887
    },
    "pair_chains_iptm": {
        "0": {
            "0": 0.895963728427887
        }
    }
}