{
    "confidence_score": 0.6608012318611145,
    "ptm": 0.8232906460762024,
    "iptm": 0.0,
    "ligand_iptm": 0.0,
    "protein_iptm": 0.0,
    "complex_plddt": 0.8260015249252319,
    "complex_iplddt": 0.0,
    "complex_pde": 0.566053032875061,
    "complex_ipde": 0.0,
    "chains_ptm": {
        "0": 0.8232906460762024
    },
    "pair_chains_iptm": {
        "0": {
            "0": 0.8232906460762024
        }
    }
}