{
    "plddts": {
        "model_1_pred_0": 80.63076257517473,
        "model_2_pred_0": 79.01494869458384,
        "model_3_pred_0": 79.54906967628557,
        "model_4_pred_0": 79.90396368108208,
        "model_5_pred_0": 78.5025078541092
    },
    "order": [
        "model_1_pred_0",
        "model_4_pred_0",
        "model_3_pred_0",
        "model_2_pred_0",
        "model_5_pred_0"
    ]
}