{
    "confidence_score": 0.6449873447418213,
    "ptm": 0.8207221031188965,
    "iptm": 0.0,
    "ligand_iptm": 0.0,
    "protein_iptm": 0.0,
    "complex_plddt": 0.8062341809272766,
    "complex_iplddt": 0.0,
    "complex_pde": 0.7766258716583252,
    "complex_ipde": 0.0,
    "chains_ptm": {
        "0": 0.8207221031188965
    },
    "pair_chains_iptm": {
        "0": {
            "0": 0.8207221031188965
        }
    }
}