{
    "confidence_score": 0.5625163316726685,
    "ptm": 0.8186874985694885,
    "iptm": 0.0,
    "ligand_iptm": 0.0,
    "protein_iptm": 0.0,
    "complex_plddt": 0.7031453847885132,
    "complex_iplddt": 0.0,
    "complex_pde": 1.4771047830581665,
    "complex_ipde": 0.0,
    "chains_ptm": {
        "0": 0.8186874985694885
    },
    "pair_chains_iptm": {
        "0": {
            "0": 0.8186874985694885
        }
    }
}