{
    "confidence_score": 0.7046499848365784,
    "ptm": 0.8977828621864319,
    "iptm": 0.0,
    "ligand_iptm": 0.0,
    "protein_iptm": 0.0,
    "complex_plddt": 0.8808124661445618,
    "complex_iplddt": 0.0,
    "complex_pde": 0.5233635306358337,
    "complex_ipde": 0.0,
    "chains_ptm": {
        "0": 0.8977828621864319
    },
    "pair_chains_iptm": {
        "0": {
            "0": 0.8977828621864319
        }
    }
}