{
    "confidence_score": 0.6444041132926941,
    "ptm": 0.6468042135238647,
    "iptm": 0.0,
    "ligand_iptm": 0.0,
    "protein_iptm": 0.0,
    "complex_plddt": 0.8055051565170288,
    "complex_iplddt": 0.0,
    "complex_pde": 0.876822292804718,
    "complex_ipde": 0.0,
    "chains_ptm": {
        "0": 0.6468042135238647
    },
    "pair_chains_iptm": {
        "0": {
            "0": 0.6468042135238647
        }
    }
}