{
    "confidence_score": 0.4727427661418915,
    "ptm": 0.28977206349372864,
    "iptm": 0.0,
    "ligand_iptm": 0.0,
    "protein_iptm": 0.0,
    "complex_plddt": 0.5909284353256226,
    "complex_iplddt": 0.0,
    "complex_pde": 2.0672717094421387,
    "complex_ipde": 0.0,
    "chains_ptm": {
        "0": 0.28977206349372864
    },
    "pair_chains_iptm": {
        "0": {
            "0": 0.28977206349372864
        }
    }
}