{
    "confidence_score": 0.40611931681632996,
    "ptm": 0.34402233362197876,
    "iptm": 0.0,
    "ligand_iptm": 0.0,
    "protein_iptm": 0.0,
    "complex_plddt": 0.5076491236686707,
    "complex_iplddt": 0.0,
    "complex_pde": 2.3718512058258057,
    "complex_ipde": 0.0,
    "chains_ptm": {
        "0": 0.34402233362197876
    },
    "pair_chains_iptm": {
        "0": {
            "0": 0.34402233362197876
        }
    }
}