{
    "confidence_score": 0.6780771613121033,
    "ptm": 0.8381739854812622,
    "iptm": 0.0,
    "ligand_iptm": 0.0,
    "protein_iptm": 0.0,
    "complex_plddt": 0.8475964665412903,
    "complex_iplddt": 0.0,
    "complex_pde": 0.5707099437713623,
    "complex_ipde": 0.0,
    "chains_ptm": {
        "0": 0.8381739854812622
    },
    "pair_chains_iptm": {
        "0": {
            "0": 0.8381739854812622
        }
    }
}