{
    "confidence_score": 0.7463768124580383,
    "ptm": 0.9415690302848816,
    "iptm": 0.0,
    "ligand_iptm": 0.0,
    "protein_iptm": 0.0,
    "complex_plddt": 0.9329710006713867,
    "complex_iplddt": 0.0,
    "complex_pde": 0.38106614351272583,
    "complex_ipde": 0.0,
    "chains_ptm": {
        "0": 0.9415690302848816
    },
    "pair_chains_iptm": {
        "0": {
            "0": 0.9415690302848816
        }
    }
}