{
    "confidence_score": 0.6253396272659302,
    "ptm": 0.737840473651886,
    "iptm": 0.0,
    "ligand_iptm": 0.0,
    "protein_iptm": 0.0,
    "complex_plddt": 0.7816745042800903,
    "complex_iplddt": 0.0,
    "complex_pde": 0.4914955496788025,
    "complex_ipde": 0.0,
    "chains_ptm": {
        "0": 0.737840473651886
    },
    "pair_chains_iptm": {
        "0": {
            "0": 0.737840473651886
        }
    }
}