{
    "features": 7475.803851366043,
    "process_features_model_1_pred_0": 15.051915884017944,
    "predict_and_compile_model_1_pred_0": 552.893120765686,
    "process_features_model_2_pred_0": 14.975279331207275,
    "predict_and_compile_model_2_pred_0": 509.18566727638245,
    "process_features_model_3_pred_0": 14.512360095977783,
    "predict_and_compile_model_3_pred_0": 479.8330764770508,
    "process_features_model_4_pred_0": 14.130636215209961,
    "predict_and_compile_model_4_pred_0": 479.47186255455017,
    "process_features_model_5_pred_0": 13.920744180679321,
    "predict_and_compile_model_5_pred_0": 442.1947748661041,
    "relax_model_1_pred_0": 111.61612582206726
}