{
    "confidence_score": 0.6395846009254456,
    "ptm": 0.820030689239502,
    "iptm": 0.0,
    "ligand_iptm": 0.0,
    "protein_iptm": 0.0,
    "complex_plddt": 0.7994807362556458,
    "complex_iplddt": 0.0,
    "complex_pde": 0.7630650401115417,
    "complex_ipde": 0.0,
    "chains_ptm": {
        "0": 0.820030689239502
    },
    "pair_chains_iptm": {
        "0": {
            "0": 0.820030689239502
        }
    }
}