{
    "confidence_score": 0.7691076397895813,
    "ptm": 0.9579304456710815,
    "iptm": 0.0,
    "ligand_iptm": 0.0,
    "protein_iptm": 0.0,
    "complex_plddt": 0.9613845348358154,
    "complex_iplddt": 0.0,
    "complex_pde": 0.30309605598449707,
    "complex_ipde": 0.0,
    "chains_ptm": {
        "0": 0.9579304456710815
    },
    "pair_chains_iptm": {
        "0": {
            "0": 0.9579304456710815
        }
    }
}