{
    "confidence_score": 0.5482245683670044,
    "ptm": 0.5799142718315125,
    "iptm": 0.0,
    "ligand_iptm": 0.0,
    "protein_iptm": 0.0,
    "complex_plddt": 0.6852806806564331,
    "complex_iplddt": 0.0,
    "complex_pde": 1.2614847421646118,
    "complex_ipde": 0.0,
    "chains_ptm": {
        "0": 0.5799142718315125
    },
    "pair_chains_iptm": {
        "0": {
            "0": 0.5799142718315125
        }
    }
}