{
    "confidence_score": 0.5513008236885071,
    "ptm": 0.5455884337425232,
    "iptm": 0.0,
    "ligand_iptm": 0.0,
    "protein_iptm": 0.0,
    "complex_plddt": 0.6891260147094727,
    "complex_iplddt": 0.0,
    "complex_pde": 0.7269662618637085,
    "complex_ipde": 0.0,
    "chains_ptm": {
        "0": 0.5455884337425232
    },
    "pair_chains_iptm": {
        "0": {
            "0": 0.5455884337425232
        }
    }
}