{
    "confidence_score": 0.6886977553367615,
    "ptm": 0.8325322866439819,
    "iptm": 0.0,
    "ligand_iptm": 0.0,
    "protein_iptm": 0.0,
    "complex_plddt": 0.860872209072113,
    "complex_iplddt": 0.0,
    "complex_pde": 0.5185574889183044,
    "complex_ipde": 0.0,
    "chains_ptm": {
        "0": 0.8325322866439819
    },
    "pair_chains_iptm": {
        "0": {
            "0": 0.8325322866439819
        }
    }
}