{
    "confidence_score": 0.7525205016136169,
    "ptm": 0.9226935505867004,
    "iptm": 0.0,
    "ligand_iptm": 0.0,
    "protein_iptm": 0.0,
    "complex_plddt": 0.9406506419181824,
    "complex_iplddt": 0.0,
    "complex_pde": 0.3222626745700836,
    "complex_ipde": 0.0,
    "chains_ptm": {
        "0": 0.9226935505867004
    },
    "pair_chains_iptm": {
        "0": {
            "0": 0.9226935505867004
        }
    }
}