{
    "confidence_score": 0.7093555331230164,
    "ptm": 0.9104397892951965,
    "iptm": 0.0,
    "ligand_iptm": 0.0,
    "protein_iptm": 0.0,
    "complex_plddt": 0.8866944313049316,
    "complex_iplddt": 0.0,
    "complex_pde": 0.35809600353240967,
    "complex_ipde": 0.0,
    "chains_ptm": {
        "0": 0.9104397892951965
    },
    "pair_chains_iptm": {
        "0": {
            "0": 0.9104397892951965
        }
    }
}