{
    "confidence_score": 0.441759318113327,
    "ptm": 0.281813383102417,
    "iptm": 0.0,
    "ligand_iptm": 0.0,
    "protein_iptm": 0.0,
    "complex_plddt": 0.552199125289917,
    "complex_iplddt": 0.0,
    "complex_pde": 2.5641562938690186,
    "complex_ipde": 0.0,
    "chains_ptm": {
        "0": 0.281813383102417
    },
    "pair_chains_iptm": {
        "0": {
            "0": 0.281813383102417
        }
    }
}