{
    "confidence_score": 0.7031230330467224,
    "ptm": 0.7442585229873657,
    "iptm": 0.0,
    "ligand_iptm": 0.0,
    "protein_iptm": 0.0,
    "complex_plddt": 0.8789037466049194,
    "complex_iplddt": 0.0,
    "complex_pde": 0.9531113505363464,
    "complex_ipde": 0.0,
    "chains_ptm": {
        "0": 0.7442585229873657
    },
    "pair_chains_iptm": {
        "0": {
            "0": 0.7442585229873657
        }
    }
}