{
    "confidence_score": 0.5596954822540283,
    "ptm": 0.4670475721359253,
    "iptm": 0.0,
    "ligand_iptm": 0.0,
    "protein_iptm": 0.0,
    "complex_plddt": 0.6996193528175354,
    "complex_iplddt": 0.0,
    "complex_pde": 1.8649674654006958,
    "complex_ipde": 0.0,
    "chains_ptm": {
        "0": 0.4670475721359253
    },
    "pair_chains_iptm": {
        "0": {
            "0": 0.4670475721359253
        }
    }
}