{
    "features": 2434.778852701187,
    "process_features_model_1_pred_0": 1.497206211090088,
    "predict_and_compile_model_1_pred_0": 336.36340403556824,
    "process_features_model_2_pred_0": 1.5628929138183594,
    "predict_and_compile_model_2_pred_0": 308.48585844039917,
    "process_features_model_3_pred_0": 1.2217936515808105,
    "predict_and_compile_model_3_pred_0": 282.861439704895,
    "process_features_model_4_pred_0": 1.1914174556732178,
    "predict_and_compile_model_4_pred_0": 279.68015575408936,
    "process_features_model_5_pred_0": 1.2111408710479736,
    "predict_and_compile_model_5_pred_0": 259.59723138809204,
    "relax_model_1_pred_0": 76.06081438064575
}