{
    "confidence_score": 0.6451941728591919,
    "ptm": 0.8620691895484924,
    "iptm": 0.0,
    "ligand_iptm": 0.0,
    "protein_iptm": 0.0,
    "complex_plddt": 0.8064926862716675,
    "complex_iplddt": 0.0,
    "complex_pde": 0.5332611203193665,
    "complex_ipde": 0.0,
    "chains_ptm": {
        "0": 0.8620691895484924
    },
    "pair_chains_iptm": {
        "0": {
            "0": 0.8620691895484924
        }
    }
}