{
    "confidence_score": 0.7185420393943787,
    "ptm": 0.9034779071807861,
    "iptm": 0.0,
    "ligand_iptm": 0.0,
    "protein_iptm": 0.0,
    "complex_plddt": 0.8981775045394897,
    "complex_iplddt": 0.0,
    "complex_pde": 0.4220465421676636,
    "complex_ipde": 0.0,
    "chains_ptm": {
        "0": 0.9034779071807861
    },
    "pair_chains_iptm": {
        "0": {
            "0": 0.9034779071807861
        }
    }
}