{
    "confidence_score": 0.5246140956878662,
    "ptm": 0.3412865996360779,
    "iptm": 0.0,
    "ligand_iptm": 0.0,
    "protein_iptm": 0.0,
    "complex_plddt": 0.6557676196098328,
    "complex_iplddt": 0.0,
    "complex_pde": 1.6937968730926514,
    "complex_ipde": 0.0,
    "chains_ptm": {
        "0": 0.3412865996360779
    },
    "pair_chains_iptm": {
        "0": {
            "0": 0.3412865996360779
        }
    }
}