{
    "confidence_score": 0.6672961711883545,
    "ptm": 0.829117476940155,
    "iptm": 0.0,
    "ligand_iptm": 0.0,
    "protein_iptm": 0.0,
    "complex_plddt": 0.8341202139854431,
    "complex_iplddt": 0.0,
    "complex_pde": 0.9782475233078003,
    "complex_ipde": 0.0,
    "chains_ptm": {
        "0": 0.829117476940155
    },
    "pair_chains_iptm": {
        "0": {
            "0": 0.829117476940155
        }
    }
}