{
    "confidence_score": 0.5439093112945557,
    "ptm": 0.2952592372894287,
    "iptm": 0.0,
    "ligand_iptm": 0.0,
    "protein_iptm": 0.0,
    "complex_plddt": 0.6798866391181946,
    "complex_iplddt": 0.0,
    "complex_pde": 1.1996681690216064,
    "complex_ipde": 0.0,
    "chains_ptm": {
        "0": 0.2952592372894287
    },
    "pair_chains_iptm": {
        "0": {
            "0": 0.2952592372894287
        }
    }
}