{
    "confidence_score": 0.683110237121582,
    "ptm": 0.8822361826896667,
    "iptm": 0.0,
    "ligand_iptm": 0.0,
    "protein_iptm": 0.0,
    "complex_plddt": 0.8538877964019775,
    "complex_iplddt": 0.0,
    "complex_pde": 0.6346012949943542,
    "complex_ipde": 0.0,
    "chains_ptm": {
        "0": 0.8822361826896667
    },
    "pair_chains_iptm": {
        "0": {
            "0": 0.8822361826896667
        }
    }
}