{
    "confidence_score": 0.6806888580322266,
    "ptm": 0.8818963170051575,
    "iptm": 0.0,
    "ligand_iptm": 0.0,
    "protein_iptm": 0.0,
    "complex_plddt": 0.8508610725402832,
    "complex_iplddt": 0.0,
    "complex_pde": 0.5762090086936951,
    "complex_ipde": 0.0,
    "chains_ptm": {
        "0": 0.8818963170051575
    },
    "pair_chains_iptm": {
        "0": {
            "0": 0.8818963170051575
        }
    }
}