{
    "confidence_score": 0.7231747508049011,
    "ptm": 0.9281073808670044,
    "iptm": 0.0,
    "ligand_iptm": 0.0,
    "protein_iptm": 0.0,
    "complex_plddt": 0.9039683938026428,
    "complex_iplddt": 0.0,
    "complex_pde": 0.4618877172470093,
    "complex_ipde": 0.0,
    "chains_ptm": {
        "0": 0.9281073808670044
    },
    "pair_chains_iptm": {
        "0": {
            "0": 0.9281073808670044
        }
    }
}