{
    "confidence_score": 0.7379624843597412,
    "ptm": 0.953535258769989,
    "iptm": 0.0,
    "ligand_iptm": 0.0,
    "protein_iptm": 0.0,
    "complex_plddt": 0.9224531054496765,
    "complex_iplddt": 0.0,
    "complex_pde": 0.37412887811660767,
    "complex_ipde": 0.0,
    "chains_ptm": {
        "0": 0.953535258769989
    },
    "pair_chains_iptm": {
        "0": {
            "0": 0.953535258769989
        }
    }
}