{
    "confidence_score": 0.7305690050125122,
    "ptm": 0.9383936524391174,
    "iptm": 0.0,
    "ligand_iptm": 0.0,
    "protein_iptm": 0.0,
    "complex_plddt": 0.9132112264633179,
    "complex_iplddt": 0.0,
    "complex_pde": 0.44112226366996765,
    "complex_ipde": 0.0,
    "chains_ptm": {
        "0": 0.9383936524391174
    },
    "pair_chains_iptm": {
        "0": {
            "0": 0.9383936524391174
        }
    }
}