{
    "confidence_score": 0.6706320643424988,
    "ptm": 0.6100322008132935,
    "iptm": 0.0,
    "ligand_iptm": 0.0,
    "protein_iptm": 0.0,
    "complex_plddt": 0.8382900953292847,
    "complex_iplddt": 0.0,
    "complex_pde": 0.7645870447158813,
    "complex_ipde": 0.0,
    "chains_ptm": {
        "0": 0.6100322008132935
    },
    "pair_chains_iptm": {
        "0": {
            "0": 0.6100322008132935
        }
    }
}