{
    "confidence_score": 0.7045835852622986,
    "ptm": 0.7737419009208679,
    "iptm": 0.0,
    "ligand_iptm": 0.0,
    "protein_iptm": 0.0,
    "complex_plddt": 0.8807294368743896,
    "complex_iplddt": 0.0,
    "complex_pde": 0.6012437343597412,
    "complex_ipde": 0.0,
    "chains_ptm": {
        "0": 0.7737419009208679
    },
    "pair_chains_iptm": {
        "0": {
            "0": 0.7737419009208679
        }
    }
}