{
    "confidence_score": 0.6045741438865662,
    "ptm": 0.5170237421989441,
    "iptm": 0.0,
    "ligand_iptm": 0.0,
    "protein_iptm": 0.0,
    "complex_plddt": 0.7557176947593689,
    "complex_iplddt": 0.0,
    "complex_pde": 1.3852702379226685,
    "complex_ipde": 0.0,
    "chains_ptm": {
        "0": 0.5170237421989441
    },
    "pair_chains_iptm": {
        "0": {
            "0": 0.5170237421989441
        }
    }
}