{
    "plddts": {
        "model_1_pred_0": 77.39333180292837,
        "model_2_pred_0": 73.79954573656987,
        "model_3_pred_0": 75.72053886254578,
        "model_4_pred_0": 77.85522942024441,
        "model_5_pred_0": 78.0709821209051
    },
    "order": [
        "model_5_pred_0",
        "model_4_pred_0",
        "model_1_pred_0",
        "model_3_pred_0",
        "model_2_pred_0"
    ]
}