{
    "confidence_score": 0.580714225769043,
    "ptm": 0.6272112727165222,
    "iptm": 0.0,
    "ligand_iptm": 0.0,
    "protein_iptm": 0.0,
    "complex_plddt": 0.7258927822113037,
    "complex_iplddt": 0.0,
    "complex_pde": 1.459568738937378,
    "complex_ipde": 0.0,
    "chains_ptm": {
        "0": 0.6272112727165222
    },
    "pair_chains_iptm": {
        "0": {
            "0": 0.6272112727165222
        }
    }
}