{
    "confidence_score": 0.5367829203605652,
    "ptm": 0.4407602548599243,
    "iptm": 0.0,
    "ligand_iptm": 0.0,
    "protein_iptm": 0.0,
    "complex_plddt": 0.6709786057472229,
    "complex_iplddt": 0.0,
    "complex_pde": 1.5280283689498901,
    "complex_ipde": 0.0,
    "chains_ptm": {
        "0": 0.4407602548599243
    },
    "pair_chains_iptm": {
        "0": {
            "0": 0.4407602548599243
        }
    }
}