{
    "confidence_score": 0.7636346220970154,
    "ptm": 0.957341194152832,
    "iptm": 0.0,
    "ligand_iptm": 0.0,
    "protein_iptm": 0.0,
    "complex_plddt": 0.9545432925224304,
    "complex_iplddt": 0.0,
    "complex_pde": 0.30656135082244873,
    "complex_ipde": 0.0,
    "chains_ptm": {
        "0": 0.957341194152832
    },
    "pair_chains_iptm": {
        "0": {
            "0": 0.957341194152832
        }
    }
}