{
    "confidence_score": 0.6046743392944336,
    "ptm": 0.46815696358680725,
    "iptm": 0.0,
    "ligand_iptm": 0.0,
    "protein_iptm": 0.0,
    "complex_plddt": 0.755842924118042,
    "complex_iplddt": 0.0,
    "complex_pde": 1.2983474731445312,
    "complex_ipde": 0.0,
    "chains_ptm": {
        "0": 0.46815696358680725
    },
    "pair_chains_iptm": {
        "0": {
            "0": 0.46815696358680725
        }
    }
}