{
    "confidence_score": 0.7701345682144165,
    "ptm": 0.9334331154823303,
    "iptm": 0.0,
    "ligand_iptm": 0.0,
    "protein_iptm": 0.0,
    "complex_plddt": 0.9626681804656982,
    "complex_iplddt": 0.0,
    "complex_pde": 0.2986343204975128,
    "complex_ipde": 0.0,
    "chains_ptm": {
        "0": 0.9334331154823303
    },
    "pair_chains_iptm": {
        "0": {
            "0": 0.9334331154823303
        }
    }
}