{
    "confidence_score": 0.6242074370384216,
    "ptm": 0.5654677152633667,
    "iptm": 0.0,
    "ligand_iptm": 0.0,
    "protein_iptm": 0.0,
    "complex_plddt": 0.7802593111991882,
    "complex_iplddt": 0.0,
    "complex_pde": 0.7698383331298828,
    "complex_ipde": 0.0,
    "chains_ptm": {
        "0": 0.5654677152633667
    },
    "pair_chains_iptm": {
        "0": {
            "0": 0.5654677152633667
        }
    }
}