{
    "confidence_score": 0.421454519033432,
    "ptm": 0.13845200836658478,
    "iptm": 0.0,
    "ligand_iptm": 0.0,
    "protein_iptm": 0.0,
    "complex_plddt": 0.5268181562423706,
    "complex_iplddt": 0.0,
    "complex_pde": 2.672938585281372,
    "complex_ipde": 0.0,
    "chains_ptm": {
        "0": 0.13845200836658478
    },
    "pair_chains_iptm": {
        "0": {
            "0": 0.13845200836658478
        }
    }
}