{
    "confidence_score": 0.36276140809059143,
    "ptm": 0.26305311918258667,
    "iptm": 0.0,
    "ligand_iptm": 0.0,
    "protein_iptm": 0.0,
    "complex_plddt": 0.4534517526626587,
    "complex_iplddt": 0.0,
    "complex_pde": 3.422367572784424,
    "complex_ipde": 0.0,
    "chains_ptm": {
        "0": 0.26305311918258667
    },
    "pair_chains_iptm": {
        "0": {
            "0": 0.26305311918258667
        }
    }
}