{
    "confidence_score": 0.5681828260421753,
    "ptm": 0.26152709126472473,
    "iptm": 0.0,
    "ligand_iptm": 0.0,
    "protein_iptm": 0.0,
    "complex_plddt": 0.7102285027503967,
    "complex_iplddt": 0.0,
    "complex_pde": 1.8351655006408691,
    "complex_ipde": 0.0,
    "chains_ptm": {
        "0": 0.26152709126472473
    },
    "pair_chains_iptm": {
        "0": {
            "0": 0.26152709126472473
        }
    }
}