{
    "confidence_score": 0.6465233564376831,
    "ptm": 0.85755455493927,
    "iptm": 0.0,
    "ligand_iptm": 0.0,
    "protein_iptm": 0.0,
    "complex_plddt": 0.8081541657447815,
    "complex_iplddt": 0.0,
    "complex_pde": 0.483138769865036,
    "complex_ipde": 0.0,
    "chains_ptm": {
        "0": 0.85755455493927
    },
    "pair_chains_iptm": {
        "0": {
            "0": 0.85755455493927
        }
    }
}