{
    "confidence_score": 0.7403771281242371,
    "ptm": 0.9170341491699219,
    "iptm": 0.0,
    "ligand_iptm": 0.0,
    "protein_iptm": 0.0,
    "complex_plddt": 0.9254714250564575,
    "complex_iplddt": 0.0,
    "complex_pde": 0.3794405162334442,
    "complex_ipde": 0.0,
    "chains_ptm": {
        "0": 0.9170341491699219
    },
    "pair_chains_iptm": {
        "0": {
            "0": 0.9170341491699219
        }
    }
}