{
    "confidence_score": 0.46850499510765076,
    "ptm": 0.505695641040802,
    "iptm": 0.0,
    "ligand_iptm": 0.0,
    "protein_iptm": 0.0,
    "complex_plddt": 0.585631251335144,
    "complex_iplddt": 0.0,
    "complex_pde": 2.102506160736084,
    "complex_ipde": 0.0,
    "chains_ptm": {
        "0": 0.505695641040802
    },
    "pair_chains_iptm": {
        "0": {
            "0": 0.505695641040802
        }
    }
}