{
    "confidence_score": 0.7062826752662659,
    "ptm": 0.8794652819633484,
    "iptm": 0.0,
    "ligand_iptm": 0.0,
    "protein_iptm": 0.0,
    "complex_plddt": 0.8828533291816711,
    "complex_iplddt": 0.0,
    "complex_pde": 0.4624694287776947,
    "complex_ipde": 0.0,
    "chains_ptm": {
        "0": 0.8794652819633484
    },
    "pair_chains_iptm": {
        "0": {
            "0": 0.8794652819633484
        }
    }
}