{
    "confidence_score": 0.617464542388916,
    "ptm": 0.7241826057434082,
    "iptm": 0.0,
    "ligand_iptm": 0.0,
    "protein_iptm": 0.0,
    "complex_plddt": 0.771830677986145,
    "complex_iplddt": 0.0,
    "complex_pde": 0.967799186706543,
    "complex_ipde": 0.0,
    "chains_ptm": {
        "0": 0.7241826057434082
    },
    "pair_chains_iptm": {
        "0": {
            "0": 0.7241826057434082
        }
    }
}