{
    "confidence_score": 0.6989335417747498,
    "ptm": 0.8742010593414307,
    "iptm": 0.0,
    "ligand_iptm": 0.0,
    "protein_iptm": 0.0,
    "complex_plddt": 0.8736669421195984,
    "complex_iplddt": 0.0,
    "complex_pde": 0.528784990310669,
    "complex_ipde": 0.0,
    "chains_ptm": {
        "0": 0.8742010593414307
    },
    "pair_chains_iptm": {
        "0": {
            "0": 0.8742010593414307
        }
    }
}