{
    "confidence_score": 0.7040269374847412,
    "ptm": 0.9165746569633484,
    "iptm": 0.0,
    "ligand_iptm": 0.0,
    "protein_iptm": 0.0,
    "complex_plddt": 0.8800336718559265,
    "complex_iplddt": 0.0,
    "complex_pde": 0.407508909702301,
    "complex_ipde": 0.0,
    "chains_ptm": {
        "0": 0.9165746569633484
    },
    "pair_chains_iptm": {
        "0": {
            "0": 0.9165746569633484
        }
    }
}