{
    "confidence_score": 0.696765124797821,
    "ptm": 0.9055424332618713,
    "iptm": 0.0,
    "ligand_iptm": 0.0,
    "protein_iptm": 0.0,
    "complex_plddt": 0.8709564208984375,
    "complex_iplddt": 0.0,
    "complex_pde": 0.5509628653526306,
    "complex_ipde": 0.0,
    "chains_ptm": {
        "0": 0.9055424332618713
    },
    "pair_chains_iptm": {
        "0": {
            "0": 0.9055424332618713
        }
    }
}