{
    "confidence_score": 0.7342396378517151,
    "ptm": 0.9334585666656494,
    "iptm": 0.0,
    "ligand_iptm": 0.0,
    "protein_iptm": 0.0,
    "complex_plddt": 0.9177995324134827,
    "complex_iplddt": 0.0,
    "complex_pde": 0.3973750174045563,
    "complex_ipde": 0.0,
    "chains_ptm": {
        "0": 0.9334585666656494
    },
    "pair_chains_iptm": {
        "0": {
            "0": 0.9334585666656494
        }
    }
}