{
    "confidence_score": 0.7430756688117981,
    "ptm": 0.8642553687095642,
    "iptm": 0.0,
    "ligand_iptm": 0.0,
    "protein_iptm": 0.0,
    "complex_plddt": 0.9288445711135864,
    "complex_iplddt": 0.0,
    "complex_pde": 0.3629126250743866,
    "complex_ipde": 0.0,
    "chains_ptm": {
        "0": 0.8642553687095642
    },
    "pair_chains_iptm": {
        "0": {
            "0": 0.8642553687095642
        }
    }
}