{
    "confidence_score": 0.5366348624229431,
    "ptm": 0.6394228935241699,
    "iptm": 0.0,
    "ligand_iptm": 0.0,
    "protein_iptm": 0.0,
    "complex_plddt": 0.6707935333251953,
    "complex_iplddt": 0.0,
    "complex_pde": 1.2857245206832886,
    "complex_ipde": 0.0,
    "chains_ptm": {
        "0": 0.6394228935241699
    },
    "pair_chains_iptm": {
        "0": {
            "0": 0.6394228935241699
        }
    }
}