{
    "confidence_score": 0.49549007415771484,
    "ptm": 0.5281224250793457,
    "iptm": 0.0,
    "ligand_iptm": 0.0,
    "protein_iptm": 0.0,
    "complex_plddt": 0.6193625926971436,
    "complex_iplddt": 0.0,
    "complex_pde": 1.742358922958374,
    "complex_ipde": 0.0,
    "chains_ptm": {
        "0": 0.5281224250793457
    },
    "pair_chains_iptm": {
        "0": {
            "0": 0.5281224250793457
        }
    }
}