{
    "confidence_score": 0.6107403635978699,
    "ptm": 0.8431593775749207,
    "iptm": 0.0,
    "ligand_iptm": 0.0,
    "protein_iptm": 0.0,
    "complex_plddt": 0.7634254693984985,
    "complex_iplddt": 0.0,
    "complex_pde": 1.0697474479675293,
    "complex_ipde": 0.0,
    "chains_ptm": {
        "0": 0.8431593775749207
    },
    "pair_chains_iptm": {
        "0": {
            "0": 0.8431593775749207
        }
    }
}