{
    "confidence_score": 0.7223572134971619,
    "ptm": 0.9220861196517944,
    "iptm": 0.0,
    "ligand_iptm": 0.0,
    "protein_iptm": 0.0,
    "complex_plddt": 0.9029465317726135,
    "complex_iplddt": 0.0,
    "complex_pde": 0.3996272683143616,
    "complex_ipde": 0.0,
    "chains_ptm": {
        "0": 0.9220861196517944
    },
    "pair_chains_iptm": {
        "0": {
            "0": 0.9220861196517944
        }
    }
}