{
    "confidence_score": 0.45706039667129517,
    "ptm": 0.3904029428958893,
    "iptm": 0.0,
    "ligand_iptm": 0.0,
    "protein_iptm": 0.0,
    "complex_plddt": 0.5713254809379578,
    "complex_iplddt": 0.0,
    "complex_pde": 2.3392205238342285,
    "complex_ipde": 0.0,
    "chains_ptm": {
        "0": 0.3904029428958893
    },
    "pair_chains_iptm": {
        "0": {
            "0": 0.3904029428958893
        }
    }
}