{
    "confidence_score": 0.6391056180000305,
    "ptm": 0.8060188293457031,
    "iptm": 0.0,
    "ligand_iptm": 0.0,
    "protein_iptm": 0.0,
    "complex_plddt": 0.798882007598877,
    "complex_iplddt": 0.0,
    "complex_pde": 0.5820605754852295,
    "complex_ipde": 0.0,
    "chains_ptm": {
        "0": 0.8060188293457031
    },
    "pair_chains_iptm": {
        "0": {
            "0": 0.8060188293457031
        }
    }
}