{
    "confidence_score": 0.7597151398658752,
    "ptm": 0.9538300037384033,
    "iptm": 0.0,
    "ligand_iptm": 0.0,
    "protein_iptm": 0.0,
    "complex_plddt": 0.9496439099311829,
    "complex_iplddt": 0.0,
    "complex_pde": 0.31617042422294617,
    "complex_ipde": 0.0,
    "chains_ptm": {
        "0": 0.9538300037384033
    },
    "pair_chains_iptm": {
        "0": {
            "0": 0.9538300037384033
        }
    }
}