{
    "confidence_score": 0.44816556572914124,
    "ptm": 0.3720795214176178,
    "iptm": 0.0,
    "ligand_iptm": 0.0,
    "protein_iptm": 0.0,
    "complex_plddt": 0.560206949710846,
    "complex_iplddt": 0.0,
    "complex_pde": 3.0747814178466797,
    "complex_ipde": 0.0,
    "chains_ptm": {
        "0": 0.3720795214176178
    },
    "pair_chains_iptm": {
        "0": {
            "0": 0.3720795214176178
        }
    }
}