{
    "features": 5647.806465625763,
    "process_features_model_1_pred_0": 10.748084306716919,
    "predict_and_compile_model_1_pred_0": 2505.1199040412903,
    "process_features_model_2_pred_0": 10.919132232666016,
    "predict_and_compile_model_2_pred_0": 1185.2887561321259,
    "process_features_model_3_pred_0": 10.259474515914917,
    "predict_and_compile_model_3_pred_0": 1081.933611869812,
    "process_features_model_4_pred_0": 10.21647596359253,
    "predict_and_compile_model_4_pred_0": 964.819531917572,
    "process_features_model_5_pred_0": 10.195974826812744,
    "predict_and_compile_model_5_pred_0": 858.2869012355804,
    "relax_model_3_pred_0": 56.26436972618103
}