{
    "confidence_score": 0.6599324345588684,
    "ptm": 0.8356416821479797,
    "iptm": 0.0,
    "ligand_iptm": 0.0,
    "protein_iptm": 0.0,
    "complex_plddt": 0.8249155282974243,
    "complex_iplddt": 0.0,
    "complex_pde": 0.6687445640563965,
    "complex_ipde": 0.0,
    "chains_ptm": {
        "0": 0.8356416821479797
    },
    "pair_chains_iptm": {
        "0": {
            "0": 0.8356416821479797
        }
    }
}