{
    "confidence_score": 0.5943805575370789,
    "ptm": 0.45511049032211304,
    "iptm": 0.0,
    "ligand_iptm": 0.0,
    "protein_iptm": 0.0,
    "complex_plddt": 0.742975652217865,
    "complex_iplddt": 0.0,
    "complex_pde": 1.420375108718872,
    "complex_ipde": 0.0,
    "chains_ptm": {
        "0": 0.45511049032211304
    },
    "pair_chains_iptm": {
        "0": {
            "0": 0.45511049032211304
        }
    }
}