{
    "confidence_score": 0.6669853925704956,
    "ptm": 0.7356457710266113,
    "iptm": 0.0,
    "ligand_iptm": 0.0,
    "protein_iptm": 0.0,
    "complex_plddt": 0.8337317109107971,
    "complex_iplddt": 0.0,
    "complex_pde": 0.6140664219856262,
    "complex_ipde": 0.0,
    "chains_ptm": {
        "0": 0.7356457710266113
    },
    "pair_chains_iptm": {
        "0": {
            "0": 0.7356457710266113
        }
    }
}