{
    "confidence_score": 0.4915464520454407,
    "ptm": 0.25109291076660156,
    "iptm": 0.0,
    "ligand_iptm": 0.0,
    "protein_iptm": 0.0,
    "complex_plddt": 0.6144330501556396,
    "complex_iplddt": 0.0,
    "complex_pde": 2.636678695678711,
    "complex_ipde": 0.0,
    "chains_ptm": {
        "0": 0.25109291076660156
    },
    "pair_chains_iptm": {
        "0": {
            "0": 0.25109291076660156
        }
    }
}