{
    "confidence_score": 0.5518128275871277,
    "ptm": 0.510003924369812,
    "iptm": 0.0,
    "ligand_iptm": 0.0,
    "protein_iptm": 0.0,
    "complex_plddt": 0.689765989780426,
    "complex_iplddt": 0.0,
    "complex_pde": 2.0512731075286865,
    "complex_ipde": 0.0,
    "chains_ptm": {
        "0": 0.510003924369812
    },
    "pair_chains_iptm": {
        "0": {
            "0": 0.510003924369812
        }
    }
}