{
    "confidence_score": 0.7380536198616028,
    "ptm": 0.932669460773468,
    "iptm": 0.0,
    "ligand_iptm": 0.0,
    "protein_iptm": 0.0,
    "complex_plddt": 0.9225670099258423,
    "complex_iplddt": 0.0,
    "complex_pde": 0.35798048973083496,
    "complex_ipde": 0.0,
    "chains_ptm": {
        "0": 0.932669460773468
    },
    "pair_chains_iptm": {
        "0": {
            "0": 0.932669460773468
        }
    }
}