{
    "confidence_score": 0.7393112778663635,
    "ptm": 0.933323860168457,
    "iptm": 0.0,
    "ligand_iptm": 0.0,
    "protein_iptm": 0.0,
    "complex_plddt": 0.9241390824317932,
    "complex_iplddt": 0.0,
    "complex_pde": 0.3496602773666382,
    "complex_ipde": 0.0,
    "chains_ptm": {
        "0": 0.933323860168457
    },
    "pair_chains_iptm": {
        "0": {
            "0": 0.933323860168457
        }
    }
}