{
    "confidence_score": 0.6562950015068054,
    "ptm": 0.732561469078064,
    "iptm": 0.0,
    "ligand_iptm": 0.0,
    "protein_iptm": 0.0,
    "complex_plddt": 0.820368766784668,
    "complex_iplddt": 0.0,
    "complex_pde": 0.7621801495552063,
    "complex_ipde": 0.0,
    "chains_ptm": {
        "0": 0.732561469078064
    },
    "pair_chains_iptm": {
        "0": {
            "0": 0.732561469078064
        }
    }
}