{
    "confidence_score": 0.6582580804824829,
    "ptm": 0.8434010148048401,
    "iptm": 0.0,
    "ligand_iptm": 0.0,
    "protein_iptm": 0.0,
    "complex_plddt": 0.8228225708007812,
    "complex_iplddt": 0.0,
    "complex_pde": 1.0228149890899658,
    "complex_ipde": 0.0,
    "chains_ptm": {
        "0": 0.8434010148048401
    },
    "pair_chains_iptm": {
        "0": {
            "0": 0.8434010148048401
        }
    }
}