{
    "confidence_score": 0.7179858684539795,
    "ptm": 0.5682567358016968,
    "iptm": 0.0,
    "ligand_iptm": 0.0,
    "protein_iptm": 0.0,
    "complex_plddt": 0.8974823355674744,
    "complex_iplddt": 0.0,
    "complex_pde": 0.5119785070419312,
    "complex_ipde": 0.0,
    "chains_ptm": {
        "0": 0.5682567358016968
    },
    "pair_chains_iptm": {
        "0": {
            "0": 0.5682567358016968
        }
    }
}