{
    "confidence_score": 0.6992890238761902,
    "ptm": 0.8858237862586975,
    "iptm": 0.0,
    "ligand_iptm": 0.0,
    "protein_iptm": 0.0,
    "complex_plddt": 0.8741112351417542,
    "complex_iplddt": 0.0,
    "complex_pde": 0.45370766520500183,
    "complex_ipde": 0.0,
    "chains_ptm": {
        "0": 0.8858237862586975
    },
    "pair_chains_iptm": {
        "0": {
            "0": 0.8858237862586975
        }
    }
}