{
    "confidence_score": 0.6377986669540405,
    "ptm": 0.7316753268241882,
    "iptm": 0.0,
    "ligand_iptm": 0.0,
    "protein_iptm": 0.0,
    "complex_plddt": 0.7972483038902283,
    "complex_iplddt": 0.0,
    "complex_pde": 0.9187406897544861,
    "complex_ipde": 0.0,
    "chains_ptm": {
        "0": 0.7316753268241882
    },
    "pair_chains_iptm": {
        "0": {
            "0": 0.7316753268241882
        }
    }
}