{
    "confidence_score": 0.5209217071533203,
    "ptm": 0.6692748069763184,
    "iptm": 0.0,
    "ligand_iptm": 0.0,
    "protein_iptm": 0.0,
    "complex_plddt": 0.6511521339416504,
    "complex_iplddt": 0.0,
    "complex_pde": 2.0718889236450195,
    "complex_ipde": 0.0,
    "chains_ptm": {
        "0": 0.6692748069763184
    },
    "pair_chains_iptm": {
        "0": {
            "0": 0.6692748069763184
        }
    }
}