{
    "confidence_score": 0.5630732774734497,
    "ptm": 0.5258828997612,
    "iptm": 0.0,
    "ligand_iptm": 0.0,
    "protein_iptm": 0.0,
    "complex_plddt": 0.7038415670394897,
    "complex_iplddt": 0.0,
    "complex_pde": 1.7633742094039917,
    "complex_ipde": 0.0,
    "chains_ptm": {
        "0": 0.5258828997612
    },
    "pair_chains_iptm": {
        "0": {
            "0": 0.5258828997612
        }
    }
}