{
    "confidence_score": 0.648277997970581,
    "ptm": 0.7898259162902832,
    "iptm": 0.0,
    "ligand_iptm": 0.0,
    "protein_iptm": 0.0,
    "complex_plddt": 0.8103474974632263,
    "complex_iplddt": 0.0,
    "complex_pde": 1.0752131938934326,
    "complex_ipde": 0.0,
    "chains_ptm": {
        "0": 0.7898259162902832
    },
    "pair_chains_iptm": {
        "0": {
            "0": 0.7898259162902832
        }
    }
}