{
    "confidence_score": 0.6317524313926697,
    "ptm": 0.8406727313995361,
    "iptm": 0.0,
    "ligand_iptm": 0.0,
    "protein_iptm": 0.0,
    "complex_plddt": 0.7896905541419983,
    "complex_iplddt": 0.0,
    "complex_pde": 0.6044039726257324,
    "complex_ipde": 0.0,
    "chains_ptm": {
        "0": 0.8406727313995361
    },
    "pair_chains_iptm": {
        "0": {
            "0": 0.8406727313995361
        }
    }
}