{
    "confidence_score": 0.5816294550895691,
    "ptm": 0.6530596613883972,
    "iptm": 0.0,
    "ligand_iptm": 0.0,
    "protein_iptm": 0.0,
    "complex_plddt": 0.7270367741584778,
    "complex_iplddt": 0.0,
    "complex_pde": 0.9332975149154663,
    "complex_ipde": 0.0,
    "chains_ptm": {
        "0": 0.6530596613883972
    },
    "pair_chains_iptm": {
        "0": {
            "0": 0.6530596613883972
        }
    }
}