{
    "features": 5667.526204109192,
    "process_features_model_1_pred_0": 7.5402631759643555,
    "predict_and_compile_model_1_pred_0": 307.9725046157837,
    "process_features_model_2_pred_0": 6.40752387046814,
    "predict_and_compile_model_2_pred_0": 282.29476022720337,
    "process_features_model_3_pred_0": 6.5520241260528564,
    "predict_and_compile_model_3_pred_0": 277.68986320495605,
    "process_features_model_4_pred_0": 6.8861613273620605,
    "predict_and_compile_model_4_pred_0": 278.0720179080963,
    "process_features_model_5_pred_0": 6.9501214027404785,
    "predict_and_compile_model_5_pred_0": 259.74090123176575,
    "relax_model_3_pred_0": 46.79628014564514
}