{
    "confidence_score": 0.5275712609291077,
    "ptm": 0.28497955203056335,
    "iptm": 0.0,
    "ligand_iptm": 0.0,
    "protein_iptm": 0.0,
    "complex_plddt": 0.6594640612602234,
    "complex_iplddt": 0.0,
    "complex_pde": 1.1503709554672241,
    "complex_ipde": 0.0,
    "chains_ptm": {
        "0": 0.28497955203056335
    },
    "pair_chains_iptm": {
        "0": {
            "0": 0.28497955203056335
        }
    }
}