{
    "confidence_score": 0.7176110148429871,
    "ptm": 0.8968126177787781,
    "iptm": 0.0,
    "ligand_iptm": 0.0,
    "protein_iptm": 0.0,
    "complex_plddt": 0.897013783454895,
    "complex_iplddt": 0.0,
    "complex_pde": 0.46087437868118286,
    "complex_ipde": 0.0,
    "chains_ptm": {
        "0": 0.8968126177787781
    },
    "pair_chains_iptm": {
        "0": {
            "0": 0.8968126177787781
        }
    }
}