{
    "confidence_score": 0.6622023582458496,
    "ptm": 0.8674353957176208,
    "iptm": 0.0,
    "ligand_iptm": 0.0,
    "protein_iptm": 0.0,
    "complex_plddt": 0.827752947807312,
    "complex_iplddt": 0.0,
    "complex_pde": 0.5471744537353516,
    "complex_ipde": 0.0,
    "chains_ptm": {
        "0": 0.8674353957176208
    },
    "pair_chains_iptm": {
        "0": {
            "0": 0.8674353957176208
        }
    }
}