{
    "confidence_score": 0.5580694079399109,
    "ptm": 0.6095498204231262,
    "iptm": 0.0,
    "ligand_iptm": 0.0,
    "protein_iptm": 0.0,
    "complex_plddt": 0.697586715221405,
    "complex_iplddt": 0.0,
    "complex_pde": 1.3486945629119873,
    "complex_ipde": 0.0,
    "chains_ptm": {
        "0": 0.6095498204231262
    },
    "pair_chains_iptm": {
        "0": {
            "0": 0.6095498204231262
        }
    }
}