{
    "confidence_score": 0.7562483549118042,
    "ptm": 0.9595086574554443,
    "iptm": 0.0,
    "ligand_iptm": 0.0,
    "protein_iptm": 0.0,
    "complex_plddt": 0.9453104138374329,
    "complex_iplddt": 0.0,
    "complex_pde": 0.3328597843647003,
    "complex_ipde": 0.0,
    "chains_ptm": {
        "0": 0.9595086574554443
    },
    "pair_chains_iptm": {
        "0": {
            "0": 0.9595086574554443
        }
    }
}