{
    "confidence_score": 0.7300791144371033,
    "ptm": 0.8700355291366577,
    "iptm": 0.0,
    "ligand_iptm": 0.0,
    "protein_iptm": 0.0,
    "complex_plddt": 0.9125989079475403,
    "complex_iplddt": 0.0,
    "complex_pde": 0.42606818675994873,
    "complex_ipde": 0.0,
    "chains_ptm": {
        "0": 0.8700355291366577
    },
    "pair_chains_iptm": {
        "0": {
            "0": 0.8700355291366577
        }
    }
}