{
    "confidence_score": 0.4420750141143799,
    "ptm": 0.4500246047973633,
    "iptm": 0.0,
    "ligand_iptm": 0.0,
    "protein_iptm": 0.0,
    "complex_plddt": 0.5525937676429749,
    "complex_iplddt": 0.0,
    "complex_pde": 2.627424955368042,
    "complex_ipde": 0.0,
    "chains_ptm": {
        "0": 0.4500246047973633
    },
    "pair_chains_iptm": {
        "0": {
            "0": 0.4500246047973633
        }
    }
}