{
    "plddts": {
        "model_1_pred_0": 51.36050010420378,
        "model_2_pred_0": 47.97330964234463,
        "model_3_pred_0": 54.4558104515263,
        "model_4_pred_0": 59.171548484034616,
        "model_5_pred_0": 56.920945180440924
    },
    "order": [
        "model_4_pred_0",
        "model_5_pred_0",
        "model_3_pred_0",
        "model_1_pred_0",
        "model_2_pred_0"
    ]
}