{
    "confidence_score": 0.7030565142631531,
    "ptm": 0.9000381231307983,
    "iptm": 0.0,
    "ligand_iptm": 0.0,
    "protein_iptm": 0.0,
    "complex_plddt": 0.8788205981254578,
    "complex_iplddt": 0.0,
    "complex_pde": 0.5305638909339905,
    "complex_ipde": 0.0,
    "chains_ptm": {
        "0": 0.9000381231307983
    },
    "pair_chains_iptm": {
        "0": {
            "0": 0.9000381231307983
        }
    }
}