{
    "confidence_score": 0.5452245473861694,
    "ptm": 0.4614446461200714,
    "iptm": 0.0,
    "ligand_iptm": 0.0,
    "protein_iptm": 0.0,
    "complex_plddt": 0.6815306544303894,
    "complex_iplddt": 0.0,
    "complex_pde": 2.2568459510803223,
    "complex_ipde": 0.0,
    "chains_ptm": {
        "0": 0.4614446461200714
    },
    "pair_chains_iptm": {
        "0": {
            "0": 0.4614446461200714
        }
    }
}