{
    "confidence_score": 0.7423657178878784,
    "ptm": 0.9232707619667053,
    "iptm": 0.0,
    "ligand_iptm": 0.0,
    "protein_iptm": 0.0,
    "complex_plddt": 0.9279571175575256,
    "complex_iplddt": 0.0,
    "complex_pde": 0.378716379404068,
    "complex_ipde": 0.0,
    "chains_ptm": {
        "0": 0.9232707619667053
    },
    "pair_chains_iptm": {
        "0": {
            "0": 0.9232707619667053
        }
    }
}