{
    "confidence_score": 0.7047653198242188,
    "ptm": 0.7833635807037354,
    "iptm": 0.0,
    "ligand_iptm": 0.0,
    "protein_iptm": 0.0,
    "complex_plddt": 0.8809566497802734,
    "complex_iplddt": 0.0,
    "complex_pde": 0.6224339604377747,
    "complex_ipde": 0.0,
    "chains_ptm": {
        "0": 0.7833635807037354
    },
    "pair_chains_iptm": {
        "0": {
            "0": 0.7833635807037354
        }
    }
}