{
    "confidence_score": 0.5510015487670898,
    "ptm": 0.6666526794433594,
    "iptm": 0.0,
    "ligand_iptm": 0.0,
    "protein_iptm": 0.0,
    "complex_plddt": 0.6887519359588623,
    "complex_iplddt": 0.0,
    "complex_pde": 0.7931948304176331,
    "complex_ipde": 0.0,
    "chains_ptm": {
        "0": 0.6666526794433594
    },
    "pair_chains_iptm": {
        "0": {
            "0": 0.6666526794433594
        }
    }
}