{
    "confidence_score": 0.7377106547355652,
    "ptm": 0.9394175410270691,
    "iptm": 0.0,
    "ligand_iptm": 0.0,
    "protein_iptm": 0.0,
    "complex_plddt": 0.9221382737159729,
    "complex_iplddt": 0.0,
    "complex_pde": 0.3849703371524811,
    "complex_ipde": 0.0,
    "chains_ptm": {
        "0": 0.9394175410270691
    },
    "pair_chains_iptm": {
        "0": {
            "0": 0.9394175410270691
        }
    }
}