{
    "confidence_score": 0.7293228507041931,
    "ptm": 0.8664725422859192,
    "iptm": 0.0,
    "ligand_iptm": 0.0,
    "protein_iptm": 0.0,
    "complex_plddt": 0.9116535782814026,
    "complex_iplddt": 0.0,
    "complex_pde": 0.4172360599040985,
    "complex_ipde": 0.0,
    "chains_ptm": {
        "0": 0.8664725422859192
    },
    "pair_chains_iptm": {
        "0": {
            "0": 0.8664725422859192
        }
    }
}