{
    "confidence_score": 0.6581264138221741,
    "ptm": 0.7967409491539001,
    "iptm": 0.0,
    "ligand_iptm": 0.0,
    "protein_iptm": 0.0,
    "complex_plddt": 0.8226580023765564,
    "complex_iplddt": 0.0,
    "complex_pde": 0.5054776668548584,
    "complex_ipde": 0.0,
    "chains_ptm": {
        "0": 0.7967409491539001
    },
    "pair_chains_iptm": {
        "0": {
            "0": 0.7967409491539001
        }
    }
}