{
    "confidence_score": 0.7341803908348083,
    "ptm": 0.9309407472610474,
    "iptm": 0.0,
    "ligand_iptm": 0.0,
    "protein_iptm": 0.0,
    "complex_plddt": 0.9177255034446716,
    "complex_iplddt": 0.0,
    "complex_pde": 0.33222901821136475,
    "complex_ipde": 0.0,
    "chains_ptm": {
        "0": 0.9309407472610474
    },
    "pair_chains_iptm": {
        "0": {
            "0": 0.9309407472610474
        }
    }
}