{
    "confidence_score": 0.7424558997154236,
    "ptm": 0.9395054578781128,
    "iptm": 0.0,
    "ligand_iptm": 0.0,
    "protein_iptm": 0.0,
    "complex_plddt": 0.9280698895454407,
    "complex_iplddt": 0.0,
    "complex_pde": 0.344307541847229,
    "complex_ipde": 0.0,
    "chains_ptm": {
        "0": 0.9395054578781128
    },
    "pair_chains_iptm": {
        "0": {
            "0": 0.9395054578781128
        }
    }
}