{
    "confidence_score": 0.5941583514213562,
    "ptm": 0.5504724383354187,
    "iptm": 0.0,
    "ligand_iptm": 0.0,
    "protein_iptm": 0.0,
    "complex_plddt": 0.7426979541778564,
    "complex_iplddt": 0.0,
    "complex_pde": 1.329668641090393,
    "complex_ipde": 0.0,
    "chains_ptm": {
        "0": 0.5504724383354187
    },
    "pair_chains_iptm": {
        "0": {
            "0": 0.5504724383354187
        }
    }
}