{
    "confidence_score": 0.6215182542800903,
    "ptm": 0.6514520049095154,
    "iptm": 0.0,
    "ligand_iptm": 0.0,
    "protein_iptm": 0.0,
    "complex_plddt": 0.7768977880477905,
    "complex_iplddt": 0.0,
    "complex_pde": 0.9847632050514221,
    "complex_ipde": 0.0,
    "chains_ptm": {
        "0": 0.6514520049095154
    },
    "pair_chains_iptm": {
        "0": {
            "0": 0.6514520049095154
        }
    }
}