{
    "confidence_score": 0.5912746787071228,
    "ptm": 0.4539260268211365,
    "iptm": 0.0,
    "ligand_iptm": 0.0,
    "protein_iptm": 0.0,
    "complex_plddt": 0.7390933036804199,
    "complex_iplddt": 0.0,
    "complex_pde": 1.121646761894226,
    "complex_ipde": 0.0,
    "chains_ptm": {
        "0": 0.4539260268211365
    },
    "pair_chains_iptm": {
        "0": {
            "0": 0.4539260268211365
        }
    }
}