{
    "confidence_score": 0.37767985463142395,
    "ptm": 0.35346803069114685,
    "iptm": 0.0,
    "ligand_iptm": 0.0,
    "protein_iptm": 0.0,
    "complex_plddt": 0.47209981083869934,
    "complex_iplddt": 0.0,
    "complex_pde": 2.668410301208496,
    "complex_ipde": 0.0,
    "chains_ptm": {
        "0": 0.35346803069114685
    },
    "pair_chains_iptm": {
        "0": {
            "0": 0.35346803069114685
        }
    }
}