{
    "confidence_score": 0.5388705134391785,
    "ptm": 0.5602490901947021,
    "iptm": 0.0,
    "ligand_iptm": 0.0,
    "protein_iptm": 0.0,
    "complex_plddt": 0.6735881567001343,
    "complex_iplddt": 0.0,
    "complex_pde": 1.231469750404358,
    "complex_ipde": 0.0,
    "chains_ptm": {
        "0": 0.5602490901947021
    },
    "pair_chains_iptm": {
        "0": {
            "0": 0.5602490901947021
        }
    }
}