{
    "confidence_score": 0.711149275302887,
    "ptm": 0.9098876714706421,
    "iptm": 0.0,
    "ligand_iptm": 0.0,
    "protein_iptm": 0.0,
    "complex_plddt": 0.8889365792274475,
    "complex_iplddt": 0.0,
    "complex_pde": 0.5083137154579163,
    "complex_ipde": 0.0,
    "chains_ptm": {
        "0": 0.9098876714706421
    },
    "pair_chains_iptm": {
        "0": {
            "0": 0.9098876714706421
        }
    }
}