{
    "confidence_score": 0.6854503154754639,
    "ptm": 0.8154599666595459,
    "iptm": 0.0,
    "ligand_iptm": 0.0,
    "protein_iptm": 0.0,
    "complex_plddt": 0.8568128943443298,
    "complex_iplddt": 0.0,
    "complex_pde": 0.651717483997345,
    "complex_ipde": 0.0,
    "chains_ptm": {
        "0": 0.8154599666595459
    },
    "pair_chains_iptm": {
        "0": {
            "0": 0.8154599666595459
        }
    }
}