{
    "confidence_score": 0.5979022979736328,
    "ptm": 0.3122594356536865,
    "iptm": 0.0,
    "ligand_iptm": 0.0,
    "protein_iptm": 0.0,
    "complex_plddt": 0.747377872467041,
    "complex_iplddt": 0.0,
    "complex_pde": 1.8613206148147583,
    "complex_ipde": 0.0,
    "chains_ptm": {
        "0": 0.3122594356536865
    },
    "pair_chains_iptm": {
        "0": {
            "0": 0.3122594356536865
        }
    }
}