{
    "confidence_score": 0.5926067233085632,
    "ptm": 0.46971118450164795,
    "iptm": 0.0,
    "ligand_iptm": 0.0,
    "protein_iptm": 0.0,
    "complex_plddt": 0.7407583594322205,
    "complex_iplddt": 0.0,
    "complex_pde": 0.6046678423881531,
    "complex_ipde": 0.0,
    "chains_ptm": {
        "0": 0.46971118450164795
    },
    "pair_chains_iptm": {
        "0": {
            "0": 0.46971118450164795
        }
    }
}