{
    "confidence_score": 0.7424023747444153,
    "ptm": 0.843502938747406,
    "iptm": 0.0,
    "ligand_iptm": 0.0,
    "protein_iptm": 0.0,
    "complex_plddt": 0.9280029535293579,
    "complex_iplddt": 0.0,
    "complex_pde": 0.38326549530029297,
    "complex_ipde": 0.0,
    "chains_ptm": {
        "0": 0.843502938747406
    },
    "pair_chains_iptm": {
        "0": {
            "0": 0.843502938747406
        }
    }
}