{
    "confidence_score": 0.7611603140830994,
    "ptm": 0.9681510925292969,
    "iptm": 0.0,
    "ligand_iptm": 0.0,
    "protein_iptm": 0.0,
    "complex_plddt": 0.9514503479003906,
    "complex_iplddt": 0.0,
    "complex_pde": 0.3199789822101593,
    "complex_ipde": 0.0,
    "chains_ptm": {
        "0": 0.9681510925292969
    },
    "pair_chains_iptm": {
        "0": {
            "0": 0.9681510925292969
        }
    }
}