{
    "confidence_score": 0.7030380368232727,
    "ptm": 0.7677452564239502,
    "iptm": 0.0,
    "ligand_iptm": 0.0,
    "protein_iptm": 0.0,
    "complex_plddt": 0.8787975311279297,
    "complex_iplddt": 0.0,
    "complex_pde": 0.8240540027618408,
    "complex_ipde": 0.0,
    "chains_ptm": {
        "0": 0.7677452564239502
    },
    "pair_chains_iptm": {
        "0": {
            "0": 0.7677452564239502
        }
    }
}