{
    "confidence_score": 0.6943332552909851,
    "ptm": 0.9025014638900757,
    "iptm": 0.0,
    "ligand_iptm": 0.0,
    "protein_iptm": 0.0,
    "complex_plddt": 0.8679165244102478,
    "complex_iplddt": 0.0,
    "complex_pde": 0.5927773714065552,
    "complex_ipde": 0.0,
    "chains_ptm": {
        "0": 0.9025014638900757
    },
    "pair_chains_iptm": {
        "0": {
            "0": 0.9025014638900757
        }
    }
}