{
    "confidence_score": 0.339815229177475,
    "ptm": 0.27237629890441895,
    "iptm": 0.0,
    "ligand_iptm": 0.0,
    "protein_iptm": 0.0,
    "complex_plddt": 0.4247690439224243,
    "complex_iplddt": 0.0,
    "complex_pde": 2.2697746753692627,
    "complex_ipde": 0.0,
    "chains_ptm": {
        "0": 0.27237629890441895
    },
    "pair_chains_iptm": {
        "0": {
            "0": 0.27237629890441895
        }
    }
}