{
    "confidence_score": 0.6638195514678955,
    "ptm": 0.7683575749397278,
    "iptm": 0.0,
    "ligand_iptm": 0.0,
    "protein_iptm": 0.0,
    "complex_plddt": 0.8297744393348694,
    "complex_iplddt": 0.0,
    "complex_pde": 1.2628624439239502,
    "complex_ipde": 0.0,
    "chains_ptm": {
        "0": 0.7683575749397278
    },
    "pair_chains_iptm": {
        "0": {
            "0": 0.7683575749397278
        }
    }
}