{
    "confidence_score": 0.5912546515464783,
    "ptm": 0.3289414644241333,
    "iptm": 0.0,
    "ligand_iptm": 0.0,
    "protein_iptm": 0.0,
    "complex_plddt": 0.7390682697296143,
    "complex_iplddt": 0.0,
    "complex_pde": 0.9929279088973999,
    "complex_ipde": 0.0,
    "chains_ptm": {
        "0": 0.3289414644241333
    },
    "pair_chains_iptm": {
        "0": {
            "0": 0.3289414644241333
        }
    }
}