{
    "confidence_score": 0.6429488062858582,
    "ptm": 0.5598989725112915,
    "iptm": 0.0,
    "ligand_iptm": 0.0,
    "protein_iptm": 0.0,
    "complex_plddt": 0.8036860227584839,
    "complex_iplddt": 0.0,
    "complex_pde": 1.3248143196105957,
    "complex_ipde": 0.0,
    "chains_ptm": {
        "0": 0.5598989725112915
    },
    "pair_chains_iptm": {
        "0": {
            "0": 0.5598989725112915
        }
    }
}