{
    "features": 8512.472754955292,
    "process_features_model_1_pred_0": 14.638596534729004,
    "predict_and_compile_model_1_pred_0": 13405.832362174988,
    "process_features_model_2_pred_0": 14.696393966674805,
    "predict_and_compile_model_2_pred_0": 10588.230405807495,
    "process_features_model_3_pred_0": 13.113987922668457,
    "predict_and_compile_model_3_pred_0": 10236.404948234558,
    "process_features_model_4_pred_0": 13.741374731063843,
    "predict_and_compile_model_4_pred_0": 10253.181625843048,
    "process_features_model_5_pred_0": 13.794842720031738,
    "predict_and_compile_model_5_pred_0": 3099.067848443985,
    "relax_model_5_pred_0": 2909.3001475334167
}