{
    "confidence_score": 0.6105571985244751,
    "ptm": 0.7237966060638428,
    "iptm": 0.0,
    "ligand_iptm": 0.0,
    "protein_iptm": 0.0,
    "complex_plddt": 0.7631964683532715,
    "complex_iplddt": 0.0,
    "complex_pde": 1.5064934492111206,
    "complex_ipde": 0.0,
    "chains_ptm": {
        "0": 0.7237966060638428
    },
    "pair_chains_iptm": {
        "0": {
            "0": 0.7237966060638428
        }
    }
}