{
    "features": 5168.774488925934,
    "process_features_model_1_pred_0": 11.402162551879883,
    "predict_and_compile_model_1_pred_0": 336.820264339447,
    "process_features_model_2_pred_0": 11.012841701507568,
    "predict_and_compile_model_2_pred_0": 307.411581993103,
    "process_features_model_3_pred_0": 10.216746091842651,
    "predict_and_compile_model_3_pred_0": 296.3833837509155,
    "process_features_model_4_pred_0": 11.075586080551147,
    "predict_and_compile_model_4_pred_0": 291.07821393013,
    "process_features_model_5_pred_0": 10.910452604293823,
    "predict_and_compile_model_5_pred_0": 270.1891767978668,
    "relax_model_5_pred_0": 71.14364051818848
}