{
    "confidence_score": 0.6450575590133667,
    "ptm": 0.7721087336540222,
    "iptm": 0.0,
    "ligand_iptm": 0.0,
    "protein_iptm": 0.0,
    "complex_plddt": 0.806321918964386,
    "complex_iplddt": 0.0,
    "complex_pde": 0.5835029482841492,
    "complex_ipde": 0.0,
    "chains_ptm": {
        "0": 0.7721087336540222
    },
    "pair_chains_iptm": {
        "0": {
            "0": 0.7721087336540222
        }
    }
}