{
    "confidence_score": 0.3826904892921448,
    "ptm": 0.28467679023742676,
    "iptm": 0.0,
    "ligand_iptm": 0.0,
    "protein_iptm": 0.0,
    "complex_plddt": 0.4783630967140198,
    "complex_iplddt": 0.0,
    "complex_pde": 2.9793200492858887,
    "complex_ipde": 0.0,
    "chains_ptm": {
        "0": 0.28467679023742676
    },
    "pair_chains_iptm": {
        "0": {
            "0": 0.28467679023742676
        }
    }
}