{
    "confidence_score": 0.7416690587997437,
    "ptm": 0.9452124238014221,
    "iptm": 0.0,
    "ligand_iptm": 0.0,
    "protein_iptm": 0.0,
    "complex_plddt": 0.9270862936973572,
    "complex_iplddt": 0.0,
    "complex_pde": 0.3809061348438263,
    "complex_ipde": 0.0,
    "chains_ptm": {
        "0": 0.9452124238014221
    },
    "pair_chains_iptm": {
        "0": {
            "0": 0.9452124238014221
        }
    }
}