{
    "confidence_score": 0.6784543395042419,
    "ptm": 0.9141137003898621,
    "iptm": 0.0,
    "ligand_iptm": 0.0,
    "protein_iptm": 0.0,
    "complex_plddt": 0.8480679392814636,
    "complex_iplddt": 0.0,
    "complex_pde": 0.5533762574195862,
    "complex_ipde": 0.0,
    "chains_ptm": {
        "0": 0.9141137003898621
    },
    "pair_chains_iptm": {
        "0": {
            "0": 0.9141137003898621
        }
    }
}