{
    "confidence_score": 0.7317161560058594,
    "ptm": 0.9335976839065552,
    "iptm": 0.0,
    "ligand_iptm": 0.0,
    "protein_iptm": 0.0,
    "complex_plddt": 0.9146451950073242,
    "complex_iplddt": 0.0,
    "complex_pde": 0.3895382285118103,
    "complex_ipde": 0.0,
    "chains_ptm": {
        "0": 0.9335976839065552
    },
    "pair_chains_iptm": {
        "0": {
            "0": 0.9335976839065552
        }
    }
}