{
    "confidence_score": 0.6259254217147827,
    "ptm": 0.36171966791152954,
    "iptm": 0.0,
    "ligand_iptm": 0.0,
    "protein_iptm": 0.0,
    "complex_plddt": 0.782406747341156,
    "complex_iplddt": 0.0,
    "complex_pde": 1.720109462738037,
    "complex_ipde": 0.0,
    "chains_ptm": {
        "0": 0.36171966791152954
    },
    "pair_chains_iptm": {
        "0": {
            "0": 0.36171966791152954
        }
    }
}