{
    "confidence_score": 0.7256099581718445,
    "ptm": 0.9462012052536011,
    "iptm": 0.0,
    "ligand_iptm": 0.0,
    "protein_iptm": 0.0,
    "complex_plddt": 0.9070124626159668,
    "complex_iplddt": 0.0,
    "complex_pde": 0.43867847323417664,
    "complex_ipde": 0.0,
    "chains_ptm": {
        "0": 0.9462012052536011
    },
    "pair_chains_iptm": {
        "0": {
            "0": 0.9462012052536011
        }
    }
}