{
    "confidence_score": 0.5616181492805481,
    "ptm": 0.5121079683303833,
    "iptm": 0.0,
    "ligand_iptm": 0.0,
    "protein_iptm": 0.0,
    "complex_plddt": 0.7020226716995239,
    "complex_iplddt": 0.0,
    "complex_pde": 1.5595362186431885,
    "complex_ipde": 0.0,
    "chains_ptm": {
        "0": 0.5121079683303833
    },
    "pair_chains_iptm": {
        "0": {
            "0": 0.5121079683303833
        }
    }
}