{
    "confidence_score": 0.5157619118690491,
    "ptm": 0.46767058968544006,
    "iptm": 0.0,
    "ligand_iptm": 0.0,
    "protein_iptm": 0.0,
    "complex_plddt": 0.6447023749351501,
    "complex_iplddt": 0.0,
    "complex_pde": 1.786759853363037,
    "complex_ipde": 0.0,
    "chains_ptm": {
        "0": 0.46767058968544006
    },
    "pair_chains_iptm": {
        "0": {
            "0": 0.46767058968544006
        }
    }
}