{
    "confidence_score": 0.7406588792800903,
    "ptm": 0.9547256827354431,
    "iptm": 0.0,
    "ligand_iptm": 0.0,
    "protein_iptm": 0.0,
    "complex_plddt": 0.9258235692977905,
    "complex_iplddt": 0.0,
    "complex_pde": 0.3548792004585266,
    "complex_ipde": 0.0,
    "chains_ptm": {
        "0": 0.9547256827354431
    },
    "pair_chains_iptm": {
        "0": {
            "0": 0.9547256827354431
        }
    }
}