{
    "confidence_score": 0.7228542566299438,
    "ptm": 0.9248201847076416,
    "iptm": 0.0,
    "ligand_iptm": 0.0,
    "protein_iptm": 0.0,
    "complex_plddt": 0.9035677909851074,
    "complex_iplddt": 0.0,
    "complex_pde": 0.46124690771102905,
    "complex_ipde": 0.0,
    "chains_ptm": {
        "0": 0.9248201847076416
    },
    "pair_chains_iptm": {
        "0": {
            "0": 0.9248201847076416
        }
    }
}