{
    "confidence_score": 0.5276397466659546,
    "ptm": 0.34579557180404663,
    "iptm": 0.0,
    "ligand_iptm": 0.0,
    "protein_iptm": 0.0,
    "complex_plddt": 0.6595496535301208,
    "complex_iplddt": 0.0,
    "complex_pde": 1.99360191822052,
    "complex_ipde": 0.0,
    "chains_ptm": {
        "0": 0.34579557180404663
    },
    "pair_chains_iptm": {
        "0": {
            "0": 0.34579557180404663
        }
    }
}