{
    "confidence_score": 0.6350113153457642,
    "ptm": 0.8052917122840881,
    "iptm": 0.0,
    "ligand_iptm": 0.0,
    "protein_iptm": 0.0,
    "complex_plddt": 0.7937641143798828,
    "complex_iplddt": 0.0,
    "complex_pde": 0.5385938882827759,
    "complex_ipde": 0.0,
    "chains_ptm": {
        "0": 0.8052917122840881
    },
    "pair_chains_iptm": {
        "0": {
            "0": 0.8052917122840881
        }
    }
}