{
    "confidence_score": 0.7223213911056519,
    "ptm": 0.9161109328269958,
    "iptm": 0.0,
    "ligand_iptm": 0.0,
    "protein_iptm": 0.0,
    "complex_plddt": 0.9029017090797424,
    "complex_iplddt": 0.0,
    "complex_pde": 0.38604992628097534,
    "complex_ipde": 0.0,
    "chains_ptm": {
        "0": 0.9161109328269958
    },
    "pair_chains_iptm": {
        "0": {
            "0": 0.9161109328269958
        }
    }
}