{
    "confidence_score": 0.4786148965358734,
    "ptm": 0.42283859848976135,
    "iptm": 0.0,
    "ligand_iptm": 0.0,
    "protein_iptm": 0.0,
    "complex_plddt": 0.5982686281204224,
    "complex_iplddt": 0.0,
    "complex_pde": 2.123213768005371,
    "complex_ipde": 0.0,
    "chains_ptm": {
        "0": 0.42283859848976135
    },
    "pair_chains_iptm": {
        "0": {
            "0": 0.42283859848976135
        }
    }
}