{
    "confidence_score": 0.7334895133972168,
    "ptm": 0.9221076369285583,
    "iptm": 0.0,
    "ligand_iptm": 0.0,
    "protein_iptm": 0.0,
    "complex_plddt": 0.916861891746521,
    "complex_iplddt": 0.0,
    "complex_pde": 0.42233163118362427,
    "complex_ipde": 0.0,
    "chains_ptm": {
        "0": 0.9221076369285583
    },
    "pair_chains_iptm": {
        "0": {
            "0": 0.9221076369285583
        }
    }
}