{
    "confidence_score": 0.6473677754402161,
    "ptm": 0.8509984612464905,
    "iptm": 0.0,
    "ligand_iptm": 0.0,
    "protein_iptm": 0.0,
    "complex_plddt": 0.8092097043991089,
    "complex_iplddt": 0.0,
    "complex_pde": 0.7685859203338623,
    "complex_ipde": 0.0,
    "chains_ptm": {
        "0": 0.8509984612464905
    },
    "pair_chains_iptm": {
        "0": {
            "0": 0.8509984612464905
        }
    }
}