{
    "confidence_score": 0.6241867542266846,
    "ptm": 0.8841383457183838,
    "iptm": 0.0,
    "ligand_iptm": 0.0,
    "protein_iptm": 0.0,
    "complex_plddt": 0.7802334427833557,
    "complex_iplddt": 0.0,
    "complex_pde": 0.5479052662849426,
    "complex_ipde": 0.0,
    "chains_ptm": {
        "0": 0.8841383457183838
    },
    "pair_chains_iptm": {
        "0": {
            "0": 0.8841383457183838
        }
    }
}