{
    "features": 3322.2981328964233,
    "process_features_model_1_pred_0": 2.0114991664886475,
    "predict_and_compile_model_1_pred_0": 306.3633589744568,
    "process_features_model_2_pred_0": 2.287494421005249,
    "predict_and_compile_model_2_pred_0": 277.5040168762207,
    "process_features_model_3_pred_0": 1.5357327461242676,
    "predict_and_compile_model_3_pred_0": 250.35756635665894,
    "process_features_model_4_pred_0": 1.637669324874878,
    "predict_and_compile_model_4_pred_0": 242.1563081741333,
    "process_features_model_5_pred_0": 1.4783024787902832,
    "predict_and_compile_model_5_pred_0": 224.57579493522644,
    "relax_model_1_pred_0": 85.85874342918396
}