{
    "confidence_score": 0.7374827265739441,
    "ptm": 0.9492003321647644,
    "iptm": 0.0,
    "ligand_iptm": 0.0,
    "protein_iptm": 0.0,
    "complex_plddt": 0.9218533635139465,
    "complex_iplddt": 0.0,
    "complex_pde": 0.3681052029132843,
    "complex_ipde": 0.0,
    "chains_ptm": {
        "0": 0.9492003321647644
    },
    "pair_chains_iptm": {
        "0": {
            "0": 0.9492003321647644
        }
    }
}