{
    "confidence_score": 0.4675608277320862,
    "ptm": 0.26220300793647766,
    "iptm": 0.0,
    "ligand_iptm": 0.0,
    "protein_iptm": 0.0,
    "complex_plddt": 0.5844510197639465,
    "complex_iplddt": 0.0,
    "complex_pde": 1.7727103233337402,
    "complex_ipde": 0.0,
    "chains_ptm": {
        "0": 0.26220300793647766
    },
    "pair_chains_iptm": {
        "0": {
            "0": 0.26220300793647766
        }
    }
}