{
    "confidence_score": 0.7126941084861755,
    "ptm": 0.9029751420021057,
    "iptm": 0.0,
    "ligand_iptm": 0.0,
    "protein_iptm": 0.0,
    "complex_plddt": 0.8908676505088806,
    "complex_iplddt": 0.0,
    "complex_pde": 0.8183509111404419,
    "complex_ipde": 0.0,
    "chains_ptm": {
        "0": 0.9029751420021057
    },
    "pair_chains_iptm": {
        "0": {
            "0": 0.9029751420021057
        }
    }
}