{
    "confidence_score": 0.6456246376037598,
    "ptm": 0.7318018078804016,
    "iptm": 0.0,
    "ligand_iptm": 0.0,
    "protein_iptm": 0.0,
    "complex_plddt": 0.8070307970046997,
    "complex_iplddt": 0.0,
    "complex_pde": 0.8994473814964294,
    "complex_ipde": 0.0,
    "chains_ptm": {
        "0": 0.7318018078804016
    },
    "pair_chains_iptm": {
        "0": {
            "0": 0.7318018078804016
        }
    }
}