{
    "confidence_score": 0.6877502202987671,
    "ptm": 0.5675991773605347,
    "iptm": 0.0,
    "ligand_iptm": 0.0,
    "protein_iptm": 0.0,
    "complex_plddt": 0.8596877455711365,
    "complex_iplddt": 0.0,
    "complex_pde": 0.7159698009490967,
    "complex_ipde": 0.0,
    "chains_ptm": {
        "0": 0.5675991773605347
    },
    "pair_chains_iptm": {
        "0": {
            "0": 0.5675991773605347
        }
    }
}