{
    "confidence_score": 0.6318789720535278,
    "ptm": 0.5414308905601501,
    "iptm": 0.0,
    "ligand_iptm": 0.0,
    "protein_iptm": 0.0,
    "complex_plddt": 0.7898486852645874,
    "complex_iplddt": 0.0,
    "complex_pde": 1.7947368621826172,
    "complex_ipde": 0.0,
    "chains_ptm": {
        "0": 0.5414308905601501
    },
    "pair_chains_iptm": {
        "0": {
            "0": 0.5414308905601501
        }
    }
}