{
    "confidence_score": 0.69210284948349,
    "ptm": 0.9132238030433655,
    "iptm": 0.0,
    "ligand_iptm": 0.0,
    "protein_iptm": 0.0,
    "complex_plddt": 0.8651285171508789,
    "complex_iplddt": 0.0,
    "complex_pde": 0.5339154005050659,
    "complex_ipde": 0.0,
    "chains_ptm": {
        "0": 0.9132238030433655
    },
    "pair_chains_iptm": {
        "0": {
            "0": 0.9132238030433655
        }
    }
}