{
    "features": 4435.735830783844,
    "process_features_model_1_pred_0": 11.266581296920776,
    "predict_and_compile_model_1_pred_0": 291.07315373420715,
    "process_features_model_2_pred_0": 10.382831811904907,
    "predict_and_compile_model_2_pred_0": 267.24834513664246,
    "process_features_model_3_pred_0": 10.047197818756104,
    "predict_and_compile_model_3_pred_0": 248.05940628051758,
    "process_features_model_4_pred_0": 10.214651584625244,
    "predict_and_compile_model_4_pred_0": 244.34775400161743,
    "process_features_model_5_pred_0": 9.425925970077515,
    "predict_and_compile_model_5_pred_0": 223.96724820137024,
    "relax_model_3_pred_0": 64.85845017433167
}