{
    "confidence_score": 0.7180755734443665,
    "ptm": 0.9104242920875549,
    "iptm": 0.0,
    "ligand_iptm": 0.0,
    "protein_iptm": 0.0,
    "complex_plddt": 0.8975944519042969,
    "complex_iplddt": 0.0,
    "complex_pde": 0.49865859746932983,
    "complex_ipde": 0.0,
    "chains_ptm": {
        "0": 0.9104242920875549
    },
    "pair_chains_iptm": {
        "0": {
            "0": 0.9104242920875549
        }
    }
}