{
    "confidence_score": 0.7233361601829529,
    "ptm": 0.9035833477973938,
    "iptm": 0.0,
    "ligand_iptm": 0.0,
    "protein_iptm": 0.0,
    "complex_plddt": 0.9041701555252075,
    "complex_iplddt": 0.0,
    "complex_pde": 0.44896456599235535,
    "complex_ipde": 0.0,
    "chains_ptm": {
        "0": 0.9035833477973938
    },
    "pair_chains_iptm": {
        "0": {
            "0": 0.9035833477973938
        }
    }
}