{
    "confidence_score": 0.6125250458717346,
    "ptm": 0.6750739216804504,
    "iptm": 0.0,
    "ligand_iptm": 0.0,
    "protein_iptm": 0.0,
    "complex_plddt": 0.7656562924385071,
    "complex_iplddt": 0.0,
    "complex_pde": 1.3152108192443848,
    "complex_ipde": 0.0,
    "chains_ptm": {
        "0": 0.6750739216804504
    },
    "pair_chains_iptm": {
        "0": {
            "0": 0.6750739216804504
        }
    }
}