{
    "confidence_score": 0.7577044367790222,
    "ptm": 0.9229123592376709,
    "iptm": 0.0,
    "ligand_iptm": 0.0,
    "protein_iptm": 0.0,
    "complex_plddt": 0.9471305012702942,
    "complex_iplddt": 0.0,
    "complex_pde": 0.3146544396877289,
    "complex_ipde": 0.0,
    "chains_ptm": {
        "0": 0.9229123592376709
    },
    "pair_chains_iptm": {
        "0": {
            "0": 0.9229123592376709
        }
    }
}