{
    "confidence_score": 0.7395009398460388,
    "ptm": 0.9311408400535583,
    "iptm": 0.0,
    "ligand_iptm": 0.0,
    "protein_iptm": 0.0,
    "complex_plddt": 0.9243761897087097,
    "complex_iplddt": 0.0,
    "complex_pde": 0.42976024746894836,
    "complex_ipde": 0.0,
    "chains_ptm": {
        "0": 0.9311408400535583
    },
    "pair_chains_iptm": {
        "0": {
            "0": 0.9311408400535583
        }
    }
}