{
    "confidence_score": 0.6881895661354065,
    "ptm": 0.8432648181915283,
    "iptm": 0.0,
    "ligand_iptm": 0.0,
    "protein_iptm": 0.0,
    "complex_plddt": 0.8602369427680969,
    "complex_iplddt": 0.0,
    "complex_pde": 0.44074466824531555,
    "complex_ipde": 0.0,
    "chains_ptm": {
        "0": 0.8432648181915283
    },
    "pair_chains_iptm": {
        "0": {
            "0": 0.8432648181915283
        }
    }
}