{
    "confidence_score": 0.743125855922699,
    "ptm": 0.9458756446838379,
    "iptm": 0.0,
    "ligand_iptm": 0.0,
    "protein_iptm": 0.0,
    "complex_plddt": 0.9289072751998901,
    "complex_iplddt": 0.0,
    "complex_pde": 0.3599291741847992,
    "complex_ipde": 0.0,
    "chains_ptm": {
        "0": 0.9458756446838379
    },
    "pair_chains_iptm": {
        "0": {
            "0": 0.9458756446838379
        }
    }
}