{
    "confidence_score": 0.6554000973701477,
    "ptm": 0.7013618350028992,
    "iptm": 0.0,
    "ligand_iptm": 0.0,
    "protein_iptm": 0.0,
    "complex_plddt": 0.8192501068115234,
    "complex_iplddt": 0.0,
    "complex_pde": 0.8158783316612244,
    "complex_ipde": 0.0,
    "chains_ptm": {
        "0": 0.7013618350028992
    },
    "pair_chains_iptm": {
        "0": {
            "0": 0.7013618350028992
        }
    }
}