{
    "confidence_score": 0.6561473608016968,
    "ptm": 0.9034451842308044,
    "iptm": 0.0,
    "ligand_iptm": 0.0,
    "protein_iptm": 0.0,
    "complex_plddt": 0.8201841711997986,
    "complex_iplddt": 0.0,
    "complex_pde": 0.3637199401855469,
    "complex_ipde": 0.0,
    "chains_ptm": {
        "0": 0.9034451842308044
    },
    "pair_chains_iptm": {
        "0": {
            "0": 0.9034451842308044
        }
    }
}