{
    "confidence_score": 0.6914259791374207,
    "ptm": 0.6937517523765564,
    "iptm": 0.0,
    "ligand_iptm": 0.0,
    "protein_iptm": 0.0,
    "complex_plddt": 0.864282488822937,
    "complex_iplddt": 0.0,
    "complex_pde": 0.5980184078216553,
    "complex_ipde": 0.0,
    "chains_ptm": {
        "0": 0.6937517523765564
    },
    "pair_chains_iptm": {
        "0": {
            "0": 0.6937517523765564
        }
    }
}