{
    "confidence_score": 0.535606861114502,
    "ptm": 0.25802162289619446,
    "iptm": 0.0,
    "ligand_iptm": 0.0,
    "protein_iptm": 0.0,
    "complex_plddt": 0.6695085763931274,
    "complex_iplddt": 0.0,
    "complex_pde": 1.2711080312728882,
    "complex_ipde": 0.0,
    "chains_ptm": {
        "0": 0.25802162289619446
    },
    "pair_chains_iptm": {
        "0": {
            "0": 0.25802162289619446
        }
    }
}