{
    "confidence_score": 0.5449985861778259,
    "ptm": 0.7961112260818481,
    "iptm": 0.0,
    "ligand_iptm": 0.0,
    "protein_iptm": 0.0,
    "complex_plddt": 0.6812481880187988,
    "complex_iplddt": 0.0,
    "complex_pde": 1.0618820190429688,
    "complex_ipde": 0.0,
    "chains_ptm": {
        "0": 0.7961112260818481
    },
    "pair_chains_iptm": {
        "0": {
            "0": 0.7961112260818481
        }
    }
}