{
    "confidence_score": 0.7292149662971497,
    "ptm": 0.6986345648765564,
    "iptm": 0.0,
    "ligand_iptm": 0.0,
    "protein_iptm": 0.0,
    "complex_plddt": 0.9115186929702759,
    "complex_iplddt": 0.0,
    "complex_pde": 0.5384889245033264,
    "complex_ipde": 0.0,
    "chains_ptm": {
        "0": 0.6986345648765564
    },
    "pair_chains_iptm": {
        "0": {
            "0": 0.6986345648765564
        }
    }
}