{
    "confidence_score": 0.7022712826728821,
    "ptm": 0.7705762982368469,
    "iptm": 0.0,
    "ligand_iptm": 0.0,
    "protein_iptm": 0.0,
    "complex_plddt": 0.8778390884399414,
    "complex_iplddt": 0.0,
    "complex_pde": 0.6058177947998047,
    "complex_ipde": 0.0,
    "chains_ptm": {
        "0": 0.7705762982368469
    },
    "pair_chains_iptm": {
        "0": {
            "0": 0.7705762982368469
        }
    }
}