{
    "confidence_score": 0.7279951572418213,
    "ptm": 0.9175249934196472,
    "iptm": 0.0,
    "ligand_iptm": 0.0,
    "protein_iptm": 0.0,
    "complex_plddt": 0.9099939465522766,
    "complex_iplddt": 0.0,
    "complex_pde": 0.400596559047699,
    "complex_ipde": 0.0,
    "chains_ptm": {
        "0": 0.9175249934196472
    },
    "pair_chains_iptm": {
        "0": {
            "0": 0.9175249934196472
        }
    }
}