{
    "confidence_score": 0.7204704880714417,
    "ptm": 0.9271960854530334,
    "iptm": 0.0,
    "ligand_iptm": 0.0,
    "protein_iptm": 0.0,
    "complex_plddt": 0.9005880951881409,
    "complex_iplddt": 0.0,
    "complex_pde": 0.35873642563819885,
    "complex_ipde": 0.0,
    "chains_ptm": {
        "0": 0.9271960854530334
    },
    "pair_chains_iptm": {
        "0": {
            "0": 0.9271960854530334
        }
    }
}