{
    "confidence_score": 0.7619155645370483,
    "ptm": 0.9506847858428955,
    "iptm": 0.0,
    "ligand_iptm": 0.0,
    "protein_iptm": 0.0,
    "complex_plddt": 0.952394425868988,
    "complex_iplddt": 0.0,
    "complex_pde": 0.3126465082168579,
    "complex_ipde": 0.0,
    "chains_ptm": {
        "0": 0.9506847858428955
    },
    "pair_chains_iptm": {
        "0": {
            "0": 0.9506847858428955
        }
    }
}