{
    "confidence_score": 0.6066521406173706,
    "ptm": 0.4372332692146301,
    "iptm": 0.0,
    "ligand_iptm": 0.0,
    "protein_iptm": 0.0,
    "complex_plddt": 0.7583151459693909,
    "complex_iplddt": 0.0,
    "complex_pde": 1.433455228805542,
    "complex_ipde": 0.0,
    "chains_ptm": {
        "0": 0.4372332692146301
    },
    "pair_chains_iptm": {
        "0": {
            "0": 0.4372332692146301
        }
    }
}