{
    "confidence_score": 0.771342396736145,
    "ptm": 0.964237630367279,
    "iptm": 0.0,
    "ligand_iptm": 0.0,
    "protein_iptm": 0.0,
    "complex_plddt": 0.9641779661178589,
    "complex_iplddt": 0.0,
    "complex_pde": 0.30738258361816406,
    "complex_ipde": 0.0,
    "chains_ptm": {
        "0": 0.964237630367279
    },
    "pair_chains_iptm": {
        "0": {
            "0": 0.964237630367279
        }
    }
}