{
    "confidence_score": 0.576824963092804,
    "ptm": 0.7193629741668701,
    "iptm": 0.0,
    "ligand_iptm": 0.0,
    "protein_iptm": 0.0,
    "complex_plddt": 0.7210311889648438,
    "complex_iplddt": 0.0,
    "complex_pde": 0.644036591053009,
    "complex_ipde": 0.0,
    "chains_ptm": {
        "0": 0.7193629741668701
    },
    "pair_chains_iptm": {
        "0": {
            "0": 0.7193629741668701
        }
    }
}