{
    "plddts": {
        "model_1_pred_0": 80.38881584228079,
        "model_2_pred_0": 82.99048109041262,
        "model_3_pred_0": 83.54699226561887,
        "model_4_pred_0": 83.4151187266168,
        "model_5_pred_0": 82.88077323924229
    },
    "order": [
        "model_3_pred_0",
        "model_4_pred_0",
        "model_2_pred_0",
        "model_5_pred_0",
        "model_1_pred_0"
    ]
}