{
    "features": 5915.933061599731,
    "process_features_model_1_pred_0": 4.181290626525879,
    "predict_and_compile_model_1_pred_0": 396.1925413608551,
    "process_features_model_2_pred_0": 5.856804847717285,
    "predict_and_compile_model_2_pred_0": 358.70974564552307,
    "process_features_model_3_pred_0": 4.418688058853149,
    "predict_and_compile_model_3_pred_0": 336.29969239234924,
    "process_features_model_4_pred_0": 4.233477354049683,
    "predict_and_compile_model_4_pred_0": 328.1908349990845,
    "process_features_model_5_pred_0": 4.1124937534332275,
    "predict_and_compile_model_5_pred_0": 307.341614484787,
    "relax_model_3_pred_0": 58.34551405906677
}