{
    "confidence_score": 0.7056872248649597,
    "ptm": 0.8795038461685181,
    "iptm": 0.0,
    "ligand_iptm": 0.0,
    "protein_iptm": 0.0,
    "complex_plddt": 0.8821089863777161,
    "complex_iplddt": 0.0,
    "complex_pde": 0.5855002403259277,
    "complex_ipde": 0.0,
    "chains_ptm": {
        "0": 0.8795038461685181
    },
    "pair_chains_iptm": {
        "0": {
            "0": 0.8795038461685181
        }
    }
}