{
    "confidence_score": 0.7222018837928772,
    "ptm": 0.8717362880706787,
    "iptm": 0.0,
    "ligand_iptm": 0.0,
    "protein_iptm": 0.0,
    "complex_plddt": 0.9027523398399353,
    "complex_iplddt": 0.0,
    "complex_pde": 0.5695508718490601,
    "complex_ipde": 0.0,
    "chains_ptm": {
        "0": 0.8717362880706787
    },
    "pair_chains_iptm": {
        "0": {
            "0": 0.8717362880706787
        }
    }
}