{
    "confidence_score": 0.6951497793197632,
    "ptm": 0.7823412418365479,
    "iptm": 0.0,
    "ligand_iptm": 0.0,
    "protein_iptm": 0.0,
    "complex_plddt": 0.8689371943473816,
    "complex_iplddt": 0.0,
    "complex_pde": 0.5423151254653931,
    "complex_ipde": 0.0,
    "chains_ptm": {
        "0": 0.7823412418365479
    },
    "pair_chains_iptm": {
        "0": {
            "0": 0.7823412418365479
        }
    }
}