{
    "confidence_score": 0.5954431891441345,
    "ptm": 0.5701704025268555,
    "iptm": 0.0,
    "ligand_iptm": 0.0,
    "protein_iptm": 0.0,
    "complex_plddt": 0.7443039417266846,
    "complex_iplddt": 0.0,
    "complex_pde": 1.9641413688659668,
    "complex_ipde": 0.0,
    "chains_ptm": {
        "0": 0.5701704025268555
    },
    "pair_chains_iptm": {
        "0": {
            "0": 0.5701704025268555
        }
    }
}