{
    "confidence_score": 0.6985529065132141,
    "ptm": 0.8201307058334351,
    "iptm": 0.0,
    "ligand_iptm": 0.0,
    "protein_iptm": 0.0,
    "complex_plddt": 0.8731911182403564,
    "complex_iplddt": 0.0,
    "complex_pde": 0.5030686855316162,
    "complex_ipde": 0.0,
    "chains_ptm": {
        "0": 0.8201307058334351
    },
    "pair_chains_iptm": {
        "0": {
            "0": 0.8201307058334351
        }
    }
}