{
    "confidence_score": 0.7385269999504089,
    "ptm": 0.9060207009315491,
    "iptm": 0.0,
    "ligand_iptm": 0.0,
    "protein_iptm": 0.0,
    "complex_plddt": 0.9231587648391724,
    "complex_iplddt": 0.0,
    "complex_pde": 0.4190475642681122,
    "complex_ipde": 0.0,
    "chains_ptm": {
        "0": 0.9060207009315491
    },
    "pair_chains_iptm": {
        "0": {
            "0": 0.9060207009315491
        }
    }
}