{
    "features": 7564.43003487587,
    "process_features_model_1_pred_0": 14.60180115699768,
    "predict_and_compile_model_1_pred_0": 435.71717047691345,
    "process_features_model_2_pred_0": 15.322527885437012,
    "predict_and_compile_model_2_pred_0": 401.27170610427856,
    "process_features_model_3_pred_0": 16.187270164489746,
    "predict_and_compile_model_3_pred_0": 372.5461618900299,
    "process_features_model_4_pred_0": 17.44410467147827,
    "predict_and_compile_model_4_pred_0": 372.75840187072754,
    "process_features_model_5_pred_0": 18.502360820770264,
    "predict_and_compile_model_5_pred_0": 346.67412424087524,
    "relax_model_4_pred_0": 102.37567591667175
}