{
    "plddts": {
        "model_1_pred_0": 91.14860450644072,
        "model_2_pred_0": 91.07480547623716,
        "model_3_pred_0": 90.2598320216443,
        "model_4_pred_0": 90.19730377242762,
        "model_5_pred_0": 89.78591727168292
    },
    "order": [
        "model_1_pred_0",
        "model_2_pred_0",
        "model_3_pred_0",
        "model_4_pred_0",
        "model_5_pred_0"
    ]
}