{
    "features": 5808.938782215118,
    "process_features_model_1_pred_0": 14.459619522094727,
    "predict_and_compile_model_1_pred_0": 374.40513014793396,
    "process_features_model_2_pred_0": 15.920137882232666,
    "predict_and_compile_model_2_pred_0": 342.7086024284363,
    "process_features_model_3_pred_0": 14.369624137878418,
    "predict_and_compile_model_3_pred_0": 318.3005328178406,
    "process_features_model_4_pred_0": 14.293579339981079,
    "predict_and_compile_model_4_pred_0": 328.1743493080139,
    "process_features_model_5_pred_0": 14.287652730941772,
    "predict_and_compile_model_5_pred_0": 299.85226798057556,
    "relax_model_1_pred_0": 59.389923334121704
}