{
    "confidence_score": 0.7077862024307251,
    "ptm": 0.8847457766532898,
    "iptm": 0.0,
    "ligand_iptm": 0.0,
    "protein_iptm": 0.0,
    "complex_plddt": 0.884732723236084,
    "complex_iplddt": 0.0,
    "complex_pde": 0.4724753499031067,
    "complex_ipde": 0.0,
    "chains_ptm": {
        "0": 0.8847457766532898
    },
    "pair_chains_iptm": {
        "0": {
            "0": 0.8847457766532898
        }
    }
}