{
    "confidence_score": 0.6513315439224243,
    "ptm": 0.7384514808654785,
    "iptm": 0.0,
    "ligand_iptm": 0.0,
    "protein_iptm": 0.0,
    "complex_plddt": 0.814164400100708,
    "complex_iplddt": 0.0,
    "complex_pde": 0.7263604402542114,
    "complex_ipde": 0.0,
    "chains_ptm": {
        "0": 0.7384514808654785
    },
    "pair_chains_iptm": {
        "0": {
            "0": 0.7384514808654785
        }
    }
}