{
    "confidence_score": 0.534563422203064,
    "ptm": 0.5019444227218628,
    "iptm": 0.0,
    "ligand_iptm": 0.0,
    "protein_iptm": 0.0,
    "complex_plddt": 0.6682042479515076,
    "complex_iplddt": 0.0,
    "complex_pde": 1.3326994180679321,
    "complex_ipde": 0.0,
    "chains_ptm": {
        "0": 0.5019444227218628
    },
    "pair_chains_iptm": {
        "0": {
            "0": 0.5019444227218628
        }
    }
}