{
    "confidence_score": 0.46213746070861816,
    "ptm": 0.41314977407455444,
    "iptm": 0.0,
    "ligand_iptm": 0.0,
    "protein_iptm": 0.0,
    "complex_plddt": 0.5776718258857727,
    "complex_iplddt": 0.0,
    "complex_pde": 2.472621202468872,
    "complex_ipde": 0.0,
    "chains_ptm": {
        "0": 0.41314977407455444
    },
    "pair_chains_iptm": {
        "0": {
            "0": 0.41314977407455444
        }
    }
}