{
    "confidence_score": 0.4480918049812317,
    "ptm": 0.3767216205596924,
    "iptm": 0.0,
    "ligand_iptm": 0.0,
    "protein_iptm": 0.0,
    "complex_plddt": 0.5601147413253784,
    "complex_iplddt": 0.0,
    "complex_pde": 2.889023780822754,
    "complex_ipde": 0.0,
    "chains_ptm": {
        "0": 0.3767216205596924
    },
    "pair_chains_iptm": {
        "0": {
            "0": 0.3767216205596924
        }
    }
}