{
    "confidence_score": 0.7352539896965027,
    "ptm": 0.8705485463142395,
    "iptm": 0.0,
    "ligand_iptm": 0.0,
    "protein_iptm": 0.0,
    "complex_plddt": 0.9190675020217896,
    "complex_iplddt": 0.0,
    "complex_pde": 0.3933723568916321,
    "complex_ipde": 0.0,
    "chains_ptm": {
        "0": 0.8705485463142395
    },
    "pair_chains_iptm": {
        "0": {
            "0": 0.8705485463142395
        }
    }
}