{
    "confidence_score": 0.7507405877113342,
    "ptm": 0.9290798902511597,
    "iptm": 0.0,
    "ligand_iptm": 0.0,
    "protein_iptm": 0.0,
    "complex_plddt": 0.9384257197380066,
    "complex_iplddt": 0.0,
    "complex_pde": 0.35288769006729126,
    "complex_ipde": 0.0,
    "chains_ptm": {
        "0": 0.9290798902511597
    },
    "pair_chains_iptm": {
        "0": {
            "0": 0.9290798902511597
        }
    }
}