{
    "confidence_score": 0.38387227058410645,
    "ptm": 0.4525696635246277,
    "iptm": 0.0,
    "ligand_iptm": 0.0,
    "protein_iptm": 0.0,
    "complex_plddt": 0.47984033823013306,
    "complex_iplddt": 0.0,
    "complex_pde": 3.271819829940796,
    "complex_ipde": 0.0,
    "chains_ptm": {
        "0": 0.4525696635246277
    },
    "pair_chains_iptm": {
        "0": {
            "0": 0.4525696635246277
        }
    }
}