{
    "confidence_score": 0.7379749417304993,
    "ptm": 0.9039647579193115,
    "iptm": 0.0,
    "ligand_iptm": 0.0,
    "protein_iptm": 0.0,
    "complex_plddt": 0.9224686622619629,
    "complex_iplddt": 0.0,
    "complex_pde": 0.36135047674179077,
    "complex_ipde": 0.0,
    "chains_ptm": {
        "0": 0.9039647579193115
    },
    "pair_chains_iptm": {
        "0": {
            "0": 0.9039647579193115
        }
    }
}