{
    "confidence_score": 0.6559295654296875,
    "ptm": 0.8669951558113098,
    "iptm": 0.0,
    "ligand_iptm": 0.0,
    "protein_iptm": 0.0,
    "complex_plddt": 0.8199119567871094,
    "complex_iplddt": 0.0,
    "complex_pde": 0.6041790246963501,
    "complex_ipde": 0.0,
    "chains_ptm": {
        "0": 0.8669951558113098
    },
    "pair_chains_iptm": {
        "0": {
            "0": 0.8669951558113098
        }
    }
}