{
    "confidence_score": 0.7298163771629333,
    "ptm": 0.9321131110191345,
    "iptm": 0.0,
    "ligand_iptm": 0.0,
    "protein_iptm": 0.0,
    "complex_plddt": 0.9122704863548279,
    "complex_iplddt": 0.0,
    "complex_pde": 0.38348814845085144,
    "complex_ipde": 0.0,
    "chains_ptm": {
        "0": 0.9321131110191345
    },
    "pair_chains_iptm": {
        "0": {
            "0": 0.9321131110191345
        }
    }
}