{
    "confidence_score": 0.6663239002227783,
    "ptm": 0.8741776347160339,
    "iptm": 0.0,
    "ligand_iptm": 0.0,
    "protein_iptm": 0.0,
    "complex_plddt": 0.8329048752784729,
    "complex_iplddt": 0.0,
    "complex_pde": 1.28028404712677,
    "complex_ipde": 0.0,
    "chains_ptm": {
        "0": 0.8741776347160339
    },
    "pair_chains_iptm": {
        "0": {
            "0": 0.8741776347160339
        }
    }
}