{
    "confidence_score": 0.6017053723335266,
    "ptm": 0.6620148420333862,
    "iptm": 0.0,
    "ligand_iptm": 0.0,
    "protein_iptm": 0.0,
    "complex_plddt": 0.7521317005157471,
    "complex_iplddt": 0.0,
    "complex_pde": 1.3498111963272095,
    "complex_ipde": 0.0,
    "chains_ptm": {
        "0": 0.6620148420333862
    },
    "pair_chains_iptm": {
        "0": {
            "0": 0.6620148420333862
        }
    }
}