{
    "confidence_score": 0.5436571836471558,
    "ptm": 0.39556217193603516,
    "iptm": 0.0,
    "ligand_iptm": 0.0,
    "protein_iptm": 0.0,
    "complex_plddt": 0.6795714497566223,
    "complex_iplddt": 0.0,
    "complex_pde": 2.598619222640991,
    "complex_ipde": 0.0,
    "chains_ptm": {
        "0": 0.39556217193603516
    },
    "pair_chains_iptm": {
        "0": {
            "0": 0.39556217193603516
        }
    }
}