{
    "confidence_score": 0.7028423547744751,
    "ptm": 0.9103154540061951,
    "iptm": 0.0,
    "ligand_iptm": 0.0,
    "protein_iptm": 0.0,
    "complex_plddt": 0.8785529136657715,
    "complex_iplddt": 0.0,
    "complex_pde": 0.49176034331321716,
    "complex_ipde": 0.0,
    "chains_ptm": {
        "0": 0.9103154540061951
    },
    "pair_chains_iptm": {
        "0": {
            "0": 0.9103154540061951
        }
    }
}