{
    "confidence_score": 0.5480004549026489,
    "ptm": 0.5725801587104797,
    "iptm": 0.0,
    "ligand_iptm": 0.0,
    "protein_iptm": 0.0,
    "complex_plddt": 0.6850005388259888,
    "complex_iplddt": 0.0,
    "complex_pde": 1.7075555324554443,
    "complex_ipde": 0.0,
    "chains_ptm": {
        "0": 0.5725801587104797
    },
    "pair_chains_iptm": {
        "0": {
            "0": 0.5725801587104797
        }
    }
}