{
    "confidence_score": 0.6084685325622559,
    "ptm": 0.7058237195014954,
    "iptm": 0.0,
    "ligand_iptm": 0.0,
    "protein_iptm": 0.0,
    "complex_plddt": 0.7605856657028198,
    "complex_iplddt": 0.0,
    "complex_pde": 0.8590756058692932,
    "complex_ipde": 0.0,
    "chains_ptm": {
        "0": 0.7058237195014954
    },
    "pair_chains_iptm": {
        "0": {
            "0": 0.7058237195014954
        }
    }
}