{
    "confidence_score": 0.3688102662563324,
    "ptm": 0.25087985396385193,
    "iptm": 0.0,
    "ligand_iptm": 0.0,
    "protein_iptm": 0.0,
    "complex_plddt": 0.4610128104686737,
    "complex_iplddt": 0.0,
    "complex_pde": 3.105940103530884,
    "complex_ipde": 0.0,
    "chains_ptm": {
        "0": 0.25087985396385193
    },
    "pair_chains_iptm": {
        "0": {
            "0": 0.25087985396385193
        }
    }
}