{
    "confidence_score": 0.6651303768157959,
    "ptm": 0.6364787220954895,
    "iptm": 0.0,
    "ligand_iptm": 0.0,
    "protein_iptm": 0.0,
    "complex_plddt": 0.8314129710197449,
    "complex_iplddt": 0.0,
    "complex_pde": 0.7043378949165344,
    "complex_ipde": 0.0,
    "chains_ptm": {
        "0": 0.6364787220954895
    },
    "pair_chains_iptm": {
        "0": {
            "0": 0.6364787220954895
        }
    }
}