{
    "confidence_score": 0.7169464826583862,
    "ptm": 0.9370222091674805,
    "iptm": 0.0,
    "ligand_iptm": 0.0,
    "protein_iptm": 0.0,
    "complex_plddt": 0.8961830735206604,
    "complex_iplddt": 0.0,
    "complex_pde": 0.39622148871421814,
    "complex_ipde": 0.0,
    "chains_ptm": {
        "0": 0.9370222091674805
    },
    "pair_chains_iptm": {
        "0": {
            "0": 0.9370222091674805
        }
    }
}