{
    "confidence_score": 0.6737596988677979,
    "ptm": 0.8403155207633972,
    "iptm": 0.0,
    "ligand_iptm": 0.0,
    "protein_iptm": 0.0,
    "complex_plddt": 0.8421996235847473,
    "complex_iplddt": 0.0,
    "complex_pde": 0.6721931099891663,
    "complex_ipde": 0.0,
    "chains_ptm": {
        "0": 0.8403155207633972
    },
    "pair_chains_iptm": {
        "0": {
            "0": 0.8403155207633972
        }
    }
}