{
    "confidence_score": 0.6814464330673218,
    "ptm": 0.8698402047157288,
    "iptm": 0.0,
    "ligand_iptm": 0.0,
    "protein_iptm": 0.0,
    "complex_plddt": 0.8518080115318298,
    "complex_iplddt": 0.0,
    "complex_pde": 0.5476384162902832,
    "complex_ipde": 0.0,
    "chains_ptm": {
        "0": 0.8698402047157288
    },
    "pair_chains_iptm": {
        "0": {
            "0": 0.8698402047157288
        }
    }
}