{
    "confidence_score": 0.6913409233093262,
    "ptm": 0.8957688808441162,
    "iptm": 0.0,
    "ligand_iptm": 0.0,
    "protein_iptm": 0.0,
    "complex_plddt": 0.8641761541366577,
    "complex_iplddt": 0.0,
    "complex_pde": 0.5262380242347717,
    "complex_ipde": 0.0,
    "chains_ptm": {
        "0": 0.8957688808441162
    },
    "pair_chains_iptm": {
        "0": {
            "0": 0.8957688808441162
        }
    }
}