{
    "confidence_score": 0.712020993232727,
    "ptm": 0.8500014543533325,
    "iptm": 0.0,
    "ligand_iptm": 0.0,
    "protein_iptm": 0.0,
    "complex_plddt": 0.8900262117385864,
    "complex_iplddt": 0.0,
    "complex_pde": 0.4249928593635559,
    "complex_ipde": 0.0,
    "chains_ptm": {
        "0": 0.8500014543533325
    },
    "pair_chains_iptm": {
        "0": {
            "0": 0.8500014543533325
        }
    }
}