{
    "confidence_score": 0.4933718144893646,
    "ptm": 0.21517464518547058,
    "iptm": 0.0,
    "ligand_iptm": 0.0,
    "protein_iptm": 0.0,
    "complex_plddt": 0.6167147755622864,
    "complex_iplddt": 0.0,
    "complex_pde": 1.4792335033416748,
    "complex_ipde": 0.0,
    "chains_ptm": {
        "0": 0.21517464518547058
    },
    "pair_chains_iptm": {
        "0": {
            "0": 0.21517464518547058
        }
    }
}