{
    "plddts": {
        "model_1_pred_0": 84.41229929723123,
        "model_2_pred_0": 84.84364591307765,
        "model_3_pred_0": 86.32928779914175,
        "model_4_pred_0": 85.62041074913292,
        "model_5_pred_0": 86.24951046043493
    },
    "order": [
        "model_3_pred_0",
        "model_5_pred_0",
        "model_4_pred_0",
        "model_2_pred_0",
        "model_1_pred_0"
    ]
}