{
    "confidence_score": 0.6363409757614136,
    "ptm": 0.858580470085144,
    "iptm": 0.0,
    "ligand_iptm": 0.0,
    "protein_iptm": 0.0,
    "complex_plddt": 0.7954261898994446,
    "complex_iplddt": 0.0,
    "complex_pde": 0.7081251740455627,
    "complex_ipde": 0.0,
    "chains_ptm": {
        "0": 0.858580470085144
    },
    "pair_chains_iptm": {
        "0": {
            "0": 0.858580470085144
        }
    }
}