{
    "confidence_score": 0.6802506446838379,
    "ptm": 0.8595617413520813,
    "iptm": 0.0,
    "ligand_iptm": 0.0,
    "protein_iptm": 0.0,
    "complex_plddt": 0.8503133058547974,
    "complex_iplddt": 0.0,
    "complex_pde": 0.553758442401886,
    "complex_ipde": 0.0,
    "chains_ptm": {
        "0": 0.8595617413520813
    },
    "pair_chains_iptm": {
        "0": {
            "0": 0.8595617413520813
        }
    }
}