{
    "confidence_score": 0.68654865026474,
    "ptm": 0.8585231900215149,
    "iptm": 0.0,
    "ligand_iptm": 0.0,
    "protein_iptm": 0.0,
    "complex_plddt": 0.8581857681274414,
    "complex_iplddt": 0.0,
    "complex_pde": 0.556995153427124,
    "complex_ipde": 0.0,
    "chains_ptm": {
        "0": 0.8585231900215149
    },
    "pair_chains_iptm": {
        "0": {
            "0": 0.8585231900215149
        }
    }
}