{
    "confidence_score": 0.5887998938560486,
    "ptm": 0.5607314705848694,
    "iptm": 0.0,
    "ligand_iptm": 0.0,
    "protein_iptm": 0.0,
    "complex_plddt": 0.7359998226165771,
    "complex_iplddt": 0.0,
    "complex_pde": 1.0268628597259521,
    "complex_ipde": 0.0,
    "chains_ptm": {
        "0": 0.5607314705848694
    },
    "pair_chains_iptm": {
        "0": {
            "0": 0.5607314705848694
        }
    }
}