{
    "confidence_score": 0.4880293905735016,
    "ptm": 0.34037256240844727,
    "iptm": 0.0,
    "ligand_iptm": 0.0,
    "protein_iptm": 0.0,
    "complex_plddt": 0.6100367307662964,
    "complex_iplddt": 0.0,
    "complex_pde": 1.314971685409546,
    "complex_ipde": 0.0,
    "chains_ptm": {
        "0": 0.34037256240844727
    },
    "pair_chains_iptm": {
        "0": {
            "0": 0.34037256240844727
        }
    }
}