{
    "confidence_score": 0.7610197067260742,
    "ptm": 0.9570322632789612,
    "iptm": 0.0,
    "ligand_iptm": 0.0,
    "protein_iptm": 0.0,
    "complex_plddt": 0.9512746334075928,
    "complex_iplddt": 0.0,
    "complex_pde": 0.3290574550628662,
    "complex_ipde": 0.0,
    "chains_ptm": {
        "0": 0.9570322632789612
    },
    "pair_chains_iptm": {
        "0": {
            "0": 0.9570322632789612
        }
    }
}