{
    "confidence_score": 0.3971291780471802,
    "ptm": 0.2546549141407013,
    "iptm": 0.0,
    "ligand_iptm": 0.0,
    "protein_iptm": 0.0,
    "complex_plddt": 0.4964114725589752,
    "complex_iplddt": 0.0,
    "complex_pde": 2.4798154830932617,
    "complex_ipde": 0.0,
    "chains_ptm": {
        "0": 0.2546549141407013
    },
    "pair_chains_iptm": {
        "0": {
            "0": 0.2546549141407013
        }
    }
}