{
    "confidence_score": 0.5162995457649231,
    "ptm": 0.4831251800060272,
    "iptm": 0.0,
    "ligand_iptm": 0.0,
    "protein_iptm": 0.0,
    "complex_plddt": 0.6453744173049927,
    "complex_iplddt": 0.0,
    "complex_pde": 1.2186670303344727,
    "complex_ipde": 0.0,
    "chains_ptm": {
        "0": 0.4831251800060272
    },
    "pair_chains_iptm": {
        "0": {
            "0": 0.4831251800060272
        }
    }
}