{
    "confidence_score": 0.7163614630699158,
    "ptm": 0.8491958379745483,
    "iptm": 0.0,
    "ligand_iptm": 0.0,
    "protein_iptm": 0.0,
    "complex_plddt": 0.8954518437385559,
    "complex_iplddt": 0.0,
    "complex_pde": 0.44125810265541077,
    "complex_ipde": 0.0,
    "chains_ptm": {
        "0": 0.8491958379745483
    },
    "pair_chains_iptm": {
        "0": {
            "0": 0.8491958379745483
        }
    }
}