{
    "confidence_score": 0.7456426024436951,
    "ptm": 0.9324031472206116,
    "iptm": 0.0,
    "ligand_iptm": 0.0,
    "protein_iptm": 0.0,
    "complex_plddt": 0.93205326795578,
    "complex_iplddt": 0.0,
    "complex_pde": 0.40413275361061096,
    "complex_ipde": 0.0,
    "chains_ptm": {
        "0": 0.9324031472206116
    },
    "pair_chains_iptm": {
        "0": {
            "0": 0.9324031472206116
        }
    }
}