{
    "confidence_score": 0.7118209004402161,
    "ptm": 0.6160469055175781,
    "iptm": 0.0,
    "ligand_iptm": 0.0,
    "protein_iptm": 0.0,
    "complex_plddt": 0.8897761106491089,
    "complex_iplddt": 0.0,
    "complex_pde": 0.4215438663959503,
    "complex_ipde": 0.0,
    "chains_ptm": {
        "0": 0.6160469055175781
    },
    "pair_chains_iptm": {
        "0": {
            "0": 0.6160469055175781
        }
    }
}