{
    "confidence_score": 0.6218783259391785,
    "ptm": 0.718364417552948,
    "iptm": 0.0,
    "ligand_iptm": 0.0,
    "protein_iptm": 0.0,
    "complex_plddt": 0.7773479223251343,
    "complex_iplddt": 0.0,
    "complex_pde": 0.625133216381073,
    "complex_ipde": 0.0,
    "chains_ptm": {
        "0": 0.718364417552948
    },
    "pair_chains_iptm": {
        "0": {
            "0": 0.718364417552948
        }
    }
}