{
    "confidence_score": 0.6109573841094971,
    "ptm": 0.6205840110778809,
    "iptm": 0.0,
    "ligand_iptm": 0.0,
    "protein_iptm": 0.0,
    "complex_plddt": 0.7636967301368713,
    "complex_iplddt": 0.0,
    "complex_pde": 1.3604679107666016,
    "complex_ipde": 0.0,
    "chains_ptm": {
        "0": 0.6205840110778809
    },
    "pair_chains_iptm": {
        "0": {
            "0": 0.6205840110778809
        }
    }
}