{
    "confidence_score": 0.5279490351676941,
    "ptm": 0.592383086681366,
    "iptm": 0.0,
    "ligand_iptm": 0.0,
    "protein_iptm": 0.0,
    "complex_plddt": 0.6599363088607788,
    "complex_iplddt": 0.0,
    "complex_pde": 2.0504870414733887,
    "complex_ipde": 0.0,
    "chains_ptm": {
        "0": 0.592383086681366
    },
    "pair_chains_iptm": {
        "0": {
            "0": 0.592383086681366
        }
    }
}