{
    "confidence_score": 0.6920070648193359,
    "ptm": 0.9067540764808655,
    "iptm": 0.0,
    "ligand_iptm": 0.0,
    "protein_iptm": 0.0,
    "complex_plddt": 0.8650088310241699,
    "complex_iplddt": 0.0,
    "complex_pde": 0.510728120803833,
    "complex_ipde": 0.0,
    "chains_ptm": {
        "0": 0.9067540764808655
    },
    "pair_chains_iptm": {
        "0": {
            "0": 0.9067540764808655
        }
    }
}