{
    "confidence_score": 0.7479804754257202,
    "ptm": 0.940972626209259,
    "iptm": 0.0,
    "ligand_iptm": 0.0,
    "protein_iptm": 0.0,
    "complex_plddt": 0.9349755644798279,
    "complex_iplddt": 0.0,
    "complex_pde": 0.3609677851200104,
    "complex_ipde": 0.0,
    "chains_ptm": {
        "0": 0.940972626209259
    },
    "pair_chains_iptm": {
        "0": {
            "0": 0.940972626209259
        }
    }
}