{
    "confidence_score": 0.5467179417610168,
    "ptm": 0.6738232374191284,
    "iptm": 0.0,
    "ligand_iptm": 0.0,
    "protein_iptm": 0.0,
    "complex_plddt": 0.6833974123001099,
    "complex_iplddt": 0.0,
    "complex_pde": 1.0015466213226318,
    "complex_ipde": 0.0,
    "chains_ptm": {
        "0": 0.6738232374191284
    },
    "pair_chains_iptm": {
        "0": {
            "0": 0.6738232374191284
        }
    }
}