{
    "confidence_score": 0.6474990248680115,
    "ptm": 0.8192757964134216,
    "iptm": 0.0,
    "ligand_iptm": 0.0,
    "protein_iptm": 0.0,
    "complex_plddt": 0.8093737959861755,
    "complex_iplddt": 0.0,
    "complex_pde": 1.0105518102645874,
    "complex_ipde": 0.0,
    "chains_ptm": {
        "0": 0.8192757964134216
    },
    "pair_chains_iptm": {
        "0": {
            "0": 0.8192757964134216
        }
    }
}