{
    "confidence_score": 0.5447253584861755,
    "ptm": 0.6152769923210144,
    "iptm": 0.0,
    "ligand_iptm": 0.0,
    "protein_iptm": 0.0,
    "complex_plddt": 0.6809067130088806,
    "complex_iplddt": 0.0,
    "complex_pde": 0.9484928846359253,
    "complex_ipde": 0.0,
    "chains_ptm": {
        "0": 0.6152769923210144
    },
    "pair_chains_iptm": {
        "0": {
            "0": 0.6152769923210144
        }
    }
}