{
    "confidence_score": 0.7475963234901428,
    "ptm": 0.8960877060890198,
    "iptm": 0.0,
    "ligand_iptm": 0.0,
    "protein_iptm": 0.0,
    "complex_plddt": 0.9344953894615173,
    "complex_iplddt": 0.0,
    "complex_pde": 0.3562413156032562,
    "complex_ipde": 0.0,
    "chains_ptm": {
        "0": 0.8960877060890198
    },
    "pair_chains_iptm": {
        "0": {
            "0": 0.8960877060890198
        }
    }
}