{
    "confidence_score": 0.6767958402633667,
    "ptm": 0.5599528551101685,
    "iptm": 0.0,
    "ligand_iptm": 0.0,
    "protein_iptm": 0.0,
    "complex_plddt": 0.845994770526886,
    "complex_iplddt": 0.0,
    "complex_pde": 1.6055471897125244,
    "complex_ipde": 0.0,
    "chains_ptm": {
        "0": 0.5599528551101685
    },
    "pair_chains_iptm": {
        "0": {
            "0": 0.5599528551101685
        }
    }
}