{
    "confidence_score": 0.5260372757911682,
    "ptm": 0.23511183261871338,
    "iptm": 0.0,
    "ligand_iptm": 0.0,
    "protein_iptm": 0.0,
    "complex_plddt": 0.6575465798377991,
    "complex_iplddt": 0.0,
    "complex_pde": 3.3804378509521484,
    "complex_ipde": 0.0,
    "chains_ptm": {
        "0": 0.23511183261871338
    },
    "pair_chains_iptm": {
        "0": {
            "0": 0.23511183261871338
        }
    }
}