{
    "confidence_score": 0.7280319333076477,
    "ptm": 0.8673567175865173,
    "iptm": 0.0,
    "ligand_iptm": 0.0,
    "protein_iptm": 0.0,
    "complex_plddt": 0.9100399017333984,
    "complex_iplddt": 0.0,
    "complex_pde": 0.3773702383041382,
    "complex_ipde": 0.0,
    "chains_ptm": {
        "0": 0.8673567175865173
    },
    "pair_chains_iptm": {
        "0": {
            "0": 0.8673567175865173
        }
    }
}