{
    "confidence_score": 0.5804688930511475,
    "ptm": 0.8495760560035706,
    "iptm": 0.0,
    "ligand_iptm": 0.0,
    "protein_iptm": 0.0,
    "complex_plddt": 0.7255861163139343,
    "complex_iplddt": 0.0,
    "complex_pde": 0.46039098501205444,
    "complex_ipde": 0.0,
    "chains_ptm": {
        "0": 0.8495760560035706
    },
    "pair_chains_iptm": {
        "0": {
            "0": 0.8495760560035706
        }
    }
}