{
    "confidence_score": 0.7117802500724792,
    "ptm": 0.9192681908607483,
    "iptm": 0.0,
    "ligand_iptm": 0.0,
    "protein_iptm": 0.0,
    "complex_plddt": 0.8897253274917603,
    "complex_iplddt": 0.0,
    "complex_pde": 0.5559557676315308,
    "complex_ipde": 0.0,
    "chains_ptm": {
        "0": 0.9192681908607483
    },
    "pair_chains_iptm": {
        "0": {
            "0": 0.9192681908607483
        }
    }
}