{
    "confidence_score": 0.6110700964927673,
    "ptm": 0.5552499294281006,
    "iptm": 0.0,
    "ligand_iptm": 0.0,
    "protein_iptm": 0.0,
    "complex_plddt": 0.7638376355171204,
    "complex_iplddt": 0.0,
    "complex_pde": 1.2089307308197021,
    "complex_ipde": 0.0,
    "chains_ptm": {
        "0": 0.5552499294281006
    },
    "pair_chains_iptm": {
        "0": {
            "0": 0.5552499294281006
        }
    }
}