{
    "confidence_score": 0.561729371547699,
    "ptm": 0.45802798867225647,
    "iptm": 0.0,
    "ligand_iptm": 0.0,
    "protein_iptm": 0.0,
    "complex_plddt": 0.7021617293357849,
    "complex_iplddt": 0.0,
    "complex_pde": 1.1777045726776123,
    "complex_ipde": 0.0,
    "chains_ptm": {
        "0": 0.45802798867225647
    },
    "pair_chains_iptm": {
        "0": {
            "0": 0.45802798867225647
        }
    }
}