{
    "confidence_score": 0.6947149634361267,
    "ptm": 0.8750227689743042,
    "iptm": 0.0,
    "ligand_iptm": 0.0,
    "protein_iptm": 0.0,
    "complex_plddt": 0.8683936595916748,
    "complex_iplddt": 0.0,
    "complex_pde": 0.5440460443496704,
    "complex_ipde": 0.0,
    "chains_ptm": {
        "0": 0.8750227689743042
    },
    "pair_chains_iptm": {
        "0": {
            "0": 0.8750227689743042
        }
    }
}