{
    "confidence_score": 0.7004523873329163,
    "ptm": 0.8714199662208557,
    "iptm": 0.0,
    "ligand_iptm": 0.0,
    "protein_iptm": 0.0,
    "complex_plddt": 0.8755654692649841,
    "complex_iplddt": 0.0,
    "complex_pde": 0.5967421531677246,
    "complex_ipde": 0.0,
    "chains_ptm": {
        "0": 0.8714199662208557
    },
    "pair_chains_iptm": {
        "0": {
            "0": 0.8714199662208557
        }
    }
}