{
    "confidence_score": 0.706849217414856,
    "ptm": 0.9443222880363464,
    "iptm": 0.0,
    "ligand_iptm": 0.0,
    "protein_iptm": 0.0,
    "complex_plddt": 0.8835614919662476,
    "complex_iplddt": 0.0,
    "complex_pde": 0.3233841061592102,
    "complex_ipde": 0.0,
    "chains_ptm": {
        "0": 0.9443222880363464
    },
    "pair_chains_iptm": {
        "0": {
            "0": 0.9443222880363464
        }
    }
}