{
    "confidence_score": 0.41224008798599243,
    "ptm": 0.4277995526790619,
    "iptm": 0.0,
    "ligand_iptm": 0.0,
    "protein_iptm": 0.0,
    "complex_plddt": 0.5153000950813293,
    "complex_iplddt": 0.0,
    "complex_pde": 2.599552631378174,
    "complex_ipde": 0.0,
    "chains_ptm": {
        "0": 0.4277995526790619
    },
    "pair_chains_iptm": {
        "0": {
            "0": 0.4277995526790619
        }
    }
}