{
    "confidence_score": 0.5981893539428711,
    "ptm": 0.3621383011341095,
    "iptm": 0.0,
    "ligand_iptm": 0.0,
    "protein_iptm": 0.0,
    "complex_plddt": 0.7477366924285889,
    "complex_iplddt": 0.0,
    "complex_pde": 1.8103514909744263,
    "complex_ipde": 0.0,
    "chains_ptm": {
        "0": 0.3621383011341095
    },
    "pair_chains_iptm": {
        "0": {
            "0": 0.3621383011341095
        }
    }
}