{
    "confidence_score": 0.6999884843826294,
    "ptm": 0.8888807892799377,
    "iptm": 0.0,
    "ligand_iptm": 0.0,
    "protein_iptm": 0.0,
    "complex_plddt": 0.8749855756759644,
    "complex_iplddt": 0.0,
    "complex_pde": 0.5513591766357422,
    "complex_ipde": 0.0,
    "chains_ptm": {
        "0": 0.8888807892799377
    },
    "pair_chains_iptm": {
        "0": {
            "0": 0.8888807892799377
        }
    }
}