{
    "confidence_score": 0.6903259754180908,
    "ptm": 0.8340615034103394,
    "iptm": 0.0,
    "ligand_iptm": 0.0,
    "protein_iptm": 0.0,
    "complex_plddt": 0.8629074692726135,
    "complex_iplddt": 0.0,
    "complex_pde": 0.6290392875671387,
    "complex_ipde": 0.0,
    "chains_ptm": {
        "0": 0.8340615034103394
    },
    "pair_chains_iptm": {
        "0": {
            "0": 0.8340615034103394
        }
    }
}