{
    "confidence_score": 0.7620145082473755,
    "ptm": 0.9667137861251831,
    "iptm": 0.0,
    "ligand_iptm": 0.0,
    "protein_iptm": 0.0,
    "complex_plddt": 0.952518105506897,
    "complex_iplddt": 0.0,
    "complex_pde": 0.3094901442527771,
    "complex_ipde": 0.0,
    "chains_ptm": {
        "0": 0.9667137861251831
    },
    "pair_chains_iptm": {
        "0": {
            "0": 0.9667137861251831
        }
    }
}