{
    "confidence_score": 0.6722578406333923,
    "ptm": 0.8902348279953003,
    "iptm": 0.0,
    "ligand_iptm": 0.0,
    "protein_iptm": 0.0,
    "complex_plddt": 0.8403222560882568,
    "complex_iplddt": 0.0,
    "complex_pde": 0.36645251512527466,
    "complex_ipde": 0.0,
    "chains_ptm": {
        "0": 0.8902348279953003
    },
    "pair_chains_iptm": {
        "0": {
            "0": 0.8902348279953003
        }
    }
}