{
    "confidence_score": 0.7370129823684692,
    "ptm": 0.9290542602539062,
    "iptm": 0.0,
    "ligand_iptm": 0.0,
    "protein_iptm": 0.0,
    "complex_plddt": 0.9212661981582642,
    "complex_iplddt": 0.0,
    "complex_pde": 0.40663859248161316,
    "complex_ipde": 0.0,
    "chains_ptm": {
        "0": 0.9290542602539062
    },
    "pair_chains_iptm": {
        "0": {
            "0": 0.9290542602539062
        }
    }
}