{
    "confidence_score": 0.6990916728973389,
    "ptm": 0.8753479719161987,
    "iptm": 0.0,
    "ligand_iptm": 0.0,
    "protein_iptm": 0.0,
    "complex_plddt": 0.8738645911216736,
    "complex_iplddt": 0.0,
    "complex_pde": 0.5253978967666626,
    "complex_ipde": 0.0,
    "chains_ptm": {
        "0": 0.8753479719161987
    },
    "pair_chains_iptm": {
        "0": {
            "0": 0.8753479719161987
        }
    }
}