{
    "confidence_score": 0.6488668918609619,
    "ptm": 0.836256206035614,
    "iptm": 0.0,
    "ligand_iptm": 0.0,
    "protein_iptm": 0.0,
    "complex_plddt": 0.8110836148262024,
    "complex_iplddt": 0.0,
    "complex_pde": 0.9368500113487244,
    "complex_ipde": 0.0,
    "chains_ptm": {
        "0": 0.836256206035614
    },
    "pair_chains_iptm": {
        "0": {
            "0": 0.836256206035614
        }
    }
}