{
    "confidence_score": 0.7067898511886597,
    "ptm": 0.9390094876289368,
    "iptm": 0.0,
    "ligand_iptm": 0.0,
    "protein_iptm": 0.0,
    "complex_plddt": 0.8834872841835022,
    "complex_iplddt": 0.0,
    "complex_pde": 0.4242255985736847,
    "complex_ipde": 0.0,
    "chains_ptm": {
        "0": 0.9390094876289368
    },
    "pair_chains_iptm": {
        "0": {
            "0": 0.9390094876289368
        }
    }
}