{
    "confidence_score": 0.7086026072502136,
    "ptm": 0.826970100402832,
    "iptm": 0.0,
    "ligand_iptm": 0.0,
    "protein_iptm": 0.0,
    "complex_plddt": 0.8857532143592834,
    "complex_iplddt": 0.0,
    "complex_pde": 0.45909062027931213,
    "complex_ipde": 0.0,
    "chains_ptm": {
        "0": 0.826970100402832
    },
    "pair_chains_iptm": {
        "0": {
            "0": 0.826970100402832
        }
    }
}