{
    "confidence_score": 0.7029346227645874,
    "ptm": 0.7863908410072327,
    "iptm": 0.0,
    "ligand_iptm": 0.0,
    "protein_iptm": 0.0,
    "complex_plddt": 0.8786682486534119,
    "complex_iplddt": 0.0,
    "complex_pde": 0.5622838139533997,
    "complex_ipde": 0.0,
    "chains_ptm": {
        "0": 0.7863908410072327
    },
    "pair_chains_iptm": {
        "0": {
            "0": 0.7863908410072327
        }
    }
}