{
    "confidence_score": 0.7169556021690369,
    "ptm": 0.904350221157074,
    "iptm": 0.0,
    "ligand_iptm": 0.0,
    "protein_iptm": 0.0,
    "complex_plddt": 0.8961944580078125,
    "complex_iplddt": 0.0,
    "complex_pde": 0.4577724039554596,
    "complex_ipde": 0.0,
    "chains_ptm": {
        "0": 0.904350221157074
    },
    "pair_chains_iptm": {
        "0": {
            "0": 0.904350221157074
        }
    }
}