{
    "confidence_score": 0.5710766315460205,
    "ptm": 0.43853867053985596,
    "iptm": 0.0,
    "ligand_iptm": 0.0,
    "protein_iptm": 0.0,
    "complex_plddt": 0.7138457894325256,
    "complex_iplddt": 0.0,
    "complex_pde": 1.5887173414230347,
    "complex_ipde": 0.0,
    "chains_ptm": {
        "0": 0.43853867053985596
    },
    "pair_chains_iptm": {
        "0": {
            "0": 0.43853867053985596
        }
    }
}