{
    "confidence_score": 0.7445144653320312,
    "ptm": 0.9402664303779602,
    "iptm": 0.0,
    "ligand_iptm": 0.0,
    "protein_iptm": 0.0,
    "complex_plddt": 0.9306430816650391,
    "complex_iplddt": 0.0,
    "complex_pde": 0.3701653480529785,
    "complex_ipde": 0.0,
    "chains_ptm": {
        "0": 0.9402664303779602
    },
    "pair_chains_iptm": {
        "0": {
            "0": 0.9402664303779602
        }
    }
}