{
    "confidence_score": 0.6624243259429932,
    "ptm": 0.8148910999298096,
    "iptm": 0.0,
    "ligand_iptm": 0.0,
    "protein_iptm": 0.0,
    "complex_plddt": 0.8280304074287415,
    "complex_iplddt": 0.0,
    "complex_pde": 0.8882444500923157,
    "complex_ipde": 0.0,
    "chains_ptm": {
        "0": 0.8148910999298096
    },
    "pair_chains_iptm": {
        "0": {
            "0": 0.8148910999298096
        }
    }
}