{
    "confidence_score": 0.5844824314117432,
    "ptm": 0.7899625897407532,
    "iptm": 0.0,
    "ligand_iptm": 0.0,
    "protein_iptm": 0.0,
    "complex_plddt": 0.730603039264679,
    "complex_iplddt": 0.0,
    "complex_pde": 0.8685734868049622,
    "complex_ipde": 0.0,
    "chains_ptm": {
        "0": 0.7899625897407532
    },
    "pair_chains_iptm": {
        "0": {
            "0": 0.7899625897407532
        }
    }
}