{
    "confidence_score": 0.682486891746521,
    "ptm": 0.8838979601860046,
    "iptm": 0.0,
    "ligand_iptm": 0.0,
    "protein_iptm": 0.0,
    "complex_plddt": 0.8531085848808289,
    "complex_iplddt": 0.0,
    "complex_pde": 0.6218774914741516,
    "complex_ipde": 0.0,
    "chains_ptm": {
        "0": 0.8838979601860046
    },
    "pair_chains_iptm": {
        "0": {
            "0": 0.8838979601860046
        }
    }
}