{
    "confidence_score": 0.5127825140953064,
    "ptm": 0.49271664023399353,
    "iptm": 0.0,
    "ligand_iptm": 0.0,
    "protein_iptm": 0.0,
    "complex_plddt": 0.6409781575202942,
    "complex_iplddt": 0.0,
    "complex_pde": 1.3359845876693726,
    "complex_ipde": 0.0,
    "chains_ptm": {
        "0": 0.49271664023399353
    },
    "pair_chains_iptm": {
        "0": {
            "0": 0.49271664023399353
        }
    }
}