{
    "plddts": {
        "model_1_pred_0": 78.50454244367938,
        "model_2_pred_0": 78.62677638457255,
        "model_3_pred_0": 79.32570357643716,
        "model_4_pred_0": 77.56918220959909,
        "model_5_pred_0": 75.26418420726655
    },
    "order": [
        "model_3_pred_0",
        "model_2_pred_0",
        "model_1_pred_0",
        "model_4_pred_0",
        "model_5_pred_0"
    ]
}