{
    "features": 4389.4854192733765,
    "process_features_model_1_pred_0": 3.9316117763519287,
    "predict_and_compile_model_1_pred_0": 503.66720390319824,
    "process_features_model_2_pred_0": 1.9904839992523193,
    "predict_and_compile_model_2_pred_0": 450.82422375679016,
    "process_features_model_3_pred_0": 1.7300405502319336,
    "predict_and_compile_model_3_pred_0": 422.01329588890076,
    "process_features_model_4_pred_0": 1.8690433502197266,
    "predict_and_compile_model_4_pred_0": 418.44847893714905,
    "process_features_model_5_pred_0": 2.040698528289795,
    "predict_and_compile_model_5_pred_0": 388.0053381919861,
    "relax_model_3_pred_0": 258.0812830924988
}