{
    "confidence_score": 0.7323980927467346,
    "ptm": 0.9308164119720459,
    "iptm": 0.0,
    "ligand_iptm": 0.0,
    "protein_iptm": 0.0,
    "complex_plddt": 0.9154976010322571,
    "complex_iplddt": 0.0,
    "complex_pde": 0.42411091923713684,
    "complex_ipde": 0.0,
    "chains_ptm": {
        "0": 0.9308164119720459
    },
    "pair_chains_iptm": {
        "0": {
            "0": 0.9308164119720459
        }
    }
}