{
    "confidence_score": 0.5788393616676331,
    "ptm": 0.669349730014801,
    "iptm": 0.0,
    "ligand_iptm": 0.0,
    "protein_iptm": 0.0,
    "complex_plddt": 0.7235491871833801,
    "complex_iplddt": 0.0,
    "complex_pde": 0.6669507622718811,
    "complex_ipde": 0.0,
    "chains_ptm": {
        "0": 0.669349730014801
    },
    "pair_chains_iptm": {
        "0": {
            "0": 0.669349730014801
        }
    }
}