{
    "confidence_score": 0.7437379956245422,
    "ptm": 0.8971356749534607,
    "iptm": 0.0,
    "ligand_iptm": 0.0,
    "protein_iptm": 0.0,
    "complex_plddt": 0.9296724796295166,
    "complex_iplddt": 0.0,
    "complex_pde": 0.4747384190559387,
    "complex_ipde": 0.0,
    "chains_ptm": {
        "0": 0.8971356749534607
    },
    "pair_chains_iptm": {
        "0": {
            "0": 0.8971356749534607
        }
    }
}