{
    "confidence_score": 0.7448052763938904,
    "ptm": 0.9085364937782288,
    "iptm": 0.0,
    "ligand_iptm": 0.0,
    "protein_iptm": 0.0,
    "complex_plddt": 0.9310065507888794,
    "complex_iplddt": 0.0,
    "complex_pde": 0.33695101737976074,
    "complex_ipde": 0.0,
    "chains_ptm": {
        "0": 0.9085364937782288
    },
    "pair_chains_iptm": {
        "0": {
            "0": 0.9085364937782288
        }
    }
}