{
    "confidence_score": 0.5658793449401855,
    "ptm": 0.38750138878822327,
    "iptm": 0.0,
    "ligand_iptm": 0.0,
    "protein_iptm": 0.0,
    "complex_plddt": 0.7073491811752319,
    "complex_iplddt": 0.0,
    "complex_pde": 2.185736894607544,
    "complex_ipde": 0.0,
    "chains_ptm": {
        "0": 0.38750138878822327
    },
    "pair_chains_iptm": {
        "0": {
            "0": 0.38750138878822327
        }
    }
}