{
    "confidence_score": 0.6980747580528259,
    "ptm": 0.8834879994392395,
    "iptm": 0.0,
    "ligand_iptm": 0.0,
    "protein_iptm": 0.0,
    "complex_plddt": 0.8725934028625488,
    "complex_iplddt": 0.0,
    "complex_pde": 0.6873995661735535,
    "complex_ipde": 0.0,
    "chains_ptm": {
        "0": 0.8834879994392395
    },
    "pair_chains_iptm": {
        "0": {
            "0": 0.8834879994392395
        }
    }
}