{
    "confidence_score": 0.6805148720741272,
    "ptm": 0.8287977576255798,
    "iptm": 0.0,
    "ligand_iptm": 0.0,
    "protein_iptm": 0.0,
    "complex_plddt": 0.8506435751914978,
    "complex_iplddt": 0.0,
    "complex_pde": 0.5996381640434265,
    "complex_ipde": 0.0,
    "chains_ptm": {
        "0": 0.8287977576255798
    },
    "pair_chains_iptm": {
        "0": {
            "0": 0.8287977576255798
        }
    }
}