{
    "confidence_score": 0.6022123694419861,
    "ptm": 0.7450426816940308,
    "iptm": 0.0,
    "ligand_iptm": 0.0,
    "protein_iptm": 0.0,
    "complex_plddt": 0.7527654767036438,
    "complex_iplddt": 0.0,
    "complex_pde": 0.7372028827667236,
    "complex_ipde": 0.0,
    "chains_ptm": {
        "0": 0.7450426816940308
    },
    "pair_chains_iptm": {
        "0": {
            "0": 0.7450426816940308
        }
    }
}