{
    "confidence_score": 0.6894065141677856,
    "ptm": 0.8765865564346313,
    "iptm": 0.0,
    "ligand_iptm": 0.0,
    "protein_iptm": 0.0,
    "complex_plddt": 0.8617581129074097,
    "complex_iplddt": 0.0,
    "complex_pde": 0.6704993844032288,
    "complex_ipde": 0.0,
    "chains_ptm": {
        "0": 0.8765865564346313
    },
    "pair_chains_iptm": {
        "0": {
            "0": 0.8765865564346313
        }
    }
}