{
    "confidence_score": 0.4602886140346527,
    "ptm": 0.493658185005188,
    "iptm": 0.0,
    "ligand_iptm": 0.0,
    "protein_iptm": 0.0,
    "complex_plddt": 0.5753607749938965,
    "complex_iplddt": 0.0,
    "complex_pde": 2.379216194152832,
    "complex_ipde": 0.0,
    "chains_ptm": {
        "0": 0.493658185005188
    },
    "pair_chains_iptm": {
        "0": {
            "0": 0.493658185005188
        }
    }
}