{
    "confidence_score": 0.6118324398994446,
    "ptm": 0.7508717179298401,
    "iptm": 0.0,
    "ligand_iptm": 0.0,
    "protein_iptm": 0.0,
    "complex_plddt": 0.7647905349731445,
    "complex_iplddt": 0.0,
    "complex_pde": 0.8293985724449158,
    "complex_ipde": 0.0,
    "chains_ptm": {
        "0": 0.7508717179298401
    },
    "pair_chains_iptm": {
        "0": {
            "0": 0.7508717179298401
        }
    }
}