{
    "confidence_score": 0.681160569190979,
    "ptm": 0.8164581060409546,
    "iptm": 0.0,
    "ligand_iptm": 0.0,
    "protein_iptm": 0.0,
    "complex_plddt": 0.8514506816864014,
    "complex_iplddt": 0.0,
    "complex_pde": 0.5426191091537476,
    "complex_ipde": 0.0,
    "chains_ptm": {
        "0": 0.8164581060409546
    },
    "pair_chains_iptm": {
        "0": {
            "0": 0.8164581060409546
        }
    }
}