{
    "confidence_score": 0.7235420346260071,
    "ptm": 0.9047818183898926,
    "iptm": 0.0,
    "ligand_iptm": 0.0,
    "protein_iptm": 0.0,
    "complex_plddt": 0.9044275283813477,
    "complex_iplddt": 0.0,
    "complex_pde": 0.5185241103172302,
    "complex_ipde": 0.0,
    "chains_ptm": {
        "0": 0.9047818183898926
    },
    "pair_chains_iptm": {
        "0": {
            "0": 0.9047818183898926
        }
    }
}