{
    "confidence_score": 0.5650240182876587,
    "ptm": 0.5361489057540894,
    "iptm": 0.0,
    "ligand_iptm": 0.0,
    "protein_iptm": 0.0,
    "complex_plddt": 0.706279993057251,
    "complex_iplddt": 0.0,
    "complex_pde": 1.2039563655853271,
    "complex_ipde": 0.0,
    "chains_ptm": {
        "0": 0.5361489057540894
    },
    "pair_chains_iptm": {
        "0": {
            "0": 0.5361489057540894
        }
    }
}