{
    "confidence_score": 0.7557406425476074,
    "ptm": 0.937900960445404,
    "iptm": 0.0,
    "ligand_iptm": 0.0,
    "protein_iptm": 0.0,
    "complex_plddt": 0.9446758031845093,
    "complex_iplddt": 0.0,
    "complex_pde": 0.3523786664009094,
    "complex_ipde": 0.0,
    "chains_ptm": {
        "0": 0.937900960445404
    },
    "pair_chains_iptm": {
        "0": {
            "0": 0.937900960445404
        }
    }
}