{
    "confidence_score": 0.4187154769897461,
    "ptm": 0.2774127125740051,
    "iptm": 0.0,
    "ligand_iptm": 0.0,
    "protein_iptm": 0.0,
    "complex_plddt": 0.5233943462371826,
    "complex_iplddt": 0.0,
    "complex_pde": 7.795309543609619,
    "complex_ipde": 0.0,
    "chains_ptm": {
        "0": 0.2774127125740051
    },
    "pair_chains_iptm": {
        "0": {
            "0": 0.2774127125740051
        }
    }
}