{
    "confidence_score": 0.6929931044578552,
    "ptm": 0.67658931016922,
    "iptm": 0.0,
    "ligand_iptm": 0.0,
    "protein_iptm": 0.0,
    "complex_plddt": 0.8662413358688354,
    "complex_iplddt": 0.0,
    "complex_pde": 0.5609915256500244,
    "complex_ipde": 0.0,
    "chains_ptm": {
        "0": 0.67658931016922
    },
    "pair_chains_iptm": {
        "0": {
            "0": 0.67658931016922
        }
    }
}