{
    "confidence_score": 0.6398335695266724,
    "ptm": 0.7477995157241821,
    "iptm": 0.0,
    "ligand_iptm": 0.0,
    "protein_iptm": 0.0,
    "complex_plddt": 0.7997919321060181,
    "complex_iplddt": 0.0,
    "complex_pde": 0.7580419182777405,
    "complex_ipde": 0.0,
    "chains_ptm": {
        "0": 0.7477995157241821
    },
    "pair_chains_iptm": {
        "0": {
            "0": 0.7477995157241821
        }
    }
}