{
    "confidence_score": 0.6092712879180908,
    "ptm": 0.7478526830673218,
    "iptm": 0.0,
    "ligand_iptm": 0.0,
    "protein_iptm": 0.0,
    "complex_plddt": 0.7615891098976135,
    "complex_iplddt": 0.0,
    "complex_pde": 0.6778010725975037,
    "complex_ipde": 0.0,
    "chains_ptm": {
        "0": 0.7478526830673218
    },
    "pair_chains_iptm": {
        "0": {
            "0": 0.7478526830673218
        }
    }
}