{
    "confidence_score": 0.6101200580596924,
    "ptm": 0.6947195529937744,
    "iptm": 0.0,
    "ligand_iptm": 0.0,
    "protein_iptm": 0.0,
    "complex_plddt": 0.7626500725746155,
    "complex_iplddt": 0.0,
    "complex_pde": 0.5882562398910522,
    "complex_ipde": 0.0,
    "chains_ptm": {
        "0": 0.6947195529937744
    },
    "pair_chains_iptm": {
        "0": {
            "0": 0.6947195529937744
        }
    }
}