{
    "confidence_score": 0.6526221036911011,
    "ptm": 0.717208981513977,
    "iptm": 0.0,
    "ligand_iptm": 0.0,
    "protein_iptm": 0.0,
    "complex_plddt": 0.815777599811554,
    "complex_iplddt": 0.0,
    "complex_pde": 0.6899451613426208,
    "complex_ipde": 0.0,
    "chains_ptm": {
        "0": 0.717208981513977
    },
    "pair_chains_iptm": {
        "0": {
            "0": 0.717208981513977
        }
    }
}