{
    "confidence_score": 0.6650959849357605,
    "ptm": 0.9043998122215271,
    "iptm": 0.0,
    "ligand_iptm": 0.0,
    "protein_iptm": 0.0,
    "complex_plddt": 0.831369936466217,
    "complex_iplddt": 0.0,
    "complex_pde": 0.4712161123752594,
    "complex_ipde": 0.0,
    "chains_ptm": {
        "0": 0.9043998122215271
    },
    "pair_chains_iptm": {
        "0": {
            "0": 0.9043998122215271
        }
    }
}