{
    "confidence_score": 0.6447708606719971,
    "ptm": 0.610426127910614,
    "iptm": 0.0,
    "ligand_iptm": 0.0,
    "protein_iptm": 0.0,
    "complex_plddt": 0.8059635758399963,
    "complex_iplddt": 0.0,
    "complex_pde": 1.0504395961761475,
    "complex_ipde": 0.0,
    "chains_ptm": {
        "0": 0.610426127910614
    },
    "pair_chains_iptm": {
        "0": {
            "0": 0.610426127910614
        }
    }
}