{
    "confidence_score": 0.731865644454956,
    "ptm": 0.9425966143608093,
    "iptm": 0.0,
    "ligand_iptm": 0.0,
    "protein_iptm": 0.0,
    "complex_plddt": 0.9148320555686951,
    "complex_iplddt": 0.0,
    "complex_pde": 0.3568666875362396,
    "complex_ipde": 0.0,
    "chains_ptm": {
        "0": 0.9425966143608093
    },
    "pair_chains_iptm": {
        "0": {
            "0": 0.9425966143608093
        }
    }
}