{
    "confidence_score": 0.6371196508407593,
    "ptm": 0.6772362589836121,
    "iptm": 0.0,
    "ligand_iptm": 0.0,
    "protein_iptm": 0.0,
    "complex_plddt": 0.7963995337486267,
    "complex_iplddt": 0.0,
    "complex_pde": 0.6363552212715149,
    "complex_ipde": 0.0,
    "chains_ptm": {
        "0": 0.6772362589836121
    },
    "pair_chains_iptm": {
        "0": {
            "0": 0.6772362589836121
        }
    }
}