{
    "confidence_score": 0.4997754693031311,
    "ptm": 0.31742551922798157,
    "iptm": 0.0,
    "ligand_iptm": 0.0,
    "protein_iptm": 0.0,
    "complex_plddt": 0.6247193217277527,
    "complex_iplddt": 0.0,
    "complex_pde": 1.6885260343551636,
    "complex_ipde": 0.0,
    "chains_ptm": {
        "0": 0.31742551922798157
    },
    "pair_chains_iptm": {
        "0": {
            "0": 0.31742551922798157
        }
    }
}