{
    "confidence_score": 0.5457546710968018,
    "ptm": 0.6039907336235046,
    "iptm": 0.0,
    "ligand_iptm": 0.0,
    "protein_iptm": 0.0,
    "complex_plddt": 0.6821933388710022,
    "complex_iplddt": 0.0,
    "complex_pde": 1.9416625499725342,
    "complex_ipde": 0.0,
    "chains_ptm": {
        "0": 0.6039907336235046
    },
    "pair_chains_iptm": {
        "0": {
            "0": 0.6039907336235046
        }
    }
}