{
    "confidence_score": 0.665177583694458,
    "ptm": 0.8381484746932983,
    "iptm": 0.0,
    "ligand_iptm": 0.0,
    "protein_iptm": 0.0,
    "complex_plddt": 0.8314719796180725,
    "complex_iplddt": 0.0,
    "complex_pde": 0.6436049938201904,
    "complex_ipde": 0.0,
    "chains_ptm": {
        "0": 0.8381484746932983
    },
    "pair_chains_iptm": {
        "0": {
            "0": 0.8381484746932983
        }
    }
}