{
    "confidence_score": 0.7418562769889832,
    "ptm": 0.9414259195327759,
    "iptm": 0.0,
    "ligand_iptm": 0.0,
    "protein_iptm": 0.0,
    "complex_plddt": 0.9273203611373901,
    "complex_iplddt": 0.0,
    "complex_pde": 0.38619986176490784,
    "complex_ipde": 0.0,
    "chains_ptm": {
        "0": 0.9414259195327759
    },
    "pair_chains_iptm": {
        "0": {
            "0": 0.9414259195327759
        }
    }
}