{
    "confidence_score": 0.7144028544425964,
    "ptm": 0.9017689228057861,
    "iptm": 0.0,
    "ligand_iptm": 0.0,
    "protein_iptm": 0.0,
    "complex_plddt": 0.893003523349762,
    "complex_iplddt": 0.0,
    "complex_pde": 0.44986268877983093,
    "complex_ipde": 0.0,
    "chains_ptm": {
        "0": 0.9017689228057861
    },
    "pair_chains_iptm": {
        "0": {
            "0": 0.9017689228057861
        }
    }
}