{
    "confidence_score": 0.7277921438217163,
    "ptm": 0.7854680418968201,
    "iptm": 0.0,
    "ligand_iptm": 0.0,
    "protein_iptm": 0.0,
    "complex_plddt": 0.909740149974823,
    "complex_iplddt": 0.0,
    "complex_pde": 0.4091315269470215,
    "complex_ipde": 0.0,
    "chains_ptm": {
        "0": 0.7854680418968201
    },
    "pair_chains_iptm": {
        "0": {
            "0": 0.7854680418968201
        }
    }
}