{
    "confidence_score": 0.5766880512237549,
    "ptm": 0.6874069571495056,
    "iptm": 0.0,
    "ligand_iptm": 0.0,
    "protein_iptm": 0.0,
    "complex_plddt": 0.7208600640296936,
    "complex_iplddt": 0.0,
    "complex_pde": 0.8617737293243408,
    "complex_ipde": 0.0,
    "chains_ptm": {
        "0": 0.6874069571495056
    },
    "pair_chains_iptm": {
        "0": {
            "0": 0.6874069571495056
        }
    }
}