{
    "confidence_score": 0.6789987683296204,
    "ptm": 0.7879851460456848,
    "iptm": 0.0,
    "ligand_iptm": 0.0,
    "protein_iptm": 0.0,
    "complex_plddt": 0.8487484455108643,
    "complex_iplddt": 0.0,
    "complex_pde": 0.5727742910385132,
    "complex_ipde": 0.0,
    "chains_ptm": {
        "0": 0.7879851460456848
    },
    "pair_chains_iptm": {
        "0": {
            "0": 0.7879851460456848
        }
    }
}