{
    "confidence_score": 0.7455229163169861,
    "ptm": 0.9444594979286194,
    "iptm": 0.0,
    "ligand_iptm": 0.0,
    "protein_iptm": 0.0,
    "complex_plddt": 0.9319036602973938,
    "complex_iplddt": 0.0,
    "complex_pde": 0.3720167577266693,
    "complex_ipde": 0.0,
    "chains_ptm": {
        "0": 0.9444594979286194
    },
    "pair_chains_iptm": {
        "0": {
            "0": 0.9444594979286194
        }
    }
}