{
    "confidence_score": 0.5454867482185364,
    "ptm": 0.7189075350761414,
    "iptm": 0.0,
    "ligand_iptm": 0.0,
    "protein_iptm": 0.0,
    "complex_plddt": 0.6818584203720093,
    "complex_iplddt": 0.0,
    "complex_pde": 1.0569818019866943,
    "complex_ipde": 0.0,
    "chains_ptm": {
        "0": 0.7189075350761414
    },
    "pair_chains_iptm": {
        "0": {
            "0": 0.7189075350761414
        }
    }
}