{
    "confidence_score": 0.6913072466850281,
    "ptm": 0.859038233757019,
    "iptm": 0.0,
    "ligand_iptm": 0.0,
    "protein_iptm": 0.0,
    "complex_plddt": 0.8641340136528015,
    "complex_iplddt": 0.0,
    "complex_pde": 0.6323646306991577,
    "complex_ipde": 0.0,
    "chains_ptm": {
        "0": 0.859038233757019
    },
    "pair_chains_iptm": {
        "0": {
            "0": 0.859038233757019
        }
    }
}