{
    "confidence_score": 0.6667810082435608,
    "ptm": 0.8710578083992004,
    "iptm": 0.0,
    "ligand_iptm": 0.0,
    "protein_iptm": 0.0,
    "complex_plddt": 0.8334762454032898,
    "complex_iplddt": 0.0,
    "complex_pde": 0.4589310586452484,
    "complex_ipde": 0.0,
    "chains_ptm": {
        "0": 0.8710578083992004
    },
    "pair_chains_iptm": {
        "0": {
            "0": 0.8710578083992004
        }
    }
}