{
    "confidence_score": 0.7146868705749512,
    "ptm": 0.8569635152816772,
    "iptm": 0.0,
    "ligand_iptm": 0.0,
    "protein_iptm": 0.0,
    "complex_plddt": 0.893358588218689,
    "complex_iplddt": 0.0,
    "complex_pde": 0.48164817690849304,
    "complex_ipde": 0.0,
    "chains_ptm": {
        "0": 0.8569635152816772
    },
    "pair_chains_iptm": {
        "0": {
            "0": 0.8569635152816772
        }
    }
}