{
    "confidence_score": 0.48934122920036316,
    "ptm": 0.28558629751205444,
    "iptm": 0.0,
    "ligand_iptm": 0.0,
    "protein_iptm": 0.0,
    "complex_plddt": 0.6116765141487122,
    "complex_iplddt": 0.0,
    "complex_pde": 1.24396812915802,
    "complex_ipde": 0.0,
    "chains_ptm": {
        "0": 0.28558629751205444
    },
    "pair_chains_iptm": {
        "0": {
            "0": 0.28558629751205444
        }
    }
}