{
    "confidence_score": 0.7411206960678101,
    "ptm": 0.9462433457374573,
    "iptm": 0.0,
    "ligand_iptm": 0.0,
    "protein_iptm": 0.0,
    "complex_plddt": 0.9264008402824402,
    "complex_iplddt": 0.0,
    "complex_pde": 0.38245171308517456,
    "complex_ipde": 0.0,
    "chains_ptm": {
        "0": 0.9462433457374573
    },
    "pair_chains_iptm": {
        "0": {
            "0": 0.9462433457374573
        }
    }
}