{
    "confidence_score": 0.6593049764633179,
    "ptm": 0.6907742619514465,
    "iptm": 0.0,
    "ligand_iptm": 0.0,
    "protein_iptm": 0.0,
    "complex_plddt": 0.824131190776825,
    "complex_iplddt": 0.0,
    "complex_pde": 0.7626051306724548,
    "complex_ipde": 0.0,
    "chains_ptm": {
        "0": 0.6907742619514465
    },
    "pair_chains_iptm": {
        "0": {
            "0": 0.6907742619514465
        }
    }
}