{
    "confidence_score": 0.7244294285774231,
    "ptm": 0.9390720725059509,
    "iptm": 0.0,
    "ligand_iptm": 0.0,
    "protein_iptm": 0.0,
    "complex_plddt": 0.9055367708206177,
    "complex_iplddt": 0.0,
    "complex_pde": 0.44623658061027527,
    "complex_ipde": 0.0,
    "chains_ptm": {
        "0": 0.9390720725059509
    },
    "pair_chains_iptm": {
        "0": {
            "0": 0.9390720725059509
        }
    }
}