{
    "confidence_score": 0.7601427435874939,
    "ptm": 0.92522132396698,
    "iptm": 0.0,
    "ligand_iptm": 0.0,
    "protein_iptm": 0.0,
    "complex_plddt": 0.9501784443855286,
    "complex_iplddt": 0.0,
    "complex_pde": 0.3186676800251007,
    "complex_ipde": 0.0,
    "chains_ptm": {
        "0": 0.92522132396698
    },
    "pair_chains_iptm": {
        "0": {
            "0": 0.92522132396698
        }
    }
}