{
    "confidence_score": 0.7413790822029114,
    "ptm": 0.9334380030632019,
    "iptm": 0.0,
    "ligand_iptm": 0.0,
    "protein_iptm": 0.0,
    "complex_plddt": 0.926723837852478,
    "complex_iplddt": 0.0,
    "complex_pde": 0.3270607888698578,
    "complex_ipde": 0.0,
    "chains_ptm": {
        "0": 0.9334380030632019
    },
    "pair_chains_iptm": {
        "0": {
            "0": 0.9334380030632019
        }
    }
}