{
    "confidence_score": 0.4889562129974365,
    "ptm": 0.429402232170105,
    "iptm": 0.0,
    "ligand_iptm": 0.0,
    "protein_iptm": 0.0,
    "complex_plddt": 0.6111952662467957,
    "complex_iplddt": 0.0,
    "complex_pde": 1.4171124696731567,
    "complex_ipde": 0.0,
    "chains_ptm": {
        "0": 0.429402232170105
    },
    "pair_chains_iptm": {
        "0": {
            "0": 0.429402232170105
        }
    }
}