{
    "confidence_score": 0.7339833378791809,
    "ptm": 0.9278241991996765,
    "iptm": 0.0,
    "ligand_iptm": 0.0,
    "protein_iptm": 0.0,
    "complex_plddt": 0.9174791574478149,
    "complex_iplddt": 0.0,
    "complex_pde": 0.47689491510391235,
    "complex_ipde": 0.0,
    "chains_ptm": {
        "0": 0.9278241991996765
    },
    "pair_chains_iptm": {
        "0": {
            "0": 0.9278241991996765
        }
    }
}