{
    "confidence_score": 0.7221560478210449,
    "ptm": 0.8284727931022644,
    "iptm": 0.0,
    "ligand_iptm": 0.0,
    "protein_iptm": 0.0,
    "complex_plddt": 0.9026950597763062,
    "complex_iplddt": 0.0,
    "complex_pde": 0.5198288559913635,
    "complex_ipde": 0.0,
    "chains_ptm": {
        "0": 0.8284727931022644
    },
    "pair_chains_iptm": {
        "0": {
            "0": 0.8284727931022644
        }
    }
}