{
    "confidence_score": 0.4433058798313141,
    "ptm": 0.5975130796432495,
    "iptm": 0.0,
    "ligand_iptm": 0.0,
    "protein_iptm": 0.0,
    "complex_plddt": 0.554132342338562,
    "complex_iplddt": 0.0,
    "complex_pde": 1.9013867378234863,
    "complex_ipde": 0.0,
    "chains_ptm": {
        "0": 0.5975130796432495
    },
    "pair_chains_iptm": {
        "0": {
            "0": 0.5975130796432495
        }
    }
}