{
    "confidence_score": 0.4167223870754242,
    "ptm": 0.2368634045124054,
    "iptm": 0.0,
    "ligand_iptm": 0.0,
    "protein_iptm": 0.0,
    "complex_plddt": 0.5209029912948608,
    "complex_iplddt": 0.0,
    "complex_pde": 2.6270618438720703,
    "complex_ipde": 0.0,
    "chains_ptm": {
        "0": 0.2368634045124054
    },
    "pair_chains_iptm": {
        "0": {
            "0": 0.2368634045124054
        }
    }
}