{
    "confidence_score": 0.3178364038467407,
    "ptm": 0.2035251259803772,
    "iptm": 0.0,
    "ligand_iptm": 0.0,
    "protein_iptm": 0.0,
    "complex_plddt": 0.3972955048084259,
    "complex_iplddt": 0.0,
    "complex_pde": 3.656872034072876,
    "complex_ipde": 0.0,
    "chains_ptm": {
        "0": 0.2035251259803772
    },
    "pair_chains_iptm": {
        "0": {
            "0": 0.2035251259803772
        }
    }
}