{
    "confidence_score": 0.4812346398830414,
    "ptm": 0.40048864483833313,
    "iptm": 0.0,
    "ligand_iptm": 0.0,
    "protein_iptm": 0.0,
    "complex_plddt": 0.6015433073043823,
    "complex_iplddt": 0.0,
    "complex_pde": 1.5665390491485596,
    "complex_ipde": 0.0,
    "chains_ptm": {
        "0": 0.40048864483833313
    },
    "pair_chains_iptm": {
        "0": {
            "0": 0.40048864483833313
        }
    }
}