{
    "confidence_score": 0.6943349838256836,
    "ptm": 0.8932389616966248,
    "iptm": 0.0,
    "ligand_iptm": 0.0,
    "protein_iptm": 0.0,
    "complex_plddt": 0.8679187297821045,
    "complex_iplddt": 0.0,
    "complex_pde": 0.7511247992515564,
    "complex_ipde": 0.0,
    "chains_ptm": {
        "0": 0.8932389616966248
    },
    "pair_chains_iptm": {
        "0": {
            "0": 0.8932389616966248
        }
    }
}