{
    "confidence_score": 0.7256965041160583,
    "ptm": 0.8773840069770813,
    "iptm": 0.0,
    "ligand_iptm": 0.0,
    "protein_iptm": 0.0,
    "complex_plddt": 0.9071205854415894,
    "complex_iplddt": 0.0,
    "complex_pde": 0.4022178053855896,
    "complex_ipde": 0.0,
    "chains_ptm": {
        "0": 0.8773840069770813
    },
    "pair_chains_iptm": {
        "0": {
            "0": 0.8773840069770813
        }
    }
}