{
    "confidence_score": 0.6415871977806091,
    "ptm": 0.8115450739860535,
    "iptm": 0.0,
    "ligand_iptm": 0.0,
    "protein_iptm": 0.0,
    "complex_plddt": 0.8019840121269226,
    "complex_iplddt": 0.0,
    "complex_pde": 0.7923309206962585,
    "complex_ipde": 0.0,
    "chains_ptm": {
        "0": 0.8115450739860535
    },
    "pair_chains_iptm": {
        "0": {
            "0": 0.8115450739860535
        }
    }
}