{
    "confidence_score": 0.4839210510253906,
    "ptm": 0.4396468997001648,
    "iptm": 0.0,
    "ligand_iptm": 0.0,
    "protein_iptm": 0.0,
    "complex_plddt": 0.6049013137817383,
    "complex_iplddt": 0.0,
    "complex_pde": 2.229675769805908,
    "complex_ipde": 0.0,
    "chains_ptm": {
        "0": 0.4396468997001648
    },
    "pair_chains_iptm": {
        "0": {
            "0": 0.4396468997001648
        }
    }
}