{
    "confidence_score": 0.6505429148674011,
    "ptm": 0.7743985056877136,
    "iptm": 0.0,
    "ligand_iptm": 0.0,
    "protein_iptm": 0.0,
    "complex_plddt": 0.8131785988807678,
    "complex_iplddt": 0.0,
    "complex_pde": 0.8792358040809631,
    "complex_ipde": 0.0,
    "chains_ptm": {
        "0": 0.7743985056877136
    },
    "pair_chains_iptm": {
        "0": {
            "0": 0.7743985056877136
        }
    }
}