{
    "confidence_score": 0.6161462664604187,
    "ptm": 0.7910635471343994,
    "iptm": 0.0,
    "ligand_iptm": 0.0,
    "protein_iptm": 0.0,
    "complex_plddt": 0.7701827883720398,
    "complex_iplddt": 0.0,
    "complex_pde": 0.9467325806617737,
    "complex_ipde": 0.0,
    "chains_ptm": {
        "0": 0.7910635471343994
    },
    "pair_chains_iptm": {
        "0": {
            "0": 0.7910635471343994
        }
    }
}