{
    "confidence_score": 0.6971477270126343,
    "ptm": 0.8934714794158936,
    "iptm": 0.0,
    "ligand_iptm": 0.0,
    "protein_iptm": 0.0,
    "complex_plddt": 0.8714346289634705,
    "complex_iplddt": 0.0,
    "complex_pde": 0.4641941785812378,
    "complex_ipde": 0.0,
    "chains_ptm": {
        "0": 0.8934714794158936
    },
    "pair_chains_iptm": {
        "0": {
            "0": 0.8934714794158936
        }
    }
}