{
    "confidence_score": 0.5992352962493896,
    "ptm": 0.6875234842300415,
    "iptm": 0.0,
    "ligand_iptm": 0.0,
    "protein_iptm": 0.0,
    "complex_plddt": 0.7490441203117371,
    "complex_iplddt": 0.0,
    "complex_pde": 0.686350405216217,
    "complex_ipde": 0.0,
    "chains_ptm": {
        "0": 0.6875234842300415
    },
    "pair_chains_iptm": {
        "0": {
            "0": 0.6875234842300415
        }
    }
}