{
    "confidence_score": 0.6098739504814148,
    "ptm": 0.7117071747779846,
    "iptm": 0.0,
    "ligand_iptm": 0.0,
    "protein_iptm": 0.0,
    "complex_plddt": 0.7623424530029297,
    "complex_iplddt": 0.0,
    "complex_pde": 0.9581759572029114,
    "complex_ipde": 0.0,
    "chains_ptm": {
        "0": 0.7117071747779846
    },
    "pair_chains_iptm": {
        "0": {
            "0": 0.7117071747779846
        }
    }
}