{
    "plddts": {
        "model_1_pred_0": 80.7245019702185,
        "model_2_pred_0": 81.56785686482894,
        "model_3_pred_0": 81.70165598456964,
        "model_4_pred_0": 83.45891162412138,
        "model_5_pred_0": 81.50482211825262
    },
    "order": [
        "model_4_pred_0",
        "model_3_pred_0",
        "model_2_pred_0",
        "model_5_pred_0",
        "model_1_pred_0"
    ]
}