{
    "features": 3582.938378572464,
    "process_features_model_1_pred_0": 11.897002220153809,
    "predict_and_compile_model_1_pred_0": 2717.401393890381,
    "process_features_model_2_pred_0": 12.022899627685547,
    "predict_and_compile_model_2_pred_0": 1206.8803312778473,
    "process_features_model_3_pred_0": 10.709343433380127,
    "predict_and_compile_model_3_pred_0": 1243.3525576591492,
    "process_features_model_4_pred_0": 10.949087619781494,
    "predict_and_compile_model_4_pred_0": 1058.636435508728,
    "process_features_model_5_pred_0": 10.602755784988403,
    "predict_and_compile_model_5_pred_0": 949.1694645881653,
    "relax_model_4_pred_0": 53.740318775177
}