{
    "confidence_score": 0.5877395272254944,
    "ptm": 0.6878074407577515,
    "iptm": 0.0,
    "ligand_iptm": 0.0,
    "protein_iptm": 0.0,
    "complex_plddt": 0.7346743941307068,
    "complex_iplddt": 0.0,
    "complex_pde": 0.9314753413200378,
    "complex_ipde": 0.0,
    "chains_ptm": {
        "0": 0.6878074407577515
    },
    "pair_chains_iptm": {
        "0": {
            "0": 0.6878074407577515
        }
    }
}