{
    "confidence_score": 0.4877571761608124,
    "ptm": 0.39436352252960205,
    "iptm": 0.0,
    "ligand_iptm": 0.0,
    "protein_iptm": 0.0,
    "complex_plddt": 0.6096964478492737,
    "complex_iplddt": 0.0,
    "complex_pde": 1.9696494340896606,
    "complex_ipde": 0.0,
    "chains_ptm": {
        "0": 0.39436352252960205
    },
    "pair_chains_iptm": {
        "0": {
            "0": 0.39436352252960205
        }
    }
}