{
    "confidence_score": 0.6225337982177734,
    "ptm": 0.7768150568008423,
    "iptm": 0.0,
    "ligand_iptm": 0.0,
    "protein_iptm": 0.0,
    "complex_plddt": 0.7781672477722168,
    "complex_iplddt": 0.0,
    "complex_pde": 1.0765641927719116,
    "complex_ipde": 0.0,
    "chains_ptm": {
        "0": 0.7768150568008423
    },
    "pair_chains_iptm": {
        "0": {
            "0": 0.7768150568008423
        }
    }
}