{
    "features": 4351.134536743164,
    "process_features_model_1_pred_0": 9.104217052459717,
    "predict_and_compile_model_1_pred_0": 380.2738707065582,
    "process_features_model_2_pred_0": 10.0619056224823,
    "predict_and_compile_model_2_pred_0": 346.69682097435,
    "process_features_model_3_pred_0": 8.543658256530762,
    "predict_and_compile_model_3_pred_0": 321.09705567359924,
    "process_features_model_4_pred_0": 8.618532419204712,
    "predict_and_compile_model_4_pred_0": 317.9282283782959,
    "process_features_model_5_pred_0": 8.944596290588379,
    "predict_and_compile_model_5_pred_0": 291.6100559234619,
    "relax_model_1_pred_0": 114.30601263046265
}