{
    "confidence_score": 0.6563568115234375,
    "ptm": 0.6907309889793396,
    "iptm": 0.0,
    "ligand_iptm": 0.0,
    "protein_iptm": 0.0,
    "complex_plddt": 0.8204460144042969,
    "complex_iplddt": 0.0,
    "complex_pde": 0.7477186322212219,
    "complex_ipde": 0.0,
    "chains_ptm": {
        "0": 0.6907309889793396
    },
    "pair_chains_iptm": {
        "0": {
            "0": 0.6907309889793396
        }
    }
}