{
    "confidence_score": 0.7092233300209045,
    "ptm": 0.8767110705375671,
    "iptm": 0.0,
    "ligand_iptm": 0.0,
    "protein_iptm": 0.0,
    "complex_plddt": 0.8865291476249695,
    "complex_iplddt": 0.0,
    "complex_pde": 0.42032721638679504,
    "complex_ipde": 0.0,
    "chains_ptm": {
        "0": 0.8767110705375671
    },
    "pair_chains_iptm": {
        "0": {
            "0": 0.8767110705375671
        }
    }
}