{
    "confidence_score": 0.689258873462677,
    "ptm": 0.8174770474433899,
    "iptm": 0.0,
    "ligand_iptm": 0.0,
    "protein_iptm": 0.0,
    "complex_plddt": 0.8615735769271851,
    "complex_iplddt": 0.0,
    "complex_pde": 0.5274938344955444,
    "complex_ipde": 0.0,
    "chains_ptm": {
        "0": 0.8174770474433899
    },
    "pair_chains_iptm": {
        "0": {
            "0": 0.8174770474433899
        }
    }
}