{
    "confidence_score": 0.6784672141075134,
    "ptm": 0.7680596113204956,
    "iptm": 0.0,
    "ligand_iptm": 0.0,
    "protein_iptm": 0.0,
    "complex_plddt": 0.848084032535553,
    "complex_iplddt": 0.0,
    "complex_pde": 0.5095344185829163,
    "complex_ipde": 0.0,
    "chains_ptm": {
        "0": 0.7680596113204956
    },
    "pair_chains_iptm": {
        "0": {
            "0": 0.7680596113204956
        }
    }
}