{
    "confidence_score": 0.7193567156791687,
    "ptm": 0.9107483625411987,
    "iptm": 0.0,
    "ligand_iptm": 0.0,
    "protein_iptm": 0.0,
    "complex_plddt": 0.8991959095001221,
    "complex_iplddt": 0.0,
    "complex_pde": 0.4532727897167206,
    "complex_ipde": 0.0,
    "chains_ptm": {
        "0": 0.9107483625411987
    },
    "pair_chains_iptm": {
        "0": {
            "0": 0.9107483625411987
        }
    }
}