{
    "confidence_score": 0.6415912508964539,
    "ptm": 0.6747440695762634,
    "iptm": 0.0,
    "ligand_iptm": 0.0,
    "protein_iptm": 0.0,
    "complex_plddt": 0.8019890785217285,
    "complex_iplddt": 0.0,
    "complex_pde": 1.024038553237915,
    "complex_ipde": 0.0,
    "chains_ptm": {
        "0": 0.6747440695762634
    },
    "pair_chains_iptm": {
        "0": {
            "0": 0.6747440695762634
        }
    }
}