{
    "confidence_score": 0.5477079153060913,
    "ptm": 0.5332561135292053,
    "iptm": 0.0,
    "ligand_iptm": 0.0,
    "protein_iptm": 0.0,
    "complex_plddt": 0.6846348643302917,
    "complex_iplddt": 0.0,
    "complex_pde": 2.1729278564453125,
    "complex_ipde": 0.0,
    "chains_ptm": {
        "0": 0.5332561135292053
    },
    "pair_chains_iptm": {
        "0": {
            "0": 0.5332561135292053
        }
    }
}