{
    "confidence_score": 0.6573911905288696,
    "ptm": 0.5285471081733704,
    "iptm": 0.0,
    "ligand_iptm": 0.0,
    "protein_iptm": 0.0,
    "complex_plddt": 0.8217389583587646,
    "complex_iplddt": 0.0,
    "complex_pde": 0.6836499571800232,
    "complex_ipde": 0.0,
    "chains_ptm": {
        "0": 0.5285471081733704
    },
    "pair_chains_iptm": {
        "0": {
            "0": 0.5285471081733704
        }
    }
}